scenario,time_s,time_h,global_max_moisture_kgkg
S0,0.0,0.0,2.55
S0,300.0,0.08333333333333333,2.55
S0,600.0,0.16666666666666666,2.549999999999961
S0,900.0,0.25,2.5499999987708715
S0,1200.0,0.3333333333333333,2.549999744799146
S0,1500.0,0.4166666666666667,2.5499931099346296
S0,1800.0,0.5,2.549934090715295
S0,2100.0,0.5833333333333334,2.549656418757191
S0,2400.0,0.6666666666666666,2.5487867780567597
S0,2700.0,0.75,2.5467222985071323
S0,3000.0,0.8333333333333334,2.542698082624919
S0,3300.0,0.9166666666666666,2.5359250103250948
S0,3600.0,1.0,2.525737412286722
S0,3900.0,1.0833333333333333,2.5116957688004926
S0,4200.0,1.1666666666666667,2.4936365739889905
S0,4500.0,1.25,2.471664249649499
S0,4800.0,1.3333333333333333,2.446099907620601
S0,5100.0,1.4166666666666667,2.4173925667842515
S0,5400.0,1.5,2.386064113740144
S0,5700.0,1.5833333333333333,2.3526730279351757
S0,6000.0,1.6666666666666667,2.3177347204420355
S0,6300.0,1.75,2.2817173804675415
S0,6600.0,1.8333333333333333,2.245003035753889
S0,6900.0,1.9166666666666667,2.207949285831099
S0,7200.0,2.0,2.1708514966199965
S0,7500.0,2.0833333333333335,2.1339154543230596
S0,7800.0,2.1666666666666665,2.0973322709735993
S0,8100.0,2.25,2.061249131784181
S0,8400.0,2.3333333333333335,2.0257376201875963
S0,8700.0,2.4166666666666665,1.9908548168449862
S0,9000.0,2.5,1.956641746947219
S0,9300.0,2.5833333333333335,1.923134621447898
S0,9600.0,2.6666666666666665,1.8903368666102907
S0,9900.0,2.75,1.8582451921912306
S0,10200.0,2.8333333333333335,1.8268634584056038
S0,10500.0,2.9166666666666665,1.796175606367913
S0,10800.0,3.0,1.7661770965266974
S0,11100.0,3.0833333333333335,1.7368421276742316
S0,11400.0,3.1666666666666665,1.7081464120872687
S0,11700.0,3.25,1.680095047575409
S0,12000.0,3.3333333333333335,1.652676476051654
S0,12300.0,3.4166666666666665,1.625865947139348
S0,12600.0,3.5,1.5996444221584527
S0,12900.0,3.5833333333333335,1.5740035779536756
S0,13200.0,3.6666666666666665,1.5489046248227063
S0,13500.0,3.75,1.5243324523669661
S0,13800.0,3.8333333333333335,1.5002658384194316
S0,14100.0,3.9166666666666665,1.4766977935249315
S0,14400.0,4.0,1.4536060045754475
S0,14700.0,4.083333333333333,1.4309758810506372
S0,15000.0,4.166666666666667,1.4087853259797467
S0,15300.0,4.25,1.3870142599527941
S0,15600.0,4.333333333333333,1.3656567033830618
S0,15900.0,4.416666666666667,1.3447076142549594
S0,16200.0,4.5,1.3241615513287885
S0,16500.0,4.583333333333333,1.304012646127989
S0,16800.0,4.666666666666667,1.2842546172784537
S0,17100.0,4.75,1.2648808104725948
S0,17400.0,4.833333333333333,1.2458842716990015
S0,17700.0,4.916666666666667,1.2272578363932052
S0,18000.0,5.0,1.208994217825884
S0,18300.0,5.083333333333333,1.1910860852658385
S0,18600.0,5.166666666666667,1.173526128227769
S0,18900.0,5.25,1.1563071064800914
S0,19200.0,5.333333333333333,1.1394218871392974
S0,19500.0,5.416666666666667,1.1228634708224796
S0,19800.0,5.5,1.1066250089377179
S0,20100.0,5.583333333333333,1.0906998140388677
S0,20400.0,5.666666666666667,1.0750813649102795
S0,20700.0,5.75,1.0597633077597228
S0,21000.0,5.833333333333333,1.044739454625071
S0,21300.0,5.916666666666667,1.0300037798599373
S0,21600.0,6.0,1.0155504153611181
S0,21900.0,6.083333333333333,1.0013736450355408
S0,22200.0,6.166666666666667,0.9874678988727758
S0,22500.0,6.25,0.9738277468861635
S0,22800.0,6.333333333333333,0.9604478931063609
S0,23100.0,6.416666666666667,0.9473231697505702
S0,23400.0,6.5,0.9344485316484169
S0,23700.0,6.583333333333333,0.9218190509677502
S0,24000.0,6.666666666666667,0.9094299122631928
S0,24300.0,6.75,0.8972764078552842
S0,24600.0,6.833333333333333,0.8853539335325915
S0,24900.0,6.916666666666667,0.8736579845640902
S0,25200.0,7.0,0.8621841520040495
S0,25500.0,7.083333333333333,0.8509281192691367
S0,25800.0,7.166666666666667,0.8398856589664324
S0,26100.0,7.25,0.8290526299510166
S0,26400.0,7.333333333333333,0.8184249745924606
S0,26700.0,7.416666666666667,0.8079987162306308
S0,27000.0,7.5,0.7977699568025607
S0,27300.0,7.583333333333333,0.7877348746236039
S0,27600.0,7.666666666666667,0.777889722307746
S0,27900.0,7.75,0.7682308248125267
S0,28200.0,7.833333333333333,0.758754577597153
S0,28500.0,7.916666666666667,0.7494574448824519
S0,28800.0,8.0,0.7403359580020795
S0,29100.0,8.083333333333334,0.7313867138368129
S0,29400.0,8.166666666666666,0.7226063733239576
S0,29700.0,8.25,0.7139916600349595
S0,30000.0,8.333333333333334,0.7055393588151123
S0,30300.0,8.416666666666666,0.6972463144799466
S0,30600.0,8.5,0.6891094305635314
S0,30900.0,8.583333333333334,0.6811256681144514
S0,31200.0,8.666666666666666,0.6732920445357098
S0,31500.0,8.75,0.6656056324652473
S0,31800.0,8.833333333333334,0.6580635586941115
S0,32100.0,8.916666666666666,0.6506630031196596
S0,32400.0,9.0,0.6434011977312947
S0,32700.0,9.083333333333334,0.6362754256273985
S0,33000.0,9.166666666666666,0.6292830200600886
S0,33300.0,9.25,0.622421363507538
S0,33600.0,9.333333333333334,0.6156878867716856
S0,33900.0,9.416666666666666,0.6090800681000339
S0,34200.0,9.5,0.6025954323302923
S0,34500.0,9.583333333333334,0.5962315500567114
S0,34800.0,9.666666666666666,0.5899860368170616
S0,35100.0,9.75,0.583856552299282
S0,35400.0,9.833333333333334,0.5778407995669054
S0,35700.0,9.916666666666666,0.5719365243025449
S0,36000.0,10.0,0.5661415140681042
S0,36300.0,10.083333333333334,0.5604535975821044
S0,36600.0,10.166666666666666,0.5548706440123918
S0,36900.0,10.25,0.5493905622840661
S0,37200.0,10.333333333333334,0.5440113004019825
S0,37500.0,10.416666666666666,0.538730844787245
S0,37800.0,10.5,0.5335472196271717
S0,38100.0,10.583333333333334,0.5284584862382197
S0,38400.0,10.666666666666666,0.5234627424413991
S0,38700.0,10.75,0.5185581219497228
S0,39000.0,10.833333333333334,0.5137427937672593
S0,39300.0,10.916666666666666,0.5090149615993809
S0,39600.0,11.0,0.504372863273744
S0,39900.0,11.083333333333334,0.4998147701719677
S0,40200.0,11.166666666666666,0.495338986671057
S0,40500.0,11.25,0.4909438495947005
S0,40800.0,11.333333333333334,0.4866277276740191
S0,41100.0,11.416666666666666,0.48238902101740055
S0,41400.0,11.5,0.4782261605891526
S0,41700.0,11.583333333333334,0.47413760769669444
S0,42000.0,11.666666666666666,0.4701218534860875
S0,42300.0,11.75,0.4661774184453536
S0,42600.0,11.833333333333334,0.4623028519158702
S0,42900.0,11.916666666666666,0.4584967316111951
S0,43200.0,12.0,0.4547576631432013
S0,43500.0,12.083333333333334,0.45108427955536246
S0,43800.0,12.166666666666666,0.4474752408629698
S0,44100.0,12.25,0.44392923360009634
S0,44400.0,12.333333333333334,0.4404449703731311
S0,44700.0,12.416666666666666,0.43702118942071394
S0,45000.0,12.5,0.43365665417991417
S0,45300.0,12.583333333333334,0.430350152858436
S0,45600.0,12.666666666666666,0.4271004980130344
S0,45900.0,12.75,0.4239065261333655
S0,46200.0,12.833333333333334,0.42076709723175454
S0,46500.0,12.916666666666666,0.4176810944384874
S0,46800.0,13.0,0.4146474236025429
S0,47100.0,13.083333333333334,0.4116650128977236
S0,47400.0,13.166666666666666,0.4087328124337825
S0,47700.0,13.25,0.40584979387303116
S0,48000.0,13.333333333333334,0.4030149500517803
S0,48300.0,13.416666666666666,0.4002272946067682
S0,48600.0,13.5,0.39748586160646476
S0,48900.0,13.583333333333334,0.39478970518716416
S0,49200.0,13.666666666666666,0.39213789919378794
S0,49500.0,13.75,0.38952953682532954
S0,49800.0,13.833333333333334,0.3869637302848684
S0,50100.0,13.916666666666666,0.3844396104340848
S0,50400.0,14.0,0.38195632645218774
S0,50700.0,14.083333333333334,0.3795130454994149
S0,51000.0,14.166666666666666,0.37710895238455383
S0,51300.0,14.25,0.3747432492369628
S0,51600.0,14.333333333333334,0.37241515518276946
S0,51900.0,14.416666666666666,0.37012390602529077
S0,52200.0,14.5,0.36786875392941754
S0,52500.0,14.583333333333334,0.36564896711039774
S0,52800.0,14.666666666666666,0.3634638295264862
S0,53100.0,14.75,0.36131264057567836
S0,53400.0,14.833333333333334,0.35919471479645326
S0,53700.0,14.916666666666666,0.3571093815724914
S0,54000.0,15.0,0.35505598484134515
S0,54300.0,15.083333333333334,0.3530338828070398
S0,54600.0,15.166666666666666,0.3510424476565815
S0,54900.0,15.25,0.3490810652803442
S0,55200.0,15.333333333333334,0.3471491349963503
S0,55500.0,15.416666666666666,0.34524606927847334
S0,55800.0,15.5,0.34337129348832635
S0,56100.0,15.583333333333334,0.3415242456111214
S0,56400.0,15.666666666666666,0.339704375995322
S0,56700.0,15.75,0.33791114709612635
S0,57000.0,15.833333333333334,0.3361440332227462
S0,57300.0,15.916666666666666,0.33440252028943723
S0,57600.0,16.0,0.3326861055704798
S0,57900.0,16.083333333333332,0.330994297458829
S0,58200.0,16.166666666666668,0.3293266152285923
S0,58500.0,16.25,0.32768258880128776
S0,58800.0,16.333333333333332,0.32606175851587943
S0,59100.0,16.416666666666668,0.3244636749025843
S0,59400.0,16.5,0.3228878984604411
S0,59700.0,16.583333333333332,0.3213339994386334
S0,60000.0,16.666666666666668,0.31980155762155854
S0,60300.0,16.75,0.3182901621176198
S0,60600.0,16.833333333333332,0.3167994111517554
S0,60900.0,16.916666666666668,0.3153289118617231
S0,61200.0,17.0,0.31387828009795404
S0,61500.0,17.083333333333332,0.31244714022718584
S0,61800.0,17.166666666666668,0.31103512493972507
S0,62100.0,17.25,0.3096418750603487
S0,62400.0,17.333333333333332,0.30826703936282085
S0,62700.0,17.416666666666668,0.30691027438800295
S0,63000.0,17.5,0.30557124426553056
S0,63300.0,17.583333333333332,0.30424962053902965
S0,63600.0,17.666666666666668,0.3029450819948434
S0,63900.0,17.75,0.30165731449423755
S0,64200.0,17.833333333333332,0.30038601080906197
S0,64500.0,17.916666666666668,0.2991308704608106
S0,64800.0,18.0,0.2978915995630248
S0,65100.0,18.083333333333332,0.2966679106671295
S0,65400.0,18.166666666666668,0.2954595226114908
S0,65700.0,18.25,0.29426616037375564
S0,66000.0,18.333333333333332,0.29308755492640975
S0,66300.0,18.416666666666668,0.29192344309551144
S0,66600.0,18.5,0.2907735674225547
S0,66900.0,18.583333333333332,0.2896376760294221
S0,67200.0,18.666666666666668,0.28851552248637524
S0,67500.0,18.75,0.2874068656830421
S0,67800.0,18.833333333333332,0.28631146970234916
S0,68100.0,18.916666666666668,0.28522910369735394
S0,68400.0,19.0,0.28415954177092634
S0,68700.0,19.083333333333332,0.2831025628582327
S0,69000.0,19.166666666666668,0.28205795061195676
S0,69300.0,19.25,0.281025493290275
S0,69600.0,19.333333333333332,0.28000498364742016
S0,69900.0,19.416666666666668,0.2789962188268716
S0,70200.0,19.5,0.27799900025710683
S0,70500.0,19.583333333333332,0.27701313354984936
S0,70800.0,19.666666666666668,0.276038428400769
S0,71100.0,19.75,0.2750746984925861
S0,71400.0,19.833333333333332,0.27412176140052846
S0,71700.0,19.916666666666668,0.2731794385000928
S0,72000.0,20.0,0.2722475548770619
S0,72300.0,20.083333333333332,0.27132593923972786
S0,72600.0,20.166666666666668,0.2704144238332749
S0,72900.0,20.25,0.26951284435627293
S0,73200.0,20.333333333333332,0.2686210398792356
S0,73500.0,20.416666666666668,0.26773885276519427
S0,73800.0,20.5,0.2668661285922466
S0,74100.0,20.583333333333332,0.26600271607802745
S0,74400.0,20.666666666666668,0.26514846700606387
S0,74700.0,20.75,0.2643032361539664
S0,75000.0,20.833333333333332,0.2634668812234228
S0,75300.0,20.916666666666668,0.26263926277190436
S0,75600.0,21.0,0.2618202441461415
S0,75900.0,21.083333333333332,0.2610096914172413
S0,76200.0,21.166666666666668,0.2602074733173977
S0,76500.0,21.25,0.259413461178228
S0,76800.0,21.333333333333332,0.25862752887067314
S0,77100.0,21.416666666666668,0.2578495527463552
S0,77400.0,21.5,0.2570794115804444
S0,77700.0,21.583333333333332,0.25631698651595125
S0,78000.0,21.666666666666668,0.25556216100941903
S0,78300.0,21.75,0.2548148207779798
S0,78600.0,21.833333333333332,0.25407485374773975
S0,78900.0,21.916666666666668,0.25334215000346116
S0,79200.0,22.0,0.2526166017395055
S0,79500.0,22.083333333333332,0.25189810321200795
S0,79800.0,22.166666666666668,0.25118655069224943
S0,80100.0,22.25,0.25048184242119775
S0,80400.0,22.333333333333332,0.24978387856518516
S0,80700.0,22.416666666666668,0.24909256117269432
S0,81000.0,22.5,0.24840779413222422
S0,81300.0,22.583333333333332,0.24772948313120663
S0,81600.0,22.666666666666668,0.2470575356159471
S0,81900.0,22.75,0.24639186075256303
S0,82200.0,22.833333333333332,0.2457323693888929
S0,82500.0,22.916666666666668,0.24507897401735107
S0,82800.0,23.0,0.24443158873870424
S0,83100.0,23.083333333333332,0.24379012922674423
S0,83400.0,23.166666666666668,0.24315451269383415
S0,83700.0,23.25,0.24252465785730556
S0,84000.0,23.333333333333332,0.24190048490668267
S0,84300.0,23.416666666666668,0.24128191547171438
S0,84600.0,23.5,0.24066887259118952
S0,84900.0,23.583333333333332,0.24006128068251875
S0,85200.0,23.666666666666668,0.23945906551205864
S0,85500.0,23.75,0.23886215416616244
S0,85800.0,23.833333333333332,0.2382704750229352
S0,86100.0,23.916666666666668,0.237683957724677
S0,86400.0,24.0,0.23710253315099467
S0,86700.0,24.083333333333332,0.23652613339256537
S0,87000.0,24.166666666666668,0.23595469172553463
S0,87300.0,24.25,0.2353881425865318
S0,87600.0,24.333333333333332,0.23482642154828742
S0,87900.0,24.416666666666668,0.2342694652958366
S0,88200.0,24.5,0.2337172116032919
S0,88500.0,24.583333333333332,0.23316959931117262
S0,88800.0,24.666666666666668,0.2326265683042751
S0,89100.0,24.75,0.23208805949006908
S0,89400.0,24.833333333333332,0.2315540147776082
S0,89700.0,24.916666666666668,0.23102437705693918
S0,90000.0,25.0,0.23049909017899883
S0,90300.0,25.083333333333332,0.22997809893598412
S0,90600.0,25.166666666666668,0.2294613490421849
S0,90900.0,25.25,0.22894878711526562
S0,91200.0,25.333333333333332,0.22844036065798587
S0,91500.0,25.416666666666668,0.22793601804034705
S0,91800.0,25.5,0.22743570848215586
S0,92100.0,25.583333333333332,0.2269393820359915
S0,92400.0,25.666666666666668,0.2264469895705687
S0,92700.0,25.75,0.22595848275448457
S0,93000.0,25.833333333333332,0.22547381404034064
S0,93300.0,25.916666666666668,0.22499293664922926
S0,93600.0,26.0,0.2245158045555763
S0,93900.0,26.083333333333332,0.22404237247233028
S0,94200.0,26.166666666666668,0.22357259583648928
S0,94500.0,26.25,0.22310643079495715
S0,94800.0,26.333333333333332,0.22264383419072048
S0,95100.0,26.416666666666668,0.22218476354933858
S0,95400.0,26.5,0.22172917706573794
S0,95700.0,26.583333333333332,0.2212770335913039
S0,96000.0,26.666666666666668,0.2208282926212625
S0,96300.0,26.75,0.22038291428234383
S0,96600.0,26.833333333333332,0.21994085932072147
S0,96900.0,26.916666666666668,0.21950208909022015
S0,97200.0,27.0,0.21906656554078446
S0,97500.0,27.083333333333332,0.2186342512072042
S0,97800.0,27.166666666666668,0.21820510919808703
S0,98100.0,27.25,0.2177791031850746
S0,98400.0,27.333333333333332,0.2173561973922956
S0,98700.0,27.416666666666668,0.21693635658604882
S0,99000.0,27.5,0.21651954606471235
S0,99300.0,27.583333333333332,0.2161057316488712
S0,99600.0,27.666666666666668,0.21569487967166034
S0,99900.0,27.75,0.21528695696931605
S0,100200.0,27.833333333333332,0.21488193087193103
S0,100500.0,27.916666666666668,0.21447976919440895
S0,100800.0,28.0,0.21408044022761277
S0,101100.0,28.083333333333332,0.21368391272970233
S0,101400.0,28.166666666666668,0.21329015591765696
S0,101700.0,28.25,0.21289913945897815
S0,102000.0,28.333333333333332,0.2125108334635687
S0,102300.0,28.416666666666668,0.212125208475783
S0,102600.0,28.5,0.21174223546664564
S0,102900.0,28.583333333333332,0.2113618858262329
S0,103200.0,28.666666666666668,0.2109841313562147
S0,103500.0,28.75,0.21060894426255214
S0,103800.0,28.833333333333332,0.2102362971483474
S0,104100.0,28.916666666666668,0.209866163006842
S0,104400.0,29.0,0.2094985152145607
S0,104700.0,29.083333333333332,0.20913332752459662
S0,105000.0,29.166666666666668,0.2087705740600353
S0,105300.0,29.25,0.20841022930751327
S0,105600.0,29.333333333333332,0.20805226811090907
S0,105900.0,29.416666666666668,0.2076966656651631
S0,106200.0,29.5,0.20734339751022327
S0,106500.0,29.583333333333332,0.20699243952511384
S0,106800.0,29.666666666666668,0.20664376792212413
S0,107100.0,29.75,0.2062973592411148
S0,107400.0,29.833333333333332,0.20595319034393897
S0,107700.0,29.916666666666668,0.20561123840897508
S0,108000.0,30.0,0.2052714809258388
S0,108300.0,30.083333333333332,0.2049338956900944
S0,108600.0,30.166666666666668,0.20459846079763042
S0,108900.0,30.25,0.20426515464052006
S0,109200.0,30.333333333333332,0.20393395590173086
S0,109500.0,30.416666666666668,0.20360484354982672
S0,109800.0,30.5,0.20327779683443617
S0,110100.0,30.583333333333332,0.20295279528218185
S0,110400.0,30.666666666666668,0.20262981869158628
S0,110700.0,30.75,0.2023088471281951
S0,111000.0,30.833333333333332,0.2019898609210557
S0,111300.0,30.916666666666668,0.20167284065799193
S0,111600.0,31.0,0.2013577671811742
S0,111900.0,31.083333333333332,0.20104462158318856
S0,112200.0,31.166666666666668,0.20073338520345124
S0,112500.0,31.25,0.20042403962325595
S0,112800.0,31.333333333333332,0.20011656666241748
S0,113100.0,31.416666666666668,0.19981094837561147
S0,113400.0,31.5,0.19950716704849053
S0,113700.0,31.583333333333332,0.1992052051936518
S0,114000.0,31.666666666666668,0.19890504554729693
S0,114300.0,31.75,0.1986066710657091
S0,114600.0,31.833333333333332,0.19831006492171793
S0,114900.0,31.916666666666668,0.19801521050128246
S0,115200.0,32.0,0.19772209140009003
S0,115500.0,32.083333333333336,0.19743069142033526
S0,115800.0,32.166666666666664,0.1971409945676785
S0,116100.0,32.25,0.19685298504755278
S0,116400.0,32.333333333333336,0.1965666472624726
S0,116700.0,32.416666666666664,0.19628196580877832
S0,117000.0,32.5,0.19599892547409078
S0,117300.0,32.583333333333336,0.1957175112336159
S0,117600.0,32.666666666666664,0.19543770824778245
S0,117900.0,32.75,0.1951595018591498
S0,118200.0,32.833333333333336,0.1948828775901029
S0,118500.0,32.916666666666664,0.1946078211394223
S0,118800.0,33.0,0.19433431838002319
S0,119100.0,33.083333333333336,0.19406235535614932
S0,119400.0,33.166666666666664,0.19379191828111575
S0,119700.0,33.25,0.19352299353434027
S0,120000.0,33.333333333333336,0.1932555676590095
S0,120300.0,33.416666666666664,0.19298962735967565
S0,120600.0,33.5,0.1927251594998123
S0,120900.0,33.583333333333336,0.1924621510994478
S0,121200.0,33.666666666666664,0.1922005893328411
S0,121500.0,33.75,0.19194046152619823
S0,121800.0,33.833333333333336,0.19168175515542957
S0,122100.0,33.916666666666664,0.19142445784394596
S0,122400.0,34.0,0.19116855736049362
S0,122700.0,34.083333333333336,0.19091404161702677
S0,123000.0,34.166666666666664,0.19066089866661748
S0,123300.0,34.25,0.19040911670140154
S0,123600.0,34.333333333333336,0.19015868405055988
S0,123900.0,34.416666666666664,0.18990958917833542
S0,124200.0,34.5,0.18966182068200937
S0,124500.0,34.583333333333336,0.18941536729018063
S0,124800.0,34.666666666666664,0.18917021786074184
S0,125100.0,34.75,0.18892636137902097
S0,125400.0,34.833333333333336,0.18868378695598825
S0,125700.0,34.916666666666664,0.18844248382646833
S0,126000.0,35.0,0.18820244134738226
S0,126300.0,35.083333333333336,0.18796364899601908
S0,126600.0,35.166666666666664,0.18772609636833637
S0,126900.0,35.25,0.18748977317728968
S0,127200.0,35.333333333333336,0.1872546692511898
S0,127500.0,35.416666666666664,0.18702077453208743
S0,127800.0,35.5,0.18678807907418515
S0,128100.0,35.583333333333336,0.1865565730422754
S0,128400.0,35.666666666666664,0.18632624671020456
S0,128700.0,35.75,0.1860970904593624
S0,129000.0,35.833333333333336,0.18586909477719682
S0,129300.0,35.916666666666664,0.1856422502557524
S0,129600.0,36.0,0.18541654759023335
S0,129900.0,36.083333333333336,0.18519197757759026
S0,130200.0,36.166666666666664,0.18496853111512931
S0,130500.0,36.25,0.18474619919914453
S0,130800.0,36.333333333333336,0.18452497292357234
S0,131100.0,36.416666666666664,0.1843048434786678
S0,131400.0,36.5,0.18408580214970205
S0,131700.0,36.583333333333336,0.18386784031568124
S0,132000.0,36.666666666666664,0.18365094944808563
S0,132300.0,36.75,0.1834351211096292
S0,132600.0,36.833333333333336,0.18322034695303904
S0,132900.0,36.916666666666664,0.18300661871985396
S0,133200.0,37.0,0.18279392823924281
S0,133500.0,37.083333333333336,0.1825822674268411
S0,133800.0,37.166666666666664,0.182371628283606
S0,134100.0,37.25,0.1821620028946901
S0,134400.0,37.333333333333336,0.1819533834283318
S0,134700.0,37.416666666666664,0.1817457621347645
S0,135000.0,37.5,0.18153913134514166
S0,135300.0,37.583333333333336,0.18133348347047953
S0,135600.0,37.666666666666664,0.18112881100061595
S0,135900.0,37.75,0.18092510650318547
S0,136200.0,37.833333333333336,0.18072236262261052
S0,136500.0,37.916666666666664,0.18052057207910813
S0,136800.0,38.0,0.18031972766771162
S0,137100.0,38.083333333333336,0.18011982225730813
S0,137400.0,38.166666666666664,0.17992084878969022
S0,137700.0,38.25,0.1797228002786226
S0,138000.0,38.333333333333336,0.17952566980892265
S0,138300.0,38.416666666666664,0.1793294505355553
S0,138600.0,38.5,0.17913413568274156
S0,138900.0,38.583333333333336,0.17893971854308052
S0,139200.0,38.666666666666664,0.17874619247668508
S0,139500.0,38.75,0.17855355091032993
S0,139800.0,38.833333333333336,0.17836178733661323
S0,140100.0,38.916666666666664,0.1781708953131305
S0,140400.0,39.0,0.17798086846166059
S0,140700.0,39.083333333333336,0.17779170046736478
S0,141000.0,39.166666666666664,0.17760338507799664
S0,141300.0,39.25,0.17741591610312465
S0,141600.0,39.333333333333336,0.17722928741336574
S0,141900.0,39.416666666666664,0.17704349293963076
S0,142200.0,39.5,0.1768585266723803
S0,142500.0,39.583333333333336,0.17667438266089253
S0,142800.0,39.666666666666664,0.17649105501254087
S0,143100.0,39.75,0.17630853789208265
S0,143400.0,39.833333333333336,0.1761268255209586
S0,143700.0,39.916666666666664,0.17594591217660172
S0,144000.0,40.0,0.17576579219175695
S0,144300.0,40.083333333333336,0.17558645995381028
S0,144600.0,40.166666666666664,0.1754079099041282
S0,144900.0,40.25,0.1752301365374057
S0,145200.0,40.333333333333336,0.17505313440102466
S0,145500.0,40.416666666666664,0.1748768980944211
S0,145800.0,40.5,0.17470142226846158
S0,146100.0,40.583333333333336,0.174526701624828
S0,146400.0,40.666666666666664,0.17435273091541265
S0,146700.0,40.75,0.17417950494172002
S0,147000.0,40.833333333333336,0.1740070185542786
S0,147300.0,40.916666666666664,0.17383526665206023
S0,147600.0,41.0,0.1736642441819082
S0,147900.0,41.083333333333336,0.17349394613797303
S0,148200.0,41.166666666666664,0.1733243675611561
S0,148500.0,41.25,0.1731555035385622
S0,148800.0,41.333333333333336,0.1729873492029579
S0,149100.0,41.416666666666664,0.17281989973223946
S0,149400.0,41.5,0.17265315034890652
S0,149700.0,41.583333333333336,0.17248709631954473
S0,150000.0,41.666666666666664,0.172321732954314
S0,150300.0,41.75,0.1721570556064449
S0,150600.0,41.833333333333336,0.17199305967174178
S0,150900.0,41.916666666666664,0.1718297405880928
S0,151200.0,42.0,0.17166709383498613
S0,151500.0,42.083333333333336,0.17150511493303425
S0,151800.0,42.166666666666664,0.17134379944350273
S0,152100.0,42.25,0.17118314296784748
S0,152400.0,42.333333333333336,0.17102314114725697
S0,152700.0,42.416666666666664,0.1708637896622012
S0,153000.0,42.5,0.1707050842319869
S0,153300.0,42.583333333333336,0.17054702061431865
S0,153600.0,42.666666666666664,0.17038959460486547
S0,153900.0,42.75,0.17023280203683447
S0,154200.0,42.833333333333336,0.17007663878054874
S0,154500.0,42.916666666666664,0.16992110074303238
S0,154800.0,43.0,0.16976618386759967
S0,155100.0,43.083333333333336,0.1696118841334513
S0,155400.0,43.166666666666664,0.16945819755527441
S0,155700.0,43.25,0.16930512018284913
S0,156000.0,43.333333333333336,0.16915264810066005
S0,156300.0,43.416666666666664,0.1690007774275125
S0,156600.0,43.5,0.16884950431615423
S0,156900.0,43.583333333333336,0.168698824952902
S0,157200.0,43.666666666666664,0.1685487355572736
S0,157500.0,43.75,0.16839923238162327
S0,157800.0,43.833333333333336,0.16825031171078414
S0,158100.0,43.916666666666664,0.1681019698617128
S0,158400.0,44.0,0.167954203183141
S0,158700.0,44.083333333333336,0.16780700805522983
S0,159000.0,44.166666666666664,0.16766038088922972
S0,159300.0,44.25,0.16751431812714462
S0,159600.0,44.333333333333336,0.16736881624139968
S0,159900.0,44.416666666666664,0.16722387173451453
S0,160200.0,44.5,0.1670794811387799
S0,160500.0,44.583333333333336,0.16693564101593875
S0,160800.0,44.666666666666664,0.16679234795687117
S0,161100.0,44.75,0.16664959858128384
S0,161400.0,44.833333333333336,0.16650738953740296
S0,161700.0,44.916666666666664,0.16636571750168688
S0,162000.0,45.0,0.1662245791784675
S0,162300.0,45.083333333333336,0.1660839712997393
S0,162600.0,45.166666666666664,0.16594389062483672
S0,162900.0,45.25,0.16580433394009353
S0,163200.0,45.333333333333336,0.16566529805861424
S0,163500.0,45.416666666666664,0.16552677982000877
S0,163800.0,45.5,0.16538877609007782
S0,164100.0,45.583333333333336,0.16525128376055312
S0,164400.0,45.666666666666664,0.16511429974878525
S0,164700.0,45.75,0.16497782099755487
S0,165000.0,45.833333333333336,0.16484184447477954
S0,165300.0,45.916666666666664,0.16470636717321457
S0,165600.0,46.0,0.16457138611021457
S0,165900.0,46.083333333333336,0.16443689832753147
S0,166200.0,46.166666666666664,0.1643029008910181
S0,166500.0,46.25,0.16416939089034435
S0,166800.0,46.333333333333336,0.16403636543882122
S0,167100.0,46.416666666666664,0.16390382167314996
S0,167400.0,46.5,0.1637717567531473
S0,167700.0,46.583333333333336,0.1636401678615039
S0,168000.0,46.666666666666664,0.16350905220363116
S0,168300.0,46.75,0.16337840700732892
S0,168600.0,46.833333333333336,0.16324822952261916
S0,168900.0,46.916666666666664,0.16311851702152505
S0,169200.0,47.0,0.1629892667978165
S0,169500.0,47.083333333333336,0.16286047616682056
S0,169800.0,47.166666666666664,0.16273214246516085
S0,170100.0,47.25,0.16260426305062667
S0,170400.0,47.333333333333336,0.1624768353018662
S0,170700.0,47.416666666666664,0.16234985661823545
S0,171000.0,47.5,0.16222332441960188
S0,171300.0,47.583333333333336,0.1620972361460761
S0,171600.0,47.666666666666664,0.16197158925789507
S0,171900.0,47.75,0.16184638123516007
S0,172200.0,47.833333333333336,0.16172160957765577
S0,172500.0,47.916666666666664,0.16159727180466815
S0,172800.0,48.0,0.16147336545480753
S0,173100.0,48.083333333333336,0.16134988808576803
S0,173400.0,48.166666666666664,0.16122683727417006
S0,173700.0,48.25,0.16110421061541325
S0,174000.0,48.333333333333336,0.16098200572342083
S0,174300.0,48.416666666666664,0.1608602202304963
S0,174600.0,48.5,0.160738851787159
S0,174900.0,48.583333333333336,0.1606178980619509
S0,175200.0,48.666666666666664,0.16049735674124854
S0,175500.0,48.75,0.16037722552910835
S0,175800.0,48.833333333333336,0.16025750214709442
S0,176100.0,48.916666666666664,0.1601381843341269
S0,176400.0,49.0,0.16001926984627013
S0,176700.0,49.083333333333336,0.15990075645660579
S0,177000.0,49.166666666666664,0.15978264195505554
S0,177300.0,49.25,0.15966492414822564
S0,177600.0,49.333333333333336,0.15954760085926412
S0,177900.0,49.416666666666664,0.15943066992766072
S0,178200.0,49.5,0.15931412920912694
S0,178500.0,49.583333333333336,0.15919797657543214
S0,178800.0,49.666666666666664,0.15908220991425212
S0,179100.0,49.75,0.15896682712901028
S0,179400.0,49.833333333333336,0.15885182613876073
S0,179700.0,49.916666666666664,0.15873720487800283
S0,180000.0,50.0,0.15862296129655046
S0,180300.0,50.083333333333336,0.15850909335939403
S0,180600.0,50.166666666666664,0.15839559904655467
S0,180900.0,50.25,0.15828247635294457
S0,181200.0,50.333333333333336,0.15816972328822804
S0,181500.0,50.416666666666664,0.15805733787668458
S0,181800.0,50.5,0.1579453181570732
S0,182100.0,50.583333333333336,0.15783366218248898
S0,182400.0,50.666666666666664,0.1577223680202687
S0,182700.0,50.75,0.15761143375180425
S0,183000.0,50.833333333333336,0.1575008574724471
S0,183300.0,50.916666666666664,0.1573906372913741
S0,183600.0,51.0,0.15728077133145946
S0,183900.0,51.083333333333336,0.15717125772914967
S0,184200.0,51.166666666666664,0.1570620946343397
S0,184500.0,51.25,0.15695328021024993
S0,184800.0,51.333333333333336,0.15684481263330527
S0,185100.0,51.416666666666664,0.15673669009301514
S0,185400.0,51.5,0.1566289107918547
S0,185700.0,51.583333333333336,0.15652147294514776
S0,186000.0,51.666666666666664,0.156414374780942
S0,186300.0,51.75,0.15630761453992809
S0,186600.0,51.833333333333336,0.1562011904752774
S0,186900.0,51.916666666666664,0.15609510085255904
S0,187200.0,52.0,0.15598934394962408
S0,187500.0,52.083333333333336,0.1558839180564944
S0,187800.0,52.166666666666664,0.15577882147525393
S0,188100.0,52.25,0.15567405251994157
S0,188400.0,52.333333333333336,0.1555696095164443
S0,188700.0,52.416666666666664,0.1554654908023923
S0,189000.0,52.5,0.15536169472705463
S0,189300.0,52.583333333333336,0.15525821965123598
S0,189600.0,52.666666666666664,0.15515506394717551
S0,189900.0,52.75,0.15505222599844554
S0,190200.0,52.833333333333336,0.15494970419985135
S0,190500.0,52.916666666666664,0.15484749695733352
S0,190800.0,53.0,0.1547456026878694
S0,191100.0,53.083333333333336,0.154644019819377
S0,191400.0,53.166666666666664,0.154542746790619
S0,191700.0,53.25,0.15444178205110864
S0,192000.0,53.333333333333336,0.15434112406101572
S0,192300.0,53.416666666666664,0.15424077129107402
S0,192600.0,53.5,0.15414072222248978
S0,192900.0,53.583333333333336,0.15404097534685107
S0,193200.0,53.666666666666664,0.15394152916603793
S0,193500.0,53.75,0.15384238219213353
S0,193800.0,53.833333333333336,0.15374353294733614
S0,194100.0,53.916666666666664,0.15364497996387286
S0,194400.0,54.0,0.15354672178391265
S0,194700.0,54.083333333333336,0.15344875695948143
S0,195000.0,54.166666666666664,0.15335108405237816
S0,195300.0,54.25,0.15325370163409108
S0,195600.0,54.333333333333336,0.1531566082857152
S0,195900.0,54.416666666666664,0.1530598025978703
S0,196200.0,54.5,0.15296328317062052
S0,196500.0,54.583333333333336,0.15286704861339415
S0,196800.0,54.666666666666664,0.15277109754490417
S0,197100.0,54.75,0.15267542859306996
S0,197400.0,54.833333333333336,0.15258004039493953
S0,197700.0,54.916666666666664,0.15248493159661314
S0,198000.0,55.0,0.1523901008531666
S0,198300.0,55.083333333333336,0.15229554682857638
S0,198600.0,55.166666666666664,0.15220126819564486
S0,198900.0,55.25,0.1521072636359268
S0,199200.0,55.333333333333336,0.15201353183965607
S0,199500.0,55.416666666666664,0.1519200715056734
S0,199800.0,55.5,0.15182688134135472
S0,200100.0,55.583333333333336,0.15173396006254058
S0,200400.0,55.666666666666664,0.1516413063934659
S0,200700.0,55.75,0.15154891906668994
S0,201000.0,55.833333333333336,0.15145679682302857
S0,201300.0,55.916666666666664,0.1513649384114854
S0,201600.0,56.0,0.15127334258918482
S0,201900.0,56.083333333333336,0.15118200812130497
S0,202200.0,56.166666666666664,0.15109093378101157
S0,202500.0,56.25,0.1510001183493932
S0,202800.0,56.333333333333336,0.1509095606153959
S0,203100.0,56.416666666666664,0.15081925937575894
S0,203400.0,56.5,0.15072921343495205
S0,203700.0,56.583333333333336,0.15063942160511173
S0,204000.0,56.666666666666664,0.15054988270597947
S0,204300.0,56.75,0.15046059556484004
S0,204600.0,56.833333333333336,0.15037155901646027
S0,204900.0,56.916666666666664,0.15028277190302897
S0,205200.0,57.0,0.15019423307409638
S0,205500.0,57.083333333333336,0.15010594138651573
S0,205800.0,57.166666666666664,0.15001789570438417
S0,205861.07878451527,57.18363299569869,0.15
S1,0.0,0.0,2.55
S1,300.0,0.08333333333333333,2.55
S1,600.0,0.16666666666666666,2.549999999999961
S1,900.0,0.25,2.5499999987708715
S1,1200.0,0.3333333333333333,2.549999744799146
S1,1500.0,0.4166666666666667,2.5499931099346296
S1,1800.0,0.5,2.549934090715295
S1,2100.0,0.5833333333333334,2.549656418757191
S1,2400.0,0.6666666666666666,2.5487867780567597
S1,2700.0,0.75,2.5467222985071323
S1,3000.0,0.8333333333333334,2.542698082624919
S1,3300.0,0.9166666666666666,2.5359250103250948
S1,3600.0,1.0,2.525737412286722
S1,3900.0,1.0833333333333333,2.5116957688004926
S1,4200.0,1.1666666666666667,2.4936365739889905
S1,4500.0,1.25,2.471664249649499
S1,4800.0,1.3333333333333333,2.446099907620601
S1,5100.0,1.4166666666666667,2.4173925667842515
S1,5400.0,1.5,2.386064113740144
S1,5700.0,1.5833333333333333,2.3526730279351757
S1,6000.0,1.6666666666666667,2.3177347204420355
S1,6300.0,1.75,2.2817173804675415
S1,6600.0,1.8333333333333333,2.245003035753889
S1,6900.0,1.9166666666666667,2.207949285831099
S1,7200.0,2.0,2.1708514966199965
S1,7500.0,2.0833333333333335,2.1339154543230596
S1,7800.0,2.1666666666666665,2.0973322709735993
S1,8100.0,2.25,2.061249131784181
S1,8400.0,2.3333333333333335,2.0257376201875963
S1,8700.0,2.4166666666666665,1.9908548168449862
S1,9000.0,2.5,1.956641746947219
S1,9300.0,2.5833333333333335,1.923134621447898
S1,9600.0,2.6666666666666665,1.8903368666102907
S1,9900.0,2.75,1.8582451921912306
S1,10200.0,2.8333333333333335,1.8268634584056038
S1,10500.0,2.9166666666666665,1.796175606367913
S1,10800.0,3.0,1.7661770965266974
S1,11100.0,3.0833333333333335,1.7368421276742316
S1,11400.0,3.1666666666666665,1.7081464120872687
S1,11700.0,3.25,1.680095047575409
S1,12000.0,3.3333333333333335,1.652676476051654
S1,12300.0,3.4166666666666665,1.625865947139348
S1,12600.0,3.5,1.5996444221584527
S1,12900.0,3.5833333333333335,1.5740035779536756
S1,13200.0,3.6666666666666665,1.5489046248227063
S1,13500.0,3.75,1.5243324523669661
S1,13800.0,3.8333333333333335,1.5002658384194316
S1,14100.0,3.9166666666666665,1.4766977935249315
S1,14400.0,4.0,1.4536060045754475
S1,14700.0,4.083333333333333,1.4309782226997658
S1,15000.0,4.166666666666667,1.408810504766746
S1,15300.0,4.25,1.3870874370306332
S1,15600.0,4.333333333333333,1.365797141701815
S1,15900.0,4.416666666666667,1.344928634123242
S1,16200.0,4.5,1.3244714579089159
S1,16500.0,4.583333333333333,1.3044156440612178
S1,16800.0,4.666666666666667,1.2847516837024098
S1,17100.0,4.75,1.2654704938372143
S1,17400.0,4.833333333333333,1.2465633820569666
S1,17700.0,4.916666666666667,1.2280220131694108
S1,18000.0,5.0,1.209838378629915
S1,18300.0,5.083333333333333,1.1920047688951103
S1,18600.0,5.166666666666667,1.174513748600727
S1,18900.0,5.25,1.1573581343849557
S1,19200.0,5.333333333333333,1.1405309751443964
S1,19500.0,5.416666666666667,1.1240255344971188
S1,19800.0,5.5,1.107835275228009
S1,20100.0,5.583333333333333,1.0919538455006073
S1,20400.0,5.666666666666667,1.0763750666337324
S1,20700.0,5.75,1.0610929222578394
S1,21000.0,5.833333333333333,1.0461015486836882
S1,21300.0,5.916666666666667,1.0313952263333852
S1,21600.0,6.0,1.0169683721006018
S1,21900.0,6.083333333333333,1.0028155325223072
S1,22200.0,6.166666666666667,0.9889313776586326
S1,22500.0,6.25,0.9753106955903025
S1,22800.0,6.333333333333333,0.9619483874539888
S1,23100.0,6.416666666666667,0.9488394629500326
S1,23400.0,6.5,0.9359790362558751
S1,23700.0,6.583333333333333,0.9233623223001686
S1,24000.0,6.666666666666667,0.9109846333491821
S1,24300.0,6.75,0.8988413758670624
S1,24600.0,6.833333333333333,0.8869280476162621
S1,24900.0,6.916666666666667,0.8752402349689447
S1,25200.0,7.0,0.8637736104041257
S1,25500.0,7.083333333333333,0.8525239301687256
S1,25800.0,7.166666666666667,0.841487032083661
S1,26100.0,7.25,0.8306588334786498
S1,26400.0,7.333333333333333,0.8200353292416036
S1,26700.0,7.416666666666667,0.8096125899703783
S1,27000.0,7.5,0.7993867602162805
S1,27300.0,7.583333333333333,0.7893540568101541
S1,27600.0,7.666666666666667,0.779510767263271
S1,27900.0,7.75,0.769853248234935
S1,28200.0,7.833333333333333,0.7603779240631058
S1,28500.0,7.916666666666667,0.7510812853504555
S1,28800.0,8.0,0.741959887602337
S1,29100.0,8.083333333333334,0.7330103499124706
S1,29400.0,8.166666666666666,0.7242293536927787
S1,29700.0,8.25,0.715613641444256
S1,30000.0,8.333333333333334,0.7071600155661111
S1,30300.0,8.416666666666666,0.6988653372007448
S1,30600.0,8.5,0.6907265251123884
S1,30900.0,8.583333333333334,0.6827405545974662
S1,31200.0,8.666666666666666,0.6749044564249411
S1,31500.0,8.75,0.6672153158050873
S1,31800.0,8.833333333333334,0.6596702713852672
S1,32100.0,8.916666666666666,0.6522665142713816
S1,32400.0,9.0,0.6450012870739822
S1,32700.0,9.083333333333334,0.6378718829779847
S1,33000.0,9.166666666666666,0.6308756448344022
S1,33300.0,9.25,0.624009964274075
S1,33600.0,9.333333333333334,0.617272280842003
S1,33900.0,9.416666666666666,0.6106600811516113
S1,34200.0,9.5,0.6041708980582043
S1,34500.0,9.583333333333334,0.5978023098509084
S1,34800.0,9.666666666666666,0.5915519394624424
S1,35100.0,9.75,0.5854174536960854
S1,35400.0,9.833333333333334,0.5793965624692952
S1,35700.0,9.916666666666666,0.5734870180732718
S1,36000.0,10.0,0.567686614447928
S1,36300.0,10.083333333333334,0.561993186472192
S1,36600.0,10.166666666666666,0.5564046092684676
S1,36900.0,10.25,0.5509187975211817
S1,37200.0,10.333333333333334,0.54553370480887
S1,37500.0,10.416666666666666,0.5402473229493561
S1,37800.0,10.5,0.5350576813575956
S1,38100.0,10.583333333333334,0.5299628464157778
S1,38400.0,10.666666666666666,0.5249609208552855
S1,38700.0,10.75,0.5200500431501318
S1,39000.0,10.833333333333334,0.5152283869215059
S1,39300.0,10.916666666666666,0.5104941603530613
S1,39600.0,11.0,0.5058456056165798
S1,39900.0,11.083333333333334,0.5012809983079984
S1,40200.0,11.166666666666666,0.49679864689271164
S1,40500.0,11.25,0.4923968921606913
S1,40800.0,11.333333333333334,0.4880741066906874
S1,41100.0,11.416666666666666,0.4838286943233144
S1,41400.0,11.5,0.4796590896427609
S1,41700.0,11.583333333333334,0.4755637574668743
S1,42000.0,11.666666666666666,0.4715411923453933
S1,42300.0,11.75,0.46758991806581474
S1,42600.0,11.833333333333334,0.46370848716734775
S1,42900.0,11.916666666666666,0.4598954804619941
S1,43200.0,12.0,0.4561495065629448
S1,43500.0,12.083333333333334,0.4524692014200136
S1,43800.0,12.166666666666666,0.44885322786192067
S1,44100.0,12.25,0.44530027514524856
S1,44400.0,12.333333333333334,0.44180905850990154
S1,44700.0,12.416666666666666,0.4383783187409069
S1,45000.0,12.5,0.4350068217363802
S1,45300.0,12.583333333333334,0.43169335808158327
S1,45600.0,12.666666666666666,0.428436742628944
S1,45900.0,12.75,0.4252358140836326
S1,46200.0,12.833333333333334,0.4220894345949814
S1,46500.0,12.916666666666666,0.4189964893533748
S1,46800.0,13.0,0.41595588619258284
S1,47100.0,13.083333333333334,0.412966555197358
S1,47400.0,13.166666666666666,0.4100274483161928
S1,47700.0,13.25,0.40713753897938315
S1,48000.0,13.333333333333334,0.40429582172194023
S1,48300.0,13.416666666666666,0.4015013118114851
S1,48600.0,13.5,0.398753044880993
S1,48900.0,13.583333333333334,0.3960500765663079
S1,49200.0,13.666666666666666,0.3933914821483534
S1,49500.0,13.75,0.39077635619996676
S1,49800.0,13.833333333333334,0.38820381223729006
S1,50100.0,13.916666666666666,0.3856729823756199
S1,50400.0,14.0,0.3831830169897977
S1,50700.0,14.083333333333334,0.38073308437887604
S1,51000.0,14.166666666666666,0.37832237043508266
S1,51300.0,14.25,0.3759500783171239
S1,51600.0,14.333333333333334,0.3736154281276838
S1,51900.0,14.416666666666666,0.37131765659509897
S1,52200.0,14.5,0.36905601675919875
S1,52500.0,14.583333333333334,0.3668297776611377
S1,52800.0,14.666666666666666,0.3646382240373832
S1,53100.0,14.75,0.3624806560177415
S1,53400.0,14.833333333333334,0.36035638882731946
S1,53700.0,14.916666666666666,0.3582647524924744
S1,54000.0,15.0,0.3562050915507068
S1,54300.0,15.083333333333334,0.35417676476447185
S1,54600.0,15.166666666666666,0.35217914483889035
S1,54900.0,15.25,0.35021161814333807
S1,55200.0,15.333333333333334,0.34827358443689954
S1,55500.0,15.416666666666666,0.3463644565976398
S1,55800.0,15.5,0.3444836603558342
S1,56100.0,15.583333333333334,0.34263063403086624
S1,56400.0,15.666666666666666,0.3408048282720085
S1,56700.0,15.75,0.33900570580302297
S1,57000.0,15.833333333333334,0.3372327411705498
S1,57300.0,15.916666666666666,0.33548542049631663
S1,57600.0,16.0,0.3337632412330209
S1,57900.0,16.083333333333332,0.3320657119241392
S1,58200.0,16.166666666666668,0.33039235196744327
S1,58500.0,16.25,0.32874269138227474
S1,58800.0,16.333333333333332,0.32711627058058856
S1,59100.0,16.416666666666668,0.3255126401417504
S1,59400.0,16.5,0.3239313605910768
S1,59700.0,16.583333333333332,0.3223720021821126
S1,60000.0,16.666666666666668,0.32083414468263416
S1,60300.0,16.75,0.31931737716436553
S1,60600.0,16.833333333333332,0.31782129779639834
S1,60900.0,16.916666666666668,0.3163455136422751
S1,61200.0,17.0,0.31488964046083784
S1,61500.0,17.083333333333332,0.3134533025106133
S1,61800.0,17.166666666666668,0.31203613235788746
S1,62100.0,17.25,0.31063777068840537
S1,62400.0,17.333333333333332,0.3092578661226573
S1,62700.0,17.416666666666668,0.30789607503473576
S1,63000.0,17.5,0.3065520613747386
S1,63300.0,17.583333333333332,0.30522549649468866
S1,63600.0,17.666666666666668,0.30391605897794366
S1,63900.0,17.75,0.30262343447206247
S1,64200.0,17.833333333333332,0.30134731552509797
S1,64500.0,17.916666666666668,0.3000874014252998
S1,64800.0,18.0,0.2988433980440989
S1,65100.0,18.083333333333332,0.29761501768250553
S1,65400.0,18.166666666666668,0.29640197892074543
S1,65700.0,18.25,0.29520400647112793
S1,66000.0,18.333333333333332,0.2940208310341203
S1,66300.0,18.416666666666668,0.29285218915757666
S1,66600.0,18.5,0.29169782309907977
S1,66900.0,18.583333333333332,0.2905574806913509
S1,67200.0,18.666666666666668,0.28943091521068026
S1,67500.0,18.75,0.2883178852483359
S1,67800.0,18.833333333333332,0.28721815458489985
S1,68100.0,18.916666666666668,0.28613149206748695
S1,68400.0,19.0,0.2850576714897963
S1,68700.0,19.083333333333332,0.28399647147494217
S1,69000.0,19.166666666666668,0.2829476753610331
S1,69300.0,19.25,0.2819110710894528
S1,69600.0,19.333333333333332,0.28088645109572236
S1,69900.0,19.416666666666668,0.27987361220299983
S1,70200.0,19.5,0.27887235551810446
S1,70500.0,19.583333333333332,0.2778824863300286
S1,70800.0,19.666666666666668,0.27690381401089126
S1,71100.0,19.75,0.2759361519192794
S1,71400.0,19.833333333333332,0.2749793173059326
S1,71700.0,19.916666666666668,0.2740331312217191
S1,72000.0,20.0,0.27309741842785545
S1,72300.0,20.083333333333332,0.272172007308323
S1,72600.0,20.166666666666668,0.27125672978443205
S1,72900.0,20.25,0.27035142123148687
S1,73200.0,20.333333333333332,0.269455920397505
S1,73500.0,20.416666666666668,0.26857006932394467
S1,73800.0,20.5,0.2676937132683959
S1,74100.0,20.583333333333332,0.26682670062918556
S1,74400.0,20.666666666666668,0.2659688828718602
S1,74700.0,20.75,0.26512011445749434
S1,75000.0,20.833333333333332,0.26428025277279055
S1,75300.0,20.916666666666668,0.26344915806191394
S1,75600.0,21.0,0.2626266933600153
S1,75900.0,21.083333333333332,0.2618127244284833
S1,76200.0,21.166666666666668,0.2610071196917341
S1,76500.0,21.25,0.2602097501755925
S1,76800.0,21.333333333333332,0.25942048944729623
S1,77100.0,21.416666666666668,0.25863921355690944
S1,77400.0,21.5,0.25786580098024897
S1,77700.0,21.583333333333332,0.2571001325632337
S1,78000.0,21.666666666666668,0.2563420914676289
S1,78300.0,21.75,0.2555915631181478
S1,78600.0,21.833333333333332,0.25484843515088046
S1,78900.0,21.916666666666668,0.2541125973630132
S1,79200.0,22.0,0.25338394166380696
S1,79500.0,22.083333333333332,0.2526623620268012
S1,79800.0,22.166666666666668,0.2519477544432155
S1,80100.0,22.25,0.2512400168765119
S1,80400.0,22.333333333333332,0.2505390492180951
S1,80700.0,22.416666666666668,0.24984475324411615
S1,81000.0,22.5,0.2491570325733524
S1,81300.0,22.583333333333332,0.24847579262613717
S1,81600.0,22.666666666666668,0.2478009405843106
S1,81900.0,22.75,0.24713238535216453
S1,82200.0,22.833333333333332,0.24647003751835775
S1,82500.0,22.916666666666668,0.24581380931877356
S1,82800.0,23.0,0.2451636146002973
S1,83100.0,23.083333333333332,0.24451936878548874
S1,83400.0,23.166666666666668,0.24388098883812565
S1,83700.0,23.25,0.24324839322959643
S1,84000.0,23.333333333333332,0.24262150190611953
S1,84300.0,23.416666666666668,0.24200023625676725
S1,84600.0,23.5,0.24138451908227368
S1,84900.0,23.583333333333332,0.24077427456460576
S1,85200.0,23.666666666666668,0.24016942823727716
S1,85500.0,23.75,0.23956990695638639
S1,85800.0,23.833333333333332,0.23897563887235954
S1,86100.0,23.916666666666668,0.23838655340237866
S1,86400.0,24.0,0.2378025812034792
S1,86700.0,24.083333333333332,0.23722365414629729
S1,87000.0,24.166666666666668,0.23664970528945145
S1,87300.0,24.25,0.23608066885454077
S1,87600.0,24.333333333333332,0.23551648020174437
S1,87900.0,24.416666666666668,0.234957075806006
S1,88200.0,24.5,0.23440239323378834
S1,88500.0,24.583333333333332,0.23385237112038207
S1,88800.0,24.666666666666668,0.23330694914775663
S1,89100.0,24.75,0.23276606802293595
S1,89400.0,24.833333333333332,0.23222966945688794
S1,89700.0,24.916666666666668,0.23169769614391283
S1,90000.0,25.0,0.2311700917415183
S1,90300.0,25.083333333333332,0.23064680085076816
S1,90600.0,25.166666666666668,0.2301277689970927
S1,90900.0,25.25,0.2296129426115487
S1,91200.0,25.333333333333332,0.22910226901251696
S1,91500.0,25.416666666666668,0.22859569638782726
S1,91800.0,25.5,0.22809317377729824
S1,92100.0,25.583333333333332,0.2275946510556827
S1,92400.0,25.666666666666668,0.22710007891600725
S1,92700.0,25.75,0.22660940885329667
S1,93000.0,25.833333333333332,0.22612259314867253
S1,93300.0,25.916666666666668,0.22563958485381722
S1,93600.0,26.0,0.22516033777579325
S1,93900.0,26.083333333333332,0.22468480646220962
S1,94200.0,26.166666666666668,0.22421294618672605
S1,94500.0,26.25,0.22374471293488604
S1,94800.0,26.333333333333332,0.2232800633902712
S1,95100.0,26.416666666666668,0.22281895492096837
S1,95400.0,26.5,0.22236134556634155
S1,95700.0,26.583333333333332,0.2219071940241013
S1,96000.0,26.666666666666668,0.2214564596376636
S1,96300.0,26.75,0.22100910238379157
S1,96600.0,26.833333333333332,0.2205650828605122
S1,96900.0,26.916666666666668,0.22012436227530202
S1,97200.0,27.0,0.21968690243353436
S1,97500.0,27.083333333333332,0.21925266572718227
S1,97800.0,27.166666666666668,0.21882161512377016
S1,98100.0,27.25,0.2183937141555681
S1,98400.0,27.333333333333332,0.217968926909024
S1,98700.0,27.416666666666668,0.217547218014425
S1,99000.0,27.5,0.21712855263578626
S1,99300.0,27.583333333333332,0.21671289646095754
S1,99600.0,27.666666666666668,0.21630021569194602
S1,99900.0,27.75,0.21589047703544678
S1,100200.0,27.833333333333332,0.21548364769357803
S1,100500.0,27.916666666666668,0.21507969535481597
S1,100800.0,28.0,0.21467858818512262
S1,101100.0,28.083333333333332,0.21428029481926442
S1,101400.0,28.166666666666668,0.21388478435231514
S1,101700.0,28.25,0.21349202633133957
S1,102000.0,28.333333333333332,0.21310199074725358
S1,102300.0,28.416666666666668,0.21271464802685555
S1,102600.0,28.5,0.21232996902502646
S1,102900.0,28.583333333333332,0.21194792501709314
S1,103200.0,28.666666666666668,0.211568487691352
S1,103500.0,28.75,0.21119162914174847
S1,103800.0,28.833333333333332,0.21081732186070914
S1,104100.0,28.916666666666668,0.21044553873212285
S1,104400.0,29.0,0.21007625302446695
S1,104700.0,29.083333333333332,0.20970943838407524
S1,105000.0,29.166666666666668,0.20934506882854514
S1,105300.0,29.25,0.20898311874028
S1,105600.0,29.333333333333332,0.2086235628601629
S1,105900.0,29.416666666666668,0.20826637628136044
S1,106200.0,29.5,0.20791153444325286
S1,106500.0,29.583333333333332,0.20755901312548566
S1,106800.0,29.666666666666668,0.20720878844214438
S1,107100.0,29.75,0.20686083683604373
S1,107400.0,29.833333333333332,0.20651513507313435
S1,107700.0,29.916666666666668,0.20617166023702016
S1,108000.0,30.0,0.20583038972358625
S1,108300.0,30.083333333333332,0.20549130123573317
S1,108600.0,30.166666666666668,0.20515437277821688
S1,108900.0,30.25,0.20481958265259012
S1,109200.0,30.333333333333332,0.20448690945224474
S1,109500.0,30.416666666666668,0.2041563320575511
S1,109800.0,30.5,0.20382782963109303
S1,110100.0,30.583333333333332,0.20350138161299738
S1,110400.0,30.666666666666668,0.20317696771635296
S1,110700.0,30.75,0.20285456792272774
S1,111000.0,30.833333333333332,0.20253416247792622
S1,111300.0,30.916666666666668,0.20221573188708727
S1,111600.0,31.0,0.20189925691102978
S1,111900.0,31.083333333333332,0.2015847185622171
S1,112200.0,31.166666666666668,0.2012720981002514
S1,112500.0,31.25,0.20096137702771832
S1,112800.0,31.333333333333332,0.20065253708705758
S1,113100.0,31.416666666666668,0.20034556025598144
S1,113400.0,31.5,0.20004042874389685
S1,113700.0,31.583333333333332,0.19973712498838492
S1,114000.0,31.666666666666668,0.1994356316516334
S1,114300.0,31.75,0.19913593161639462
S1,114600.0,31.833333333333332,0.19883800798278464
S1,114900.0,31.916666666666668,0.19854184406516034
S1,115200.0,32.0,0.1982474233884418
S1,115500.0,32.083333333333336,0.19795472968447617
S1,115800.0,32.166666666666664,0.19766374688962396
S1,116100.0,32.25,0.1973744591407219
S1,116400.0,32.333333333333336,0.19708685077248536
S1,116700.0,32.416666666666664,0.19680090631418337
S1,117000.0,32.5,0.19651661048713434
S1,117300.0,32.583333333333336,0.19623394820099976
S1,117600.0,32.666666666666664,0.19595290455136424
S1,117900.0,32.75,0.19567346481678777
S1,118200.0,32.833333333333336,0.19539561445589548
S1,118500.0,32.916666666666664,0.1951193391050983
S1,118800.0,33.0,0.19484462457520163
S1,119100.0,33.083333333333336,0.1945714568492033
S1,119400.0,33.166666666666664,0.19429982207960494
S1,119700.0,33.25,0.1940297065858534
S1,120000.0,33.333333333333336,0.1937610968518339
S1,120300.0,33.416666666666664,0.1934939795234097
S1,120600.0,33.5,0.1932283414060006
S1,120900.0,33.583333333333336,0.19296416946211548
S1,121200.0,33.666666666666664,0.19270145080942505
S1,121500.0,33.75,0.19244017271786185
S1,121800.0,33.833333333333336,0.1921803226077566
S1,122100.0,33.916666666666664,0.19192188804754723
S1,122400.0,34.0,0.19166485675159967
S1,122700.0,34.083333333333336,0.19140921657807208
S1,123000.0,34.166666666666664,0.19115495552681777
S1,123300.0,34.25,0.19090206173732324
S1,123600.0,34.333333333333336,0.19065052348668307
S1,123900.0,34.416666666666664,0.19040032918760866
S1,124200.0,34.5,0.19015146738647232
S1,124500.0,34.583333333333336,0.18990392676138418
S1,124800.0,34.666666666666664,0.1896576961203021
S1,125100.0,34.75,0.1894127643991743
S1,125400.0,34.833333333333336,0.18916912066011307
S1,125700.0,34.916666666666664,0.18892675408960005
S1,126000.0,35.0,0.18868565399672124
S1,126300.0,35.083333333333336,0.18844580981143264
S1,126600.0,35.166666666666664,0.18820721108285424
S1,126900.0,35.25,0.18796984747759352
S1,127200.0,35.333333333333336,0.18773370877809625
S1,127500.0,35.416666666666664,0.18749878488102575
S1,127800.0,35.5,0.18726506579561905
S1,128100.0,35.583333333333336,0.18703254164223027
S1,128400.0,35.666666666666664,0.18680120265075284
S1,128700.0,35.75,0.18657103915903964
S1,129000.0,35.833333333333336,0.18634204161144985
S1,129300.0,35.916666666666664,0.18611420055738234
S1,129600.0,36.0,0.18588750664983314
S1,129900.0,36.083333333333336,0.18566195064397656
S1,130200.0,36.166666666666664,0.18543752339576913
S1,130500.0,36.25,0.18521421586057718
S1,130800.0,36.333333333333336,0.1849920190918255
S1,131100.0,36.416666666666664,0.1847709242396688
S1,131400.0,36.5,0.1845509225496845
S1,131700.0,36.583333333333336,0.1843320053615861
S1,132000.0,36.666666666666664,0.18411416410795764
S1,132300.0,36.75,0.18389739031300878
S1,132600.0,36.833333333333336,0.18368167559134901
S1,132900.0,36.916666666666664,0.183467011646782
S1,133200.0,37.0,0.18325339027111878
S1,133500.0,37.083333333333336,0.18304080334301043
S1,133800.0,37.166666666666664,0.18282924282679824
S1,134100.0,37.25,0.18261870077138287
S1,134400.0,37.333333333333336,0.182409169309111
S1,134700.0,37.416666666666664,0.1822006406546794
S1,135000.0,37.5,0.18199310710405645
S1,135300.0,37.583333333333336,0.1817865610334203
S1,135600.0,37.666666666666664,0.18158099489811375
S1,135900.0,37.75,0.18137640123161491
S1,136200.0,37.833333333333336,0.18117277264452497
S1,136500.0,37.916666666666664,0.18097010182357037
S1,136800.0,38.0,0.18076838153062086
S1,137100.0,38.083333333333336,0.1805676046017232
S1,137400.0,38.166666666666664,0.18036776394614898
S1,137700.0,38.25,0.18016885254545714
S1,138000.0,38.333333333333336,0.17997086345257163
S1,138300.0,38.416666666666664,0.1797737897908718
S1,138600.0,38.5,0.17957762475329783
S1,138900.0,38.583333333333336,0.17938236160146917
S1,139200.0,38.666666666666664,0.17918799366481622
S1,139500.0,38.75,0.17899451433972566
S1,139800.0,38.833333333333336,0.17880191708869814
S1,140100.0,38.916666666666664,0.1786101954395188
S1,140400.0,39.0,0.17841934298444062
S1,140700.0,39.083333333333336,0.17822935337937912
S1,141000.0,39.166666666666664,0.17804022034311967
S1,141300.0,39.25,0.17785193765653723
S1,141600.0,39.333333333333336,0.17766449916182583
S1,141900.0,39.416666666666664,0.1774778987617417
S1,142200.0,39.5,0.1772921304188558
S1,142500.0,39.583333333333336,0.1771071881548183
S1,142800.0,39.666666666666664,0.17692306604963368
S1,143100.0,39.75,0.17673975824094665
S1,143400.0,39.833333333333336,0.17655725892333782
S1,143700.0,39.916666666666664,0.17637556234763066
S1,144000.0,40.0,0.17619466282020776
S1,144300.0,40.083333333333336,0.1760145547023375
S1,144600.0,40.166666666666664,0.17583523240951032
S1,144900.0,40.25,0.1756566904107845
S1,145200.0,40.333333333333336,0.1754789232281415
S1,145500.0,40.416666666666664,0.17530192543585066
S1,145800.0,40.5,0.1751256916598429
S1,146100.0,40.583333333333336,0.17495021657709342
S1,146400.0,40.666666666666664,0.17477549491501332
S1,146700.0,40.75,0.1746015214508496
S1,147000.0,40.833333333333336,0.17442829101109425
S1,147300.0,40.916666666666664,0.17425579847090106
S1,147600.0,41.0,0.1740840387535116
S1,147900.0,41.083333333333336,0.17391300682968816
S1,148200.0,41.166666666666664,0.1737426977171555
S1,148500.0,41.25,0.17357310648005048
S1,148800.0,41.333333333333336,0.1734042282283788
S1,149100.0,41.416666666666664,0.1732360581174803
S1,149400.0,41.5,0.17306859134750022
S1,149700.0,41.583333333333336,0.17290182316287006
S1,150000.0,41.666666666666664,0.17273574885179313
S1,150300.0,41.75,0.1725703637457395
S1,150600.0,41.833333333333336,0.17240566321894618
S1,150900.0,41.916666666666664,0.1722416426879255
S1,151200.0,42.0,0.17207829761097948
S1,151500.0,42.083333333333336,0.17191562348772138
S1,151800.0,42.166666666666664,0.17175361585860308
S1,152100.0,42.25,0.17159227030444985
S1,152400.0,42.333333333333336,0.1714315824460013
S1,152700.0,42.416666666666664,0.1712715479434576
S1,153000.0,42.5,0.17111216249603303
S1,153300.0,42.583333333333336,0.17095342184151566
S1,153600.0,42.666666666666664,0.1707953217558313
S1,153900.0,42.75,0.1706378580526158
S1,154200.0,42.833333333333336,0.17048102658279127
S1,154500.0,42.916666666666664,0.17032482323414838
S1,154800.0,43.0,0.17016924393093522
S1,155100.0,43.083333333333336,0.17001428463345017
S1,155400.0,43.166666666666664,0.16985994133764135
S1,155700.0,43.25,0.16970621007471118
S1,156000.0,43.333333333333336,0.16955308691072557
S1,156300.0,43.416666666666664,0.16940056794622954
S1,156600.0,43.5,0.16924864931586608
S1,156900.0,43.583333333333336,0.16909732718800252
S1,157200.0,43.666666666666664,0.16894659776435916
S1,157500.0,43.75,0.16879645727964496
S1,157800.0,43.833333333333336,0.1686469020011967
S1,158100.0,43.916666666666664,0.1684979282286235
S1,158400.0,44.0,0.1683495322934557
S1,158700.0,44.083333333333336,0.16820171055879857
S1,159000.0,44.166666666666664,0.16805445941899008
S1,159300.0,44.25,0.16790777529926376
S1,159600.0,44.333333333333336,0.1677616546554154
S1,159900.0,44.416666666666664,0.16761609397347402
S1,160200.0,44.5,0.16747108976937797
S1,160500.0,44.583333333333336,0.16732663858865374
S1,160800.0,44.666666666666664,0.16718273700610048
S1,161100.0,44.75,0.16703938162547696
S1,161400.0,44.833333333333336,0.16689656907919428
S1,161700.0,44.916666666666664,0.16675429602801056
S1,162000.0,45.0,0.166612559160732
S1,162300.0,45.083333333333336,0.16647135519391434
S1,162600.0,45.166666666666664,0.16633068087157216
S1,162900.0,45.25,0.16619053296488778
S1,163200.0,45.333333333333336,0.1660509082719279
S1,163500.0,45.416666666666664,0.1659118036173595
S1,163800.0,45.5,0.1657732158521737
S1,164100.0,45.583333333333336,0.1656351418534091
S1,164400.0,45.666666666666664,0.16549757852388194
S1,164700.0,45.75,0.16536052279191718
S1,165000.0,45.833333333333336,0.16522397161108404
S1,165300.0,45.916666666666664,0.16508792195993513
S1,165600.0,46.0,0.16495237084174771
S1,165900.0,46.083333333333336,0.16481731528426954
S1,166200.0,46.166666666666664,0.1646827523394664
S1,166500.0,46.25,0.1645486790832846
S1,166800.0,46.333333333333336,0.16441509261538123
S1,167100.0,46.416666666666664,0.16428199005887387
S1,167400.0,46.5,0.1641493685601619
S1,167700.0,46.583333333333336,0.16401722528863596
S1,168000.0,46.666666666666664,0.16388555743645847
S1,168300.0,46.75,0.16375436221834663
S1,168600.0,46.833333333333336,0.1636236368712953
S1,168900.0,46.916666666666664,0.16349337865440086
S1,169200.0,47.0,0.1633635848486434
S1,169500.0,47.083333333333336,0.16323425275664213
S1,169800.0,47.166666666666664,0.16310537970244332
S1,170100.0,47.25,0.16297696303127934
S1,170400.0,47.333333333333336,0.1628490001094153
S1,170700.0,47.416666666666664,0.16272148832391484
S1,171000.0,47.5,0.1625944250824025
S1,171300.0,47.583333333333336,0.16246780781287923
S1,171600.0,47.666666666666664,0.16234163396355814
S1,171900.0,47.75,0.16221590100259775
S1,172200.0,47.833333333333336,0.1620906064179593
S1,172500.0,47.916666666666664,0.1619657477171833
S1,172800.0,48.0,0.16184132242720956
S1,173100.0,48.083333333333336,0.16171732809415792
S1,173400.0,48.166666666666664,0.16159376228320663
S1,173700.0,48.25,0.1614706225783212
S1,174000.0,48.333333333333336,0.1613479065821551
S1,174300.0,48.416666666666664,0.16122561191578394
S1,174600.0,48.5,0.16110373621859936
S1,174900.0,48.583333333333336,0.16098227714809552
S1,175200.0,48.666666666666664,0.1608612323796771
S1,175500.0,48.75,0.16074059960655046
S1,175800.0,48.833333333333336,0.16062037653947153
S1,176100.0,48.916666666666664,0.16050056090662995
S1,176400.0,49.0,0.16038115045348178
S1,176700.0,49.083333333333336,0.1602621429425382
S1,177000.0,49.166666666666664,0.1601435361532672
S1,177300.0,49.25,0.160025327881881
S1,177600.0,49.333333333333336,0.15990751594118835
S1,177900.0,49.416666666666664,0.15979009816045092
S1,178200.0,49.5,0.15967307238523107
S1,178500.0,49.583333333333336,0.1595564364772029
S1,178800.0,49.666666666666664,0.15944018831402154
S1,179100.0,49.75,0.15932432578920377
S1,179400.0,49.833333333333336,0.15920884681191783
S1,179700.0,49.916666666666664,0.1590937493068683
S1,180000.0,50.0,0.15897903121416387
S1,180300.0,50.083333333333336,0.15886469048915383
S1,180600.0,50.166666666666664,0.15875072510228028
S1,180900.0,50.25,0.15863713303894805
S1,181200.0,50.333333333333336,0.15852391229938836
S1,181500.0,50.416666666666664,0.1584110608985282
S1,181800.0,50.5,0.15829857686582302
S1,182100.0,50.583333333333336,0.15818645824514857
S1,182400.0,50.666666666666664,0.1580747030946562
S1,182700.0,50.75,0.15796330948667023
S1,183000.0,50.833333333333336,0.1578522755075058
S1,183300.0,50.916666666666664,0.15774159925737807
S1,183600.0,51.0,0.15763127885026476
S1,183900.0,51.083333333333336,0.1575213124137762
S1,184200.0,51.166666666666664,0.157411698089039
S1,184500.0,51.25,0.15730243403057906
S1,184800.0,51.333333333333336,0.15719351840617124
S1,185100.0,51.416666666666664,0.1570849493967445
S1,185400.0,51.5,0.15697672519625544
S1,185700.0,51.583333333333336,0.15686884401156978
S1,186000.0,51.666666666666664,0.1567613040623463
S1,186300.0,51.75,0.1566541035809133
S1,186600.0,51.833333333333336,0.156547240812188
S1,186900.0,51.916666666666664,0.15644071401351378
S1,187200.0,52.0,0.15633452145458013
S1,187500.0,52.083333333333336,0.1562286614173063
S1,187800.0,52.166666666666664,0.15612313219573076
S1,188100.0,52.25,0.15601793209590364
S1,188400.0,52.333333333333336,0.15591305943577982
S1,188700.0,52.416666666666664,0.15580851254511308
S1,189000.0,52.5,0.15570428976535128
S1,189300.0,52.583333333333336,0.15560038944953336
S1,189600.0,52.666666666666664,0.15549680996218632
S1,189900.0,52.75,0.1553935496792188
S1,190200.0,52.833333333333336,0.1552906069878425
S1,190500.0,52.916666666666664,0.1551879802864445
S1,190800.0,53.0,0.1550856679845015
S1,191100.0,53.083333333333336,0.15498366850248496
S1,191400.0,53.166666666666664,0.1548819802717627
S1,191700.0,53.25,0.15478060173450436
S1,192000.0,53.333333333333336,0.1546795313435867
S1,192300.0,53.416666666666664,0.15457876756250122
S1,192600.0,53.5,0.15447830886526157
S1,192900.0,53.583333333333336,0.1543781537363127
S1,193200.0,53.666666666666664,0.15427830067044054
S1,193500.0,53.75,0.15417874817268293
S1,193800.0,53.833333333333336,0.1540794947582412
S1,194100.0,53.916666666666664,0.15398053895239294
S1,194400.0,54.0,0.1538818792904053
S1,194700.0,54.083333333333336,0.1537835143174494
S1,195000.0,54.166666666666664,0.1536854425885161
S1,195300.0,54.25,0.15358766266833154
S1,195600.0,54.333333333333336,0.1534901731312745
S1,195900.0,54.416666666666664,0.15339297256129428
S1,196200.0,54.5,0.15329605955182943
S1,196500.0,54.583333333333336,0.1531994327057272
S1,196800.0,54.666666666666664,0.15310309063516422
S1,197100.0,54.75,0.15300703196156723
S1,197400.0,54.833333333333336,0.1529112553155351
S1,197700.0,54.916666666666664,0.15281575933676242
S1,198000.0,55.0,0.1527205426739623
S1,198300.0,55.083333333333336,0.15262560398479055
S1,198600.0,55.166666666666664,0.15253094193577146
S1,198900.0,55.25,0.15243655520222335
S1,199200.0,55.333333333333336,0.15234244246818532
S1,199500.0,55.416666666666664,0.15224860242634408
S1,199800.0,55.5,0.15215503377796263
S1,200100.0,55.583333333333336,0.1520617352328091
S1,200400.0,55.666666666666664,0.15196870550908587
S1,200700.0,55.75,0.15187594333335958
S1,201000.0,55.833333333333336,0.15178344744049294
S1,201300.0,55.916666666666664,0.15169121657357562
S1,201600.0,56.0,0.15159924948385664
S1,201900.0,56.083333333333336,0.15150754493067756
S1,202200.0,56.166666666666664,0.1514161016814058
S1,202500.0,56.25,0.15132491851136912
S1,202800.0,56.333333333333336,0.15123399420379052
S1,203100.0,56.416666666666664,0.15114332754972387
S1,203400.0,56.5,0.1510529173479897
S1,203700.0,56.583333333333336,0.15096276240511267
S1,204000.0,56.666666666666664,0.15087286153525872
S1,204300.0,56.75,0.15078321356017288
S1,204600.0,56.833333333333336,0.1506938173091181
S1,204900.0,56.916666666666664,0.15060467161881494
S1,205200.0,57.0,0.15051577533338067
S1,205500.0,57.083333333333336,0.15042712730427035
S1,205800.0,57.166666666666664,0.15033872639021778
S1,206100.0,57.25,0.1502505714571763
S1,206400.0,57.333333333333336,0.150162661378262
S1,206700.0,57.416666666666664,0.1500749950336962
S1,206957.29949695617,57.488138749154494,0.15
S2,0.0,0.0,2.55
S2,300.0,0.08333333333333333,2.55
S2,600.0,0.16666666666666666,2.549999999999961
S2,900.0,0.25,2.5499999987708715
S2,1200.0,0.3333333333333333,2.549999744799146
S2,1500.0,0.4166666666666667,2.5499931099346296
S2,1800.0,0.5,2.549934090715295
S2,2100.0,0.5833333333333334,2.549656418757191
S2,2400.0,0.6666666666666666,2.5487867780567597
S2,2700.0,0.75,2.5467222985071323
S2,3000.0,0.8333333333333334,2.542698082624919
S2,3300.0,0.9166666666666666,2.5359250103250948
S2,3600.0,1.0,2.525737412286722
S2,3900.0,1.0833333333333333,2.5116957688004926
S2,4200.0,1.1666666666666667,2.4936365739889905
S2,4500.0,1.25,2.471664249649499
S2,4800.0,1.3333333333333333,2.446099907620601
S2,5100.0,1.4166666666666667,2.4173925667842515
S2,5400.0,1.5,2.386064113740144
S2,5700.0,1.5833333333333333,2.3526730279351757
S2,6000.0,1.6666666666666667,2.3177347204420355
S2,6300.0,1.75,2.2817173804675415
S2,6600.0,1.8333333333333333,2.245003035753889
S2,6900.0,1.9166666666666667,2.207949285831099
S2,7200.0,2.0,2.1708514966199965
S2,7500.0,2.0833333333333335,2.1339154543230596
S2,7800.0,2.1666666666666665,2.0973322709735993
S2,8100.0,2.25,2.061249131784181
S2,8400.0,2.3333333333333335,2.0257376201875963
S2,8700.0,2.4166666666666665,1.9908548168449862
S2,9000.0,2.5,1.956641746947219
S2,9300.0,2.5833333333333335,1.923134621447898
S2,9600.0,2.6666666666666665,1.8903368666102907
S2,9900.0,2.75,1.8582451921912306
S2,10200.0,2.8333333333333335,1.8268634584056038
S2,10500.0,2.9166666666666665,1.796175606367913
S2,10800.0,3.0,1.7661770965266974
S2,11100.0,3.0833333333333335,1.7368421276742316
S2,11400.0,3.1666666666666665,1.7081464120872687
S2,11700.0,3.25,1.680095047575409
S2,12000.0,3.3333333333333335,1.652676476051654
S2,12300.0,3.4166666666666665,1.625865947139348
S2,12600.0,3.5,1.5996444221584527
S2,12900.0,3.5833333333333335,1.5740035779536756
S2,13200.0,3.6666666666666665,1.5489046248227063
S2,13500.0,3.75,1.5243324523669661
S2,13800.0,3.8333333333333335,1.5002658384194316
S2,14100.0,3.9166666666666665,1.4766977935249315
S2,14400.0,4.0,1.4536060045754475
S2,14700.0,4.083333333333333,1.430980398727182
S2,15000.0,4.166666666666667,1.408833884391731
S2,15300.0,4.25,1.3871553359219042
S2,15600.0,4.333333333333333,1.3659273796081821
S2,15900.0,4.416666666666667,1.3451335314093626
S2,16200.0,4.5,1.3247587184766374
S2,16500.0,4.583333333333333,1.3047892082856698
S2,16800.0,4.666666666666667,1.2852125303954713
S2,17100.0,4.75,1.2660173688552039
S2,17400.0,4.833333333333333,1.247193426601057
S2,17700.0,4.916666666666667,1.2287312809774544
S2,18000.0,5.0,1.2106222458174452
S2,18300.0,5.083333333333333,1.1928582483144425
S2,18600.0,5.166666666666667,1.1754317236527243
S2,18900.0,5.25,1.1583355273399953
S2,19200.0,5.333333333333333,1.1415628636911617
S2,19500.0,5.416666666666667,1.1251072283180314
S2,19800.0,5.5,1.1089623623743587
S2,20100.0,5.583333333333333,1.0931222164459453
S2,20400.0,5.666666666666667,1.0775809222231192
S2,20700.0,5.75,1.062332770371858
S2,21000.0,5.833333333333333,1.0473721932909394
S2,21300.0,5.916666666666667,1.0326937516870032
S2,21600.0,6.0,1.0182921241105645
S2,21900.0,6.083333333333333,1.0041620987730266
S2,22200.0,6.166666666666667,0.9902985671101506
S2,22500.0,6.25,0.976696518675064
S2,22800.0,6.333333333333333,0.9633510370377328
S2,23100.0,6.416666666666667,0.9502572964429229
S2,23400.0,6.5,0.9374105590363112
S2,23700.0,6.583333333333333,0.9248061725128025
S2,24000.0,6.666666666666667,0.9124395680802951
S2,24300.0,6.75,0.9003062586551008
S2,24600.0,6.833333333333333,0.8884018372282122
S2,24900.0,6.916666666666667,0.8767219753570381
S2,25200.0,7.0,0.8652624217492767
S2,25500.0,7.083333333333333,0.8540190009146738
S2,25800.0,7.166666666666667,0.8429876118672154
S2,26100.0,7.25,0.8321642268653728
S2,26400.0,7.333333333333333,0.8215448901817688
S2,26700.0,7.416666666666667,0.8111257168963664
S2,27000.0,7.5,0.8009028917092963
S2,27300.0,7.583333333333333,0.7908726677708485
S2,27600.0,7.666666666666667,0.7810313655271762
S2,27900.0,7.75,0.7713753715810157
S2,28200.0,7.833333333333333,0.761901137566947
S2,28500.0,7.916666666666667,0.7526051790411777
S2,28800.0,8.0,0.7434840743867865
S2,29100.0,8.083333333333334,0.7345344637336493
S2,29400.0,8.166666666666666,0.725753047894042
S2,29700.0,8.25,0.7171365873141208
S2,30000.0,8.333333333333334,0.7086819010415937
S2,30300.0,8.416666666666666,0.7003858657098706
S2,30600.0,8.5,0.6922454145389134
S2,30900.0,8.583333333333334,0.6842575363529648
S2,31200.0,8.666666666666666,0.676419274615264
S2,31500.0,8.75,0.6687277264798215
S2,31800.0,8.833333333333334,0.6611800418602539
S2,32100.0,8.916666666666666,0.6537734225156431
S2,32400.0,9.0,0.6465051211533349
S2,32700.0,9.083333333333334,0.6393724405484519
S2,33000.0,9.166666666666666,0.632372732680464
S2,33300.0,9.25,0.6255033978857077
S2,33600.0,9.333333333333334,0.618761884026382
S2,33900.0,9.416666666666666,0.6121456856755866
S2,34200.0,9.5,0.6056523433180708
S2,34500.0,9.583333333333334,0.5992794425664474
S2,34800.0,9.666666666666666,0.5930246133925758
S2,35100.0,9.75,0.5868855293738156
S2,35400.0,9.833333333333334,0.5808599069538231
S2,35700.0,9.916666666666666,0.5749455047175822
S2,36000.0,10.0,0.5691401226803324
S2,36300.0,10.083333333333334,0.5634416015901483
S2,36600.0,10.166666666666666,0.5578478222434348
S2,36900.0,10.25,0.5523567048137388
S2,37200.0,10.333333333333334,0.5469662081929432
S2,37500.0,10.416666666666666,0.5416743293446695
S2,37800.0,10.5,0.5364791026696161
S2,38100.0,10.583333333333334,0.5313785993824776
S2,38400.0,10.666666666666666,0.5263709269001245
S2,38700.0,10.75,0.52145422824073
S2,39000.0,10.833333333333334,0.5166266814335312
S2,39300.0,10.916666666666666,0.5118864989389279
S2,39600.0,11.0,0.5072319270786142
S2,39900.0,11.083333333333334,0.5026612454753994
S2,40200.0,11.166666666666666,0.4981727665027488
S2,40500.0,11.25,0.4937648347431961
S2,40800.0,11.333333333333334,0.4894358264558309
S2,41100.0,11.416666666666666,0.4851841490524888
S2,41400.0,11.5,0.48100824058235153
S2,41700.0,11.583333333333334,0.47690656922474134
S2,42000.0,11.666666666666666,0.47287763278993966
S2,42300.0,11.75,0.46891995822752164
S2,42600.0,11.833333333333334,0.4650321011425243
S2,42900.0,11.916666666666666,0.4612126453188094
S2,43200.0,12.0,0.4574602022495458
S2,43500.0,12.083333333333334,0.4537734106746614
S2,43800.0,12.166666666666666,0.45015093612506574
S2,44100.0,12.25,0.446591470473475
S2,44400.0,12.333333333333334,0.44309373149167625
S2,44700.0,12.416666666666666,0.4396564624140762
S2,45000.0,12.5,0.43627843150738554
S2,45300.0,12.583333333333334,0.43295843164623704
S2,45600.0,12.666666666666666,0.42969527989492823
S2,45900.0,12.75,0.4264878170945094
S2,46200.0,12.833333333333334,0.42333490745573343
S2,46500.0,12.916666666666666,0.42023543815745373
S2,46800.0,13.0,0.4171883189504052
S2,47100.0,13.083333333333334,0.414192481766272
S2,47400.0,13.166666666666666,0.4112468803319964
S2,47700.0,13.25,0.4083504897889397
S2,48000.0,13.333333333333334,0.40550230631739465
S2,48300.0,13.416666666666666,0.40270134676579217
S2,48600.0,13.5,0.3999466482847803
S2,48900.0,13.583333333333334,0.3972372679660655
S2,49200.0,13.666666666666666,0.3945722824859326
S2,49500.0,13.75,0.3919507877533753
S2,49800.0,13.833333333333334,0.3893718985627706
S2,50100.0,13.916666666666666,0.3868347482510321
S2,50400.0,14.0,0.38433848835917667
S2,50700.0,14.083333333333334,0.3818822882982314
S2,51000.0,14.166666666666666,0.37946533501961616
S2,51300.0,14.25,0.3770868326894948
S2,51600.0,14.333333333333334,0.3747460023675461
S2,51900.0,14.416666666666666,0.37244208168984816
S2,52200.0,14.5,0.3701743245558913
S2,52500.0,14.583333333333334,0.3679420008197026
S2,52800.0,14.666666666666666,0.3657443959848627
S2,53100.0,14.75,0.36358081090381056
S2,53400.0,14.833333333333334,0.36145056148094196
S2,53700.0,14.916666666666666,0.35935297837971686
S2,54000.0,15.0,0.3572874067337003
S2,54300.0,15.083333333333334,0.3552532058615137
S2,54600.0,15.166666666666666,0.35324974898567507
S2,54900.0,15.25,0.3512764229553115
S2,55200.0,15.333333333333334,0.3493326279727238
S2,55500.0,15.416666666666666,0.3474177773237934
S2,55800.0,15.5,0.3455312971122079
S2,56100.0,15.583333333333334,0.3436726259974838
S2,56400.0,15.666666666666666,0.34184121493692604
S2,56700.0,15.75,0.34003652693115266
S2,57000.0,15.833333333333334,0.33825803677357325
S2,57300.0,15.916666666666666,0.3365052308036005
S2,57600.0,16.0,0.3347776066636361
S2,57900.0,16.083333333333332,0.33307467305982624
S2,58200.0,16.166666666666668,0.331395949526592
S2,58500.0,16.25,0.32974096619479415
S2,58800.0,16.333333333333332,0.32810926356384457
S2,59100.0,16.416666666666668,0.3265003922774115
S2,59400.0,16.5,0.324913912902887
S2,59700.0,16.583333333333332,0.3233493957145753
S2,60000.0,16.666666666666668,0.32180642048058866
S2,60300.0,16.75,0.3202845762534399
S2,60600.0,16.833333333333332,0.3187834611643184
S2,60900.0,16.916666666666668,0.3173026822210359
S2,61200.0,17.0,0.3158418551096257
S2,61500.0,17.083333333333332,0.3144006039995792
S2,61800.0,17.166666666666668,0.31297856135269847
S2,62100.0,17.25,0.3115753677355188
S2,62400.0,17.333333333333332,0.3101906716354208
S2,62700.0,17.416666666666668,0.30882412928012304
S2,63000.0,17.5,0.30747540446080635
S2,63300.0,17.583333333333332,0.3061441683587155
S2,63600.0,17.666666666666668,0.3048300993752259
S2,63900.0,17.75,0.3035328829653485
S2,64200.0,17.833333333333332,0.30225221147463927
S2,64500.0,17.916666666666668,0.30098778397948034
S2,64800.0,18.0,0.2997393061306949
S2,65100.0,18.083333333333332,0.2985064900004627
S2,65400.0,18.166666666666668,0.2972890539324936
S2,65700.0,18.25,0.29608672239542255
S2,66000.0,18.333333333333332,0.2948992258394044
S2,66300.0,18.416666666666668,0.2937263005557587
S2,66600.0,18.5,0.2925676885398372
S2,66900.0,18.583333333333332,0.2914231373568602
S2,67200.0,18.666666666666668,0.2902924000107734
S2,67500.0,18.75,0.289175234816064
S2,67800.0,18.833333333333332,0.28807140527249153
S2,68100.0,18.916666666666668,0.2869806799426813
S2,68400.0,19.0,0.2859028323325363
S2,68700.0,19.083333333333332,0.2848376407744183
S2,69000.0,19.166666666666668,0.28378488831305
S2,69300.0,19.25,0.2827443625940881
S2,69600.0,19.333333333333332,0.2817158557553206
S2,69900.0,19.416666666666668,0.28069916432043757
S2,70200.0,19.5,0.27969408909531696
S2,70500.0,19.583333333333332,0.27870043506681774
S2,70800.0,19.666666666666668,0.27771801130397283
S2,71100.0,19.75,0.27674663086155044
S2,71400.0,19.833333333333332,0.2757861106859684
S2,71700.0,19.916666666666668,0.27483627152348067
S2,72000.0,20.0,0.27389693783059615
S2,72300.0,20.083333333333332,0.27296793768668426
S2,72600.0,20.166666666666668,0.2720491027087167
S2,72900.0,20.25,0.2711402679681014
S2,73200.0,20.333333333333332,0.2702412719095616
S2,73500.0,20.416666666666668,0.26935195627201186
S2,73800.0,20.5,0.2684721660113905
S2,74100.0,20.583333333333332,0.26760174922539925
S2,74400.0,20.666666666666668,0.26674055708010824
S2,74700.0,20.75,0.26588844373838294
S2,75000.0,20.833333333333332,0.26504526629008957
S2,75300.0,20.916666666666668,0.26421088468403714
S2,75600.0,21.0,0.26338516166161596
S2,75900.0,21.083333333333332,0.2625679626920874
S2,76200.0,21.166666666666668,0.2617591559094933
S2,76500.0,21.25,0.26095861205113585
S2,76800.0,21.333333333333332,0.260166204397598
S2,77100.0,21.416666666666668,0.25938180871425953
S2,77400.0,21.5,0.2586053031942779
S2,77700.0,21.583333333333332,0.2578365684029927
S2,78000.0,21.666666666666668,0.25707548722372064
S2,78300.0,21.75,0.2563219448049064
S2,78600.0,21.833333333333332,0.25557582850859245
S2,78900.0,21.916666666666668,0.25483702786017887
S2,79200.0,22.0,0.25410543449943607
S2,79500.0,22.083333333333332,0.2533809421327412
S2,79800.0,22.166666666666668,0.2526634464865064
S2,80100.0,22.25,0.2519528452617686
S2,80400.0,22.333333333333332,0.25124903808990895
S2,80700.0,22.416666666666668,0.2505519264894771
S2,81000.0,22.5,0.24986141382408683
S2,81300.0,22.583333333333332,0.24917740526135976
S2,81600.0,22.666666666666668,0.24849980773288666
S2,81900.0,22.75,0.24782852989518184
S2,82200.0,22.833333333333332,0.24716348209160452
S2,82500.0,22.916666666666668,0.2465045763152213
S2,82800.0,23.0,0.24585172617258622
S2,83100.0,23.083333333333332,0.24520484684841357
S2,83400.0,23.166666666666668,0.24456385507112102
S2,83700.0,23.25,0.24392866907921923
S2,84000.0,23.333333333333332,0.24329920858852738
S2,84300.0,23.416666666666668,0.24267539476019132
S2,84600.0,23.5,0.24205715016948454
S2,84900.0,23.583333333333332,0.24144439877537102
S2,85200.0,23.666666666666668,0.24083706589081008
S2,85500.0,23.75,0.24023507815378373
S2,85800.0,23.833333333333332,0.23963836349902773
S2,86100.0,23.916666666666668,0.23904685113044816
S2,86400.0,24.0,0.23846047149420482
S2,86700.0,24.083333333333332,0.23787915625244488
S2,87000.0,24.166666666666668,0.23730283825766926
S2,87300.0,24.25,0.23673145152771566
S2,87600.0,24.333333333333332,0.23616493122134116
S2,87900.0,24.416666666666668,0.23560321361439002
S2,88200.0,24.5,0.2350462360765308
S2,88500.0,24.583333333333332,0.23449393704854765
S2,88800.0,24.666666666666668,0.23394625602017174
S2,89100.0,24.75,0.23340313350843905
S2,89400.0,24.833333333333332,0.23286451103655995
S2,89700.0,24.916666666666668,0.23233033111328835
S2,90000.0,25.0,0.2318005372127769
S2,90300.0,25.083333333333332,0.2312750737549053
S2,90600.0,25.166666666666668,0.23075388608607023
S2,90900.0,25.25,0.23023692046042463
S2,91200.0,25.333333333333332,0.22972412402191147
S2,91500.0,25.416666666666668,0.22921544478513334
S2,91800.0,25.5,0.22871083161970496
S2,92100.0,25.583333333333332,0.2282102342311057
S2,92400.0,25.666666666666668,0.22771360314663486
S2,92700.0,25.75,0.2272208896958034
S2,93000.0,25.833333333333332,0.2267320459976672
S2,93300.0,25.916666666666668,0.22624702494327784
S2,93600.0,26.0,0.22576578018100946
S2,93900.0,26.083333333333332,0.2252882661017013
S2,94200.0,26.166666666666668,0.22481443782413826
S2,94500.0,26.25,0.22434425118086332
S2,94800.0,26.333333333333332,0.22387766270430995
S2,95100.0,26.416666666666668,0.22341462961324815
S2,95400.0,26.5,0.2229551097995352
S2,95700.0,26.583333333333332,0.22249906181516338
S2,96000.0,26.666666666666668,0.22204644485959812
S2,96300.0,26.75,0.22159721876739844
S2,96600.0,26.833333333333332,0.2211513439961131
S2,96900.0,26.916666666666668,0.22070878161444535
S2,97200.0,27.0,0.22026949329067952
S2,97500.0,27.083333333333332,0.2198334412813632
S2,97800.0,27.166666666666668,0.21940058842023902
S2,98100.0,27.25,0.2189708981074183
S2,98400.0,27.333333333333332,0.21854433429879305
S2,98700.0,27.416666666666668,0.21812086149567805
S2,99000.0,27.5,0.21770044473467917
S2,99300.0,27.583333333333332,0.217283049577781
S2,99600.0,27.666666666666668,0.21686864210264942
S2,99900.0,27.75,0.2164571888931438
S2,100200.0,27.833333333333332,0.2160486570300326
S2,100500.0,27.916666666666668,0.21564301408190914
S2,100800.0,28.0,0.2152402280963014
S2,101100.0,28.083333333333332,0.21484026759097127
S2,101400.0,28.166666666666668,0.21444310154539978
S2,101700.0,28.25,0.21404869939245258
S2,102000.0,28.333333333333332,0.21365703101022138
S2,102300.0,28.416666666666668,0.2132680667140384
S2,102600.0,28.5,0.21288177724865864
S2,102900.0,28.583333333333332,0.21249813378060528
S2,103200.0,28.666666666666668,0.2121171078906769
S2,103500.0,28.75,0.21173867156660947
S2,103800.0,28.833333333333332,0.21136279719589193
S2,104100.0,28.916666666666668,0.21098945755873044
S2,104400.0,29.0,0.2106186258211583
S2,104700.0,29.083333333333332,0.21025027552828784
S2,105000.0,29.166666666666668,0.20988438059770137
S2,105300.0,29.25,0.20952091531297742
S2,105600.0,29.333333333333332,0.20915985431734946
S2,105900.0,29.416666666666668,0.20880117260749398
S2,106200.0,29.5,0.20844484552744474
S2,106500.0,29.583333333333332,0.20809084876263076
S2,106800.0,29.666666666666668,0.2077391583340341
S2,107100.0,29.75,0.2073897505924667
S2,107400.0,29.833333333333332,0.20704260221296053
S2,107700.0,29.916666666666668,0.206697690189272
S2,108000.0,30.0,0.2063549918284949
S2,108300.0,30.083333333333332,0.20601448474578124
S2,108600.0,30.166666666666668,0.20567614685916688
S2,108900.0,30.25,0.20533995638450003
S2,109200.0,30.333333333333332,0.2050058918304694
S2,109500.0,30.416666666666668,0.20467393199373068
S2,109800.0,30.5,0.20434405595412883
S2,110100.0,30.583333333333332,0.20401624307001368
S2,110400.0,30.666666666666668,0.20369047297364756
S2,110700.0,30.75,0.20336672556670138
S2,111000.0,30.833333333333332,0.2030449810158399
S2,111300.0,30.916666666666668,0.20272521974839053
S2,111600.0,31.0,0.20240742244809729
S2,111900.0,31.083333333333332,0.20209157005095613
S2,112200.0,31.166666666666668,0.20177764374112955
S2,112500.0,31.25,0.2014656249469409
S2,112800.0,31.333333333333332,0.20115549533694368
S2,113100.0,31.416666666666668,0.20084723681606662
S2,113400.0,31.5,0.2005408315218319
S2,113700.0,31.583333333333332,0.20023626182064447
S2,114000.0,31.666666666666668,0.19993351030415185
S2,114300.0,31.75,0.19963255978567282
S2,114600.0,31.833333333333332,0.19933339329669233
S2,114900.0,31.916666666666668,0.19903599408342262
S2,115200.0,32.0,0.19874034560342851
S2,115500.0,32.083333333333336,0.19844643152231548
S2,115800.0,32.166666666666664,0.19815423571047922
S2,116100.0,32.25,0.19786374223991504
S2,116400.0,32.333333333333336,0.1975749353810873
S2,116700.0,32.416666666666664,0.1972877995998549
S2,117000.0,32.5,0.1970023195544548
S2,117300.0,32.583333333333336,0.19671848009256068
S2,117600.0,32.666666666666664,0.19643626624843605
S2,117900.0,32.75,0.19615566323968733
S2,118200.0,32.833333333333336,0.19587665646499747
S2,118500.0,32.916666666666664,0.19559923150126596
S2,118800.0,33.0,0.19532337410063094
S2,119100.0,33.083333333333336,0.19504907018781345
S2,119400.0,33.166666666666664,0.1947763058580742
S2,119700.0,33.25,0.19450506737387557
S2,120000.0,33.333333333333336,0.1942353411628353
S2,120300.0,33.416666666666664,0.19396711381534862
S2,120600.0,33.5,0.1937003720818852
S2,120900.0,33.583333333333336,0.19343510287056878
S2,121200.0,33.666666666666664,0.19317129324496038
S2,121500.0,33.75,0.19290893042207227
S2,121800.0,33.833333333333336,0.1926480017694683
S2,122100.0,33.916666666666664,0.1923884948034663
S2,122400.0,34.0,0.19213039718703903
S2,122700.0,34.083333333333336,0.19187369672742338
S2,123000.0,34.166666666666664,0.19161838137397963
S2,123300.0,34.25,0.19136443921623494
S2,123600.0,34.333333333333336,0.19111185848213302
S2,123900.0,34.416666666666664,0.19086062753545777
S2,124200.0,34.5,0.19061073487428584
S2,124500.0,34.583333333333336,0.19036216912905923
S2,124800.0,34.666666666666664,0.19011491906039413
S2,125100.0,34.75,0.18986897355745935
S2,125400.0,34.833333333333336,0.1896243216360363
S2,125700.0,34.916666666666664,0.18938095243698033
S2,126000.0,35.0,0.1891388552239876
S2,126300.0,35.083333333333336,0.1888980193821885
S2,126600.0,35.166666666666664,0.1886584344163341
S2,126900.0,35.25,0.18842008994908588
S2,127200.0,35.333333333333336,0.18818297571960288
S2,127500.0,35.416666666666664,0.18794708158148649
S2,127800.0,35.5,0.18771239750148952
S2,128100.0,35.583333333333336,0.1874789135578614
S2,128400.0,35.666666666666664,0.18724661993880104
S2,128700.0,35.75,0.18701550694093563
S2,129000.0,35.833333333333336,0.1867855649678217
S2,129300.0,35.916666666666664,0.18655678452840904
S2,129600.0,36.0,0.18632915623586757
S2,129900.0,36.083333333333336,0.18610267080575335
S2,130200.0,36.166666666666664,0.1858773190548669
S2,130500.0,36.25,0.18565309189982324
S2,130800.0,36.333333333333336,0.18542998035569114
S2,131100.0,36.416666666666664,0.18520797553465912
S2,131400.0,36.5,0.18498706864472392
S2,131700.0,36.583333333333336,0.18476725098839875
S2,132000.0,36.666666666666664,0.18454851396144364
S2,132300.0,36.75,0.18433084905161543
S2,132600.0,36.833333333333336,0.18411424783743596
S2,132900.0,36.916666666666664,0.18389870198693933
S2,133200.0,37.0,0.18368420325665144
S2,133500.0,37.083333333333336,0.1834707434901972
S2,133800.0,37.166666666666664,0.18325831461723843
S2,134100.0,37.25,0.18304690865235898
S2,134400.0,37.333333333333336,0.1828365176939298
S2,134700.0,37.416666666666664,0.18262713392300933
S2,135000.0,37.5,0.18241874960226043
S2,135300.0,37.583333333333336,0.18221135707488498
S2,135600.0,37.666666666666664,0.18200494876357437
S2,135900.0,37.75,0.18179951716947704
S2,136200.0,37.833333333333336,0.18159505487118163
S2,136500.0,37.916666666666664,0.1813915545237155
S2,136800.0,38.0,0.1811890088575599
S2,137100.0,38.083333333333336,0.18098741067767918
S2,137400.0,38.166666666666664,0.18078675286256493
S2,137700.0,38.25,0.18058702836329565
S2,138000.0,38.333333333333336,0.18038823020261027
S2,138300.0,38.416666666666664,0.18019035147399534
S2,138600.0,38.5,0.17999338534078685
S2,138900.0,38.583333333333336,0.17979732503528562
S2,139200.0,38.666666666666664,0.1796021638578854
S2,139500.0,38.75,0.17940789517621483
S2,139800.0,38.833333333333336,0.17921451242429237
S2,140100.0,38.916666666666664,0.17902200910169286
S2,140400.0,39.0,0.17883037877272828
S2,140700.0,39.083333333333336,0.1786396150656394
S2,141000.0,39.166666666666664,0.17844971167179954
S2,141300.0,39.25,0.17826066234493146
S2,141600.0,39.333333333333336,0.1780724609003347
S2,141900.0,39.416666666666664,0.177885101214124
S2,142200.0,39.5,0.17769857722248034
S2,142500.0,39.583333333333336,0.17751288292091227
S2,142800.0,39.666666666666664,0.17732801236352796
S2,143100.0,39.75,0.17714395966231802
S2,143400.0,39.833333333333336,0.1769607189864494
S2,143700.0,39.916666666666664,0.17677828456156744
S2,144000.0,40.0,0.17659665066908253
S2,144300.0,40.083333333333336,0.17641581164557266
S2,144600.0,40.166666666666664,0.1762357618820575
S2,144900.0,40.25,0.17605649582334065
S2,145200.0,40.333333333333336,0.17587800796737255
S2,145500.0,40.416666666666664,0.17570029286461294
S2,145800.0,40.5,0.17552334511740222
S2,146100.0,40.583333333333336,0.17534715937934145
S2,146400.0,40.666666666666664,0.17517173035468178
S2,146700.0,40.75,0.17499705279772218
S2,147000.0,40.833333333333336,0.1748231215122157
S2,147300.0,40.916666666666664,0.17464993135078463
S2,147600.0,41.0,0.1744774772143432
S2,147900.0,41.083333333333336,0.1743057540515294
S2,148200.0,41.166666666666664,0.1741347568581437
S2,148500.0,41.25,0.17396448067659667
S2,148800.0,41.333333333333336,0.17379492059536378
S2,149100.0,41.416666666666664,0.17362607174844785
S2,149400.0,41.5,0.17345792931484955
S2,149700.0,41.583333333333336,0.17329048851804418
S2,150000.0,41.666666666666664,0.1731237446254672
S2,150300.0,41.75,0.17295769294800561
S2,150600.0,41.833333333333336,0.172792328839497
S2,150900.0,41.916666666666664,0.17262764769623545
S2,151200.0,42.0,0.17246364495648428
S2,151500.0,42.083333333333336,0.17230031609999516
S2,151800.0,42.166666666666664,0.17213765664753422
S2,152100.0,42.25,0.17197566216041452
S2,152400.0,42.333333333333336,0.171814328240035
S2,152700.0,42.416666666666664,0.17165365052742532
S2,153000.0,42.5,0.17149362470279725
S2,153300.0,42.583333333333336,0.17133424648510234
S2,153600.0,42.666666666666664,0.1711755116315949
S2,153900.0,42.75,0.17101741593740152
S2,154200.0,42.833333333333336,0.17085995523509626
S2,154500.0,42.916666666666664,0.1707031253942812
S2,154800.0,43.0,0.17054692232117302
S2,155100.0,43.083333333333336,0.17039134195819491
S2,155400.0,43.166666666666664,0.17023638028357413
S2,155700.0,43.25,0.17008203331094454
S2,156000.0,43.333333333333336,0.16992829708895488
S2,156300.0,43.416666666666664,0.169775167700882
S2,156600.0,43.5,0.16962264126424945
S2,156900.0,43.583333333333336,0.16947071393045027
S2,157200.0,43.666666666666664,0.16931938188437615
S2,157500.0,43.75,0.16916864134405035
S2,157800.0,43.833333333333336,0.1690184885602658
S2,158100.0,43.916666666666664,0.16886891981622815
S2,158400.0,44.0,0.1687199314272029
S2,158700.0,44.083333333333336,0.16857151974016807
S2,159000.0,44.166666666666664,0.16842368113347034
S2,159300.0,44.25,0.1682764120164864
S2,159600.0,44.333333333333336,0.1681297088292884
S2,159900.0,44.416666666666664,0.16798356804231387
S2,160200.0,44.5,0.16783798615603962
S2,160500.0,44.583333333333336,0.16769295970066006
S2,160800.0,44.666666666666664,0.16754848523576985
S2,161100.0,44.75,0.16740455935004997
S2,161400.0,44.833333333333336,0.16726117866095863
S2,161700.0,44.916666666666664,0.16711833981442553
S2,162000.0,45.0,0.16697603948455023
S2,162300.0,45.083333333333336,0.1668342743733042
S2,162600.0,45.166666666666664,0.16669304121023712
S2,162900.0,45.25,0.16655233675218614
S2,163200.0,45.333333333333336,0.16641215778298965
S2,163500.0,45.416666666666664,0.1662725011132039
S2,163800.0,45.5,0.16613336357982367
S2,164100.0,45.583333333333336,0.16599474204600648
S2,164400.0,45.666666666666664,0.16585663340079976
S2,164700.0,45.75,0.16571903455887188
S2,165000.0,45.833333333333336,0.16558194246024666
S2,165300.0,45.916666666666664,0.1654453540700405
S2,165600.0,46.0,0.1653092663782036
S2,165900.0,46.083333333333336,0.16517367639926367
S2,166200.0,46.166666666666664,0.16503858117207365
S2,166500.0,46.25,0.16490397775956142
S2,166800.0,46.333333333333336,0.1647698632484836
S2,167100.0,46.416666666666664,0.164636234749182
S2,167400.0,46.5,0.16450308939534272
S2,167700.0,46.583333333333336,0.1643704243437593
S2,168000.0,46.666666666666664,0.16423823677409702
S2,168300.0,46.75,0.16410652388866176
S2,168600.0,46.833333333333336,0.16397528291217064
S2,168900.0,46.916666666666664,0.16384451109152603
S2,169200.0,47.0,0.16371420569559178
S2,169500.0,47.083333333333336,0.16358436401497284
S2,169800.0,47.166666666666664,0.16345498336179634
S2,170100.0,47.25,0.16332606106949732
S2,170400.0,47.333333333333336,0.16319759449260443
S2,170700.0,47.416666666666664,0.16306958100653093
S2,171000.0,47.5,0.16294201800736563
S2,171300.0,47.583333333333336,0.16281490291166867
S2,171600.0,47.666666666666664,0.16268823315626768
S2,171900.0,47.75,0.16256200619805797
S2,172200.0,47.833333333333336,0.16243621951380405
S2,172500.0,47.916666666666664,0.1623108705999442
S2,172800.0,48.0,0.1621859569723968
S2,173100.0,48.083333333333336,0.16206147616636918
S2,173400.0,48.166666666666664,0.16193742573616907
S2,173700.0,48.25,0.1618138032550175
S2,174000.0,48.333333333333336,0.16169060631486465
S2,174300.0,48.416666666666664,0.16156783252620746
S2,174600.0,48.5,0.16144547951790933
S2,174900.0,48.583333333333336,0.1613235449370223
S2,175200.0,48.666666666666664,0.16120202644861087
S2,175500.0,48.75,0.16108092173557806
S2,175800.0,48.833333333333336,0.16096022849849362
S2,176100.0,48.916666666666664,0.160839944455424
S2,176400.0,49.0,0.16072006734176436
S2,176700.0,49.083333333333336,0.16060059491007264
S2,177000.0,49.166666666666664,0.16048152492990542
S2,177300.0,49.25,0.1603628551876556
S2,177600.0,49.333333333333336,0.1602445834863921
S2,177900.0,49.416666666666664,0.16012670764570155
S2,178200.0,49.5,0.16000922550153093
S2,178500.0,49.583333333333336,0.15989213490603355
S2,178800.0,49.666666666666664,0.15977543372741504
S2,179100.0,49.75,0.15965911984978257
S2,179400.0,49.833333333333336,0.15954319117299487
S2,179700.0,49.916666666666664,0.1594276456125138
S2,180000.0,50.0,0.15931248109925927
S2,180300.0,50.083333333333336,0.1591976955794628
S2,180600.0,50.166666666666664,0.15908328701452618
S2,180900.0,50.25,0.15896925338087878
S2,181200.0,50.333333333333336,0.15885559266983837
S2,181500.0,50.416666666666664,0.15874230288747251
S2,181800.0,50.5,0.15862938205446192
S2,182100.0,50.583333333333336,0.15851682820596533
S2,182400.0,50.666666666666664,0.15840463939148555
S2,182700.0,50.75,0.15829281367473758
S2,183000.0,50.833333333333336,0.15818134913351725
S2,183300.0,50.916666666666664,0.1580702438595727
S2,183600.0,51.0,0.1579594959584758
S2,183900.0,51.083333333333336,0.1578491035494961
S2,184200.0,51.166666666666664,0.15773906476547567
S2,184500.0,51.25,0.15762937775270489
S2,184800.0,51.333333333333336,0.15752004067080125
S2,185100.0,51.416666666666664,0.15741105169258676
S2,185400.0,51.5,0.15730240900397013
S2,185700.0,51.583333333333336,0.15719411080382628
S2,186000.0,51.666666666666664,0.15708615530388134
S2,186300.0,51.75,0.15697854072859496
S2,186600.0,51.833333333333336,0.15687126531504744
S2,186900.0,51.916666666666664,0.15676432731282514
S2,187200.0,52.0,0.15665772498391534
S2,187500.0,52.083333333333336,0.15655145660256956
S2,187800.0,52.166666666666664,0.15644552045523152
S2,188100.0,52.25,0.15633991484040557
S2,188400.0,52.333333333333336,0.15623463806855992
S2,188700.0,52.416666666666664,0.1561296884619931
S2,189000.0,52.5,0.15602506435477406
S2,189300.0,52.583333333333336,0.15592076409260866
S2,189600.0,52.666666666666664,0.15581678603273144
S2,189900.0,52.75,0.15571312854382766
S2,190200.0,52.833333333333336,0.15560979000590996
S2,190500.0,52.916666666666664,0.15550676881024342
S2,190800.0,53.0,0.15540406335921675
S2,191100.0,53.083333333333336,0.15530167206627302
S2,191400.0,53.166666666666664,0.15519959335578618
S2,191700.0,53.25,0.1550978256630001
S2,192000.0,53.333333333333336,0.1549963674338914
S2,192300.0,53.416666666666664,0.15489521712512075
S2,192600.0,53.5,0.15479437320390022
S2,192900.0,53.583333333333336,0.15469383414793184
S2,193200.0,53.666666666666664,0.15459359844530035
S2,193500.0,53.75,0.15449366459438638
S2,193800.0,53.833333333333336,0.15439403110378744
S2,194100.0,53.916666666666664,0.15429469649220892
S2,194400.0,54.0,0.15419565928841053
S2,194700.0,54.083333333333336,0.1540969180310803
S2,195000.0,54.166666666666664,0.15399847126877783
S2,195300.0,54.25,0.15390031755984654
S2,195600.0,54.333333333333336,0.1538024554723211
S2,195900.0,54.416666666666664,0.1537048835838482
S2,196200.0,54.5,0.15360760048161382
S2,196500.0,54.583333333333336,0.15351060476224718
S2,196800.0,54.666666666666664,0.15341389503174493
S2,197100.0,54.75,0.15331746990541367
S2,197400.0,54.833333333333336,0.15322132800775132
S2,197700.0,54.916666666666664,0.15312546797240675
S2,198000.0,55.0,0.15302988844208154
S2,198300.0,55.083333333333336,0.15293458806846727
S2,198600.0,55.166666666666664,0.15283956551215655
S2,198900.0,55.25,0.15274481944257212
S2,199200.0,55.333333333333336,0.15265034853791312
S2,199500.0,55.416666666666664,0.15255615148504514
S2,199800.0,55.5,0.1524622269794627
S2,200100.0,55.583333333333336,0.15236857372520088
S2,200400.0,55.666666666666664,0.15227519043475626
S2,200700.0,55.75,0.152182075829048
S2,201000.0,55.833333333333336,0.15208922863730923
S2,201300.0,55.916666666666664,0.15199664759704415
S2,201600.0,56.0,0.15190433145396026
S2,201900.0,56.083333333333336,0.15181227896188246
S2,202200.0,56.166666666666664,0.1517204888826972
S2,202500.0,56.25,0.15162895998630285
S2,202800.0,56.333333333333336,0.15153769105051343
S2,203100.0,56.416666666666664,0.15144668086100962
S2,203400.0,56.5,0.15135592821128185
S2,203700.0,56.583333333333336,0.15126543190255742
S2,204000.0,56.666666666666664,0.15117519074373317
S2,204300.0,56.75,0.15108520355131988
S2,204600.0,56.833333333333336,0.15099546914939294
S2,204900.0,56.916666666666664,0.1509059863695037
S2,205200.0,57.0,0.15081675405063932
S2,205500.0,57.083333333333336,0.15072777103915258
S2,205800.0,57.166666666666664,0.15063903618872232
S2,206100.0,57.25,0.15055054836026585
S2,206400.0,57.333333333333336,0.15046230642189892
S2,206700.0,57.416666666666664,0.1503743092488711
S2,207000.0,57.5,0.15028655572352223
S2,207300.0,57.583333333333336,0.1501990447352078
S2,207600.0,57.666666666666664,0.15011177518025126
S2,207900.0,57.75,0.15002474596188956
S2,207985.45333249358,57.77373703680377,0.15
S3,0.0,0.0,2.55
S3,300.0,0.08333333333333333,2.55
S3,600.0,0.16666666666666666,2.549999999999961
S3,900.0,0.25,2.5499999987708715
S3,1200.0,0.3333333333333333,2.549999744799146
S3,1500.0,0.4166666666666667,2.5499931099346296
S3,1800.0,0.5,2.549934090715295
S3,2100.0,0.5833333333333334,2.549656418757191
S3,2400.0,0.6666666666666666,2.5487867780567597
S3,2700.0,0.75,2.5467222985071323
S3,3000.0,0.8333333333333334,2.542698082624919
S3,3300.0,0.9166666666666666,2.5359250103250948
S3,3600.0,1.0,2.525737412286722
S3,3900.0,1.0833333333333333,2.5116957688004926
S3,4200.0,1.1666666666666667,2.4936365739889905
S3,4500.0,1.25,2.471664249649499
S3,4800.0,1.3333333333333333,2.446099907620601
S3,5100.0,1.4166666666666667,2.4173925667842515
S3,5400.0,1.5,2.386064113740144
S3,5700.0,1.5833333333333333,2.3526730279351757
S3,6000.0,1.6666666666666667,2.3177347204420355
S3,6300.0,1.75,2.2817173804675415
S3,6600.0,1.8333333333333333,2.245003035753889
S3,6900.0,1.9166666666666667,2.207949285831099
S3,7200.0,2.0,2.1708514966199965
S3,7500.0,2.0833333333333335,2.1339154543230596
S3,7800.0,2.1666666666666665,2.0973322709735993
S3,8100.0,2.25,2.061249131784181
S3,8400.0,2.3333333333333335,2.0257376201875963
S3,8700.0,2.4166666666666665,1.9908548168449862
S3,9000.0,2.5,1.956641746947219
S3,9300.0,2.5833333333333335,1.923134621447898
S3,9600.0,2.6666666666666665,1.8903368666102907
S3,9900.0,2.75,1.8582451921912306
S3,10200.0,2.8333333333333335,1.8268634584056038
S3,10500.0,2.9166666666666665,1.796175606367913
S3,10800.0,3.0,1.7661770965266974
S3,11100.0,3.0833333333333335,1.7368421276742316
S3,11400.0,3.1666666666666665,1.7081464120872687
S3,11700.0,3.25,1.680095047575409
S3,12000.0,3.3333333333333335,1.652676476051654
S3,12300.0,3.4166666666666665,1.625865947139348
S3,12600.0,3.5,1.5996444221584527
S3,12900.0,3.5833333333333335,1.5740035779536756
S3,13200.0,3.6666666666666665,1.5489046248227063
S3,13500.0,3.75,1.5243324523669661
S3,13800.0,3.8333333333333335,1.5002658384194316
S3,14100.0,3.9166666666666665,1.4766977935249315
S3,14400.0,4.0,1.4536060045754475
S3,14700.0,4.083333333333333,1.4309760462143257
S3,15000.0,4.166666666666667,1.4087871027816479
S3,15300.0,4.25,1.3870194250957686
S3,15600.0,4.333333333333333,1.365666616799469
S3,15900.0,4.416666666666667,1.3447232100064292
S3,16200.0,4.5,1.324183399954817
S3,16500.0,4.583333333333333,1.3040410198610124
S3,16800.0,4.666666666666667,1.2842895547366453
S3,17100.0,4.75,1.2649221763912675
S3,17400.0,4.833333333333333,1.2459318083420647
S3,17700.0,4.916666666666667,1.227311205446814
S3,18000.0,5.0,1.2090530331348721
S3,18300.0,5.083333333333333,1.191149937538203
S3,18600.0,5.166666666666667,1.173594603073509
S3,18900.0,5.25,1.1563797971197842
S3,19200.0,5.333333333333333,1.139498402967441
S3,19500.0,5.416666666666667,1.122943442821859
S3,19800.0,5.5,1.1067080927537534
S3,20100.0,5.583333333333333,1.0907856913545961
S3,20400.0,5.666666666666667,1.075169743619384
S3,20700.0,5.75,1.0598539213172846
S3,21000.0,5.833333333333333,1.0448320608611952
S3,21300.0,5.916666666666667,1.03009815946696
S3,21600.0,6.0,1.0156463702072842
S3,21900.0,6.083333333333333,1.0014709964137902
S3,22200.0,6.166666666666667,0.9875664857597736
S3,22500.0,6.25,0.9739274242616967
S3,22800.0,6.333333333333333,0.9605485303647531
S3,23100.0,6.416666666666667,0.9474246492221874
S3,23400.0,6.5,0.934550747241485
S3,23700.0,6.583333333333333,0.9219219069291765
S3,24000.0,6.666666666666667,0.90953332205953
S3,24300.0,6.75,0.8973802931665605
S3,24600.0,6.833333333333333,0.8854582233522387
S3,24900.0,6.916666666666667,0.8737626143968599
S3,25200.0,7.0,0.8622890631534339
S3,25500.0,7.083333333333333,0.8510332582058484
S3,25800.0,7.166666666666667,0.8399909767697803
S3,26100.0,7.25,0.8291580818154783
S3,26400.0,7.333333333333333,0.8185305193922945
S3,26700.0,7.416666666666667,0.8081043161359699
S3,27000.0,7.5,0.7978755769410333
S3,27300.0,7.583333333333333,0.7878404827821152
S3,27600.0,7.666666666666667,0.7779952886694548
S3,27900.0,7.75,0.768336321725518
S3,28200.0,7.833333333333333,0.7588599793695576
S3,28500.0,7.916666666666667,0.7495627276019396
S3,28800.0,8.0,0.7404410993763083
S3,29100.0,8.083333333333334,0.7314916930522182
S3,29400.0,8.166666666666666,0.7227111709206389
S3,29700.0,8.25,0.714096257795661
S3,30000.0,8.333333333333334,0.7056437396665493
S3,30300.0,8.416666666666666,0.6973504624049504
S3,30600.0,8.5,0.6892133305226698
S3,30900.0,8.583333333333334,0.6812293059759572
S3,31200.0,8.666666666666666,0.673395407012706
S3,31500.0,8.75,0.6657087070593645
S3,31800.0,8.833333333333334,0.658166333644734
S3,32100.0,8.916666666666666,0.6507654673581132
S3,32400.0,9.0,0.6435033408394907
S3,32700.0,9.083333333333334,0.6363772377998869
S3,33000.0,9.166666666666666,0.6293844920701508
S3,33300.0,9.25,0.6225224866758156
S3,33600.0,9.333333333333334,0.615788652937573
S3,33900.0,9.416666666666666,0.6091804695954115
S3,34200.0,9.5,0.6026954619553345
S3,34500.0,9.583333333333334,0.5963312010575428
S3,34800.0,9.666666666666666,0.5900853028650538
S3,35100.0,9.75,0.5839554274718148
S3,35400.0,9.833333333333334,0.5779392783294366
S3,35700.0,9.916666666666666,0.5720346014917372
S3,36000.0,10.0,0.5662391848763784
S3,36300.0,10.083333333333334,0.5605508575427959
S3,36600.0,10.166666666666666,0.5549674889856732
S3,36900.0,10.25,0.5494869884439015
S3,37200.0,10.333333333333334,0.5441073042236748
S3,37500.0,10.416666666666666,0.5388264230356186
S3,37800.0,10.5,0.533642369345326
S3,38100.0,10.583333333333334,0.528553204736809
S3,38400.0,10.666666666666666,0.5235570272883917
S3,38700.0,10.75,0.5186519709605979
S3,39000.0,10.833333333333334,0.5138362049956108
S3,39300.0,10.916666666666666,0.5091079333278942
S3,39600.0,11.0,0.5044653940055613
S3,39900.0,11.083333333333334,0.4999068586221991
S3,40200.0,11.166666666666666,0.49543063175886226
S3,40500.0,11.25,0.49103505043546036
S3,40800.0,11.333333333333334,0.48671848357182235
S3,41100.0,11.416666666666666,0.4824793314577758
S3,41400.0,11.5,0.4783160252320313
S3,41700.0,11.583333333333334,0.47422702636962194
S3,42000.0,11.666666666666666,0.4702108261775628
S3,42300.0,11.75,0.4662659452984223
S3,42600.0,11.833333333333334,0.4623909332219543
S3,42900.0,11.916666666666666,0.4585843678040327
S3,43200.0,12.0,0.4548448547929826
S3,43500.0,12.083333333333334,0.4511710273630327
S3,43800.0,12.166666666666666,0.44756154565469525
S3,44100.0,12.25,0.44401509632188635
S3,44400.0,12.333333333333334,0.44053039208560946
S3,44700.0,12.416666666666666,0.43710617129403845
S3,45000.0,12.5,0.4337411974887999
S3,45300.0,12.583333333333334,0.4304342589774634
S3,45600.0,12.666666666666666,0.42718416841189066
S3,45900.0,12.75,0.4239897623723282
S3,46200.0,12.833333333333334,0.42084990095729563
S3,46500.0,12.916666666666666,0.4177634673790323
S3,46800.0,13.0,0.4147293675642748
S3,47100.0,13.083333333333334,0.4117465297604598
S3,47400.0,13.166666666666666,0.4088139041472129
S3,47700.0,13.25,0.40593046245287157
S3,48000.0,13.333333333333334,0.40309519757608225
S3,48300.0,13.416666666666666,0.4003071232123491
S3,48600.0,13.5,0.3975652734854484
S3,48900.0,13.583333333333334,0.39486870258362855
S3,49200.0,13.666666666666666,0.39221648440052204
S3,49500.0,13.75,0.3896077121806932
S3,49800.0,13.833333333333334,0.38704149816971156
S3,50100.0,13.916666666666666,0.38451697326889117
S3,50400.0,14.0,0.38203328669426967
S3,50700.0,14.083333333333334,0.3795896056400533
S3,51000.0,14.166666666666666,0.37718511494641205
S3,51300.0,14.25,0.3748190167715789
S3,51600.0,14.333333333333334,0.37249053026802564
S3,51900.0,14.416666666666666,0.3701988912630175
S3,52200.0,14.5,0.3679433519432296
S3,52500.0,14.583333333333334,0.36572318054345054
S3,52800.0,14.666666666666666,0.36353766103936763
S3,53100.0,14.75,0.3613860928443853
S3,53400.0,14.833333333333334,0.35926779051044755
S3,53700.0,14.916666666666666,0.35718208343283503
S3,54000.0,15.0,0.3551283155589134
S3,54300.0,15.083333333333334,0.3531058451008059
S3,54600.0,15.166666666666666,0.35111404425193776
S3,54900.0,15.25,0.34915229890762667
S3,55200.0,15.333333333333334,0.34722000838931466
S3,55500.0,15.416666666666666,0.3453165851727986
S3,55800.0,15.5,0.3434414546202854
S3,56100.0,15.583333333333334,0.3415940547162797
S3,56400.0,15.666666666666666,0.33977383580733117
S3,56700.0,15.75,0.3379802603454574
S3,57000.0,15.833333333333334,0.33621280263558717
S3,57300.0,15.916666666666666,0.33447094858668475
S3,57600.0,16.0,0.33275419546668905
S3,57900.0,16.083333333333332,0.331062051661254
S3,58200.0,16.166666666666668,0.32939403643627313
S3,58500.0,16.25,0.3277496797041886
S3,58800.0,16.333333333333332,0.32612852179407287
S3,59100.0,16.416666666666668,0.32453011322548125
S3,59400.0,16.5,0.32295401448606453
S3,59700.0,16.583333333333332,0.32139979581293304
S3,60000.0,16.666666666666668,0.31986703697773705
S3,60300.0,16.75,0.31835532707559866
S3,60600.0,16.833333333333332,0.3168642643175892
S3,60900.0,16.916666666666668,0.31539345582701966
S3,61200.0,17.0,0.31394251743940654
S3,61500.0,17.083333333333332,0.3125110735061096
S3,61800.0,17.166666666666668,0.3110987567016263
S3,62100.0,17.25,0.30970520783452316
S3,62400.0,17.333333333333332,0.30833007566198295
S3,62700.0,17.416666666666668,0.30697301670794264
S3,63000.0,17.5,0.30563369508479654
S3,63300.0,17.583333333333332,0.3043117823186391
S3,63600.0,17.666666666666668,0.3030069571780165
S3,63900.0,17.75,0.30171890550617864
S3,64200.0,17.833333333333332,0.30044732005668423
S3,64500.0,17.916666666666668,0.2991919003325527
S3,64800.0,18.0,0.2979523524287103
S3,65100.0,18.083333333333332,0.2967283888777859
S3,65400.0,18.166666666666668,0.29551972849921015
S3,65700.0,18.25,0.29432609625157247
S3,66000.0,18.333333333333332,0.29314722308819585
S3,66300.0,18.416666666666668,0.29198284581588607
S3,66600.0,18.5,0.2908327069568119
S3,66900.0,18.583333333333332,0.2896965546134704
S3,67200.0,18.666666666666668,0.28857414233669254
S3,67500.0,18.75,0.28746522899664334
S3,67800.0,18.833333333333332,0.2863695786567667
S3,68100.0,18.916666666666668,0.28528696045061763
S3,68400.0,19.0,0.2842171484615795
S3,68700.0,19.083333333333332,0.28315992160535497
S3,69000.0,19.166666666666668,0.28211506351519156
S3,69300.0,19.25,0.2810823624298391
S3,69600.0,19.333333333333332,0.28006161108414956
S3,69900.0,19.416666666666668,0.27905260660227765
S3,70200.0,19.5,0.27805515039343476
S3,70500.0,19.583333333333332,0.2770690480501442
S3,70800.0,19.666666666666668,0.2760941092489488
S3,71100.0,19.75,0.2751301476535215
S3,71400.0,19.833333333333332,0.27417698082012854
S3,71700.0,19.916666666666668,0.27323443010539705
S3,72000.0,20.0,0.2723023205763373
S3,72300.0,20.083333333333332,0.27138048092257067
S3,72600.0,20.166666666666668,0.27046874337071863
S3,72900.0,20.25,0.2695669436008992
S3,73200.0,20.333333333333332,0.26867492066529697
S3,73500.0,20.416666666666668,0.2677925169087261
S3,73800.0,20.5,0.2669195778911831
S3,74100.0,20.583333333333332,0.26605595231233575
S3,74400.0,20.666666666666668,0.2652014919378727
S3,74700.0,20.75,0.2643560515276985
S3,75000.0,20.833333333333332,0.2635194887659203
S3,75300.0,20.916666666666668,0.26269166419258666
S3,75600.0,21.0,0.2618724411371352
S3,75900.0,21.083333333333332,0.261061685653506
S3,76200.0,21.166666666666668,0.26025926645687575
S3,76500.0,21.25,0.2594650548620125
S3,76800.0,21.333333333333332,0.25867892472312726
S3,77100.0,21.416666666666668,0.2579007523752669
S3,77400.0,21.5,0.2571304165771734
S3,77700.0,21.583333333333332,0.256367798455578
S3,78000.0,21.666666666666668,0.25561278145089406
S3,78300.0,21.75,0.2548652512642731
S3,78600.0,21.833333333333332,0.2541250958059925
S3,78900.0,21.916666666666668,0.25339220514513544
S3,79200.0,22.0,0.25266647146053584
S3,79500.0,22.083333333333332,0.2519477889929524
S3,79800.0,22.166666666666668,0.2512360539984414
S3,80100.0,22.25,0.25053116470289694
S3,80400.0,22.333333333333332,0.24983302125772838
S3,80700.0,22.416666666666668,0.24914152569664696
S3,81000.0,22.5,0.24845658189353045
S3,81300.0,22.583333333333332,0.24777809552133986
S3,81600.0,22.666666666666668,0.2471059740120597
S3,81900.0,22.75,0.24644012651763555
S3,82200.0,22.833333333333332,0.24578046387188296
S3,82500.0,22.916666666666668,0.24512689855334122
S3,82800.0,23.0,0.24447934464904952
S3,83100.0,23.083333333333332,0.24383771781921867
S3,83400.0,23.166666666666668,0.24320193526277673
S3,83700.0,23.25,0.2425719156837651
S3,84000.0,23.333333333333332,0.24194757925856233
S3,84300.0,23.416666666666668,0.24132884760391446
S3,84600.0,23.5,0.24071564374575022
S3,84900.0,23.583333333333332,0.24010789208876104
S3,85200.0,23.666666666666668,0.23950551838672493
S3,85500.0,23.75,0.2389084497135557
S3,85800.0,23.833333333333332,0.23831661443505725
S3,86100.0,23.916666666666668,0.2377299421813656
S3,86400.0,24.0,0.23714836382005944
S3,86700.0,24.083333333333332,0.23657181142996123
S3,87000.0,24.166666666666668,0.2360002182760769
S3,87300.0,24.25,0.23543351878204233
S3,87600.0,24.333333333333332,0.2348716485098049
S3,87900.0,24.416666666666668,0.23431454413303263
S3,88200.0,24.5,0.23376214341460036
S3,88500.0,24.583333333333332,0.2332143851839191
S3,88800.0,24.666666666666668,0.23267120931480337
S3,89100.0,24.75,0.23213255670386668
S3,89400.0,24.833333333333332,0.23159836924943034
S3,89700.0,24.916666666666668,0.23106858983093193
S3,90000.0,25.0,0.23054316228882052
S3,90300.0,25.083333333333332,0.23002203140492608
S3,90600.0,25.166666666666668,0.22950514288329033
S3,90900.0,25.25,0.22899244333144772
S3,91200.0,25.333333333333332,0.22848388024214447
S3,91500.0,25.416666666666668,0.22797940197548425
S3,91800.0,25.5,0.22747895774148985
S3,92100.0,25.583333333333332,0.22698249758306985
S3,92400.0,25.666666666666668,0.2264899723593801
S3,92700.0,25.75,0.2260013337295692
S3,93000.0,25.833333333333332,0.22551653413689962
S3,93300.0,25.916666666666668,0.2250355267932324
S3,93600.0,26.0,0.22455826566386927
S3,93900.0,26.083333333333332,0.2240847054527401
S3,94200.0,26.166666666666668,0.22361480158792868
S3,94500.0,26.25,0.22314851020752788
S3,94800.0,26.333333333333332,0.22268578814581544
S3,95100.0,26.416666666666668,0.22222659291974242
S3,95400.0,26.5,0.22177088271572679
S3,95700.0,26.583333333333332,0.2213186163767441
S3,96000.0,26.666666666666668,0.2208697533897076
S3,96300.0,26.75,0.220424253873131
S3,96600.0,26.833333333333332,0.2199820785650666
S3,96900.0,26.916666666666668,0.21954318881131143
S3,97200.0,27.0,0.21910754655387568
S3,97500.0,27.083333333333332,0.21867511431970593
S3,97800.0,27.166666666666668,0.21824585520965736
S3,98100.0,27.25,0.2178197328877088
S3,98400.0,27.333333333333332,0.21739671157041426
S3,98700.0,27.416666666666668,0.2169767560165853
S3,99000.0,27.5,0.21655983151719885
S3,99300.0,27.583333333333332,0.21614590388552424
S3,99600.0,27.666666666666668,0.21573493944746458
S3,99900.0,27.75,0.2153269050321077
S3,100200.0,27.833333333333332,0.2149217679624797
S3,100500.0,27.916666666666668,0.21451949604649906
S3,100800.0,28.0,0.21412005756812302
S3,101100.0,28.083333333333332,0.21372342127868557
S3,101400.0,28.166666666666668,0.21332955638841752
S3,101700.0,28.25,0.2129384325581496
S3,102000.0,28.333333333333332,0.21255001989118966
S3,102300.0,28.416666666666668,0.2121642889253725
S3,102600.0,28.5,0.2117812106252773
S3,102900.0,28.583333333333332,0.21140075637460845
S3,103200.0,28.666666666666668,0.2110228979687363
S3,103500.0,28.75,0.2106476076073939
S3,103800.0,28.833333333333332,0.21027485788752612
S3,104100.0,28.916666666666668,0.2099046217962868
S3,104400.0,29.0,0.209536872704182
S3,104700.0,29.083333333333332,0.20917158435835417
S3,105000.0,29.166666666666668,0.2088087308760407
S3,105300.0,29.25,0.20844828673818497
S3,105600.0,29.333333333333332,0.20809022678263664
S3,105900.0,29.416666666666668,0.2077345261989624
S3,106200.0,29.5,0.20738116052126895
S3,106500.0,29.583333333333332,0.2070301056228153
S3,106800.0,29.666666666666668,0.20668133771060096
S3,107100.0,29.75,0.20633483331928104
S3,107400.0,29.833333333333332,0.20599056930514384
S3,107700.0,29.916666666666668,0.205648522841096
S3,108000.0,30.0,0.2053086714114423
S3,108300.0,30.083333333333332,0.2049709928066868
S3,108600.0,30.166666666666668,0.20463546511774383
S3,108900.0,30.25,0.20430206673165444
S3,109200.0,30.333333333333332,0.2039707763260873
S3,109500.0,30.416666666666668,0.20364157286469378
S3,109800.0,30.5,0.20331443559231183
S3,110100.0,30.583333333333332,0.20298934403060037
S3,110400.0,30.666666666666668,0.20266627797320244
S3,110700.0,30.75,0.20234521748109882
S3,111000.0,30.833333333333332,0.20202614287846263
S3,111300.0,30.916666666666668,0.20170903474834662
S3,111600.0,31.0,0.2013938739286709
S3,111900.0,31.083333333333332,0.20108064150745297
S3,112200.0,31.166666666666668,0.2007693188192582
S3,112500.0,31.25,0.20045988744098187
S3,112800.0,31.333333333333332,0.200152329188474
S3,113100.0,31.416666666666668,0.1998466261118021
S3,113400.0,31.5,0.19954276049213263
S3,113700.0,31.583333333333332,0.19924071483787584
S3,114000.0,31.666666666666668,0.19894047188106764
S3,114300.0,31.75,0.1986420145738191
S3,114600.0,31.833333333333332,0.19834532608483266
S3,114900.0,31.916666666666668,0.19805038979598402
S3,115200.0,32.0,0.19775718929896752
S3,115500.0,32.083333333333336,0.19746570839200459
S3,115800.0,32.166666666666664,0.19717593107661305
S3,116100.0,32.25,0.1968878415544364
S3,116400.0,32.333333333333336,0.19660142422413177
S3,116700.0,32.416666666666664,0.1963166636783154
S3,117000.0,32.5,0.19603354470056425
S3,117300.0,32.583333333333336,0.19575205226247216
S3,117600.0,32.666666666666664,0.1954721715207177
S3,117900.0,32.75,0.19519388781425526
S3,118200.0,32.833333333333336,0.1949171866617082
S3,118500.0,32.916666666666664,0.19464205375836216
S3,118800.0,33.0,0.19436847497358964
S3,119100.0,33.083333333333336,0.1940964363482117
S3,119400.0,33.166666666666664,0.19382592409190808
S3,119700.0,33.25,0.19355692458067433
S3,120000.0,33.333333333333336,0.19328942435432403
S3,120300.0,33.416666666666664,0.19302341011403637
S3,120600.0,33.5,0.19275886871994619
S3,120900.0,33.583333333333336,0.1924957871887776
S3,121200.0,33.666666666666664,0.19223415269151978
S3,121500.0,33.75,0.1919739525511425
S3,121800.0,33.833333333333336,0.19171517424035328
S3,122100.0,33.916666666666664,0.19145780537939303
S3,122400.0,34.0,0.1912018337338704
S3,122700.0,34.083333333333336,0.1909472472126345
S3,123000.0,34.166666666666664,0.19069403386568362
S3,123300.0,34.25,0.1904421818821113
S3,123600.0,34.333333333333336,0.1901916795880874
S3,123900.0,34.416666666666664,0.189942515444874
S3,124200.0,34.5,0.18969467804687598
S3,124500.0,34.583333333333336,0.18944815611972424
S3,124800.0,34.666666666666664,0.1892029385183927
S3,125100.0,34.75,0.18895901422534667
S3,125400.0,34.833333333333336,0.18871637234872335
S3,125700.0,34.916666666666664,0.18847500212054294
S3,126000.0,35.0,0.18823489289495007
S3,126300.0,35.083333333333336,0.1879960341464852
S3,126600.0,35.166666666666664,0.1877584154683848
S3,126900.0,35.25,0.18752202657091044
S3,127200.0,35.333333333333336,0.18728685727970584
S3,127500.0,35.416666666666664,0.18705289753418106
S3,127800.0,35.5,0.1868201373859243
S3,128100.0,35.583333333333336,0.18658856699713924
S3,128400.0,35.666666666666664,0.18635817663910956
S3,128700.0,35.75,0.18612895669068727
S3,129000.0,35.833333333333336,0.18590089763680753
S3,129300.0,35.916666666666664,0.18567399006702692
S3,129600.0,36.0,0.18544822467408614
S3,129900.0,36.083333333333336,0.18522359225249635
S3,130200.0,36.166666666666664,0.18500008369714802
S3,130500.0,36.25,0.1847776900019432
S3,130800.0,36.333333333333336,0.18455640225844944
S3,131100.0,36.416666666666664,0.18433621165457606
S3,131400.0,36.5,0.18411710947327128
S3,131700.0,36.583333333333336,0.1838990870912407
S3,132000.0,36.666666666666664,0.18368213597768634
S3,132300.0,36.75,0.18346624769306585
S3,132600.0,36.833333333333336,0.1832514138878716
S3,132900.0,36.916666666666664,0.1830376263014295
S3,133200.0,37.0,0.1828248767607165
S3,133500.0,37.083333333333336,0.18261315717919704
S3,133800.0,37.166666666666664,0.18240245955567835
S3,134100.0,37.25,0.18219277597318312
S3,134400.0,37.333333333333336,0.18198409859784062
S3,134700.0,37.416666666666664,0.1817764196777947
S3,135000.0,37.5,0.18156973154212935
S3,135300.0,37.583333333333336,0.18136402659981096
S3,135600.0,37.666666666666664,0.18115929733864677
S3,135900.0,37.75,0.18095553632426
S3,136200.0,37.833333333333336,0.18075273619908044
S3,136500.0,37.916666666666664,0.18055088968135136
S3,136800.0,38.0,0.18034998956415088
S3,137100.0,38.083333333333336,0.1801500287144292
S3,137400.0,38.166666666666664,0.17995100007206
S3,137700.0,38.25,0.179752896648907
S3,138000.0,38.333333333333336,0.17955571152790428
S3,138300.0,38.416666666666664,0.17935943786215097
S3,138600.0,38.5,0.17916406887401973
S3,138900.0,38.583333333333336,0.17896959785427813
S3,139200.0,38.666666666666664,0.17877601816122465
S3,139500.0,38.75,0.17858332321983622
S3,139800.0,38.833333333333336,0.17839150652092994
S3,140100.0,38.916666666666664,0.17820056162033637
S3,140400.0,39.0,0.17801048213808585
S3,140700.0,39.083333333333336,0.17782126175760693
S3,141000.0,39.166666666666664,0.17763289422493633
S3,141300.0,39.25,0.17744537334794142
S3,141600.0,39.333333333333336,0.17725869299555358
S3,141900.0,39.416666666666664,0.17707284709701301
S3,142200.0,39.5,0.17688782964112534
S3,142500.0,39.583333333333336,0.1767036346755284
S3,142800.0,39.666666666666664,0.1765202563059702
S3,143100.0,39.75,0.17633768869559732
S3,143400.0,39.833333333333336,0.17615592606425415
S3,143700.0,39.916666666666664,0.17597496268779186
S3,144000.0,40.0,0.1757947928973876
S3,144300.0,40.083333333333336,0.17561541107887366
S3,144600.0,40.166666666666664,0.1754368116720766
S3,144900.0,40.25,0.17525898917016527
S3,145200.0,40.333333333333336,0.1750819381190093
S3,145500.0,40.416666666666664,0.17490565311654535
S3,145800.0,40.5,0.17473012881215413
S3,146100.0,40.583333333333336,0.1745553599060453
S3,146400.0,40.666666666666664,0.1743813411486511
S3,146700.0,40.75,0.1742080673400294
S3,147000.0,40.833333333333336,0.17403553332927463
S3,147300.0,40.916666666666664,0.17386373401393726
S3,147600.0,41.0,0.17369266433945157
S3,147900.0,41.083333333333336,0.1735223192985714
S3,148200.0,41.166666666666664,0.17335269393081384
S3,148500.0,41.25,0.1731837833219111
S3,148800.0,41.333333333333336,0.17301558260326966
S3,149100.0,41.416666666666664,0.17284808695143664
S3,149400.0,41.5,0.17268129158757556
S3,149700.0,41.583333333333336,0.172515191776946
S3,150000.0,41.666666666666664,0.1723497828283944
S3,150300.0,41.75,0.1721850600938487
S3,150600.0,41.833333333333336,0.17202101896782196
S3,150900.0,41.916666666666664,0.171857654886922
S3,151200.0,42.0,0.171694963329368
S3,151500.0,42.083333333333336,0.17153293981451379
S3,151800.0,42.166666666666664,0.17137157990237745
S3,152100.0,42.25,0.17121087919317782
S3,152400.0,42.333333333333336,0.17105083332687712
S3,152700.0,42.416666666666664,0.1708914379827384
S3,153000.0,42.5,0.17073268887885926
S3,153300.0,42.583333333333336,0.17057458177174345
S3,153600.0,42.666666666666664,0.17041711245586671
S3,153900.0,42.75,0.17026027676328048
S3,154200.0,42.833333333333336,0.170104070563113
S3,154500.0,42.916666666666664,0.16994848976124777
S3,154800.0,43.0,0.16979353029987893
S3,155100.0,43.083333333333336,0.1696391881570414
S3,155400.0,43.166666666666664,0.16948545934628076
S3,155700.0,43.25,0.1693323399162891
S3,156000.0,43.333333333333336,0.16917982595045283
S3,156300.0,43.416666666666664,0.1690279135664387
S3,156600.0,43.5,0.16887659891591827
S3,156900.0,43.583333333333336,0.16872587818415322
S3,157200.0,43.666666666666664,0.1685757475895744
S3,157500.0,43.75,0.16842620338344963
S3,157800.0,43.833333333333336,0.1682772418495997
S3,158100.0,43.916666666666664,0.16812885930390012
S3,158400.0,44.0,0.16798105209405984
S3,158700.0,44.083333333333336,0.16783381659920435
S3,159000.0,44.166666666666664,0.16768714922958178
S3,159300.0,44.25,0.16754104642617587
S3,159600.0,44.333333333333336,0.1673955046603871
S3,159900.0,44.416666666666664,0.16725052043377872
S3,160200.0,44.5,0.16710609027762113
S3,160500.0,44.583333333333336,0.16696221075269135
S3,160800.0,44.666666666666664,0.16681887844890733
S3,161100.0,44.75,0.166676089984984
S3,161400.0,44.833333333333336,0.16653384200822652
S3,161700.0,44.916666666666664,0.16639213119411578
S3,162000.0,45.0,0.16625095424605837
S3,162300.0,45.083333333333336,0.1661103078951167
S3,162600.0,45.166666666666664,0.16597018889968884
S3,162900.0,45.25,0.16583059404520062
S3,163200.0,45.333333333333336,0.16569152014384386
S3,163500.0,45.416666666666664,0.16555296403434355
S3,163800.0,45.5,0.16541492258158041
S3,164100.0,45.583333333333336,0.1652773926763734
S3,164400.0,45.666666666666664,0.16514037123524544
S3,164700.0,45.75,0.16500385520008806
S3,165000.0,45.833333333333336,0.16486784153792655
S3,165300.0,45.916666666666664,0.1647323272406549
S3,165600.0,46.0,0.1645973093248053
S3,165900.0,46.083333333333336,0.16446278483127094
S3,166200.0,46.166666666666664,0.16432875082503906
S3,166500.0,46.25,0.16419520439497173
S3,166800.0,46.333333333333336,0.164062142653542
S3,167100.0,46.416666666666664,0.1639295627366215
S3,167400.0,46.5,0.16379746180322025
S3,167700.0,46.583333333333336,0.16366583703523602
S3,168000.0,46.666666666666664,0.1635346856372476
S3,168300.0,46.75,0.16340400483627612
S3,168600.0,46.833333333333336,0.16327379188154514
S3,168900.0,46.916666666666664,0.16314404404430266
S3,169200.0,47.0,0.16301475861754106
S3,169500.0,47.083333333333336,0.16288593291580267
S3,169800.0,47.166666666666664,0.16275756427496801
S3,170100.0,47.25,0.16262965005203803
S3,170400.0,47.333333333333336,0.1625021876249232
S3,170700.0,47.416666666666664,0.16237517439223448
S3,171000.0,47.5,0.16224860777306918
S3,171300.0,47.583333333333336,0.16212248520683334
S3,171600.0,47.666666666666664,0.16199680415302053
S3,171900.0,47.75,0.16187156209100076
S3,172200.0,47.833333333333336,0.1617467565198469
S3,172500.0,47.916666666666664,0.16162238495813222
S3,172800.0,48.0,0.16149844494373888
S3,173100.0,48.083333333333336,0.16137493403366868
S3,173400.0,48.166666666666664,0.16125184980385535
S3,173700.0,48.25,0.16112918984897973
S3,174000.0,48.333333333333336,0.161006951782287
S3,174300.0,48.416666666666664,0.16088513323540415
S3,174600.0,48.5,0.16076373185815532
S3,174900.0,48.583333333333336,0.16064274531842512
S3,175200.0,48.666666666666664,0.16052217130191737
S3,175500.0,48.75,0.16040200751202838
S3,175800.0,48.833333333333336,0.16028225166966592
S3,176100.0,48.916666666666664,0.16016290151308052
S3,176400.0,49.0,0.16004395479769812
S3,176700.0,49.083333333333336,0.1599254092959561
S3,177000.0,49.166666666666664,0.15980726279714078
S3,177300.0,49.25,0.15968951310722598
S3,177600.0,49.333333333333336,0.15957215804871427
S3,177900.0,49.416666666666664,0.15945519546048026
S3,178200.0,49.5,0.15933862319761444
S3,178500.0,49.583333333333336,0.15922243913127004
S3,178800.0,49.666666666666664,0.15910664114851147
S3,179100.0,49.75,0.15899122715216357
S3,179400.0,49.833333333333336,0.15887619506066353
S3,179700.0,49.916666666666664,0.15876154280791432
S3,180000.0,50.0,0.15864726834313936
S3,180300.0,50.083333333333336,0.15853336963073894
S3,180600.0,50.166666666666664,0.15841984465014902
S3,180900.0,50.25,0.15830669139570058
S3,181200.0,50.333333333333336,0.1581939078764806
S3,181500.0,50.416666666666664,0.15808149211619574
S3,181800.0,50.5,0.15796944215303646
S3,182100.0,50.583333333333336,0.15785775603954275
S3,182400.0,50.666666666666664,0.15774643184247164
S3,182700.0,50.75,0.15763546764266656
S3,183000.0,50.833333333333336,0.15752486153492726
S3,183300.0,50.916666666666664,0.1574146116278815
S3,183600.0,51.0,0.15730471604385876
S3,183900.0,51.083333333333336,0.15719517291876456
S3,184200.0,51.166666666666664,0.1570859804019565
S3,184500.0,51.25,0.15697713665612156
S3,184800.0,51.333333333333336,0.15686863985715513
S3,185100.0,51.416666666666664,0.1567604881940406
S3,185400.0,51.5,0.15665267986873094
S3,185700.0,51.583333333333336,0.1565452130960315
S3,186000.0,51.666666666666664,0.1564380861034837
S3,186300.0,51.75,0.15633129713125007
S3,186600.0,51.833333333333336,0.15622484443200133
S3,186900.0,51.916666666666664,0.15611872627080342
S3,187200.0,52.0,0.15601294092500648
S3,187500.0,52.083333333333336,0.15590748668413526
S3,187800.0,52.166666666666664,0.15580236184978016
S3,188100.0,52.25,0.1556975647354894
S3,188400.0,52.333333333333336,0.15559309366666316
S3,188700.0,52.416666666666664,0.15548894698044796
S3,189000.0,52.5,0.15538512302563257
S3,189300.0,52.583333333333336,0.15528162016254493
S3,189600.0,52.666666666666664,0.15517843676295048
S3,189900.0,52.75,0.15507557120995075
S3,190200.0,52.833333333333336,0.15497302189788426
S3,190500.0,52.916666666666664,0.15487078723222747
S3,190800.0,53.0,0.15476886562949674
S3,191100.0,53.083333333333336,0.1546672555171524
S3,191400.0,53.166666666666664,0.15456595533350284
S3,191700.0,53.25,0.15446496352760952
S3,192000.0,53.333333333333336,0.1543642785591938
S3,192300.0,53.416666666666664,0.15426389889854414
S3,192600.0,53.5,0.15416382302642445
S3,192900.0,53.583333333333336,0.15406404943398344
S3,193200.0,53.666666666666664,0.15396457662266452
S3,193500.0,53.75,0.15386540310411737
S3,193800.0,53.833333333333336,0.15376652740011007
S3,194100.0,53.916666666666664,0.15366794804244147
S3,194400.0,54.0,0.1535696635728559
S3,194700.0,54.083333333333336,0.1534716725429574
S3,195000.0,54.166666666666664,0.1533739735141258
S3,195300.0,54.25,0.1532765650574328
S3,195600.0,54.333333333333336,0.15317944575355963
S3,195900.0,54.416666666666664,0.15308261419271554
S3,196200.0,54.5,0.15298606897455658
S3,196500.0,54.583333333333336,0.15288980870810526
S3,196800.0,54.666666666666664,0.15279383201167182
S3,197100.0,54.75,0.1526981375127758
S3,197400.0,54.833333333333336,0.15260272384806772
S3,197700.0,54.916666666666664,0.1525075896632528
S3,198000.0,55.0,0.15241273361301477
S3,198300.0,55.083333333333336,0.15231815436094026
S3,198600.0,55.166666666666664,0.15222385057944465
S3,198900.0,55.25,0.1521298209496982
S3,199200.0,55.333333333333336,0.15203606416155233
S3,199500.0,55.416666666666664,0.1519425789134685
S3,199800.0,55.5,0.15184936391244544
S3,200100.0,55.583333333333336,0.15175641787394908
S3,200400.0,55.666666666666664,0.1516637395218417
S3,200700.0,55.75,0.15157132758831326
S3,201000.0,55.833333333333336,0.15147918081381206
S3,201300.0,55.916666666666664,0.15138729794697645
S3,201600.0,56.0,0.15129567774456823
S3,201900.0,56.083333333333336,0.15120431897140507
S3,202200.0,56.166666666666664,0.15111322040029476
S3,202500.0,56.25,0.1510223808119701
S3,202800.0,56.333333333333336,0.1509317989950234
S3,203100.0,56.416666666666664,0.15084147374584309
S3,203400.0,56.5,0.15075140386854952
S3,203700.0,56.583333333333336,0.15066158817493266
S3,204000.0,56.666666666666664,0.15057202548438953
S3,204300.0,56.75,0.15048271462386234
S3,204600.0,56.833333333333336,0.1503936544277778
S3,204900.0,56.916666666666664,0.1503048437379868
S3,205200.0,57.0,0.15021628140370344
S3,205500.0,57.083333333333336,0.1501279662814475
S3,205800.0,57.166666666666664,0.15003989723498415
S3,205936.1822465978,57.20449506849939,0.15
