scenario,time_s,time_h,global_max_moisture_kgkg
S0,0.0,0.0,2.55
S0,300.0,0.08333333333333333,2.55
S0,600.0,0.16666666666666666,2.55
S0,900.0,0.25,2.5500000000000003
S0,1200.0,0.3333333333333333,2.5500000000000003
S0,1500.0,0.4166666666666667,2.5500000000000003
S0,1800.0,0.5,2.5500000000000003
S0,2100.0,0.5833333333333334,2.5500000000000007
S0,2400.0,0.6666666666666666,2.549999999999996
S0,2700.0,0.75,2.549999999999406
S0,3000.0,0.8333333333333334,2.54999999997078
S0,3300.0,0.9166666666666666,2.5499999992989255
S0,3600.0,1.0,2.549999990302771
S0,3900.0,1.0833333333333333,2.5499999126321766
S0,4200.0,1.1666666666666667,2.549999440095972
S0,4500.0,1.25,2.549997278178602
S0,4800.0,1.3333333333333333,2.549989455284147
S0,5100.0,1.4166666666666667,2.5499661339387485
S0,5400.0,1.5,2.54990692782612
S0,5700.0,1.5833333333333333,2.549775816298127
S0,6000.0,1.6666666666666667,2.549517056344997
S0,6300.0,1.75,2.5490530181245483
S0,6600.0,1.8333333333333333,2.548284777651381
S0,6900.0,1.9166666666666667,2.54709645985709
S0,7200.0,2.0,2.5453620156154275
S0,7500.0,2.0833333333333335,2.542962730868841
S0,7800.0,2.1666666666666665,2.539798743227845
S0,8100.0,2.25,2.5357807059814323
S0,8400.0,2.3333333333333335,2.5308341717499987
S0,8700.0,2.4166666666666665,2.524903194514493
S0,9000.0,2.5,2.51795122030697
S0,9300.0,2.5833333333333335,2.5099609879049565
S0,9600.0,2.6666666666666665,2.500927830011006
S0,9900.0,2.75,2.4908607796769644
S0,10200.0,2.8333333333333335,2.4797829167463625
S0,10500.0,2.9166666666666665,2.4677243121565438
S0,10800.0,3.0,2.4547247923538023
S0,11100.0,3.0833333333333335,2.4408180362874625
S0,11400.0,3.1666666666666665,2.4260352818536104
S0,11700.0,3.25,2.4104329254660555
S0,12000.0,3.3333333333333335,2.3940645580267708
S0,12300.0,3.4166666666666665,2.3769778455815054
S0,12600.0,3.5,2.3592199500076494
S0,12900.0,3.5833333333333335,2.340865520062288
S0,13200.0,3.6666666666666665,2.321969343003355
S0,13500.0,3.75,2.3025786665717263
S0,13800.0,3.8333333333333335,2.282735908816815
S0,14100.0,3.9166666666666665,2.26248910644288
S0,14400.0,4.0,2.2418750877247424
S0,14700.0,4.083333333333333,2.2209361804501677
S0,15000.0,4.166666666666667,2.1997092586997344
S0,15300.0,4.25,2.178218964981533
S0,15600.0,4.333333333333333,2.1565007681129305
S0,15900.0,4.416666666666667,2.134589394067851
S0,16200.0,4.5,2.112517092685309
S0,16500.0,4.583333333333333,2.0903315455407414
S0,16800.0,4.666666666666667,2.0680783462116343
S0,17100.0,4.75,2.045782959366679
S0,17400.0,4.833333333333333,2.0234686845856182
S0,17700.0,4.916666666666667,2.0011568448636137
S0,18000.0,5.0,1.978866954067795
S0,18300.0,5.083333333333333,1.9566064577084101
S0,18600.0,5.166666666666667,1.9343813719227771
S0,18900.0,5.25,1.9122068248751694
S0,19200.0,5.333333333333333,1.890096712227228
S0,19500.0,5.416666666666667,1.8680637844545402
S0,19800.0,5.5,1.8461197284733009
S0,20100.0,5.583333333333333,1.8242856374999747
S0,20400.0,5.666666666666667,1.8025814566988783
S0,20700.0,5.75,1.7810157392381851
S0,21000.0,5.833333333333333,1.759596221461735
S0,21300.0,5.916666666666667,1.7383298915567216
S0,21600.0,6.0,1.7172230525799117
S0,21900.0,6.083333333333333,1.696294021234444
S0,22200.0,6.166666666666667,1.6755600878131482
S0,22500.0,6.25,1.6550251202814603
S0,22800.0,6.333333333333333,1.6346924683101676
S0,23100.0,6.416666666666667,1.6145650046139246
S0,23400.0,6.5,1.5946451629362925
S0,23700.0,6.583333333333333,1.5749325636540494
S0,24000.0,6.666666666666667,1.5554265581507207
S0,24300.0,6.75,1.5361286182410816
S0,24600.0,6.833333333333333,1.5170398999701487
S0,24900.0,6.916666666666667,1.498161268609244
S0,25200.0,7.0,1.4794933219360435
S0,25500.0,7.083333333333333,1.4610432722257953
S0,25800.0,7.166666666666667,1.4428177834231377
S0,26100.0,7.25,1.4248162950442353
S0,26400.0,7.333333333333333,1.4070380667593836
S0,26700.0,7.416666666666667,1.3894821976601814
S0,27000.0,7.5,1.3721476437049558
S0,27300.0,7.583333333333333,1.3550460957208106
S0,27600.0,7.666666666666667,1.338188432194537
S0,27900.0,7.75,1.3215722294705823
S0,28200.0,7.833333333333333,1.3051949887951844
S0,28500.0,7.916666666666667,1.2890541463279077
S0,28800.0,8.0,1.2731470823684017
S0,29100.0,8.083333333333334,1.2574671722096968
S0,29400.0,8.166666666666666,1.2420079776181383
S0,29700.0,8.25,1.2267670912022148
S0,30000.0,8.333333333333334,1.2117420680867608
S0,30300.0,8.416666666666666,1.1969304309288649
S0,30600.0,8.5,1.1823296752511088
S0,30900.0,8.583333333333334,1.1679446046163187
S0,31200.0,8.666666666666666,1.1537795734915077
S0,31500.0,8.75,1.1398313935898636
S0,31800.0,8.833333333333334,1.1260968912999447
S0,32100.0,8.916666666666666,1.1125729128579098
S0,32400.0,9.0,1.099256328638558
S0,32700.0,9.083333333333334,1.086140676335747
S0,33000.0,9.166666666666666,1.0732197259283027
S0,33300.0,9.25,1.0604907333255535
S0,33600.0,9.333333333333334,1.0479509767543893
S0,33900.0,9.416666666666666,1.0355977572445556
S0,34200.0,9.5,1.0234283995072848
S0,34500.0,9.583333333333334,1.0114433468952522
S0,34800.0,9.666666666666666,0.9996428816734385
S0,35100.0,9.75,0.9880241298004947
S0,35400.0,9.833333333333334,0.9765842539992845
S0,35700.0,9.916666666666666,0.9653204548335445
S0,36000.0,10.0,0.9542299717680581
S0,36300.0,10.083333333333334,0.9433115007672125
S0,36600.0,10.166666666666666,0.9325636902460294
S0,36900.0,10.25,0.9219837670778674
S0,37200.0,10.333333333333334,0.9115690004317965
S0,37500.0,10.416666666666666,0.90131670074018
S0,37800.0,10.5,0.8912242191588692
S0,38100.0,10.583333333333334,0.8812902437056916
S0,38400.0,10.666666666666666,0.8715134207176788
S0,38700.0,10.75,0.8618911000475972
S0,39000.0,10.833333333333334,0.8524206737276451
S0,39300.0,10.916666666666666,0.843099575463078
S0,39600.0,11.0,0.8339252799542234
S0,39900.0,11.083333333333334,0.8248941180963236
S0,40200.0,11.166666666666666,0.8160025339228307
S0,40500.0,11.25,0.8072482310714036
S0,40800.0,11.333333333333334,0.7986289486500697
S0,41100.0,11.416666666666666,0.7901424609355203
S0,41400.0,11.5,0.7817865771410205
S0,41700.0,11.583333333333334,0.773561311629042
S0,42000.0,11.666666666666666,0.7654665777394947
S0,42300.0,11.75,0.7575000886575532
S0,42600.0,11.833333333333334,0.7496595977516965
S0,42900.0,11.916666666666666,0.7419428981126811
S0,43200.0,12.0,0.7343478221526223
S0,43500.0,12.083333333333334,0.7268732307621801
S0,43800.0,12.166666666666666,0.7195179606165107
S0,44100.0,12.25,0.7122798661429762
S0,44400.0,12.333333333333334,0.705156841441076
S0,44700.0,12.416666666666666,0.6981468193192646
S0,45000.0,12.5,0.6912477704302085
S0,45300.0,12.583333333333334,0.6844577024650611
S0,45600.0,12.666666666666666,0.6777746594096136
S0,45900.0,12.75,0.6711967208476368
S0,46200.0,12.833333333333334,0.6647220013002995
S0,46500.0,12.916666666666666,0.6583486495983113
S0,46800.0,13.0,0.6520748482867347
S0,47100.0,13.083333333333334,0.645898813060805
S0,47400.0,13.166666666666666,0.6398187922279371
S0,47700.0,13.25,0.6338330661890139
S0,48000.0,13.333333333333334,0.6279399469318038
S0,48300.0,13.416666666666666,0.6221377775304495
S0,48600.0,13.5,0.6164249317179978
S0,48900.0,13.583333333333334,0.6108005656994939
S0,49200.0,13.666666666666666,0.6052638189667302
S0,49500.0,13.75,0.5998130861567159
S0,49800.0,13.833333333333334,0.5944467929705372
S0,50100.0,13.916666666666666,0.589163395541365
S0,50400.0,14.0,0.5839613796711924
S0,50700.0,14.083333333333334,0.5788385741016975
S0,51000.0,14.166666666666666,0.5737928768938532
S0,51300.0,14.25,0.5688229212042811
S0,51600.0,14.333333333333334,0.5639273654526996
S0,51900.0,14.416666666666666,0.5591048929627543
S0,52200.0,14.5,0.5543542115170024
S0,52500.0,14.583333333333334,0.5496746826211244
S0,52800.0,14.666666666666666,0.5450656538708967
S0,53100.0,14.75,0.5405258486632201
S0,53400.0,14.833333333333334,0.5360540150848344
S0,53700.0,14.916666666666666,0.531648925380378
S0,54000.0,15.0,0.5273093755185695
S0,54300.0,15.083333333333334,0.5230341847569173
S0,54600.0,15.166666666666666,0.5188221952067705
S0,54900.0,15.25,0.514672271397538
S0,55200.0,15.333333333333334,0.5105832998391261
S0,55500.0,15.416666666666666,0.5065541885843191
S0,55800.0,15.5,0.5025838668689468
S0,56100.0,15.583333333333334,0.498671813527998
S0,56400.0,15.666666666666666,0.49481749727463503
S0,56700.0,15.75,0.4910198628475084
S0,57000.0,15.833333333333334,0.48727787620695473
S0,57300.0,15.916666666666666,0.48359052397420205
S0,57600.0,16.0,0.47995681300654147
S0,57900.0,16.083333333333332,0.4763757699905631
S0,58200.0,16.166666666666668,0.4728464410408313
S0,58500.0,16.25,0.4693678913063921
S0,58800.0,16.333333333333332,0.46593920458377563
S0,59100.0,16.416666666666668,0.46255948293592075
S0,59400.0,16.5,0.4592278463358227
S0,59700.0,16.583333333333332,0.45594387801543573
S0,60000.0,16.666666666666668,0.4527071531252413
S0,60300.0,16.75,0.4495168060617326
S0,60600.0,16.833333333333332,0.44637198907584674
S0,60900.0,16.916666666666668,0.44327187184834976
S0,61200.0,17.0,0.4402156409690562
S0,61500.0,17.083333333333332,0.43720209082628286
S0,61800.0,17.166666666666668,0.4342300541371149
S0,62100.0,17.25,0.4312987999577261
S0,62400.0,17.333333333333332,0.4284076117485385
S0,62700.0,17.416666666666668,0.42555578714136527
S0,63000.0,17.5,0.4227426376595818
S0,63300.0,17.583333333333332,0.4199674884327845
S0,63600.0,17.666666666666668,0.4172296779165597
S0,63900.0,17.75,0.4145285576182523
S0,64200.0,17.833333333333332,0.4118634918292319
S0,64500.0,17.916666666666668,0.40923385736368306
S0,64800.0,18.0,0.4066390433052772
S0,65100.0,18.083333333333332,0.40407879990962264
S0,65400.0,18.166666666666668,0.4015528707587253
S0,65700.0,18.25,0.3990606532211291
S0,66000.0,18.333333333333332,0.39660155693025095
S0,66300.0,18.416666666666668,0.3941750034930527
S0,66600.0,18.5,0.3917804262297577
S0,66900.0,18.583333333333332,0.38941726992291265
S0,67200.0,18.666666666666668,0.3870849905686123
S0,67500.0,18.75,0.38478305513236477
S0,67800.0,18.833333333333332,0.3825109413096307
S0,68100.0,18.916666666666668,0.38026813729098424
S0,68400.0,19.0,0.3780541415319292
S0,68700.0,19.083333333333332,0.375868462527331
S0,69000.0,19.166666666666668,0.3737106185908785
S0,69300.0,19.25,0.3715801376395555
S0,69600.0,19.333333333333332,0.36947655698327875
S0,69900.0,19.416666666666668,0.36739942311974283
S0,70200.0,19.5,0.36534829153439174
S0,70500.0,19.583333333333332,0.3633227265053789
S0,70800.0,19.666666666666668,0.3613223009133234
S0,71100.0,19.75,0.3593465960556855
S0,71400.0,19.833333333333332,0.35739520146558434
S0,71700.0,19.916666666666668,0.3554677147347208
S0,72000.0,20.0,0.35356374134043167
S0,72300.0,20.083333333333332,0.3516828944766062
S0,72600.0,20.166666666666668,0.3498247948883581
S0,72900.0,20.25,0.34798907071033425
S0,73200.0,20.333333333333332,0.34617535730856225
S0,73500.0,20.416666666666668,0.344383297125743
S0,73800.0,20.5,0.3426125395299105
S0,74100.0,20.583333333333332,0.3408627406663829
S0,74400.0,20.666666666666668,0.3391335633129397
S0,74700.0,20.75,0.33742467673815724
S0,75000.0,20.833333333333332,0.3357357565628426
S0,75300.0,20.916666666666668,0.3340664846245062
S0,75600.0,21.0,0.3324165488448134
S0,75900.0,21.083333333333332,0.33078564309995906
S0,76200.0,21.166666666666668,0.3291734670939057
S0,76500.0,21.25,0.32757972623443193
S0,76800.0,21.333333333333332,0.3260041315119313
S0,77100.0,21.416666666666668,0.32444639938091013
S0,77400.0,21.5,0.32290625164412495
S0,77700.0,21.583333333333332,0.32138341533930814
S0,78000.0,21.666666666666668,0.31987762262842495
S0,78300.0,21.75,0.3183886106894097
S0,78600.0,21.833333333333332,0.3169161216103274
S0,78900.0,21.916666666666668,0.3154599022859081
S0,79200.0,22.0,0.3140197043350867
S0,79500.0,22.083333333333332,0.3125954796495995
S0,79800.0,22.166666666666668,0.3111871761338947
S0,80100.0,22.25,0.3097945462474698
S0,80400.0,22.333333333333332,0.3084173471871108
S0,80700.0,22.416666666666668,0.3070553407552165
S0,81000.0,22.5,0.30570829325348636
S0,81300.0,22.583333333333332,0.3043757922994874
S0,81600.0,22.666666666666668,0.3030574376034982
S0,81900.0,22.75,0.3017530199604715
S0,82200.0,22.833333333333332,0.3004623339370659
S0,82500.0,22.916666666666668,0.29918517780945925
S0,82800.0,23.0,0.2979213536370728
S0,83100.0,23.083333333333332,0.2966708386302886
S0,83400.0,23.166666666666668,0.2954336067678487
S0,83700.0,23.25,0.29420945983194385
S0,84000.0,23.333333333333332,0.29299820326743253
S0,84300.0,23.416666666666668,0.29179964609566106
S0,84600.0,23.5,0.2906136007478468
S0,84900.0,23.583333333333332,0.28943972185930117
S0,85200.0,23.666666666666668,0.2882776736229998
S0,85500.0,23.75,0.2871272883161673
S0,85800.0,23.833333333333332,0.28598840111202284
S0,86100.0,23.916666666666668,0.284860850062665
S0,86400.0,24.0,0.2837444760454742
S0,86700.0,24.083333333333332,0.2826392748949792
S0,87000.0,24.166666666666668,0.28154523915881097
S0,87300.0,24.25,0.2804622089210802
S0,87600.0,24.333333333333332,0.2793900271307315
S0,87900.0,24.416666666666668,0.2783285395259609
S0,88200.0,24.5,0.27727759450438694
S0,88500.0,24.583333333333332,0.2762369000633141
S0,88800.0,24.666666666666668,0.275206172015879
S0,89100.0,24.75,0.2741852749091256
S0,89400.0,24.833333333333332,0.2731740755364814
S0,89700.0,24.916666666666668,0.27217244293957593
S0,90000.0,25.0,0.2711802483592362
S0,90300.0,25.083333333333332,0.2701975006797902
S0,90600.0,25.166666666666668,0.2692242058648892
S0,90900.0,25.25,0.2682602339368624
S0,91200.0,25.333333333333332,0.267305457191449
S0,91500.0,25.416666666666668,0.2663597501164863
S0,91800.0,25.5,0.26542298934959674
S0,92100.0,25.583333333333332,0.2644950536353921
S0,92400.0,25.666666666666668,0.2635758237822032
S0,92700.0,25.75,0.2626651826212599
S0,93000.0,25.833333333333332,0.2617630149663742
S0,93300.0,25.916666666666668,0.26086920757452925
S0,93600.0,26.0,0.2599836491073582
S0,93900.0,26.083333333333332,0.2591062300934933
S0,94200.0,26.166666666666668,0.25823684289175264
S0,94500.0,26.25,0.2573753816551419
S0,94800.0,26.333333333333332,0.25652174229564495
S0,95100.0,26.416666666666668,0.25567582244977965
S0,95400.0,26.5,0.2548375213880011
S0,95700.0,26.583333333333332,0.254006625584711
S0,96000.0,26.666666666666668,0.2531829270799387
S0,96300.0,26.75,0.25236633596457797
S0,96600.0,26.833333333333332,0.25155676378474257
S0,96900.0,26.916666666666668,0.25075412346764603
S0,97200.0,27.0,0.24995832961542983
S0,97500.0,27.083333333333332,0.2491694061477322
S0,97800.0,27.166666666666668,0.24838737551614518
S0,98100.0,27.25,0.24761215043423418
S0,98400.0,27.333333333333332,0.24684364502322462
S0,98700.0,27.416666666666668,0.2460817747787014
S0,99000.0,27.5,0.24532645654376423
S0,99300.0,27.583333333333332,0.2445776084849208
S0,99600.0,27.666666666666668,0.2438351500665791
S0,99900.0,27.75,0.24309900202598184
S0,100200.0,27.833333333333332,0.24236908634975213
S0,100500.0,27.916666666666668,0.24164532625053678
S0,100800.0,28.0,0.240927646144148
S0,101100.0,28.083333333333332,0.24021597162719427
S0,101400.0,28.166666666666668,0.23951022945518663
S0,101700.0,28.25,0.238810347521106
S0,102000.0,28.333333333333332,0.23811625483441912
S0,102300.0,28.416666666666668,0.23742788150052865
S0,102600.0,28.5,0.23674515870064738
S0,102900.0,28.583333333333332,0.2360680186720851
S0,103200.0,28.666666666666668,0.2353963946889386
S0,103500.0,28.75,0.2347302210431778
S0,103800.0,28.833333333333332,0.2340694330261185
S0,104100.0,28.916666666666668,0.233413966910276
S0,104400.0,29.0,0.2327637598872809
S0,104700.0,29.083333333333332,0.23211866106251344
S0,105000.0,29.166666666666668,0.23147852329231336
S0,105300.0,29.25,0.23084329073771087
S0,105600.0,29.333333333333332,0.2302129082744352
S0,105900.0,29.416666666666668,0.2295873216196494
S0,106200.0,29.5,0.2289664773849216
S0,106500.0,29.583333333333332,0.2283504075882226
S0,106800.0,29.666666666666668,0.22773914325808778
S0,107100.0,29.75,0.2271326291208836
S0,107400.0,29.833333333333332,0.226530810883101
S0,107700.0,29.916666666666668,0.2259336350468848
S0,108000.0,30.0,0.22534104889564857
S0,108300.0,30.083333333333332,0.22475300048075048
S0,108600.0,30.166666666666668,0.22416943860907312
S0,108900.0,30.25,0.22359031282841257
S0,109200.0,30.333333333333332,0.22301557341511472
S0,109500.0,30.416666666666668,0.22244517136146688
S0,109800.0,30.5,0.22187905836333421
S0,110100.0,30.583333333333332,0.221317186808045
S0,110400.0,30.666666666666668,0.2207595097625175
S0,110700.0,30.75,0.22020598096162294
S0,111000.0,30.833333333333332,0.21965655479677873
S0,111300.0,30.916666666666668,0.21911118630476525
S0,111600.0,31.0,0.21856983115676132
S0,111900.0,31.083333333333332,0.21803244564759205
S0,112200.0,31.166666666666668,0.21749898668518408
S0,112500.0,31.25,0.21696941178022383
S0,112800.0,31.333333333333332,0.21644367903601325
S0,113100.0,31.416666666666668,0.21592174713852033
S0,113400.0,31.5,0.2154035753466195
S0,113700.0,31.583333333333332,0.21488912348251843
S0,114000.0,31.666666666666668,0.21437835192236857
S0,114300.0,31.75,0.21387122158705424
S0,114600.0,31.833333333333332,0.21336769393315924
S0,114900.0,31.916666666666668,0.21286773094410533
S0,115200.0,32.0,0.21237129512146066
S0,115500.0,32.083333333333336,0.21187834947641443
S0,115800.0,32.166666666666664,0.21138885752141368
S0,116100.0,32.25,0.21090278326196085
S0,116400.0,32.333333333333336,0.2104200911885656
S0,116700.0,32.416666666666664,0.2099407462688514
S0,117000.0,32.5,0.20946471393980984
S0,117300.0,32.583333333333336,0.20899196010020282
S0,117600.0,32.666666666666664,0.20852245110310721
S0,117900.0,32.75,0.2080561537485993
S0,118200.0,32.833333333333336,0.20759303527657733
S0,118500.0,32.916666666666664,0.20713306335971704
S0,118800.0,33.0,0.20667620609655935
S0,119100.0,33.083333333333336,0.206222432004726
S0,119400.0,33.166666666666664,0.2057717100142607
S0,119700.0,33.25,0.20532400946109405
S0,120000.0,33.333333333333336,0.20487930008062774
S0,120300.0,33.416666666666664,0.20443755200143723
S0,120600.0,33.5,0.20399873573909008
S0,120900.0,33.583333333333336,0.2035628221900764
S0,121200.0,33.666666666666664,0.20312978262585
S0,121500.0,33.75,0.20269958868697882
S0,121800.0,33.833333333333336,0.20227221237739998
S0,122100.0,33.916666666666664,0.2018476260587794
S0,122400.0,34.0,0.20142580244497302
S0,122700.0,34.083333333333336,0.20100671459658795
S0,123000.0,34.166666666666664,0.20059033591564018
S0,123300.0,34.25,0.20017664014030934
S0,123600.0,34.333333333333336,0.19976560133978585
S0,123900.0,34.416666666666664,0.1993571939092104
S0,124200.0,34.5,0.19895139252560184
S0,124500.0,34.583333333333336,0.19854811650151366
S0,124800.0,34.666666666666664,0.1981472867037723
S0,125100.0,34.75,0.19774888093071205
S0,125400.0,34.833333333333336,0.19735287708173493
S0,125700.0,34.916666666666664,0.19695925337525902
S0,126000.0,35.0,0.19656798841326406
S0,126300.0,35.083333333333336,0.19617911445122868
S0,126600.0,35.166666666666664,0.1957926632561685
S0,126900.0,35.25,0.1954086120634351
S0,127200.0,35.333333333333336,0.1950269384261762
S0,127500.0,35.416666666666664,0.19464762017937765
S0,127800.0,35.5,0.19427063542774886
S0,128100.0,35.583333333333336,0.19389596254142927
S0,128400.0,35.666666666666664,0.1935235801520963
S0,128700.0,35.75,0.19315346714939452
S0,129000.0,35.833333333333336,0.1927856026767489
S0,129300.0,35.916666666666664,0.192419966127809
S0,129600.0,36.0,0.19205653714279186
S0,129900.0,36.083333333333336,0.19169529560489054
S0,130200.0,36.166666666666664,0.1913362216367435
S0,130500.0,36.25,0.19097929559696403
S0,130800.0,36.333333333333336,0.19062449807672927
S0,131100.0,36.416666666666664,0.19027180989642642
S0,131400.0,36.5,0.18992121210235605
S0,131700.0,36.583333333333336,0.18957268596349078
S0,132000.0,36.666666666666664,0.18922621296828881
S0,132300.0,36.75,0.18888177482156027
S0,132600.0,36.833333333333336,0.1885393534413861
S0,132900.0,36.916666666666664,0.18819893095608792
S0,133200.0,37.0,0.18786048970124802
S0,133500.0,37.083333333333336,0.18752401221677828
S0,133800.0,37.166666666666664,0.1871894812440373
S0,134100.0,37.25,0.18685687972299436
S0,134400.0,37.333333333333336,0.18652619078944027
S0,134700.0,37.416666666666664,0.186197397772243
S0,135000.0,37.5,0.18587048419064806
S0,135300.0,37.583333333333336,0.18554543375162363
S0,135600.0,37.666666666666664,0.18522223034724714
S0,135900.0,37.75,0.18490085805213555
S0,136200.0,37.833333333333336,0.18458130112091692
S0,136500.0,37.916666666666664,0.18426354398574255
S0,136800.0,38.0,0.18394757125383995
S0,137100.0,38.083333333333336,0.18363336770510438
S0,137400.0,38.166666666666664,0.18332091828973032
S0,137700.0,38.25,0.18301020812588034
S0,138000.0,38.333333333333336,0.18270122249739168
S0,138300.0,38.416666666666664,0.18239394685151972
S0,138600.0,38.5,0.18208836679671728
S0,138900.0,38.583333333333336,0.1817844681004497
S0,139200.0,38.666666666666664,0.1814822366870449
S0,139500.0,38.75,0.18118165863557706
S0,139800.0,38.833333333333336,0.18088272017778462
S0,140100.0,38.916666666666664,0.18058540769602066
S0,140400.0,39.0,0.18028970772123618
S0,140700.0,39.083333333333336,0.17999560693099478
S0,141000.0,39.166666666666664,0.17970309214751853
S0,141300.0,39.25,0.17941215033576505
S0,141600.0,39.333333333333336,0.17912276860153406
S0,141900.0,39.416666666666664,0.17883493418960353
S0,142200.0,39.5,0.1785486344818954
S0,142500.0,39.583333333333336,0.178263856995669
S0,142800.0,39.666666666666664,0.17798058938174324
S0,143100.0,39.75,0.17769881942274562
S0,143400.0,39.833333333333336,0.17741853503138852
S0,143700.0,39.916666666666664,0.17713972424877206
S0,144000.0,40.0,0.17686237524271292
S0,144300.0,40.083333333333336,0.17658647630609836
S0,144600.0,40.166666666666664,0.17631201585526649
S0,144900.0,40.25,0.17603898242840943
S0,145200.0,40.333333333333336,0.17576736468400259
S0,145500.0,40.416666666666664,0.1754971513992565
S0,145800.0,40.5,0.1752283314685926
S0,146100.0,40.583333333333336,0.17496089390214153
S0,146400.0,40.666666666666664,0.17469482782426515
S0,146700.0,40.75,0.17443012247209932
S0,147000.0,40.833333333333336,0.17416676719411936
S0,147300.0,40.916666666666664,0.17390475144872702
S0,147600.0,41.0,0.1736440648028581
S0,147900.0,41.083333333333336,0.1733846969306112
S0,148200.0,41.166666666666664,0.1731266376118964
S0,148500.0,41.25,0.17286987673110454
S0,148800.0,41.333333333333336,0.17261440427579566
S0,149100.0,41.416666666666664,0.17236021033540705
S0,149400.0,41.5,0.1721072850999804
S0,149700.0,41.583333333333336,0.17185561885890732
S0,150000.0,41.666666666666664,0.17160520199969373
S0,150300.0,41.75,0.17135602500674194
S0,150600.0,41.833333333333336,0.1711080784601505
S0,150900.0,41.916666666666664,0.17086135303453223
S0,151200.0,42.0,0.17061583949784817
S0,151500.0,42.083333333333336,0.1703715287102598
S0,151800.0,42.166666666666664,0.17012841162299666
S0,152100.0,42.25,0.16988647927724165
S0,152400.0,42.333333333333336,0.16964572280303106
S0,152700.0,42.416666666666664,0.1694061334181712
S0,153000.0,42.5,0.1691677024271706
S0,153300.0,42.583333333333336,0.16893042122018717
S0,153600.0,42.666666666666664,0.16869428127199068
S0,153900.0,42.75,0.16845927414093984
S0,154200.0,42.833333333333336,0.16822539146797402
S0,154500.0,42.916666666666664,0.16799262497561962
S0,154800.0,43.0,0.16776096646700983
S0,155100.0,43.083333333333336,0.16753040782491896
S0,155400.0,43.166666666666664,0.16730094101080992
S0,155700.0,43.25,0.16707255806389545
S0,156000.0,43.333333333333336,0.16684525110021242
S0,156300.0,43.416666666666664,0.16661901231170892
S0,156600.0,43.5,0.16639383396534466
S0,156900.0,43.583333333333336,0.16616970840220324
S0,157200.0,43.666666666666664,0.1659466280366177
S0,157500.0,43.75,0.1657245853553069
S0,157800.0,43.833333333333336,0.16550357291652576
S0,158100.0,43.916666666666664,0.16528358334922527
S0,158400.0,44.0,0.16506460935222575
S0,158700.0,44.083333333333336,0.16484664369340057
S0,159000.0,44.166666666666664,0.1646296792088715
S0,159300.0,44.25,0.16441370880221498
S0,159600.0,44.333333333333336,0.1641987254436793
S0,159900.0,44.416666666666664,0.16398472216941268
S0,160200.0,44.5,0.16377169208070164
S0,160500.0,44.583333333333336,0.16355962834321996
S0,160800.0,44.666666666666664,0.16334852418628773
S0,161100.0,44.75,0.16313837290214034
S0,161400.0,44.833333333333336,0.162929167845208
S0,161700.0,44.916666666666664,0.16272090243140408
S0,162000.0,45.0,0.16251357013742382
S0,162300.0,45.083333333333336,0.16230716450005217
S0,162600.0,45.166666666666664,0.16210167911548096
S0,162900.0,45.25,0.1618971076386481
S0,163200.0,45.333333333333336,0.16169344378254433
S0,163500.0,45.416666666666664,0.1614906813175651
S0,163800.0,45.5,0.1612888140708742
S0,164100.0,45.583333333333336,0.1610878359257991
S0,164400.0,45.666666666666664,0.1608877408210917
S0,164700.0,45.75,0.1606885227504489
S0,165000.0,45.833333333333336,0.16049017576184513
S0,165300.0,45.916666666666664,0.16029269395680937
S0,165600.0,46.0,0.16009607149005223
S0,165900.0,46.083333333333336,0.159900302568654
S0,166200.0,46.166666666666664,0.1597053814516575
S0,166500.0,46.25,0.15951130244938216
S0,166800.0,46.333333333333336,0.1593180599229265
S0,167100.0,46.416666666666664,0.159125648283503
S0,167400.0,46.5,0.15893406199208157
S0,167700.0,46.583333333333336,0.15874329555860534
S0,168000.0,46.666666666666664,0.15855334354168082
S0,168300.0,46.75,0.1583642005478471
S0,168600.0,46.833333333333336,0.15817586123122965
S0,168900.0,46.916666666666664,0.15798832029283927
S0,169200.0,47.0,0.15780157248025733
S0,169500.0,47.083333333333336,0.15761561258695525
S0,169800.0,47.166666666666664,0.15743043545196664
S0,170100.0,47.25,0.15724603595921904
S0,170400.0,47.333333333333336,0.15706240903716498
S0,170700.0,47.416666666666664,0.15687954965832523
S0,171000.0,47.5,0.15669745283867514
S0,171300.0,47.583333333333336,0.15651611363735962
S0,171600.0,47.666666666666664,0.15633552715609844
S0,171900.0,47.75,0.15615568853876233
S0,172200.0,47.833333333333336,0.15597659297095165
S0,172500.0,47.916666666666664,0.15579823567958256
S0,172800.0,48.0,0.15562061193232032
S0,173100.0,48.083333333333336,0.1554437170373165
S0,173400.0,48.166666666666664,0.15526754634265727
S0,173700.0,48.25,0.15509209523597
S0,174000.0,48.333333333333336,0.1549173591440331
S0,174300.0,48.416666666666664,0.15474333353239325
S0,174600.0,48.5,0.15457001390485867
S0,174900.0,48.583333333333336,0.15439739580315548
S0,175200.0,48.666666666666664,0.15422547480661086
S0,175500.0,48.75,0.15405424653161362
S0,175800.0,48.833333333333336,0.15388370663131876
S0,176100.0,48.916666666666664,0.15371385079524985
S0,176400.0,49.0,0.1535446747488945
S0,176700.0,49.083333333333336,0.15337617425343145
S0,177000.0,49.166666666666664,0.15320834510521997
S0,177300.0,49.25,0.1530411831355243
S0,177600.0,49.333333333333336,0.15287468421013933
S0,177900.0,49.416666666666664,0.15270884422900952
S0,178200.0,49.5,0.1525436591259735
S0,178500.0,49.583333333333336,0.15237912486828276
S0,178800.0,49.666666666666664,0.15221523745634266
S0,179100.0,49.75,0.15205199292336052
S0,179400.0,49.833333333333336,0.1518893873350098
S0,179700.0,49.916666666666664,0.15172741678909368
S0,180000.0,50.0,0.15156607741523034
S0,180300.0,50.083333333333336,0.1514053653745616
S0,180600.0,50.166666666666664,0.1512452768593533
S0,180900.0,50.25,0.15108580809274966
S0,181200.0,50.333333333333336,0.1509269553284435
S0,181500.0,50.416666666666664,0.15076871485037033
S0,181800.0,50.5,0.15061108297240516
S0,182100.0,50.583333333333336,0.1504540560380645
S0,182400.0,50.666666666666664,0.15029763042020974
S0,182700.0,50.75,0.15014180252075582
S0,182973.99794157277,50.82611053932577,0.15
S1,0.0,0.0,2.55
S1,300.0,0.08333333333333333,2.55
S1,600.0,0.16666666666666666,2.55
S1,900.0,0.25,2.5500000000000003
S1,1200.0,0.3333333333333333,2.5500000000000003
S1,1500.0,0.4166666666666667,2.5500000000000003
S1,1800.0,0.5,2.5500000000000003
S1,2100.0,0.5833333333333334,2.5500000000000007
S1,2400.0,0.6666666666666666,2.549999999999996
S1,2700.0,0.75,2.549999999999406
S1,3000.0,0.8333333333333334,2.54999999997078
S1,3300.0,0.9166666666666666,2.5499999992989255
S1,3600.0,1.0,2.549999990302771
S1,3900.0,1.0833333333333333,2.5499999126321766
S1,4200.0,1.1666666666666667,2.549999440095972
S1,4500.0,1.25,2.549997278178602
S1,4800.0,1.3333333333333333,2.549989455284147
S1,5100.0,1.4166666666666667,2.5499661339387485
S1,5400.0,1.5,2.54990692782612
S1,5700.0,1.5833333333333333,2.549775816298127
S1,6000.0,1.6666666666666667,2.549517056344997
S1,6300.0,1.75,2.5490530181245483
S1,6600.0,1.8333333333333333,2.548284777651381
S1,6900.0,1.9166666666666667,2.54709645985709
S1,7200.0,2.0,2.5453620156154275
S1,7500.0,2.0833333333333335,2.542962730868841
S1,7800.0,2.1666666666666665,2.539798743227845
S1,8100.0,2.25,2.5357807059814323
S1,8400.0,2.3333333333333335,2.5308341717499987
S1,8700.0,2.4166666666666665,2.524903194514493
S1,9000.0,2.5,2.51795122030697
S1,9300.0,2.5833333333333335,2.5099609879049565
S1,9600.0,2.6666666666666665,2.500927830011006
S1,9900.0,2.75,2.4908607796769644
S1,10200.0,2.8333333333333335,2.4797829167463625
S1,10500.0,2.9166666666666665,2.4677243121565438
S1,10800.0,3.0,2.4547247923538023
S1,11100.0,3.0833333333333335,2.4408180362874625
S1,11400.0,3.1666666666666665,2.4260352818536104
S1,11700.0,3.25,2.4104329254660555
S1,12000.0,3.3333333333333335,2.3940645580267708
S1,12300.0,3.4166666666666665,2.3769778455815054
S1,12600.0,3.5,2.3592199500076494
S1,12900.0,3.5833333333333335,2.340865520062288
S1,13200.0,3.6666666666666665,2.321969343003355
S1,13500.0,3.75,2.3025786665717263
S1,13800.0,3.8333333333333335,2.282735908816815
S1,14100.0,3.9166666666666665,2.26248910644288
S1,14400.0,4.0,2.2418750877247424
S1,14700.0,4.083333333333333,2.220937830978442
S1,15000.0,4.166666666666667,2.1997301407322127
S1,15300.0,4.25,2.1782841079829196
S1,15600.0,4.333333333333333,2.1566318465501864
S1,15900.0,4.416666666666667,2.134803765636215
S1,16200.0,4.5,2.1128283360092457
S1,16500.0,4.583333333333333,2.0907499921361237
S1,16800.0,4.666666666666667,2.0686115982338777
S1,17100.0,4.75,2.0464364325897857
S1,17400.0,4.833333333333333,2.0242459866540328
S1,17700.0,4.916666666666667,2.002060082294633
S1,18000.0,5.0,1.9798969834089086
S1,18300.0,5.083333333333333,1.957763154351029
S1,18600.0,5.166666666666667,1.9356638027059156
S1,18900.0,5.25,1.913613335685949
S1,19200.0,5.333333333333333,1.8916250552184057
S1,19500.0,5.416666666666667,1.8697112288689957
S1,19800.0,5.5,1.8478831586695843
S1,20100.0,5.583333333333333,1.8261615799776256
S1,20400.0,5.666666666666667,1.8045661636061967
S1,20700.0,5.75,1.7831053071093301
S1,21000.0,5.833333333333333,1.7617866445725892
S1,21300.0,5.916666666666667,1.7406171069588612
S1,21600.0,6.0,1.7196029776297945
S1,21900.0,6.083333333333333,1.6987625321172046
S1,22200.0,6.166666666666667,1.678113054583953
S1,22500.0,6.25,1.657658484483102
S1,22800.0,6.333333333333333,1.6374022585398158
S1,23100.0,6.416666666666667,1.6173473484132028
S1,23400.0,6.5,1.597496295554347
S1,23700.0,6.583333333333333,1.577848842250498
S1,24000.0,6.666666666666667,1.5584044632155312
S1,24300.0,6.75,1.5391647478396417
S1,24600.0,6.833333333333333,1.5201309708962092
S1,24900.0,6.916666666666667,1.5013041159888219
S1,25200.0,7.0,1.4826848982719867
S1,25500.0,7.083333333333333,1.4642806277790432
S1,25800.0,7.166666666666667,1.4460980695178762
S1,26100.0,7.25,1.428136777949204
S1,26400.0,7.333333333333333,1.410396124119188
S1,26700.0,7.416666666666667,1.3928753143656878
S1,27000.0,7.5,1.3755734077308044
S1,27300.0,7.583333333333333,1.358502171504088
S1,27600.0,7.666666666666667,1.341672563622776
S1,27900.0,7.75,1.3250822602264662
S1,28200.0,7.833333333333333,1.3087288577677034
S1,28500.0,7.916666666666667,1.2926098831109962
S1,28800.0,8.0,1.2767228027389006
S1,29100.0,8.083333333333334,1.2610610791935282
S1,29400.0,8.166666666666666,1.2456183548419502
S1,29700.0,8.25,1.2303922947846
S1,30000.0,8.333333333333334,1.2153805232641188
S1,30300.0,8.416666666666666,1.2005806289764651
S1,30600.0,8.5,1.185990170501272
S1,30900.0,8.583333333333334,1.1716140074861352
S1,31200.0,8.666666666666666,1.157456550214475
S1,31500.0,8.75,1.1435146689489086
S1,31800.0,8.833333333333334,1.129785245687342
S1,32100.0,8.916666666666666,1.1162651795026224
S1,32400.0,9.0,1.102951391010482
S1,32700.0,9.083333333333334,1.0898374659455798
S1,33000.0,9.166666666666666,1.0769172190581693
S1,33300.0,9.25,1.06418794820737
S1,33600.0,9.333333333333334,1.0516469717414878
S1,33900.0,9.416666666666666,1.0392916291177416
S1,34200.0,9.5,1.0271192820225437
S1,34500.0,9.583333333333334,1.0151304096520901
S1,34800.0,9.666666666666666,1.0033253307559835
S1,35100.0,9.75,0.9917012046058103
S1,35400.0,9.833333333333334,0.9802552260865057
S1,35700.0,9.916666666666666,0.9689846265535552
S1,36000.0,10.0,0.9578866749137767
S1,36300.0,10.083333333333334,0.9469600966331371
S1,36600.0,10.166666666666666,0.9362035686028317
S1,36900.0,10.25,0.9256143442395495
S1,37200.0,10.333333333333334,0.9151897182128149
S1,37500.0,10.416666666666666,0.9049270254993487
S1,37800.0,10.5,0.8948236411158307
S1,38100.0,10.583333333333334,0.884878276794388
S1,38400.0,10.666666666666666,0.8750896031394323
S1,38700.0,10.75,0.865454991355026
S1,39000.0,10.833333333333334,0.8559718542223822
S1,39300.0,10.916666666666666,0.8466376454475061
S1,39600.0,11.0,0.8374498590604901
S1,39900.0,11.083333333333334,0.8284048424744801
S1,40200.0,11.166666666666666,0.8194990560141742
S1,40500.0,11.25,0.8107302201969113
S1,40800.0,11.333333333333334,0.8020960906545588
S1,41100.0,11.416666666666666,0.7935944576170716
S1,41400.0,11.5,0.7852231455737485
S1,41700.0,11.583333333333334,0.7769821882671046
S1,42000.0,11.666666666666666,0.7688715178238705
S1,42300.0,11.75,0.7608888616842772
S1,42600.0,11.833333333333334,0.7530319869946182
S1,42900.0,11.916666666666666,0.7452987001340101
S1,43200.0,12.0,0.7376868463461715
S1,43500.0,12.083333333333334,0.7301953010556725
S1,43800.0,12.166666666666666,0.7228229154155367
S1,44100.0,12.25,0.7155675554117749
S1,44400.0,12.333333333333334,0.7084271263746122
S1,44700.0,12.416666666666666,0.7013995719532615
S1,45000.0,12.5,0.6944828732645688
S1,45300.0,12.583333333333334,0.6876750480998433
S1,45600.0,12.666666666666666,0.6809741501922388
S1,45900.0,12.75,0.6743782685306028
S1,46200.0,12.833333333333334,0.6678855267089266
S1,46500.0,12.916666666666666,0.6614940823079722
S1,46800.0,13.0,0.6552021263090306
S1,47100.0,13.083333333333334,0.6490078825382705
S1,47400.0,13.166666666666666,0.6429096071370126
S1,47700.0,13.25,0.6369055880511812
S1,48000.0,13.333333333333334,0.6309941445328716
S1,48300.0,13.416666666666666,0.6251736266479881
S1,48600.0,13.5,0.6194424149446923
S1,48900.0,13.583333333333334,0.6137996742443461
S1,49200.0,13.666666666666666,0.6082445531274399
S1,49500.0,13.75,0.6027754520763132
S1,49800.0,13.833333333333334,0.5973908025121955
S1,50100.0,13.916666666666666,0.5920890660656671
S1,50400.0,14.0,0.5868687339081583
S1,50700.0,14.083333333333334,0.5817276370238361
S1,51000.0,14.166666666666666,0.5766636762535564
S1,51300.0,14.25,0.5716754892839481
S1,51600.0,14.333333333333334,0.5667617390107009
S1,51900.0,14.416666666666666,0.5619211130535612
S1,52200.0,14.5,0.557152323376929
S1,52500.0,14.583333333333334,0.5524547377563862
S1,52800.0,14.666666666666666,0.5478277100047069
S1,53100.0,14.75,0.5432699671211725
S1,53400.0,14.833333333333334,0.53878026057615
S1,53700.0,14.916666666666666,0.5343573658480597
S1,54000.0,15.0,0.5300000819861885
S1,54300.0,15.083333333333334,0.5257072311782518
S1,54600.0,15.166666666666666,0.5214776583202602
S1,54900.0,15.25,0.5173102305855806
S1,55200.0,15.333333333333334,0.513203836992199
S1,55500.0,15.416666666666666,0.5091573879695198
S1,55800.0,15.5,0.5051698149750645
S1,56100.0,15.583333333333334,0.5012406014790871
S1,56400.0,15.666666666666666,0.4973692202168078
S1,56700.0,15.75,0.4935546178567287
S1,57000.0,15.833333333333334,0.4897957620666211
S1,57300.0,15.916666666666666,0.4860916410544698
S1,57600.0,16.0,0.48244126316065356
S1,57900.0,16.083333333333332,0.4788436564519248
S1,58200.0,16.166666666666668,0.4752978683235705
S1,58500.0,16.25,0.4718029651094099
S1,58800.0,16.333333333333332,0.46835803169822715
S1,59100.0,16.416666666666668,0.4649621711560596
S1,59400.0,16.5,0.4616145043722982
S1,59700.0,16.583333333333332,0.4583146175914627
S1,60000.0,16.666666666666668,0.4550620888089421
S1,60300.0,16.75,0.4518560530158161
S1,60600.0,16.833333333333332,0.4486956629704317
S1,60900.0,16.916666666666668,0.4455800887924628
S1,61200.0,17.0,0.4425085175314578
S1,61500.0,17.083333333333332,0.4394797415099656
S1,61800.0,17.166666666666668,0.4364925919854013
S1,62100.0,17.25,0.433546338181679
S1,62400.0,17.333333333333332,0.43064026376732023
S1,62700.0,17.416666666666668,0.42777366653736626
S1,63000.0,17.5,0.4249458581224629
S1,63300.0,17.583333333333332,0.4221561637084936
S1,63600.0,17.666666666666668,0.41940392175859187
S1,63900.0,17.75,0.416688483740994
S1,64200.0,17.833333333333332,0.4140092138633243
S1,64500.0,17.916666666666668,0.411365488813364
S1,64800.0,18.0,0.408756697509483
S1,65100.0,18.083333333333332,0.40618259188751826
S1,65400.0,18.166666666666668,0.4036429171312867
S1,65700.0,18.25,0.40113707023269707
S1,66000.0,18.333333333333332,0.3986644604160918
S1,66300.0,18.416666666666668,0.39622450885366595
S1,66600.0,18.5,0.39381664839921243
S1,66900.0,18.583333333333332,0.3914403233409489
S1,67200.0,18.666666666666668,0.38909498915425933
S1,67500.0,18.75,0.3867801122590446
S1,67800.0,18.833333333333332,0.3844951697816913
S1,68100.0,18.916666666666668,0.3822396493216032
S1,68400.0,19.0,0.3800130487223193
S1,68700.0,19.083333333333332,0.3778148758472349
S1,69000.0,19.166666666666668,0.37564464836021016
S1,69300.0,19.25,0.37350189351122437
S1,69600.0,19.333333333333332,0.37138614792710517
S1,69900.0,19.416666666666668,0.3692969574074302
S1,70200.0,19.5,0.3672338767255172
S1,70500.0,19.583333333333332,0.3651964694343655
S1,70800.0,19.666666666666668,0.36318430767736587
S1,71100.0,19.75,0.36119697200356654
S1,71400.0,19.833333333333332,0.3592340511874068
S1,71700.0,19.916666666666668,0.3572951420524695
S1,72000.0,20.0,0.3553798492993579
S1,72300.0,20.083333333333332,0.353487785337401
S1,72600.0,20.166666666666668,0.3516185701200811
S1,72900.0,20.25,0.34977183098407016
S1,73200.0,20.333333333333332,0.34794720249177324
S1,73500.0,20.416666666666668,0.3461443262772881
S1,73800.0,20.5,0.34436285089570234
S1,74100.0,20.583333333333332,0.3426024316756561
S1,74400.0,20.666666666666668,0.34086273057510086
S1,74700.0,20.75,0.3391434160401912
S1,75000.0,20.833333333333332,0.3374441628672498
S1,75300.0,20.916666666666668,0.3357646520677459
S1,75600.0,21.0,0.3341045707362293
S1,75900.0,21.083333333333332,0.3324636119211622
S1,76200.0,21.166666666666668,0.3308414744985963
S1,76500.0,21.25,0.3292378630486348
S1,76800.0,21.333333333333332,0.32765248773462724
S1,77100.0,21.416666666666668,0.32608506418504146
S1,77400.0,21.5,0.3245353133779578
S1,77700.0,21.583333333333332,0.32300296152813157
S1,78000.0,21.666666666666668,0.3214877399765707
S1,78300.0,21.75,0.31998938508257524
S1,78600.0,21.833333333333332,0.31850763811818594
S1,78900.0,21.916666666666668,0.31704224516499013
S1,79200.0,22.0,0.31559295752072275
S1,79500.0,22.083333333333332,0.3141597265603323
S1,79800.0,22.166666666666668,0.31274250100485906
S1,80100.0,22.25,0.31134103248105294
S1,80400.0,22.333333333333332,0.30995507732458105
S1,80700.0,22.416666666666668,0.30858439648268826
S1,81000.0,22.5,0.30722875532792193
S1,81300.0,22.583333333333332,0.30588773963525245
S1,81600.0,22.666666666666668,0.3045609470397827
S1,81900.0,22.75,0.30324816758277784
S1,82200.0,22.833333333333332,0.30194919506601636
S1,82500.0,22.916666666666668,0.3006638270082689
S1,82800.0,23.0,0.2993918646163968
S1,83100.0,23.083333333333332,0.2981332856165277
S1,83400.0,23.166666666666668,0.2968880643071106
S1,83700.0,23.25,0.29565600162709654
S1,84000.0,23.333333333333332,0.2944369022317135
S1,84300.0,23.416666666666668,0.29323057435893274
S1,84600.0,23.5,0.2920368297414114
S1,84900.0,23.583333333333332,0.29085532099785805
S1,85200.0,23.666666666666668,0.2896857107086919
S1,85500.0,23.75,0.2885278304103659
S1,85800.0,23.833333333333332,0.28738151458279404
S1,86100.0,23.916666666666668,0.2862466005907446
S1,86400.0,24.0,0.285122928661341
S1,86700.0,24.083333333333332,0.28401049491025243
S1,87000.0,24.166666666666668,0.28290929216499683
S1,87300.0,24.25,0.28181915981683825
S1,87600.0,24.333333333333332,0.28073994010483555
S1,87900.0,24.416666666666668,0.279671478067703
S1,88200.0,24.5,0.27861362146826857
S1,88500.0,24.583333333333332,0.27756607653588045
S1,88800.0,24.666666666666668,0.2765285575868228
S1,89100.0,24.75,0.27550092852876273
S1,89400.0,24.833333333333332,0.27448305553929375
S1,89700.0,24.916666666666668,0.2734748070466133
S1,90000.0,25.0,0.27247605371491895
S1,90300.0,25.083333333333332,0.2714868046908163
S1,90600.0,25.166666666666668,0.2705070661995807
S1,90900.0,25.25,0.2695367076515244
S1,91200.0,25.333333333333332,0.2685756007145372
S1,91500.0,25.416666666666668,0.2676236192573133
S1,91800.0,25.5,0.26668063930426317
S1,92100.0,25.583333333333332,0.26574653899557055
S1,92400.0,25.666666666666668,0.2648211985409406
S1,92700.0,25.75,0.26390450017977457
S1,93000.0,25.833333333333332,0.2629963281407795
S1,93300.0,25.916666666666668,0.262096568602502
S1,93600.0,26.0,0.26120510965475735
S1,93900.0,26.083333333333332,0.2603218412609262
S1,94200.0,26.166666666666668,0.2594466552210886
S1,94500.0,26.25,0.25857944513597236
S1,94800.0,26.333333333333332,0.25772010637168835
S1,95100.0,26.416666666666668,0.2568685360252308
S1,95400.0,26.5,0.25602463286163757
S1,95700.0,26.583333333333332,0.25518818194308274
S1,96000.0,26.666666666666668,0.2543589741850629
S1,96300.0,26.75,0.25353691917358
S1,96600.0,26.833333333333332,0.25272192796536763
S1,96900.0,26.916666666666668,0.25191391302202915
S1,97200.0,27.0,0.25111278832188294
S1,97500.0,27.083333333333332,0.2503185781940261
S1,97800.0,27.166666666666668,0.249531305558916
S1,98100.0,27.25,0.24875088246393262
S1,98400.0,27.333333333333332,0.24797722255203472
S1,98700.0,27.416666666666668,0.24721024084799115
S1,99000.0,27.5,0.24644985373086883
S1,99300.0,27.583333333333332,0.24569597890830555
S1,99600.0,27.666666666666668,0.2449485353908152
S1,99900.0,27.75,0.24420744346760703
S1,100200.0,27.833333333333332,0.2434726246826566
S1,100500.0,27.916666666666668,0.2427440018112866
S1,100800.0,28.0,0.24202149883724972
S1,101100.0,28.083333333333332,0.2413050409303007
S1,101400.0,28.166666666666668,0.24059455442424424
S1,101700.0,28.25,0.23988996679544455
S1,102000.0,28.333333333333332,0.23919120664178323
S1,102300.0,28.416666666666668,0.23849820366205163
S1,102600.0,28.5,0.2378108886357673
S1,102900.0,28.583333333333332,0.2371291934034037
S1,103200.0,28.666666666666668,0.23645305084702312
S1,103500.0,28.75,0.2357823948713056
S1,103800.0,28.833333333333332,0.2351171603849652
S1,104100.0,28.916666666666668,0.23445728328254722
S1,104400.0,29.0,0.23380270037083112
S1,104700.0,29.083333333333332,0.2331532598228788
S1,105000.0,29.166666666666668,0.2325088134925878
S1,105300.0,29.25,0.23186930526017624
S1,105600.0,29.333333333333332,0.2312346796532895
S1,105900.0,29.416666666666668,0.23060488206426885
S1,106200.0,29.5,0.22997985867362944
S1,106500.0,29.583333333333332,0.2293596420667763
S1,106800.0,29.666666666666668,0.22874426322408487
S1,107100.0,29.75,0.2281336666200062
S1,107400.0,29.833333333333332,0.22752779763251255
S1,107700.0,29.916666666666668,0.22692660243543625
S1,108000.0,30.0,0.22633002798799398
S1,108300.0,30.083333333333332,0.2257380220213452
S1,108600.0,30.166666666666668,0.22515053302587137
S1,108900.0,30.25,0.2245675102367144
S1,109200.0,30.333333333333332,0.2239889036213523
S1,109500.0,30.416666666666668,0.22341466386692801
S1,109800.0,30.5,0.22284474236783924
S1,110100.0,30.583333333333332,0.22227909121357659
S1,110400.0,30.666666666666668,0.22171766317680472
S1,110700.0,30.75,0.22116041170167972
S1,111000.0,30.833333333333332,0.2206072908923969
S1,111300.0,30.916666666666668,0.22005825550196367
S1,111600.0,31.0,0.21951326092119053
S1,111900.0,31.083333333333332,0.21897226316789542
S1,112200.0,31.166666666666668,0.21843521887631623
S1,112500.0,31.25,0.2179020852867254
S1,112800.0,31.333333333333332,0.2173728202352445
S1,113100.0,31.416666666666668,0.2168473821438526
S1,113400.0,31.5,0.2163257300105847
S1,113700.0,31.583333333333332,0.21580782339991864
S1,114000.0,31.666666666666668,0.2152936224333446
S1,114300.0,31.75,0.2147830877801148
S1,114600.0,31.833333333333332,0.21427618064817003
S1,114900.0,31.916666666666668,0.21377286277523974
S1,115200.0,32.0,0.2132730964201121
S1,115500.0,32.083333333333336,0.2127768443540701
S1,115800.0,32.166666666666664,0.21228406985249168
S1,116100.0,32.25,0.2117947366866096
S1,116400.0,32.333333333333336,0.21130880911542765
S1,116700.0,32.416666666666664,0.2108262518777902
S1,117000.0,32.5,0.2103470301846019
S1,117300.0,32.583333333333336,0.20987110971119463
S1,117600.0,32.666666666666664,0.20939845658983705
S1,117900.0,32.75,0.20892903740238578
S1,118200.0,32.833333333333336,0.20846281917307355
S1,118500.0,32.916666666666664,0.20799976936143208
S1,118800.0,33.0,0.20753985585534668
S1,119100.0,33.083333333333336,0.20708304696423963
S1,119400.0,33.166666666666664,0.2066293114123796
S1,119700.0,33.25,0.20617861833231457
S1,120000.0,33.333333333333336,0.20573093725842595
S1,120300.0,33.416666666666664,0.2052862381205995
S1,120600.0,33.5,0.2048444912380142
S1,120900.0,33.583333333333336,0.20440566731304252
S1,121200.0,33.666666666666664,0.2039697374252623
S1,121500.0,33.75,0.2035366730255781
S1,121800.0,33.833333333333336,0.20310644593044724
S1,122100.0,33.916666666666664,0.20267902831621193
S1,122400.0,34.0,0.20225439271353182
S1,122700.0,34.083333333333336,0.20183251200191799
S1,123000.0,34.166666666666664,0.20141335940436356
S1,123300.0,34.25,0.20099690848207136
S1,123600.0,34.333333333333336,0.20058313312927506
S1,123900.0,34.416666666666664,0.2001720075681522
S1,124200.0,34.5,0.19976350631602954
S1,124500.0,34.583333333333336,0.19935754806840894
S1,124800.0,34.666666666666664,0.19895405330191443
S1,125100.0,34.75,0.19855299957310996
S1,125400.0,34.833333333333336,0.19815436465102218
S1,125700.0,34.916666666666664,0.1977581266058987
S1,126000.0,35.0,0.19736426378061978
S1,126300.0,35.083333333333336,0.19697280888345609
S1,126600.0,35.166666666666664,0.1965837937536403
S1,126900.0,35.25,0.19619719546956396
S1,127200.0,35.333333333333336,0.19581299143846173
S1,127500.0,35.416666666666664,0.19543115934376012
S1,127800.0,35.5,0.19505167714017707
S1,128100.0,35.583333333333336,0.1946745230494912
S1,128400.0,35.666666666666664,0.1942996755568114
S1,128700.0,35.75,0.1939271134067017
S1,129000.0,35.833333333333336,0.19355681559917107
S1,129300.0,35.916666666666664,0.1931887613860409
S1,129600.0,36.0,0.19282293026727054
S1,129900.0,36.083333333333336,0.1924593019873457
S1,130200.0,36.166666666666664,0.1920978565317282
S1,130500.0,36.25,0.19173857412336592
S1,130800.0,36.333333333333336,0.19138143521926282
S1,131100.0,36.416666666666664,0.19102642050710597
S1,131400.0,36.5,0.19067351090195045
S1,131700.0,36.583333333333336,0.19032268754295983
S1,132000.0,36.666666666666664,0.18997393179020117
S1,132300.0,36.75,0.18962722522149403
S1,132600.0,36.833333333333336,0.18928254962931104
S1,132900.0,36.916666666666664,0.18893988701773132
S1,133200.0,37.0,0.18859921959944234
S1,133500.0,37.083333333333336,0.18826052979279256
S1,133800.0,37.166666666666664,0.18792380021889166
S1,134100.0,37.25,0.18758901369875808
S1,134400.0,37.333333333333336,0.18725615325051348
S1,134700.0,37.416666666666664,0.18692520208662225
S1,135000.0,37.5,0.1865961436111767
S1,135300.0,37.583333333333336,0.18626896141722546
S1,135600.0,37.666666666666664,0.1859436392841457
S1,135900.0,37.75,0.18562016117505772
S1,136200.0,37.833333333333336,0.18529851123428148
S1,136500.0,37.916666666666664,0.18497867378483432
S1,136800.0,38.0,0.18466063332596855
S1,137100.0,38.083333333333336,0.18434437453074987
S1,137400.0,38.166666666666664,0.18402988224367345
S1,137700.0,38.25,0.18371714147831947
S1,138000.0,38.333333333333336,0.18340613741504577
S1,138300.0,38.416666666666664,0.18309685539871773
S1,138600.0,38.5,0.18278928093647398
S1,138900.0,38.583333333333336,0.18248339969552863
S1,139200.0,38.666666666666664,0.18217919750100778
S1,139500.0,38.75,0.18187666033382083
S1,139800.0,38.833333333333336,0.18157577432856553
S1,140100.0,38.916666666666664,0.18127652577146597
S1,140400.0,39.0,0.18097890109834328
S1,140700.0,39.083333333333336,0.1806828868926185
S1,141000.0,39.166666666666664,0.18038846988334628
S1,141300.0,39.25,0.18009563694328007
S1,141600.0,39.333333333333336,0.17980437508696687
S1,141900.0,39.416666666666664,0.17951467146887232
S1,142200.0,39.5,0.17922651338153459
S1,142500.0,39.583333333333336,0.17893988825374693
S1,142800.0,39.666666666666664,0.17865478364876863
S1,143100.0,39.75,0.17837118726256299
S1,143400.0,39.833333333333336,0.17808908692206316
S1,143700.0,39.916666666666664,0.1778084705834644
S1,144000.0,40.0,0.17752932633054197
S1,144300.0,40.083333333333336,0.17725164237299548
S1,144600.0,40.166666666666664,0.1769754070448183
S1,144900.0,40.25,0.17670060880269123
S1,145200.0,40.333333333333336,0.17642723622440165
S1,145500.0,40.416666666666664,0.1761552780072854
S1,145800.0,40.5,0.17588472296669297
S1,146100.0,40.583333333333336,0.17561556003447887
S1,146400.0,40.666666666666664,0.17534777825751305
S1,146700.0,40.75,0.17508136679621558
S1,147000.0,40.833333333333336,0.17481631492311234
S1,147300.0,40.916666666666664,0.174552612021413
S1,147600.0,41.0,0.17429024758361003
S1,147900.0,41.083333333333336,0.17402921121009826
S1,148200.0,41.166666666666664,0.17376949260781513
S1,148500.0,41.25,0.1735110815889015
S1,148800.0,41.333333333333336,0.17325396806938118
S1,149100.0,41.416666666666664,0.17299814206786135
S1,149400.0,41.5,0.17274359370425071
S1,149700.0,41.583333333333336,0.17249031319849767
S1,150000.0,41.666666666666664,0.17223829086934594
S1,150300.0,41.75,0.17198751713310928
S1,150600.0,41.833333333333336,0.17173798250246347
S1,150900.0,41.916666666666664,0.17148967758525627
S1,151200.0,42.0,0.17124259308333412
S1,151500.0,42.083333333333336,0.1709967197913867
S1,151800.0,42.166666666666664,0.17075204859580745
S1,152100.0,42.25,0.17050857047357107
S1,152400.0,42.333333333333336,0.17026627649112644
S1,152700.0,42.416666666666664,0.17002515780330676
S1,153000.0,42.5,0.16978520565225386
S1,153300.0,42.583333333333336,0.16954641136635892
S1,153600.0,42.666666666666664,0.16930876635921785
S1,153900.0,42.75,0.16907226212860202
S1,154200.0,42.833333333333336,0.1688368902554429
S1,154500.0,42.916666666666664,0.16860264240283185
S1,154800.0,43.0,0.1683695103150339
S1,155100.0,43.083333333333336,0.1681374858165146
S1,155400.0,43.166666666666664,0.1679065608109828
S1,155700.0,43.25,0.167676727280444
S1,156000.0,43.333333333333336,0.1674479772842692
S1,156300.0,43.416666666666664,0.16722030295827625
S1,156600.0,43.5,0.16699369651382331
S1,156900.0,43.583333333333336,0.1667681502369164
S1,157200.0,43.666666666666664,0.16654365648732758
S1,157500.0,43.75,0.16632020769772723
S1,157800.0,43.833333333333336,0.16609779637282707
S1,158100.0,43.916666666666664,0.16587641508853565
S1,158400.0,44.0,0.1656560564911251
S1,158700.0,44.083333333333336,0.16543671329641035
S1,159000.0,44.166666666666664,0.16521837828893807
S1,159300.0,44.25,0.16500104432118828
S1,159600.0,44.333333333333336,0.16478470431278608
S1,159900.0,44.416666666666664,0.16456935124972416
S1,160200.0,44.5,0.16435497818359665
S1,160500.0,44.583333333333336,0.16414157823084224
S1,160800.0,44.666666666666664,0.16392914457199861
S1,161100.0,44.75,0.1637176704509669
S1,161400.0,44.833333333333336,0.16350714917428508
S1,161700.0,44.916666666666664,0.16329757411041307
S1,162000.0,45.0,0.16308893868902505
S1,162300.0,45.083333333333336,0.16288123640031368
S1,162600.0,45.166666666666664,0.16267446079432543
S1,162900.0,45.25,0.16246860548020306
S1,163200.0,45.333333333333336,0.16226366412560198
S1,163500.0,45.416666666666664,0.1620596304560447
S1,163800.0,45.5,0.1618564982541402
S1,164100.0,45.583333333333336,0.1616542613591077
S1,164400.0,45.666666666666664,0.16145291366597822
S1,164700.0,45.75,0.16125244912514683
S1,165000.0,45.833333333333336,0.16105286174156766
S1,165300.0,45.916666666666664,0.1608541455743083
S1,165600.0,46.0,0.1606562947358366
S1,165900.0,46.083333333333336,0.16045930339147127
S1,166200.0,46.166666666666664,0.16026316575882227
S1,166500.0,46.25,0.1600678761071314
S1,166800.0,46.333333333333336,0.15987342875681676
S1,167100.0,46.416666666666664,0.159679818078771
S1,167400.0,46.5,0.15948703849397883
S1,167700.0,46.583333333333336,0.15929508447276244
S1,168000.0,46.666666666666664,0.1591039505344203
S1,168300.0,46.75,0.1589136312465941
S1,168600.0,46.833333333333336,0.15872412122480017
S1,168900.0,46.916666666666664,0.15853541513184302
S1,169200.0,47.0,0.15834750767731295
S1,169500.0,47.083333333333336,0.15816039361719236
S1,169800.0,47.166666666666664,0.15797406775315764
S1,170100.0,47.25,0.15778852493225734
S1,170400.0,47.333333333333336,0.15760376004633303
S1,170700.0,47.416666666666664,0.15741976803159144
S1,171000.0,47.5,0.15723654386806826
S1,171300.0,47.583333333333336,0.15705408257916856
S1,171600.0,47.666666666666664,0.15687237923130884
S1,171900.0,47.75,0.1566914289332927
S1,172200.0,47.833333333333336,0.156511226835945
S1,172500.0,47.916666666666664,0.15633176813172323
S1,172800.0,48.0,0.1561530480541673
S1,173100.0,48.083333333333336,0.1559750618774926
S1,173400.0,48.166666666666664,0.15579780491625805
S1,173700.0,48.25,0.1556212725247866
S1,174000.0,48.333333333333336,0.15544546009684573
S1,174300.0,48.416666666666664,0.15527036306519584
S1,174600.0,48.5,0.15509597690125151
S1,174900.0,48.583333333333336,0.1549222971145716
S1,175200.0,48.666666666666664,0.15474931925250432
S1,175500.0,48.75,0.15457703889983554
S1,175800.0,48.833333333333336,0.15440545167836428
S1,176100.0,48.916666666666664,0.15423455324648944
S1,176400.0,49.0,0.15406433929887567
S1,176700.0,49.083333333333336,0.15389480556604873
S1,177000.0,49.166666666666664,0.15372594781406815
S1,177300.0,49.25,0.1535577618441334
S1,177600.0,49.333333333333336,0.1533902434921937
S1,177900.0,49.416666666666664,0.15322338862863535
S1,178200.0,49.5,0.1530571931579003
S1,178500.0,49.583333333333336,0.15289165301817909
S1,178800.0,49.666666666666664,0.1527267641810394
S1,179100.0,49.75,0.1525625226510597
S1,179400.0,49.833333333333336,0.15239892446553469
S1,179700.0,49.916666666666664,0.15223596569412906
S1,180000.0,50.0,0.1520736424385507
S1,180300.0,50.083333333333336,0.15191195083222353
S1,180600.0,50.166666666666664,0.15175088703995912
S1,180900.0,50.25,0.1515904472577056
S1,181200.0,50.333333333333336,0.1514306277121239
S1,181500.0,50.416666666666664,0.1512714246603574
S1,181800.0,50.5,0.15111283438970757
S1,182100.0,50.583333333333336,0.1509548532173325
S1,182400.0,50.666666666666664,0.1507974774899497
S1,182700.0,50.75,0.15064070358354104
S1,183000.0,50.833333333333336,0.15048452790306305
S1,183300.0,50.916666666666664,0.15032894688215903
S1,183600.0,51.0,0.15017395698287545
S1,183900.0,51.083333333333336,0.15001955469538167
S1,183938.07561607735,51.09390989335482,0.15
S2,0.0,0.0,2.55
S2,300.0,0.08333333333333333,2.55
S2,600.0,0.16666666666666666,2.55
S2,900.0,0.25,2.5500000000000003
S2,1200.0,0.3333333333333333,2.5500000000000003
S2,1500.0,0.4166666666666667,2.5500000000000003
S2,1800.0,0.5,2.5500000000000003
S2,2100.0,0.5833333333333334,2.5500000000000007
S2,2400.0,0.6666666666666666,2.549999999999996
S2,2700.0,0.75,2.549999999999406
S2,3000.0,0.8333333333333334,2.54999999997078
S2,3300.0,0.9166666666666666,2.5499999992989255
S2,3600.0,1.0,2.549999990302771
S2,3900.0,1.0833333333333333,2.5499999126321766
S2,4200.0,1.1666666666666667,2.549999440095972
S2,4500.0,1.25,2.549997278178602
S2,4800.0,1.3333333333333333,2.549989455284147
S2,5100.0,1.4166666666666667,2.5499661339387485
S2,5400.0,1.5,2.54990692782612
S2,5700.0,1.5833333333333333,2.549775816298127
S2,6000.0,1.6666666666666667,2.549517056344997
S2,6300.0,1.75,2.5490530181245483
S2,6600.0,1.8333333333333333,2.548284777651381
S2,6900.0,1.9166666666666667,2.54709645985709
S2,7200.0,2.0,2.5453620156154275
S2,7500.0,2.0833333333333335,2.542962730868841
S2,7800.0,2.1666666666666665,2.539798743227845
S2,8100.0,2.25,2.5357807059814323
S2,8400.0,2.3333333333333335,2.5308341717499987
S2,8700.0,2.4166666666666665,2.524903194514493
S2,9000.0,2.5,2.51795122030697
S2,9300.0,2.5833333333333335,2.5099609879049565
S2,9600.0,2.6666666666666665,2.500927830011006
S2,9900.0,2.75,2.4908607796769644
S2,10200.0,2.8333333333333335,2.4797829167463625
S2,10500.0,2.9166666666666665,2.4677243121565438
S2,10800.0,3.0,2.4547247923538023
S2,11100.0,3.0833333333333335,2.4408180362874625
S2,11400.0,3.1666666666666665,2.4260352818536104
S2,11700.0,3.25,2.4104329254660555
S2,12000.0,3.3333333333333335,2.3940645580267708
S2,12300.0,3.4166666666666665,2.3769778455815054
S2,12600.0,3.5,2.3592199500076494
S2,12900.0,3.5833333333333335,2.340865520062288
S2,13200.0,3.6666666666666665,2.321969343003355
S2,13500.0,3.75,2.3025786665717263
S2,13800.0,3.8333333333333335,2.282735908816815
S2,14100.0,3.9166666666666665,2.26248910644288
S2,14400.0,4.0,2.2418750877247424
S2,14700.0,4.083333333333333,2.220939364818955
S2,15000.0,4.166666666666667,2.1997495340127613
S2,15300.0,4.25,2.1783445645245143
S2,15600.0,4.333333333333333,2.1567534245014737
S2,15900.0,4.416666666666667,2.1350025059291413
S2,16200.0,4.5,2.113116775639681
S2,16500.0,4.583333333333333,2.091137664114226
S2,16800.0,4.666666666666667,2.0691055182675453
S2,17100.0,4.75,2.047041603000978
S2,17400.0,4.833333333333333,2.024965748223883
S2,17700.0,4.916666666666667,2.002896398725517
S2,18000.0,5.0,1.9808506736983806
S2,18300.0,5.083333333333333,1.9588341387982875
S2,18600.0,5.166666666666667,1.9368512627435674
S2,18900.0,5.25,1.9149157921742828
S2,19200.0,5.333333333333333,1.8930404841782889
S2,19500.0,5.416666666666667,1.8712371620298964
S2,19800.0,5.5,1.8495167694596149
S2,20100.0,5.583333333333333,1.8278997153627041
S2,20400.0,5.666666666666667,1.8064054115481067
S2,20700.0,5.75,1.785042108220016
S2,21000.0,5.833333333333333,1.76381734087433
S2,21300.0,5.916666666666667,1.7427379830877014
S2,21600.0,6.0,1.7218102955414465
S2,21900.0,6.083333333333333,1.7010525096608229
S2,22200.0,6.166666666666667,1.6804818994772732
S2,22500.0,6.25,1.6601024655628907
S2,22800.0,6.333333333333333,1.6399177206828912
S2,23100.0,6.416666666666667,1.6199307238116987
S2,23400.0,6.5,1.6001441118045872
S2,23700.0,6.583333333333333,1.5805577363864312
S2,24000.0,6.666666666666667,1.5611711837245406
S2,24300.0,6.75,1.541986148872455
S2,24600.0,6.833333333333333,1.5230040135964589
S2,24900.0,6.916666666666667,1.5042258686072225
S2,25200.0,7.0,1.4856525350349328
S2,25500.0,7.083333333333333,1.4672914129362231
S2,25800.0,7.166666666666667,1.4491493570583442
S2,26100.0,7.25,1.431226027525569
S2,26400.0,7.333333333333333,1.4135208972630402
S2,26700.0,7.416666666666667,1.3960332708498988
S2,27000.0,7.5,1.378762302077534
S2,27300.0,7.583333333333333,1.3617198271643038
S2,27600.0,7.666666666666667,1.3449168771190074
S2,27900.0,7.75,1.328351219834754
S2,28200.0,7.833333333333333,1.3120205395779296
S2,28500.0,7.916666666666667,1.2959224469455808
S2,28800.0,8.0,1.2800544883078617
S2,29100.0,8.083333333333334,1.2644102062027758
S2,29400.0,8.166666666666666,1.2489833185901817
S2,29700.0,8.25,1.2337715573583872
S2,30000.0,8.333333333333334,1.21877261076137
S2,30300.0,8.416666666666666,1.2039841286936306
S2,30600.0,8.5,1.1894037287220562
S2,30900.0,8.583333333333334,1.1750363212083086
S2,31200.0,8.666666666666666,1.1608863686225086
S2,31500.0,8.75,1.1469507956176006
S2,31800.0,8.833333333333334,1.1332265359093283
S2,32100.0,8.916666666666666,1.1197105377351393
S2,32400.0,9.0,1.1063997680467952
S2,32700.0,9.083333333333334,1.0932878582053362
S2,33000.0,9.166666666666666,1.0803686645241313
S2,33300.0,9.25,1.0676395238480652
S2,33600.0,9.333333333333334,1.0550977919173967
S2,33900.0,9.416666666666666,1.0427408440132917
S2,34200.0,9.5,1.0305660759986082
S2,34500.0,9.583333333333334,1.0185740014298874
S2,34800.0,9.666666666666666,1.0067649718831895
S2,35100.0,9.75,0.9951361781488529
S2,35400.0,9.833333333333334,0.9836848451489921
S2,35700.0,9.916666666666666,0.9724082330052816
S2,36000.0,10.0,0.9613036381749387
S2,36300.0,10.083333333333334,0.9503698135463776
S2,36600.0,10.166666666666666,0.9396054626994637
S2,36900.0,10.25,0.9290078638375987
S2,37200.0,10.333333333333334,0.9185743354850207
S2,37500.0,10.416666666666666,0.9083022355805738
S2,37800.0,10.5,0.8981889612365441
S2,38100.0,10.583333333333334,0.8882332467608801
S2,38400.0,10.666666666666666,0.8784337852832811
S2,38700.0,10.75,0.8687879679601896
S2,39000.0,10.833333333333334,0.8592932270032644
S2,39300.0,10.916666666666666,0.8499470348524426
S2,39600.0,11.0,0.840746903741872
S2,39900.0,11.083333333333334,0.8316891966588466
S2,40200.0,11.166666666666666,0.8227703887850971
S2,40500.0,11.25,0.8139882167857431
S2,40800.0,11.333333333333334,0.8053404517471262
S2,41100.0,11.416666666666666,0.7968248988521058
S2,41400.0,11.5,0.7884393971453753
S2,41700.0,11.583333333333334,0.7801839980453742
S2,42000.0,11.666666666666666,0.7720586513851215
S2,42300.0,11.75,0.7640610980312641
S2,42600.0,11.833333333333334,0.7561891180657535
S2,42900.0,11.916666666666666,0.7484405303481251
S2,43200.0,12.0,0.7408131920470026
S2,43500.0,12.083333333333334,0.7333059925816999
S2,43800.0,12.166666666666666,0.7259177963181764
S2,44100.0,12.25,0.7186464802267815
S2,44400.0,12.333333333333334,0.7114899602023161
S2,44700.0,12.416666666666666,0.7044461900937398
S2,45000.0,12.5,0.6975131608658971
S2,45300.0,12.583333333333334,0.6906888998180641
S2,45600.0,12.666666666666666,0.6839714698618208
S2,45900.0,12.75,0.6773589688447179
S2,46200.0,12.833333333333334,0.6708495289090851
S2,46500.0,12.916666666666666,0.6644413158825139
S2,46800.0,13.0,0.65813252869997
S2,47100.0,13.083333333333334,0.6519213988560991
S2,47400.0,13.166666666666666,0.645806189883221
S2,47700.0,13.25,0.6397851968483971
S2,48000.0,13.333333333333334,0.633856745862586
S2,48300.0,13.416666666666666,0.6280191935958813
S2,48600.0,13.5,0.6222709270323226
S2,48900.0,13.583333333333334,0.6166111192178532
S2,49200.0,13.666666666666666,0.6110389270796286
S2,49500.0,13.75,0.6055527567110555
S2,49800.0,13.833333333333334,0.6001510449684849
S2,50100.0,13.916666666666666,0.594832258693977
S2,50400.0,14.0,0.5895948939922676
S2,50700.0,14.083333333333334,0.5844367845472699
S2,51000.0,14.166666666666666,0.5793558333141879
S2,51300.0,14.25,0.5743506824741622
S2,51600.0,14.333333333333334,0.5694199991822517
S2,51900.0,14.416666666666666,0.5645624751409666
S2,52200.0,14.5,0.5597768262022602
S2,52500.0,14.583333333333334,0.5550624262336198
S2,52800.0,14.666666666666666,0.5504186348537373
S2,53100.0,14.75,0.545844182464123
S2,53400.0,14.833333333333334,0.5413378237771688
S2,53700.0,14.916666666666666,0.5368983373633113
S2,54000.0,15.0,0.5325245252182114
S2,54300.0,15.083333333333334,0.5282152123348215
S2,54600.0,15.166666666666666,0.5239692462777762
S2,54900.0,15.25,0.5197854967569612
S2,55200.0,15.333333333333334,0.5156628551992141
S2,55500.0,15.416666666666666,0.51160023431941
S2,55800.0,15.5,0.5075965677673285
S2,56100.0,15.583333333333334,0.5036513430946289
S2,56400.0,15.666666666666666,0.49976403730945784
S2,56700.0,15.75,0.49593359876368576
S2,57000.0,15.833333333333334,0.4921589967688487
S2,57300.0,15.916666666666666,0.48843922107890136
S2,57600.0,16.0,0.48477328148099047
S2,57900.0,16.083333333333332,0.48116020739152005
S2,58200.0,16.166666666666668,0.47759904746159454
S2,58500.0,16.25,0.47408886919027116
S2,58800.0,16.333333333333332,0.47062875854419106
S2,59100.0,16.416666666666668,0.46721781958296366
S2,59400.0,16.5,0.4638551741136028
S2,59700.0,16.583333333333332,0.4605404112470379
S2,60000.0,16.666666666666668,0.4572731116811819
S2,60300.0,16.75,0.4540524110195323
S2,60600.0,16.833333333333332,0.45087746255657174
S2,60900.0,16.916666666666668,0.4477474368696342
S2,61200.0,17.0,0.4446615213756334
S2,61500.0,17.083333333333332,0.4416185069038568
S2,61800.0,17.166666666666668,0.43861722295645345
S2,62100.0,17.25,0.4356569391167861
S2,62400.0,17.333333333333332,0.4327369393020532
S2,62700.0,17.416666666666668,0.42985652150149495
S2,63000.0,17.5,0.42701499748972016
S2,63300.0,17.583333333333332,0.4242116925480945
S2,63600.0,17.666666666666668,0.4214459451887848
S2,63900.0,17.75,0.41871710688456837
S2,64200.0,17.833333333333332,0.41602454180500653
S2,64500.0,17.916666666666668,0.41336762655904785
S2,64800.0,18.0,0.41074575000355174
S2,65100.0,18.083333333333332,0.40815866554718944
S2,65400.0,18.166666666666668,0.405606120024483
S2,65700.0,18.25,0.4030875100788484
S2,66000.0,18.333333333333332,0.40060224459568067
S2,66300.0,18.416666666666668,0.3981497443719139
S2,66600.0,18.5,0.395729441859583
S2,66900.0,18.583333333333332,0.39334078091815156
S2,67200.0,18.666666666666668,0.39098321656875673
S2,67500.0,18.75,0.3886562147529729
S2,67800.0,18.833333333333332,0.3863592520961265
S2,68100.0,18.916666666666668,0.3840918156751196
S2,68400.0,19.0,0.381853402790791
S2,68700.0,19.083333333333332,0.3796435207447923
S2,69000.0,19.166666666666668,0.37746168662136703
S2,69300.0,19.25,0.37530742707406123
S2,69600.0,19.333333333333332,0.37318027811749743
S2,69900.0,19.416666666666668,0.3710797849242762
S2,70200.0,19.5,0.36900550162692974
S2,70500.0,19.583333333333332,0.3669569911247931
S2,70800.0,19.666666666666668,0.3649338248956151
S2,71100.0,19.75,0.36293558281171234
S2,71400.0,19.833333333333332,0.3609618529604605
S2,71700.0,19.916666666666668,0.35901223146892325
S2,72000.0,20.0,0.35708632233253873
S2,72300.0,20.083333333333332,0.3551837372475208
S2,72600.0,20.166666666666668,0.3533040954470173
S2,72900.0,20.25,0.35144702354084323
S2,73200.0,20.333333333333332,0.34961215535868917
S2,73500.0,20.416666666666668,0.3477991317967179
S2,73800.0,20.5,0.3460076006674719
S2,74100.0,20.583333333333332,0.344237216553018
S2,74400.0,20.666666666666668,0.34248764066126486
S2,74700.0,20.75,0.340758540685387
S2,75000.0,20.833333333333332,0.33904959066629864
S2,75300.0,20.916666666666668,0.3373604708581166
S2,75600.0,21.0,0.3356908675965567
S2,75900.0,21.083333333333332,0.33404047317020746
S2,76200.0,21.166666666666668,0.33240898569462574
S2,76500.0,21.25,0.3307961089891985
S2,76800.0,21.333333333333332,0.32920155245671845
S2,77100.0,21.416666666666668,0.3276250309656165
S2,77400.0,21.5,0.3260662647348002
S2,77700.0,21.583333333333332,0.3245249792210417
S2,78000.0,21.666666666666668,0.3230009050088653
S2,78300.0,21.75,0.321493777702881
S2,78600.0,21.833333333333332,0.32000333782251006
S2,78900.0,21.916666666666668,0.3185293306990554
S2,79200.0,22.0,0.31707150646354926
S2,79500.0,22.083333333333332,0.3156298176869971
S2,79800.0,22.166666666666668,0.31420421317684244
S2,80100.0,22.25,0.3127944436919049
S2,80400.0,22.333333333333332,0.3114002647685939
S2,80700.0,22.416666666666668,0.31002143656758513
S2,81000.0,22.5,0.30865772373259903
S2,81300.0,22.583333333333332,0.30730871000260745
S2,81600.0,22.666666666666668,0.3059739913004097
S2,81900.0,22.75,0.3046533569233593
S2,82200.0,22.833333333333332,0.3033465999694392
S2,82500.0,22.916666666666668,0.30205351725100416
S2,82800.0,23.0,0.3007739092876519
S2,83100.0,23.083333333333332,0.2995077541634022
S2,83400.0,23.166666666666668,0.29825502644493496
S2,83700.0,23.25,0.29701552636255857
S2,84000.0,23.333333333333332,0.2957890578366693
S2,84300.0,23.416666666666668,0.2945754283792882
S2,84600.0,23.5,0.2933744489963352
S2,84900.0,23.583333333333332,0.2921857706524933
S2,85200.0,23.666666666666668,0.29100905418778145
S2,85500.0,23.75,0.289844130526772
S2,85800.0,23.833333333333332,0.28869083350723557
S2,86100.0,23.916666666666668,0.28754899985242965
S2,86400.0,24.0,0.28641846913449426
S2,86700.0,24.083333333333332,0.2852992377847363
S2,87000.0,24.166666666666668,0.2841912989697508
S2,87300.0,24.25,0.28309449137248266
S2,87600.0,24.333333333333332,0.28200865657445295
S2,87900.0,24.416666666666668,0.2809336389595552
S2,88200.0,24.5,0.27986928564680846
S2,88500.0,24.583333333333332,0.2788153013372329
S2,88800.0,24.666666666666668,0.27777139885658303
S2,89100.0,24.75,0.2767374415332432
S2,89400.0,24.833333333333332,0.2757132949699361
S2,89700.0,24.916666666666668,0.2746988270255732
S2,90000.0,25.0,0.2736939078008388
S2,90300.0,25.083333333333332,0.272698546730027
S2,90600.0,25.166666666666668,0.2717127502932098
S2,90900.0,25.25,0.27073638731344224
S2,91200.0,25.333333333333332,0.2697693288745732
S2,91500.0,25.416666666666668,0.2688114482676334
S2,91800.0,25.5,0.267862620945703
S2,92100.0,25.583333333333332,0.2669227244839916
S2,92400.0,25.666666666666668,0.26599163853350277
S2,92700.0,25.75,0.2650692447811777
S2,93000.0,25.833333333333332,0.26415542690946336
S2,93300.0,25.916666666666668,0.26325007055680233
S2,93600.0,26.0,0.26235306327901775
S2,93900.0,26.083333333333332,0.2614642945115637
S2,94200.0,26.166666666666668,0.2605836555326134
S2,94500.0,26.25,0.25971103942695944
S2,94800.0,26.333333333333332,0.25884634105070115
S2,95100.0,26.416666666666668,0.25798945699669523
S2,95400.0,26.5,0.2571402855219012
S2,95700.0,26.583333333333332,0.25629861049106284
S2,96000.0,26.666666666666668,0.25546422163051463
S2,96300.0,26.75,0.2546370280840549
S2,96600.0,26.833333333333332,0.25381694046404984
S2,96900.0,26.916666666666668,0.25300387079629
S2,97200.0,27.0,0.2521977324853108
S2,97500.0,27.083333333333332,0.2513985505094883
S2,97800.0,27.166666666666668,0.25060634769007734
S2,98100.0,27.25,0.24982103571044917
S2,98400.0,27.333333333333332,0.24904252777698818
S2,98700.0,27.416666666666668,0.24827073847489275
S2,99000.0,27.5,0.2475055837475959
S2,99300.0,27.583333333333332,0.24674698087385813
S2,99600.0,27.666666666666668,0.2459948484398194
S2,99900.0,27.75,0.24524910631535846
S2,100200.0,27.833333333333332,0.24450967563012319
S2,100500.0,27.916666666666668,0.24377647875005568
S2,100800.0,28.0,0.24304943925442127
S2,101100.0,28.083333333333332,0.24232848191332804
S2,101400.0,28.166666666666668,0.2416135326657207
S2,101700.0,28.25,0.24090451859783799
S2,102000.0,28.333333333333332,0.24020136792211663
S2,102300.0,28.416666666666668,0.23950400995653182
S2,102600.0,28.5,0.23881237510436068
S2,102900.0,28.583333333333332,0.2381263948343593
S2,103200.0,28.666666666666668,0.23744600166134314
S2,103500.0,28.75,0.23677112912716375
S2,103800.0,28.833333333333332,0.23610171178207323
S2,104100.0,28.916666666666668,0.23543768516646912
S2,104400.0,29.0,0.23477898573795808
S2,104700.0,29.083333333333332,0.23412546075989862
S2,105000.0,29.166666666666668,0.23347696119941252
S2,105300.0,29.25,0.2328334306194804
S2,105600.0,29.333333333333332,0.2321948132434285
S2,105900.0,29.416666666666668,0.2315610541590687
S2,106200.0,29.5,0.23093209924033303
S2,106500.0,29.583333333333332,0.23030798132486868
S2,106800.0,29.666666666666668,0.22968873161721295
S2,107100.0,29.75,0.2290742942760408
S2,107400.0,29.833333333333332,0.22846461436770202
S2,107700.0,29.916666666666668,0.22785963775831228
S2,108000.0,30.0,0.22725931110301673
S2,108300.0,30.083333333333332,0.22666358183252458
S2,108600.0,30.166666666666668,0.22607239814044167
S2,108900.0,30.25,0.22548570896867964
S2,109200.0,30.333333333333332,0.2249034639950055
S2,109500.0,30.416666666666668,0.2243256136203288
S2,109800.0,30.5,0.2237521089562468
S2,110100.0,30.583333333333332,0.22318290181284026
S2,110400.0,30.666666666666668,0.2226179446867115
S2,110700.0,30.75,0.2220571907492595
S2,111000.0,30.833333333333332,0.2215005938351869
S2,111300.0,30.916666666666668,0.22094810843123072
S2,111600.0,31.0,0.22039968966511309
S2,111900.0,31.083333333333332,0.21985529329470502
S2,112200.0,31.166666666666668,0.21931487569739871
S2,112500.0,31.25,0.21877839385968345
S2,112800.0,31.333333333333332,0.21824580536691987
S2,113100.0,31.416666666666668,0.21771706839330993
S2,113400.0,31.5,0.21719214169205775
S2,113700.0,31.583333333333332,0.21667098458571726
S2,114000.0,31.666666666666668,0.21615355695672528
S2,114300.0,31.75,0.21563981923811304
S2,114600.0,31.833333333333332,0.21512973240439748
S2,114900.0,31.916666666666668,0.21462325796264395
S2,115200.0,32.0,0.21412035794370068
S2,115500.0,32.083333333333336,0.21362099489360034
S2,115800.0,32.166666666666664,0.21312513186512463
S2,116100.0,32.25,0.21263273240952996
S2,116400.0,32.333333333333336,0.21214376056842965
S2,116700.0,32.416666666666664,0.21165818086583055
S2,117000.0,32.5,0.21117595830031882
S2,117300.0,32.583333333333336,0.21069705833739497
S2,117600.0,32.666666666666664,0.21022144690195071
S2,117900.0,32.75,0.20974909037088915
S2,118200.0,32.833333333333336,0.20927995556588064
S2,118500.0,32.916666666666664,0.20881400974625558
S2,118800.0,33.0,0.20835122060202776
S2,119100.0,33.083333333333336,0.20789155624704858
S2,119400.0,33.166666666666664,0.20743498521228587
S2,119700.0,33.25,0.20698147643922796
S2,120000.0,33.333333333333336,0.20653099927340848
S2,120300.0,33.416666666666664,0.20608352345804964
S2,120600.0,33.5,0.20563901912782162
S2,120900.0,33.583333333333336,0.20519745680271612
S2,121200.0,33.666666666666664,0.20475880738203048
S2,121500.0,33.75,0.20432304213846142
S2,121800.0,33.833333333333336,0.2038901327123054
S2,122100.0,33.916666666666664,0.2034600511057633
S2,122400.0,34.0,0.20303276967734785
S2,122700.0,34.083333333333336,0.2026082611363914
S2,123000.0,34.166666666666664,0.20218649853765136
S2,123300.0,34.25,0.2017674552760131
S2,123600.0,34.333333333333336,0.2013511050812858
S2,123900.0,34.416666666666664,0.2009374220130921
S2,124200.0,34.5,0.2005263804493325
S2,124500.0,34.583333333333336,0.20011789856080936
S2,124800.0,34.666666666666664,0.199711896297217
S2,125100.0,34.75,0.19930835109808617
S2,125400.0,34.833333333333336,0.19890724059269033
S2,125700.0,34.916666666666664,0.19850854271254084
S2,126000.0,35.0,0.19811223568745454
S2,126300.0,35.083333333333336,0.1977183524164737
S2,126600.0,35.166666666666664,0.19732692488026607
S2,126900.0,35.25,0.19693793004601926
S2,127200.0,35.333333333333336,0.1965513451789268
S2,127500.0,35.416666666666664,0.19616714781995123
S2,127800.0,35.5,0.1957853157828013
S2,128100.0,35.583333333333336,0.19540582714976726
S2,128400.0,35.666666666666664,0.1950286602681632
S2,128700.0,35.75,0.19465379374614336
S2,129000.0,35.833333333333336,0.19428120644887123
S2,129300.0,35.916666666666664,0.19391087749481364
S2,129600.0,36.0,0.19354278625204874
S2,129900.0,36.083333333333336,0.19317691233463596
S2,130200.0,36.166666666666664,0.19281323559904734
S2,130500.0,36.25,0.19245173614065925
S2,130800.0,36.333333333333336,0.19209239429030459
S2,131100.0,36.416666666666664,0.19173519061088223
S2,131400.0,36.5,0.19138010589402432
S2,131700.0,36.583333333333336,0.19102712115681975
S2,132000.0,36.666666666666664,0.19067621763859208
S2,132300.0,36.75,0.19032737679773182
S2,132600.0,36.833333333333336,0.1899805803085809
S2,132900.0,36.916666666666664,0.18963581005836908
S2,133200.0,37.0,0.18929304814420064
S2,133500.0,37.083333333333336,0.18895227687009047
S2,133800.0,37.166666666666664,0.18861347874404905
S2,134100.0,37.25,0.1882766364752145
S2,134400.0,37.333333333333336,0.18794173297103162
S2,134700.0,37.416666666666664,0.18760875133447671
S2,135000.0,37.5,0.1872776748613276
S2,135300.0,37.583333333333336,0.18694848703747763
S2,135600.0,37.666666666666664,0.18662117153629335
S2,135900.0,37.75,0.186295712216015
S2,136200.0,37.833333333333336,0.18597209311719856
S2,136500.0,37.916666666666664,0.18565029846020026
S2,136800.0,38.0,0.1853303126427002
S2,137100.0,38.083333333333336,0.18501212023726685
S2,137400.0,38.166666666666664,0.18469570598896076
S2,137700.0,38.25,0.1843810548129762
S2,138000.0,38.333333333333336,0.18406815179232133
S2,138300.0,38.416666666666664,0.18375698217553488
S2,138600.0,38.5,0.18344753137444
S2,138900.0,38.583333333333336,0.1831397849619333
S2,139200.0,38.666666666666664,0.1828337286698098
S2,139500.0,38.75,0.1825293483866218
S2,139800.0,38.833333333333336,0.18222663015557206
S2,140100.0,38.916666666666664,0.18192556017244013
S2,140400.0,39.0,0.1816261247835417
S2,140700.0,39.083333333333336,0.18132831048371956
S2,141000.0,39.166666666666664,0.18103210391436658
S2,141300.0,39.25,0.1807374918614795
S2,141600.0,39.333333333333336,0.18044446125374286
S2,141900.0,39.416666666666664,0.18015299916064312
S2,142200.0,39.5,0.1798630927906121
S2,142500.0,39.583333333333336,0.17957472948919906
S2,142800.0,39.666666666666664,0.17928789673727097
S2,143100.0,39.75,0.17900258214924059
S2,143400.0,39.833333333333336,0.17871877347132223
S2,143700.0,39.916666666666664,0.1784364585798136
S2,144000.0,40.0,0.17815562547940467
S2,144300.0,40.083333333333336,0.17787626230151143
S2,144600.0,40.166666666666664,0.1775983573026366
S2,144900.0,40.25,0.17732189886275332
S2,145200.0,40.333333333333336,0.1770468754837151
S2,145500.0,40.416666666666664,0.17677327578768848
S2,145800.0,40.5,0.1765010885156106
S2,146100.0,40.583333333333336,0.1762303025256691
S2,146400.0,40.666666666666664,0.17596090679180487
S2,146700.0,40.75,0.17569289040223807
S2,147000.0,40.833333333333336,0.1754262425580155
S2,147300.0,40.916666666666664,0.17516095257157954
S2,147600.0,41.0,0.17489700986535922
S2,147900.0,41.083333333333336,0.17463440397038152
S2,148200.0,41.166666666666664,0.17437312452490328
S2,148500.0,41.25,0.1741131612730641
S2,148800.0,41.333333333333336,0.17385450406355799
S2,149100.0,41.416666666666664,0.17359714284832578
S2,149400.0,41.5,0.1733410676812658
S2,149700.0,41.583333333333336,0.17308626871696423
S2,150000.0,41.666666666666664,0.1728327362094433
S2,150300.0,41.75,0.1725804605109286
S2,150600.0,41.833333333333336,0.17232943207063361
S2,150900.0,41.916666666666664,0.1720796414335625
S2,151200.0,42.0,0.1718310792393299
S2,151500.0,42.083333333333336,0.1715837362209981
S2,151800.0,42.166666666666664,0.17133760320393082
S2,152100.0,42.25,0.17109267110466353
S2,152400.0,42.333333333333336,0.17084893092979045
S2,152700.0,42.416666666666664,0.17060637377486665
S2,153000.0,42.5,0.17036499082332696
S2,153300.0,42.583333333333336,0.17012477334541976
S2,153600.0,42.666666666666664,0.1698857126971558
S2,153900.0,42.75,0.1696478003192726
S2,154200.0,42.833333333333336,0.1694110277362131
S2,154500.0,42.916666666666664,0.1691753865551191
S2,154800.0,43.0,0.1689408684648387
S2,155100.0,43.083333333333336,0.16870746523494765
S2,155400.0,43.166666666666664,0.1684751687147856
S2,155700.0,43.25,0.16824397083250395
S2,156000.0,43.333333333333336,0.16801386359412895
S2,156300.0,43.416666666666664,0.16778483908263725
S2,156600.0,43.5,0.1675568894570433
S2,156900.0,43.583333333333336,0.167330006951502
S2,157200.0,43.666666666666664,0.16710418387442094
S2,157500.0,43.75,0.1668794126075875
S2,157800.0,43.833333333333336,0.166655685605306
S2,158100.0,43.916666666666664,0.16643299539354856
S2,158400.0,44.0,0.16621133456911646
S2,158700.0,44.083333333333336,0.16599069579881356
S2,159000.0,44.166666666666664,0.16577107181863107
S2,159300.0,44.25,0.1655524554329436
S2,159600.0,44.333333333333336,0.16533483951371566
S2,159900.0,44.416666666666664,0.16511821699972026
S2,160200.0,44.5,0.16490258089576654
S2,160500.0,44.583333333333336,0.16468792427193915
S2,160800.0,44.666666666666664,0.1644742402628481
S2,161100.0,44.75,0.16426152206688682
S2,161400.0,44.833333333333336,0.16404976294550402
S2,161700.0,44.916666666666664,0.1638389562224802
S2,162000.0,45.0,0.16362909528322
S2,162300.0,45.083333333333336,0.1634201735740479
S2,162600.0,45.166666666666664,0.16321218460152
S2,162900.0,45.25,0.1630051219317713
S2,163200.0,45.333333333333336,0.16279897918970454
S2,163500.0,45.416666666666664,0.16259375005854573
S2,163800.0,45.5,0.16238942827906586
S2,164100.0,45.583333333333336,0.16218600764884505
S2,164400.0,45.666666666666664,0.16198348202179694
S2,164700.0,45.75,0.16178184530751477
S2,165000.0,45.833333333333336,0.16158109147053323
S2,165300.0,45.916666666666664,0.16138121452985044
S2,165600.0,46.0,0.16118220855819262
S2,165900.0,46.083333333333336,0.16098406768158122
S2,166200.0,46.166666666666664,0.16078678607854166
S2,166500.0,46.25,0.16059035797973775
S2,166800.0,46.333333333333336,0.1603947776671948
S2,167100.0,46.416666666666664,0.16020003947391556
S2,167400.0,46.5,0.16000613778312742
S2,167700.0,46.583333333333336,0.15981306702794054
S2,168000.0,46.666666666666664,0.15962082169061353
S2,168300.0,46.75,0.1594293963021862
S2,168600.0,46.833333333333336,0.1592387854417649
S2,168900.0,46.916666666666664,0.15904898373620652
S2,169200.0,47.0,0.15885998585937944
S2,169500.0,47.083333333333336,0.15867178653183808
S2,169800.0,47.166666666666664,0.15848438052024064
S2,170100.0,47.25,0.15829776263679374
S2,170400.0,47.333333333333336,0.15811192773892827
S2,170700.0,47.416666666666664,0.15792687072861866
S2,171000.0,47.5,0.15774258655202136
S2,171300.0,47.583333333333336,0.15755907019902415
S2,171600.0,47.666666666666664,0.1573763167026407
S2,171900.0,47.75,0.15719432113873136
S2,172200.0,47.833333333333336,0.1570130786254064
S2,172500.0,47.916666666666664,0.15683258432260702
S2,172800.0,48.0,0.15665283343176695
S2,173100.0,48.083333333333336,0.15647382119520625
S2,173400.0,48.166666666666664,0.15629554289578787
S2,173700.0,48.25,0.156117993856545
S2,174000.0,48.333333333333336,0.15594116944015526
S2,174300.0,48.416666666666664,0.15576506504855622
S2,174600.0,48.5,0.15558967612255875
S2,174900.0,48.583333333333336,0.1554149981414663
S2,175200.0,48.666666666666664,0.1552410266225767
S2,175500.0,48.75,0.15506775712086351
S2,175800.0,48.833333333333336,0.1548951852285484
S2,176100.0,48.916666666666664,0.15472330657479832
S2,176400.0,49.0,0.15455211682520215
S2,176700.0,49.083333333333336,0.1543816116814934
S2,177000.0,49.166666666666664,0.15421178688114842
S2,177300.0,49.25,0.15404263819700656
S2,177600.0,49.333333333333336,0.15387416143698626
S2,177900.0,49.416666666666664,0.15370635244359082
S2,178200.0,49.5,0.1535392070936489
S2,178500.0,49.583333333333336,0.1533727212979394
S2,178800.0,49.666666666666664,0.15320689100083792
S2,179100.0,49.75,0.15304171217998647
S2,179400.0,49.833333333333336,0.15287718084598476
S2,179700.0,49.916666666666664,0.1527132930419732
S2,180000.0,50.0,0.1525500448433729
S2,180300.0,50.083333333333336,0.15238743235753943
S2,180600.0,50.166666666666664,0.152225451723441
S2,180900.0,50.25,0.15206409911134072
S2,181200.0,50.333333333333336,0.15190337072248228
S2,181500.0,50.416666666666664,0.151743262788772
S2,181800.0,50.5,0.15158377157248348
S2,182100.0,50.583333333333336,0.1514248933659806
S2,182400.0,50.666666666666664,0.15126662449134204
S2,182700.0,50.75,0.1511089613001287
S2,183000.0,50.833333333333336,0.15095190017307283
S2,183300.0,50.916666666666664,0.1507954375197888
S2,183600.0,51.0,0.15063956977848772
S2,183900.0,51.083333333333336,0.15048429341569503
S2,184200.0,51.166666666666664,0.15032960492597108
S2,184500.0,51.25,0.15017550083163553
S2,184800.0,51.333333333333336,0.1500219776824948
S2,184843.03937106844,51.34528871418568,0.15
S3,0.0,0.0,2.55
S3,300.0,0.08333333333333333,2.55
S3,600.0,0.16666666666666666,2.55
S3,900.0,0.25,2.5500000000000003
S3,1200.0,0.3333333333333333,2.5500000000000003
S3,1500.0,0.4166666666666667,2.5500000000000003
S3,1800.0,0.5,2.5500000000000003
S3,2100.0,0.5833333333333334,2.5500000000000007
S3,2400.0,0.6666666666666666,2.549999999999996
S3,2700.0,0.75,2.549999999999406
S3,3000.0,0.8333333333333334,2.54999999997078
S3,3300.0,0.9166666666666666,2.5499999992989255
S3,3600.0,1.0,2.549999990302771
S3,3900.0,1.0833333333333333,2.5499999126321766
S3,4200.0,1.1666666666666667,2.549999440095972
S3,4500.0,1.25,2.549997278178602
S3,4800.0,1.3333333333333333,2.549989455284147
S3,5100.0,1.4166666666666667,2.5499661339387485
S3,5400.0,1.5,2.54990692782612
S3,5700.0,1.5833333333333333,2.549775816298127
S3,6000.0,1.6666666666666667,2.549517056344997
S3,6300.0,1.75,2.5490530181245483
S3,6600.0,1.8333333333333333,2.548284777651381
S3,6900.0,1.9166666666666667,2.54709645985709
S3,7200.0,2.0,2.5453620156154275
S3,7500.0,2.0833333333333335,2.542962730868841
S3,7800.0,2.1666666666666665,2.539798743227845
S3,8100.0,2.25,2.5357807059814323
S3,8400.0,2.3333333333333335,2.5308341717499987
S3,8700.0,2.4166666666666665,2.524903194514493
S3,9000.0,2.5,2.51795122030697
S3,9300.0,2.5833333333333335,2.5099609879049565
S3,9600.0,2.6666666666666665,2.500927830011006
S3,9900.0,2.75,2.4908607796769644
S3,10200.0,2.8333333333333335,2.4797829167463625
S3,10500.0,2.9166666666666665,2.4677243121565438
S3,10800.0,3.0,2.4547247923538023
S3,11100.0,3.0833333333333335,2.4408180362874625
S3,11400.0,3.1666666666666665,2.4260352818536104
S3,11700.0,3.25,2.4104329254660555
S3,12000.0,3.3333333333333335,2.3940645580267708
S3,12300.0,3.4166666666666665,2.3769778455815054
S3,12600.0,3.5,2.3592199500076494
S3,12900.0,3.5833333333333335,2.340865520062288
S3,13200.0,3.6666666666666665,2.321969343003355
S3,13500.0,3.75,2.3025786665717263
S3,13800.0,3.8333333333333335,2.282735908816815
S3,14100.0,3.9166666666666665,2.26248910644288
S3,14400.0,4.0,2.2418750877247424
S3,14700.0,4.083333333333333,2.220936296879622
S3,15000.0,4.166666666666667,2.199710732074918
S3,15300.0,4.25,2.1782235627624362
S3,15600.0,4.333333333333333,2.156510022135704
S3,15900.0,4.416666666666667,2.1346045319361995
S3,16200.0,4.5,2.112539075174473
S3,16500.0,4.583333333333333,2.0903611041616093
S3,16800.0,4.666666666666667,2.068116018152769
S3,17100.0,4.75,2.045829126804554
S3,17400.0,4.833333333333333,2.023523600571392
S3,17700.0,4.916666666666667,2.001220654727048
S3,18000.0,5.0,1.9789397130205972
S3,18300.0,5.083333333333333,1.9566881495443407
S3,18600.0,5.166666666666667,1.9344719221962305
S3,18900.0,5.25,1.9123061064556566
S3,19200.0,5.333333333333333,1.8902045548680284
S3,19500.0,5.416666666666667,1.8681799829375805
S3,19800.0,5.5,1.8462440504638924
S3,20100.0,5.583333333333333,1.8244178241004483
S3,20400.0,5.666666666666667,1.802721229987857
S3,20700.0,5.75,1.7811628107275257
S3,21000.0,5.833333333333333,1.7597502958815185
S3,21300.0,5.916666666666667,1.73849067017236
S3,21600.0,6.0,1.7173902359497848
S3,21900.0,6.083333333333333,1.696467307817988
S3,22200.0,6.166666666666667,1.6757391766468468
S3,22500.0,6.25,1.6552097162697104
S3,22800.0,6.333333333333333,1.6348822833705572
S3,23100.0,6.416666666666667,1.6147597585060933
S3,23400.0,6.5,1.5948445837058778
S3,23700.0,6.583333333333333,1.5751363893049029
S3,24000.0,6.666666666666667,1.5556345356079542
S3,24300.0,6.75,1.536340503421669
S3,24600.0,6.833333333333333,1.5172554580219018
S3,24900.0,6.916666666666667,1.4983802736864515
S3,25200.0,7.0,1.479715556956516
S3,25500.0,7.083333333333333,1.4612685279478617
S3,25800.0,7.166666666666667,1.4430458581661898
S3,26100.0,7.25,1.4250469957561729
S3,26400.0,7.333333333333333,1.407271208700039
S3,26700.0,7.416666666666667,1.3897176040724983
S3,27000.0,7.5,1.372385145615721
S3,27300.0,7.583333333333333,1.3552855295806776
S3,27600.0,7.666666666666667,1.338429641093478
S3,27900.0,7.75,1.3218150635962258
S3,28200.0,7.833333333333333,1.3054393053009516
S3,28500.0,7.916666666666667,1.2892998089880878
S3,28800.0,8.0,1.273393961140167
S3,29100.0,8.083333333333334,1.2577151434099187
S3,29400.0,8.166666666666666,1.2422569234929681
S3,29700.0,8.25,1.2270168991398784
S3,30000.0,8.333333333333334,1.2119926304746798
S3,30300.0,8.416666666666666,1.197181644922828
S3,30600.0,8.5,1.1825814433936448
S3,30900.0,8.583333333333334,1.1681968319702303
S3,31200.0,8.666666666666666,1.154032169872511
S3,31500.0,8.75,1.1400842730876715
S3,31800.0,8.833333333333334,1.1263499719647896
S3,32100.0,8.916666666666666,1.1128261164951099
S3,32400.0,9.0,1.099509580075091
S3,32700.0,9.083333333333334,1.0863939048534854
S3,33000.0,9.166666666666666,1.0734728633906714
S3,33300.0,9.25,1.0607437145577385
S3,33600.0,9.333333333333334,1.0482037394109878
S3,33900.0,9.416666666666666,1.0358502416847826
S3,34200.0,9.5,1.0236805486509903
S3,34500.0,9.583333333333334,1.0116951061302095
S3,34800.0,9.666666666666666,0.9998941992367616
S3,35100.0,9.75,0.9882749560971644
S3,35400.0,9.833333333333334,0.9768345416714248
S3,35700.0,9.916666666666666,0.9655701586608741
S3,36000.0,10.0,0.9544790488116048
S3,36300.0,10.083333333333334,0.9435599095398941
S3,36600.0,10.166666666666666,0.9328113917293401
S3,36900.0,10.25,0.922230723931356
S3,37200.0,10.333333333333334,0.9118151770817599
S3,37500.0,10.416666666666666,0.9015620632940576
S3,37800.0,10.5,0.8914687353203873
S3,38100.0,10.583333333333334,0.8815338827723234
S3,38400.0,10.666666666666666,0.8717561538398538
S3,38700.0,10.75,0.8621328997070512
S3,39000.0,10.833333333333334,0.8526615138167865
S3,39300.0,10.916666666666666,0.8433394312278386
S3,39600.0,11.0,0.8341641280065021
S3,39900.0,11.083333333333334,0.8251319360351064
S3,40200.0,11.166666666666666,0.8162393004763391
S3,40500.0,11.25,0.8074839261146486
S3,40800.0,11.333333333333334,0.7988635531660041
S3,41100.0,11.416666666666666,0.7903759569763478
S3,41400.0,11.5,0.7820189478978917
S3,41700.0,11.583333333333334,0.7737925412445771
S3,42000.0,11.666666666666666,0.7656966520157463
S3,42300.0,11.75,0.7577289942073518
S3,42600.0,11.833333333333334,0.7498873220996634
S3,42900.0,11.916666666666666,0.7421694296605772
S3,43200.0,12.0,0.7345731501360396
S3,43500.0,12.083333333333334,0.7270973452731483
S3,43800.0,12.166666666666666,0.7197408529693049
S3,44100.0,12.25,0.7125015282673619
S3,44400.0,12.333333333333334,0.7053772659994996
S3,44700.0,12.416666666666666,0.6983659996787105
S3,45000.0,12.5,0.6914657006362022
S3,45300.0,12.583333333333334,0.6846743772166684
S3,45600.0,12.666666666666666,0.6779900740351902
S3,45900.0,12.75,0.6714108712813914
S3,46200.0,12.833333333333334,0.6649348840595696
S3,46500.0,12.916666666666666,0.6585602617615172
S3,46800.0,13.0,0.6522851874719687
S3,47100.0,13.083333333333334,0.6461078774050215
S3,47400.0,13.166666666666666,0.6400265803667162
S3,47700.0,13.25,0.6340395772368901
S3,48000.0,13.333333333333334,0.6281451804631611
S3,48300.0,13.416666666666666,0.6223417335609757
S3,48600.0,13.5,0.6166276106367605
S3,48900.0,13.583333333333334,0.6110019685243014
S3,49200.0,13.666666666666666,0.6054639473061817
S3,49500.0,13.75,0.6000119419768942
S3,49800.0,13.833333333333334,0.5946443785756308
S3,50100.0,13.916666666666666,0.5893597135730515
S3,50400.0,14.0,0.5841564330707303
S3,50700.0,14.083333333333334,0.5790323659225577
S3,51000.0,14.166666666666666,0.5739854104489539
S3,51300.0,14.25,0.5690142000021983
S3,51600.0,14.333333333333334,0.5641173932802456
S3,51900.0,14.416666666666666,0.5592936738659529
S3,52200.0,14.5,0.554541749769402
S3,52500.0,14.583333333333334,0.5498609829076359
S3,52800.0,14.666666666666666,0.5452507213113961
S3,53100.0,14.75,0.5407096885535143
S3,53400.0,14.833333333333334,0.5362366329206995
S3,53700.0,14.916666666666666,0.5318303268455318
S3,54000.0,15.0,0.5274895664749302
S3,54300.0,15.083333333333334,0.5232131712347656
S3,54600.0,15.166666666666666,0.518999983395238
S3,54900.0,15.25,0.5148488676354335
S3,55200.0,15.333333333333334,0.5107587106061
S3,55500.0,15.416666666666666,0.5067284204923684
S3,55800.0,15.5,0.5027569265912967
S3,56100.0,15.583333333333334,0.4988437082210542
S3,56400.0,15.666666666666666,0.4949882341208884
S3,56700.0,15.75,0.491189449219917
S3,57000.0,15.833333333333334,0.48744631956742807
S3,57300.0,15.916666666666666,0.4837578318614179
S3,57600.0,16.0,0.48012299303356454
S3,57900.0,16.083333333333332,0.4765408298385067
S3,58200.0,16.166666666666668,0.47301038845265386
S3,58500.0,16.25,0.46953073408092355
S3,58800.0,16.333333333333332,0.46610095056997325
S3,59100.0,16.416666666666668,0.46272014002733475
S3,59400.0,16.5,0.45938742250468556
S3,59700.0,16.583333333333332,0.45610238138476833
S3,60000.0,16.666666666666668,0.45286459192820455
S3,60300.0,16.75,0.4496731885998449
S3,60600.0,16.833333333333332,0.4465273236666024
S3,60900.0,16.916666666666668,0.4434261668167765
S3,61200.0,17.0,0.4403689046348193
S3,61500.0,17.083333333333332,0.43735433138576957
S3,61800.0,17.166666666666668,0.4343812796504872
S3,62100.0,17.25,0.43144901847946115
S3,62400.0,17.333333333333332,0.4285568313300769
S3,62700.0,17.416666666666668,0.4257040158279591
S3,63000.0,17.5,0.42288988348707224
S3,63300.0,17.583333333333332,0.4201137594246091
S3,63600.0,17.666666666666668,0.41737498208090723
S3,63900.0,17.75,0.4146729029453502
S3,64200.0,17.833333333333332,0.4120068862887664
S3,64500.0,17.916666666666668,0.4093763089023402
S3,64800.0,18.0,0.40678055997037543
S3,65100.0,18.083333333333332,0.40421938949608804
S3,65400.0,18.166666666666668,0.40169254148038136
S3,65700.0,18.25,0.3991994131538822
S3,66000.0,18.333333333333332,0.39673941410644264
S3,66300.0,18.416666666666668,0.3943119659059239
S3,66600.0,18.5,0.3919165018290396
S3,66900.0,18.583333333333332,0.3895524666133947
S3,67200.0,18.666666666666668,0.3872193162087275
S3,67500.0,18.75,0.3849165175328585
S3,67800.0,18.833333333333332,0.38264354823231933
S3,68100.0,18.916666666666668,0.3803998964476022
S3,68400.0,19.0,0.37818506058304824
S3,68700.0,19.083333333333332,0.3759985490814047
S3,69000.0,19.166666666666668,0.3738398802032953
S3,69300.0,19.25,0.3717085818118118
S3,69600.0,19.333333333333332,0.3696041911622095
S3,69900.0,19.416666666666668,0.36752625469681693
S3,70200.0,19.5,0.3654743278450704
S3,70500.0,19.583333333333332,0.3634479748285344
S3,70800.0,19.666666666666668,0.3614467684707222
S3,71100.0,19.75,0.35947029001152003
S3,71400.0,19.833333333333332,0.35751812892599355
S3,71700.0,19.916666666666668,0.3555898827474859
S3,72000.0,20.0,0.3536851568946392
S3,72300.0,20.083333333333332,0.351803564502364
S3,72600.0,20.166666666666668,0.3499447262565596
S3,72900.0,20.25,0.3481082702324652
S3,73200.0,20.333333333333332,0.3462938317365454
S3,73500.0,20.416666666666668,0.34450105315182183
S3,73800.0,20.5,0.342729583786568
S3,74100.0,20.583333333333332,0.3409790797262955
S3,74400.0,20.666666666666668,0.3392492036889631
S3,74700.0,20.75,0.3375396248833438
S3,75000.0,20.833333333333332,0.3358500188704882
S3,75300.0,20.916666666666668,0.33418006742822526
S3,75600.0,21.0,0.33252945841864107
S3,75900.0,21.083333333333332,0.3308978856584777
S3,76200.0,21.166666666666668,0.32928504879239634
S3,76500.0,21.25,0.32769065316904805
S3,76800.0,21.333333333333332,0.3261144097198943
S3,77100.0,21.416666666666668,0.32455603484072487
S3,77400.0,21.5,0.3230152502758146
S3,77700.0,21.583333333333332,0.32149178300466746
S3,78000.0,21.666666666666668,0.31998536513128983
S3,78300.0,21.75,0.3184957337759431
S3,78600.0,21.833333333333332,0.31702263096932076
S3,78900.0,21.916666666666668,0.3155658035490961
S3,79200.0,22.0,0.31412500315496006
S3,79500.0,22.083333333333332,0.31270018152580736
S3,79800.0,22.166666666666668,0.3112912867132932
S3,80100.0,22.25,0.30989807109253803
S3,80400.0,22.333333333333332,0.3085202918001073
S3,80700.0,22.416666666666668,0.3071577105832496
S3,81000.0,22.5,0.3058100936201178
S3,81300.0,22.583333333333332,0.30447702855897396
S3,81600.0,22.666666666666668,0.3031581148321356
S3,81900.0,22.75,0.30185314322377205
S3,82200.0,22.833333333333332,0.300561908245794
S3,82500.0,22.916666666666668,0.29928420812328765
S3,82800.0,23.0,0.2980198447434518
S3,83100.0,23.083333333333332,0.2967687955886984
S3,83400.0,23.166666666666668,0.295531034520055
S3,83700.0,23.25,0.29430636327328846
S3,84000.0,23.333333333333332,0.29309458724110304
S3,84300.0,23.416666666666668,0.2918955153884178
S3,84600.0,23.5,0.29070896015659226
S3,84900.0,23.583333333333332,0.28953457589660103
S3,85200.0,23.666666666666668,0.2883720268235354
S3,85500.0,23.75,0.28722114512639546
S3,85800.0,23.833333333333332,0.28608176593350876
S3,86100.0,23.916666666666668,0.28495372724730045
S3,86400.0,24.0,0.28383686990147183
S3,86700.0,24.083333333333332,0.28273118972858047
S3,87000.0,24.166666666666668,0.2816366793370283
S3,87300.0,24.25,0.28055317874127167
S3,87600.0,24.333333333333332,0.27948053084275726
S3,87900.0,24.416666666666668,0.2784185813320441
S3,88200.0,24.5,0.2773671786203732
S3,88500.0,24.583333333333332,0.27632603046039084
S3,88800.0,24.666666666666668,0.2752948526495272
S3,89100.0,24.75,0.27427350967812464
S3,89400.0,24.833333333333332,0.2732618682993356
S3,89700.0,24.916666666666668,0.2722597975114008
S3,90000.0,25.0,0.2712671685397422
S3,90300.0,25.083333333333332,0.2702839902678757
S3,90600.0,25.166666666666668,0.26931026864408314
S3,90900.0,25.25,0.2683458736786717
S3,91200.0,25.333333333333332,0.26739067762384405
S3,91500.0,25.416666666666668,0.2664445549260549
S3,91800.0,25.5,0.265507382180991
S3,92100.0,25.583333333333332,0.26457903809378425
S3,92400.0,25.666666666666668,0.2636594034327353
S3,92700.0,25.75,0.26274836098954363
S3,93000.0,25.833333333333332,0.26184579553896264
S3,93300.0,25.916666666666668,0.26095159379937943
S3,93600.0,26.0,0.26006564439429114
S3,93900.0,26.083333333333332,0.25918783781464777
S3,94200.0,26.166666666666668,0.2583180663820357
S3,94500.0,26.25,0.2574562242126751
S3,94800.0,26.333333333333332,0.25660220718220517
S3,95100.0,26.416666666666668,0.2557559128912363
S3,95400.0,26.5,0.25491724058385234
S3,95700.0,26.583333333333332,0.25408597669299293
S3,96000.0,26.666666666666668,0.25326191305495915
S3,96300.0,26.75,0.2524449597995755
S3,96600.0,26.833333333333332,0.25163502843700364
S3,96900.0,26.916666666666668,0.25083203186453956
S3,97200.0,27.0,0.25003588449296643
S3,97500.0,27.083333333333332,0.2492466103891704
S3,97800.0,27.166666666666668,0.24846423224728864
S3,98100.0,27.25,0.24768866255225558
S3,98400.0,27.333333333333332,0.2469198153961408
S3,98700.0,27.416666666666668,0.2461576062427535
S3,99000.0,27.5,0.2454019519050078
S3,99300.0,27.583333333333332,0.24465277051908652
S3,99600.0,27.666666666666668,0.24390998151894824
S3,99900.0,27.75,0.24317350561217363
S3,100200.0,27.833333333333332,0.24244326475609168
S3,100500.0,27.916666666666668,0.24171918213441507
S3,100800.0,28.0,0.2410011821343774
S3,101100.0,28.083333333333332,0.24028919032435977
S3,101400.0,28.166666666666668,0.2395831334319926
S3,101700.0,28.25,0.23888293932271903
S3,102000.0,28.333333333333332,0.23818853697880615
S3,102300.0,28.416666666666668,0.23749985647879143
S3,102600.0,28.5,0.23681682897735257
S3,102900.0,28.583333333333332,0.23613938668558995
S3,103200.0,28.666666666666668,0.23546746285171316
S3,103500.0,28.75,0.23480099174212285
S3,103800.0,28.833333333333332,0.2341399086228796
S3,104100.0,28.916666666666668,0.2334841497415534
S3,104400.0,29.0,0.23283365202054696
S3,104700.0,29.083333333333332,0.23218826496607925
S3,105000.0,29.166666666666668,0.23154784122790603
S3,105300.0,29.25,0.23091232481833412
S3,105600.0,29.333333333333332,0.23028166064121036
S3,105900.0,29.416666666666668,0.22965579439282333
S3,106200.0,29.5,0.22903467263724234
S3,106500.0,29.583333333333332,0.22841832756545793
S3,106800.0,29.666666666666668,0.22780678999258017
S3,107100.0,29.75,0.22720000471966229
S3,107400.0,29.833333333333332,0.22659791743450908
S3,107700.0,29.916666666666668,0.22600047461762687
S3,108000.0,30.0,0.2254076235311138
S3,108300.0,30.083333333333332,0.2248193122053025
S3,108600.0,30.166666666666668,0.2242354894262218
S3,108900.0,30.25,0.22365610472107086
S3,109200.0,30.333333333333332,0.2230811083458626
S3,109500.0,30.416666666666668,0.22251045127279867
S3,109800.0,30.5,0.22194408517790334
S3,110100.0,30.583333333333332,0.22138196242890462
S3,110400.0,30.666666666666668,0.22082403607335852
S3,110700.0,30.75,0.2202702598270089
S3,111000.0,30.833333333333332,0.21972058806237718
S3,111300.0,30.916666666666668,0.21917497579757633
S3,111600.0,31.0,0.21863337868534338
S3,111900.0,31.083333333333332,0.21809575300228407
S3,112200.0,31.166666666666668,0.21756205563832537
S3,112500.0,31.25,0.21703224408637053
S3,112800.0,31.333333333333332,0.21650627643215237
S3,113100.0,31.416666666666668,0.2159841113442807
S3,113400.0,31.5,0.21546570806447995
S3,113700.0,31.583333333333332,0.21495102639801336
S3,114000.0,31.666666666666668,0.21444002670429066
S3,114300.0,31.75,0.2139326698876548
S3,114600.0,31.833333333333332,0.2134289173883455
S3,114900.0,31.916666666666668,0.2129287311736354
S3,115200.0,32.0,0.2124320737291361
S3,115500.0,32.083333333333336,0.21193890805026974
S3,115800.0,32.166666666666664,0.21144919763390418
S3,116100.0,32.25,0.21096290647014684
S3,116400.0,32.333333333333336,0.21047999903429543
S3,116700.0,32.416666666666664,0.210000440278941
S3,117000.0,32.5,0.20952419562622104
S3,117300.0,32.583333333333336,0.20905123096021813
S3,117600.0,32.666666666666664,0.20858151261950295
S3,117900.0,32.75,0.20811500738981661
S3,118200.0,32.833333333333336,0.2076516824968904
S3,118500.0,32.916666666666664,0.2071915055993995
S3,118800.0,33.0,0.20673444478204828
S3,119100.0,33.083333333333336,0.2062804685487839
S3,119400.0,33.166666666666664,0.20582954581613533
S3,119700.0,33.25,0.20538164590667593
S3,120000.0,33.333333333333336,0.2049367385426059
S3,120300.0,33.416666666666664,0.20449479383945296
S3,120600.0,33.5,0.204055782299888
S3,120900.0,33.583333333333336,0.2036196748076541
S3,121200.0,33.666666666666664,0.20318644262160623
S3,121500.0,33.75,0.20275605736985827
S3,121800.0,33.833333333333336,0.20232849104403744
S3,122100.0,33.916666666666664,0.20190371599364146
S3,122400.0,34.0,0.2014817049204984
S3,122700.0,34.083333333333336,0.2010624308733251
S3,123000.0,34.166666666666664,0.200645867242384
S3,123300.0,34.25,0.20023198775423548
S3,123600.0,34.333333333333336,0.19982076646658378
S3,123900.0,34.416666666666664,0.19941217776321432
S3,124200.0,34.5,0.1990061963413521
S3,124500.0,34.583333333333336,0.19860274140389686
S3,124800.0,34.666666666666664,0.19820173385638218
S3,125100.0,34.75,0.19780315143462404
S3,125400.0,34.833333333333336,0.19740697204990038
S3,125700.0,34.916666666666664,0.19701317391050027
S3,126000.0,35.0,0.19662173549410625
S3,126300.0,35.083333333333336,0.1962326893163265
S3,126600.0,35.166666666666664,0.19584606701874174
S3,126900.0,35.25,0.195461845827209
S3,127200.0,35.333333333333336,0.19508000329219272
S3,127500.0,35.416666666666664,0.19470051723884577
S3,127800.0,35.5,0.1943233657620294
S3,128100.0,35.583333333333336,0.193948527222102
S3,128400.0,35.666666666666664,0.1935759802412051
S3,128700.0,35.75,0.193205703699412
S3,129000.0,35.833333333333336,0.1928376767307351
S3,129300.0,35.916666666666664,0.1924718787195133
S3,129600.0,36.0,0.19210828929675589
S3,129900.0,36.083333333333336,0.19174688833654976
S3,130200.0,36.166666666666664,0.19138765595252763
S3,130500.0,36.25,0.19103057249439656
S3,130800.0,36.333333333333336,0.1906756185445247
S3,131100.0,36.416666666666664,0.1903227749145872
S3,131400.0,36.5,0.18997202264226795
S3,131700.0,36.583333333333336,0.189623342988017
S3,132000.0,36.666666666666664,0.18927671743186292
S3,132300.0,36.75,0.1889321276702779
S3,132600.0,36.833333333333336,0.18858955561309584
S3,132900.0,36.916666666666664,0.18824898338048054
S3,133200.0,37.0,0.18791039329994488
S3,133500.0,37.083333333333336,0.18757376790341862
S3,133800.0,37.166666666666664,0.18723908992436414
S3,134100.0,37.25,0.18690634229493994
S3,134400.0,37.333333333333336,0.18657550814320947
S3,134700.0,37.416666666666664,0.1862465707903967
S3,135000.0,37.5,0.18591951374818508
S3,135300.0,37.583333333333336,0.18559432071606105
S3,135600.0,37.666666666666664,0.18527097557870084
S3,135900.0,37.75,0.18494946240339857
S3,136200.0,37.833333333333336,0.18462976543753756
S3,136500.0,37.916666666666664,0.18431186910610137
S3,136800.0,38.0,0.18399575800922538
S3,137100.0,38.083333333333336,0.1836814169197882
S3,137400.0,38.166666666666664,0.18336883078104155
S3,137700.0,38.25,0.1830579847042784
S3,138000.0,38.333333333333336,0.18274886396653878
S3,138300.0,38.416666666666664,0.18244145400835218
S3,138600.0,38.5,0.18213574043151604
S3,138900.0,38.583333333333336,0.1818317089969102
S3,139200.0,38.666666666666664,0.18152934562234574
S3,139500.0,38.75,0.18122863638044776
S3,139800.0,38.833333333333336,0.1809295674965731
S3,140100.0,38.916666666666664,0.1806321253467595
S3,140400.0,39.0,0.18033629645570798
S3,140700.0,39.083333333333336,0.18004206749479687
S3,141000.0,39.166666666666664,0.17974942528012713
S3,141300.0,39.25,0.17945835677059827
S3,141600.0,39.333333333333336,0.17916884906601407
S3,141900.0,39.416666666666664,0.17888088940521868
S3,142200.0,39.5,0.17859446516426064
S3,142500.0,39.583333333333336,0.17830956385458632
S3,142800.0,39.666666666666664,0.178026173121261
S3,143100.0,39.75,0.17774428074121715
S3,143400.0,39.833333333333336,0.17746387462153032
S3,143700.0,39.916666666666664,0.1771849427977209
S3,144000.0,40.0,0.17690747343208255
S3,144300.0,40.083333333333336,0.17663145481203565
S3,144600.0,40.166666666666664,0.17635687534850616
S3,144900.0,40.25,0.1760837235743293
S3,145200.0,40.333333333333336,0.1758119881426771
S3,145500.0,40.416666666666664,0.17554165782551015
S3,145800.0,40.5,0.17527272151205267
S3,146100.0,40.583333333333336,0.17500516820729017
S3,146400.0,40.666666666666664,0.17473898703049057
S3,146700.0,40.75,0.17447416721374684
S3,147000.0,40.833333333333336,0.17421069810054185
S3,147300.0,40.916666666666664,0.17394856914433393
S3,147600.0,41.0,0.17368776990716503
S3,147900.0,41.083333333333336,0.17342829005828822
S3,148200.0,41.166666666666664,0.1731701193728159
S3,148500.0,41.25,0.1729132477303886
S3,148800.0,41.333333333333336,0.17265766511386288
S3,149100.0,41.416666666666664,0.17240336160801872
S3,149400.0,41.5,0.17215032739828626
S3,149700.0,41.583333333333336,0.1718985527694907
S3,150000.0,41.666666666666664,0.17164802810461632
S3,150300.0,41.75,0.17139874388358758
S3,150600.0,41.833333333333336,0.17115069068206937
S3,150900.0,41.916666666666664,0.1709038591702832
S3,151200.0,42.0,0.17065824011184216
S3,151500.0,42.083333333333336,0.17041382436260127
S3,151800.0,42.166666666666664,0.17017060286952584
S3,152100.0,42.25,0.16992856666957518
S3,152400.0,42.333333333333336,0.16968770688860293
S3,152700.0,42.416666666666664,0.16944801474027302
S3,153000.0,42.5,0.16920948152499113
S3,153300.0,42.583333333333336,0.16897209862885187
S3,153600.0,42.666666666666664,0.1687358575226003
S3,153900.0,42.75,0.16850074976060922
S3,154200.0,42.833333333333336,0.16826676697986973
S3,154500.0,42.916666666666664,0.1680339008989975
S3,154800.0,43.0,0.1678021433172523
S3,155100.0,43.083333333333336,0.16757148611357173
S3,155400.0,43.166666666666664,0.16734192124561809
S3,155700.0,43.25,0.1671134407488395
S3,156000.0,43.333333333333336,0.1668860367355436
S3,156300.0,43.416666666666664,0.1666597013939846
S3,156600.0,43.5,0.16643442698746247
S3,156900.0,43.583333333333336,0.16621020585343613
S3,157200.0,43.666666666666664,0.16598703040264684
S3,157500.0,43.75,0.1657648931182564
S3,157800.0,43.833333333333336,0.16554378655499472
S3,158100.0,43.916666666666664,0.16532370333832144
S3,158400.0,44.0,0.16510463616359725
S3,158700.0,44.083333333333336,0.16488657779526858
S3,159000.0,44.166666666666664,0.16466952106606134
S3,159300.0,44.25,0.16445345887618795
S3,159600.0,44.333333333333336,0.16423838419256354
S3,159900.0,44.416666666666664,0.16402429004803395
S3,160200.0,44.5,0.16381116954061337
S3,160500.0,44.583333333333336,0.16359901583273348
S3,160800.0,44.666666666666664,0.16338782215050188
S3,161100.0,44.75,0.16317758178297087
S3,161400.0,44.833333333333336,0.16296828808141645
S3,161700.0,44.916666666666664,0.16275993445862652
S3,162000.0,45.0,0.16255251438819968
S3,162300.0,45.083333333333336,0.1623460214038514
S3,162600.0,45.166666666666664,0.1621404490987556
S3,162900.0,45.25,0.1619357911247912
S3,163200.0,45.333333333333336,0.1617320411919897
S3,163500.0,45.416666666666664,0.16152919306776223
S3,163800.0,45.5,0.16132724057636477
S3,164100.0,45.583333333333336,0.16112617759822176
S3,164400.0,45.666666666666664,0.16092599806919775
S3,164700.0,45.75,0.1607266959801606
S3,165000.0,45.833333333333336,0.16052826537617412
S3,165300.0,45.916666666666664,0.16033070035605723
S3,165600.0,46.0,0.16013399507167309
S3,165900.0,46.083333333333336,0.1599381437273849
S3,166200.0,46.166666666666664,0.15974314057949887
S3,166500.0,46.25,0.1595489799356095
S3,166800.0,46.333333333333336,0.1593556561541513
S3,167100.0,46.416666666666664,0.15916316364370606
S3,167400.0,46.5,0.15897149686253165
S3,167700.0,46.583333333333336,0.15878065031804278
S3,168000.0,46.666666666666664,0.15859061856619422
S3,168300.0,46.75,0.15840139621099295
S3,168600.0,46.833333333333336,0.15821297790399894
S3,168900.0,46.916666666666664,0.15802535834374581
S3,169200.0,47.0,0.15783853227523983
S3,169500.0,47.083333333333336,0.15765249448956944
S3,169800.0,47.166666666666664,0.15746723982321217
S3,170100.0,47.25,0.15728276315771378
S3,170400.0,47.333333333333336,0.15709905941913588
S3,170700.0,47.416666666666664,0.15691612357752638
S3,171000.0,47.5,0.15673395064658122
S3,171300.0,47.583333333333336,0.1565525356830294
S3,171600.0,47.666666666666664,0.15637187378625286
S3,171900.0,47.75,0.15619196009786834
S3,172200.0,47.833333333333336,0.15601278980113997
S3,172500.0,47.916666666666664,0.1558343581207102
S3,172800.0,48.0,0.1556566603220328
S3,173100.0,48.083333333333336,0.1554796917109703
S3,173400.0,48.166666666666664,0.1553034476333929
S3,173700.0,48.25,0.1551279234747863
S3,174000.0,48.333333333333336,0.15495311465972894
S3,174300.0,48.416666666666664,0.15477901665155464
S3,174600.0,48.5,0.15460562495199112
S3,174900.0,48.583333333333336,0.15443293510065403
S3,175200.0,48.666666666666664,0.1542609426747097
S3,175500.0,48.75,0.15408964328845948
S3,175800.0,48.833333333333336,0.15391903259302372
S3,176100.0,48.916666666666664,0.15374910627586832
S3,176400.0,49.0,0.15357986006046223
S3,176700.0,49.083333333333336,0.15341128970590262
S3,177000.0,49.166666666666664,0.15324339100658083
S3,177300.0,49.25,0.1530761597917923
S3,177600.0,49.333333333333336,0.1529095919253479
S3,177900.0,49.416666666666664,0.15274368330526372
S3,178200.0,49.5,0.1525784298633956
S3,178500.0,49.583333333333336,0.15241382756507485
S3,178800.0,49.666666666666664,0.1522498724088344
S3,179100.0,49.75,0.15208656042598784
S3,179400.0,49.833333333333336,0.1519238876803276
S3,179700.0,49.916666666666664,0.15176185026780542
S3,180000.0,50.0,0.1516004443161999
S3,180300.0,50.083333333333336,0.15143966598479497
S3,180600.0,50.166666666666664,0.15127951146406207
S3,180900.0,50.25,0.15111997697533433
S3,181200.0,50.333333333333336,0.15096105877053254
S3,181500.0,50.416666666666664,0.15080275313183464
S3,181800.0,50.5,0.1506450563713483
S3,182100.0,50.583333333333336,0.15048796483084884
S3,182400.0,50.666666666666664,0.15033147488147044
S3,182700.0,50.75,0.150175582923415
S3,183000.0,50.833333333333336,0.15002028538566278
S3,183039.27145009284,50.84424206947023,0.15
