时间/s,0.0,0.1,0.2,0.3,0.4,0.5,0.6,0.7,0.8,0.9,1.0,1.1,1.2,1.3,1.4,1.5,1.6,1.7,1.8,1.9,药材表面
0.0,2.55,2.55,2.55,2.55,2.55,2.55,2.55,2.55,2.55,2.55,2.55,2.55,2.55,2.55,2.55,2.55,2.55,2.55,2.55,2.55,2.55
60.0,2.55,2.55,2.55,2.55,2.55,2.55,2.55,2.55,2.55,2.55,2.55,2.55,2.55,2.55,2.55,2.55,2.55,2.55,2.5499999958393462,2.548629612183916,2.0794955576580096
120.0,2.55,2.55,2.55,2.55,2.55,2.55,2.55,2.55,2.55,2.55,2.55,2.55,2.55,2.55,2.55,2.55,2.549999999999999,2.5499999990248843,2.5499710848367125,2.526856454582514,1.9230357860126936
180.0,2.55,2.55,2.55,2.55,2.55,2.55,2.55,2.55,2.55,2.55,2.55,2.55,2.55,2.55,2.55,2.5499999999999994,2.5499999999488088,2.5499993479283534,2.5492999368823717,2.479193392269537,1.8158554777681701
240.0,2.55,2.55,2.55,2.55,2.55,2.55,2.55,2.55,2.55,2.55,2.55,2.55,2.55,2.55,2.55,2.5499999999981657,2.549999984807455,2.549980880152575,2.5461929451458643,2.416224008079345,1.7332022843688277
300.0,2.55,2.55,2.55,2.55,2.55,2.55,2.55,2.55,2.55,2.55,2.55,2.55,2.55,2.55,2.5499999999999443,2.549999999641169,2.5499994995415873,2.5498451143944116,2.538879360268962,2.345522114814661,1.666123270302637
360.0,2.55,2.55,2.55,2.55,2.55,2.55,2.55,2.55,2.55,2.55,2.55,2.55,2.55,2.5499999999999985,2.5499999999914595,2.549999987157575,2.549994597168883,2.549348814435662,2.52645794386161,2.2711927014759508,1.6098289742613912
420.0,2.55,2.55,2.55,2.55,2.55,2.55,2.55,2.55,2.55,2.55,2.55,2.55,2.55,2.5499999999997955,2.5499999996748874,2.5499998281619125,2.5499694530392434,2.5481293318256393,2.5087904967015953,2.1957894662552175,1.5613471106637649
480.0,2.55,2.55,2.55,2.55,2.55,2.55,2.55,2.55,2.55,2.55,2.55,2.55,2.549999999999995,2.549999999991861,2.549999994863587,2.54999876516406,2.549885345694591,2.5457883333066498,2.48621196911091,2.1207168747883807,1.5187822378183304
540.0,2.55,2.55,2.55,2.55,2.55,2.55,2.55,2.55,2.55,2.55,2.55,2.55,2.5499999999997986,2.5499999998531595,2.549999955026207,2.549994159853491,2.5496736617010205,2.5419626622331872,2.4592624367412066,2.0467489878636536,1.4810954127742995
600.0,2.55,2.55,2.55,2.55,2.55,2.55,2.55,2.55,2.55,2.55,2.55,2.549999999999995,2.549999999995935,2.5499999984839334,2.549999740345901,2.549979445387822,2.5492361178453686,2.5363615683463685,2.4285503783953963,1.9743542354140358,1.4474925481867928
660.0,2.55,2.55,2.55,2.55,2.55,2.55,2.55,2.55,2.55,2.55,2.55,2.54999999999989,2.5499999999517096,2.5499999895891716,2.549998894849181,2.549941743758898,2.548451434411229,2.5287876157661895,2.394636816147549,1.9038303739796802,1.4173531143087048
720.0,2.55,2.55,2.55,2.55,2.55,2.55,2.55,2.55,2.55,2.55,2.5499999999999967,2.5499999999985308,2.5499999996147737,2.5499999474804125,2.549996262610053,2.549859797945592,2.5471852041218237,2.5191116927858483,2.35808102521972,1.8353335020887123,1.3900426977914033
780.0,2.55,2.55,2.55,2.55,2.55,2.55,2.55,2.55,2.55,2.55,2.5499999999999563,2.549999999986615,2.5499999977370105,2.5499997912184527,2.549989420663972,2.5497026920427683,2.5452997915751654,2.5072944452782364,2.319355694366528,1.7690161300466003,1.3651191958627846
840.0,2.55,2.55,2.55,2.55,2.55,2.55,2.55,2.55,2.55,2.5499999999999985,2.549999999999558,2.5499999999098906,2.549999989573462,2.549999312369443,2.549973983624231,2.5494298475071138,2.5426610450603846,2.493343651967437,2.278934058217641,1.7048967292458428,1.342236774594066
900.0,2.55,2.55,2.55,2.55,2.55,2.55,2.55,2.55,2.55,2.5499999999999856,2.549999999996638,2.5499999995251477,2.5499999604764483,2.5499980532233617,2.5499428761236533,2.5489918484598615,2.5391503727024505,2.477321929076202,2.2372040392861354,1.6429364122256194,1.3210523229073057
960.0,2.55,2.55,2.55,2.55,2.55,2.55,2.55,2.55,2.5499999999999994,2.5499999999998804,2.5499999999799408,2.5499999979483303,2.549999872217832,2.5499951296956676,2.549885689990207,2.5483322139734956,2.534665651003891,2.4593277613502798,2.194499604925327,1.583050557693907,1.3015414830007255
1020.0,2.55,2.55,2.55,2.55,2.55,2.55,2.55,2.55,2.549999999999996,2.549999999999205,2.5499999999022656,2.5499999924847856,2.5499996377296976,2.549989002291088,2.5497881962179534,2.5473893173232636,2.5291188060731855,2.439463948088922,2.1511024717520604,1.5252647413961067,1.283415626190247
1080.0,2.55,2.55,2.55,2.55,2.55,2.55,2.55,2.55,2.5499999999999696,2.549999999995664,2.549999999597419,2.549999976021041,2.549999080397511,2.5499772064237702,2.549632078655082,2.5460986736015374,2.522446043640276,2.4178746064245824,2.1072340400337515,1.4694848215899718,1.2667260006088616
1140.0,2.55,2.55,2.55,2.55,2.55,2.55,2.55,2.5499999999999985,2.5499999999998186,2.5499999999800753,2.549999998562653,2.549999931884859,2.5499978739458604,2.549956066838856,2.549394895515145,2.544394174142766,2.5146001536837863,2.3946693902725373,2.0630928359531855,1.4157971610973679,1.251271262658736
1200.0,2.55,2.55,2.55,2.55,2.55,2.55,2.55,2.5499999999999923,2.5499999999990766,2.549999999920837,2.549999995454444,2.5499998249080322,2.5499954608242104,2.549920416180509,2.54905020994495,2.5422118616922718,2.505545850323608,2.370005488965592,2.0188801441828166,1.3640395913963594,1.2368349863134622
1260.0,2.55,2.55,2.55,2.55,2.55,2.55,2.5499999999999994,2.549999999999959,2.5499999999959444,2.5499999997226954,2.549999987054553,2.549999586721778,2.5499909485060477,2.5498633399102477,2.5485680532700874,2.5394906336838665,2.4952736344123405,2.344011835988228,1.974751218341481,1.31411902383609,1.2232137607172748
1320.0,2.55,2.55,2.55,2.55,2.55,2.55,2.549999999999998,2.5499999999998044,2.5499999999843355,2.5499999991285716,2.549999966324003,2.5499990943437485,2.5499829947346613,2.549775978755491,2.5479155237040128,2.536174332886118,2.483790200996002,2.3168503110322773,1.9308646349024223,1.2659645786216305,1.2105262031853838
1380.0,2.55,2.55,2.55,2.55,2.55,2.5500000000000003,2.549999999999991,2.5499999999991703,2.5499999999458756,2.5499999975087095,2.549999919064468,2.5499981404381686,2.5499696731152492,2.549647393188421,2.5470573745088507,2.5322103723485436,2.4710979508260347,2.2886295403022476,1.8872871605053232,1.219698393117786,1.1987456732810413
1440.0,2.55,2.55,2.55,2.55,2.55,2.55,2.5499999999999585,2.549999999996862,2.5499999998305314,2.54999999344933,2.5499998185422177,2.549996391901937,2.549948333995327,2.549464469273645,2.545956581380391,2.5275527877075437,2.4572308969390186,2.259494520484952,1.8441350504824097,,1.1875524258798158
1500.0,2.55,2.55,2.55,2.55,2.5499999999999994,2.5499999999999976,2.549999999999828,2.5499999999892733,2.549999999513609,2.5499999839950744,2.549999617409529,2.5499933441348817,2.5499154594785756,2.549211958022746,2.544575230722797,2.5221650756554257,2.4422229621242413,2.2295792892650828,1.8015314230147776,,1.176813903416071
1560.0,2.55,2.55,2.55,2.55,2.55,2.549999999999991,2.54999999999936,2.5499999999664853,2.5499999987077513,2.549999963366185,2.5499992361543855,2.5499882614267393,2.5498665472302617,2.5488726193318643,2.5428758799073763,2.51601884699575,2.4261262574603153,2.199018732354879,1.7595347049713048,,1.1666481647775178
1620.0,2.55,2.55,2.55,2.55,2.5499999999999994,2.549999999999964,2.5499999999978296,2.549999999903353,2.5499999967951434,2.54999992092529,2.5499985476506364,2.549980104335415,2.5497960269639424,2.548427408780987,2.5408221006013028,2.5090892379934764,2.408994568791255,2.1679221456952282,1.7181446876519422,,1.1570012926860596
1680.0,2.55,2.55,2.55,2.55,2.549999999999998,2.549999999999866,2.5499999999932244,2.5499999997406353,2.5499999925254855,2.5499998379819493,2.5499973567338845,2.5499674759585687,2.549697151831794,2.547855655121069,2.53837866463353,2.5013622831194153,2.390878254889678,2.1363875240972963,1.6774213880400204,,1.1478215471067772
1740.0,2.55,2.55,2.55,2.55,2.549999999999992,2.549999999999549,2.549999999980366,2.549999999347631,2.549999983513619,2.5499996833911074,2.549995376135181,2.54994853640046,2.549561959911611,2.547135400988095,2.535512449061826,2.4928307996176535,2.371845354244175,2.1045091755454464,1.6373552601538326,,1.139307412382332
1800.0,2.55,2.55,2.5500000000000003,2.55,2.5499999999999714,2.549999999998591,2.54999999994682,2.5499999984525434,2.5499999654260703,2.5499994072692695,2.549992194461981,2.549920911361579,2.549381231063052,2.5462435098178795,2.5321917575460153,2.483487172735176,2.351932183264307,2.0723400716269706,1.5979817325813006,,1.1313396358369436
1860.0,2.55,2.55,2.55,2.549999999999998,2.549999999999904,2.5499999999959644,2.5499999998668907,2.5499999965867617,2.549999932107814,2.5499989540746695,2.549987503740594,2.5498840156500773,2.5491607279957575,2.54524296231642,2.528744144820506,2.474464968507919,2.3340371310546426,2.0455337649204783,1.568211879922948,,1.1236982392936292
1920.0,2.55,2.55,2.55,2.5499999999999936,2.549999999999705,2.549999999989151,2.5499999996850176,2.5499999928232273,2.549999872066414,2.5499982171225892,2.5499805599973797,2.5498338278923502,2.5488825501531425,2.5440615268343243,2.5248963210692126,2.4648688852660814,2.315705353233526,2.0188871262863417,1.5392542993377412,,1.116224837073337
1980.0,2.55,2.55,2.5499999999999994,2.549999999999979,2.5499999999991494,2.549999999972492,2.5499999992914986,2.549999985559372,2.549999767803208,2.5499970553251727,2.5499705375757498,2.5497669266227607,2.548537100999415,2.5426824098267726,2.5206407119426095,2.4547143472730797,2.2970130515358314,1.9924533259744819,1.5110743594344205,,1.1089426339435255
2040.0,2.5500000000000003,2.55,2.549999999999998,2.5499999999999345,2.549999999997692,2.5499999999338483,2.5499999984785444,2.5499999720898083,2.5499995926579095,2.549995274728114,2.5499564025141646,2.5496793901311503,2.5481143220979576,2.5410904913058436,2.5159697260374685,2.4440331849833568,2.2779948882290917,1.966260004692394,1.4835882141814387,,1.102004319720668
2100.0,2.55,2.55,2.549999999999995,2.5499999999998098,2.5499999999940726,2.5499999998485277,2.5499999968695413,2.5499999479916307,2.5499993075047573,2.5499926155022328,2.5499368863035867,2.549566773885854,2.547603731032552,2.5392713881662794,2.510878094317558,2.4328410544040837,2.2587020891733007,1.940326004573475,1.4567880570044676,,1.0952996743286016
2160.0,2.55,2.55,2.549999999999984,2.54999999999948,2.5499999999855345,2.5499999996682727,2.5499999938039943,2.549999906310366,2.5499988563084144,2.5499887373369856,2.549910460096818,2.549424147500424,2.5469944631450687,2.537211520133769,2.505365873550095,2.421169203312207,2.2391758431109454,1.9146679623953398,1.4306582283060025,,1.088810965083159
2220.0,2.5499999999999994,2.5499999999999985,2.5499999999999536,2.5499999999986485,2.5499999999663214,2.549999999303108,2.5499999881742026,2.549999836425334,2.549998160855606,2.5499832039109407,2.549875313907529,2.5492461031102827,2.546275457244024,2.5348974863361393,2.499431115501727,2.4090408808182047,2.2194568789283844,1.8893032103248704,1.405154832146802,,1.0826889278317278
2280.0,2.549999999999999,2.5499999999999954,2.549999999999872,2.5499999999966554,2.549999999924894,2.5499999985904402,2.5499999781647866,2.5499997224916546,2.549997114361824,2.549975466667915,2.5498293384602855,2.549026775906192,2.5454358403058457,2.5323187455488934,2.4930767692238205,2.396480699541386,2.19957373481001,1.8642304197291462,1.3802958986286056,,1.0767996449083064
2340.0,2.5499999999999985,2.5499999999999865,2.549999999999663,2.5499999999920906,2.549999999839151,2.5499999972488157,2.5499999609126967,2.549999541584461,2.549995574035632,2.54996484607647,2.5497701075064385,2.548759864694082,2.544464577294585,2.5294652036890017,2.4863077060147023,2.3835144508606896,2.1795581872087872,1.8394602611634754,1.3560469661126313,,1.071149436547351
2400.0,2.549999999999996,2.549999999999962,2.5499999999991565,2.5499999999820706,2.5499999996680733,2.549999994802367,2.549999932011598,2.54999926135421,2.5499933539725066,2.5499505169843575,2.549694869018435,2.5484386907548604,2.543350807639316,2.5263274700147607,2.4791246242291605,2.3701649648661203,2.1594412642631964,1.8149996624880385,1.3324028868810405,,1.065736626963395
2460.0,2.5499999999999865,2.5499999999998986,2.5499999999979766,2.5499999999609013,2.5499999993384237,2.5499999904783195,2.5499998848340977,2.549998836897045,2.549990215104079,2.549931493173428,2.5496005369006665,2.5480562244289757,2.5420838429173775,2.522896926764727,2.4715388125231144,2.3564599148964795,2.139245294732196,1.7908692892464857,1.3093450522770693,,1.0605610245420154
2520.0,2.5499999999999634,2.5499999999997427,2.549999999995339,2.5499999999177945,2.5499999987235342,2.549999983042193,2.549999809740397,2.549998207212725,2.5499858556640747,2.5499066089931723,2.549483692868857,2.5476051635025074,2.5406529748300652,2.519168424302389,2.4635561415679024,2.3424204947831653,2.1190004555672606,1.7670565324230358,1.2868750044254185,,1.055592478708535
2580.0,2.549999999999903,2.549999999999374,2.549999999989666,2.549999999832968,2.5499999976096994,2.5499999705970775,2.5499996928242585,2.5499972916091904,2.549979899236486,2.549874506018302,2.5493405881471882,2.547077964484255,2.539048459202901,2.5151368418390727,2.455185568134957,2.3280760142497665,2.098735198016858,1.7435988086512677,1.2649638310906957,,1.0506534278967252
2640.0,2.549999999999755,2.5499999999985365,2.549999999977889,2.5499999996712077,2.5499999956493715,2.549999950257197,2.5499995147278582,2.5499959844069857,2.549971885661886,2.5498336211314405,2.549167161744024,2.5464669713215784,2.5372612545087696,2.5107975677575585,2.446443823463878,2.3134547120040714,2.0784824862013282,1.720504087053432,1.2435243965724116,,1.0459231232733641
2700.0,2.549999999999406,2.549999999996704,2.549999999954248,2.5499999993717166,2.549999992286817,2.549999917797159,2.549999248776927,2.549994148695862,2.549961262052511,2.5497821799114813,2.5489590709908687,2.545764500698946,2.5352828866849393,2.5061500761749755,2.437337074952551,2.2985784285946824,2.058252836699469,1.6977375467416829,1.2226116804780895,,1.0414126870061295
2760.0,2.549999999998615,2.549999999992827,2.5499999999082488,2.5499999988326385,2.5499999866601377,2.549999867057843,2.5499988588654987,2.549991613322443,2.5499473689605416,2.5497181867014787,2.5487116867909885,2.54496271215623,2.533105167986623,2.501193103632426,2.4278812647874366,2.283466973587868,2.038062393642476,1.6753249172846938,1.2021937747302531,,1.0369198730489055
2820.0,2.549999999996883,2.549999999984893,2.54999999982133,2.549999997887314,2.549999977462193,2.5499997893968067,2.549998297491364,2.549988164109078,2.549929430371853,2.5496394184917888,2.5484201264678443,2.5440538137005237,2.5307202916692413,2.495926345469715,2.418091077334806,2.26815460626488,2.0179541246460797,1.6532876403389827,1.182180868166298,,1.032458484979939
2880.0,2.549999999993219,2.5499999999691423,2.5499999996615035,2.5499999962689825,2.5499999627395487,2.549999672679085,2.549997501962467,2.549983535724373,2.54990654057559,2.5495434320880346,2.548079325366713,2.5430304588223422,2.5281226316954357,2.490352872180543,2.407982663010578,2.2526633911707905,1.997936444607038,1.631598781189291,1.1625739876484789,,1.0281956868235365
2940.0,2.54999999998571,2.5499999999387737,2.5499999993752374,2.5499999935632522,2.549999939667524,2.5499995005083864,2.5499963925380404,2.5499774087862632,2.5498776613471965,2.54942755401095,2.5476840568233707,2.5418853810631443,2.5253069412420937,2.484476391845376,2.3975720209693514,2.2370106777195087,1.9780128084945086,1.610239873297914,1.1434217423805113,,1.024020323941736
3000.0,2.54999999997078,2.549999999881799,2.549999998874945,2.5499999891375733,2.5499999041843195,2.549999250626278,2.5499948679359385,2.5499694014003893,2.5498416198641394,2.5492889109127415,2.5472289319313215,2.5406114735689003,2.5222684536248687,2.47829981677334,2.3868702528671157,2.22122292942217,1.9582172861943585,1.5892404721010804,1.1245911760082596,,1.0198245948109281
3060.0,2.549999999941931,2.5499999997776355,2.549999998020672,2.5499999820427526,2.5499998506129846,2.549998893949164,2.549992800832105,2.549959059152744,2.5497970920319495,2.549124429924975,2.5467084983347408,2.5392021067317687,2.519003688566098,2.4718283439677435,2.3759010826138987,2.205321448202329,1.9385500667476432,1.5685773968294348,1.1061235496187203,,1.015758654695206
3120.0,2.5499999998876706,2.5499999995917983,2.5499999965935163,2.549999970893104,2.5499997711291096,2.549998392173238,2.549990036346689,2.5499458471686127,2.5497426044105986,2.5489308508589104,2.5461172721951884,2.537651019870843,2.51550893667762,2.4650699399687817,2.364675698790007,2.1893240076292484,1.9190206513880688,1.5482245876954763,1.0880551547226691,,1.0119176337581453
3180.0,2.5499999997881924,2.549999999267848,2.5499999942577203,2.549999953695165,2.549999655057453,2.5499976967274884,2.549986383210114,2.549929155336046,2.5496765291758505,2.5487047383878028,2.545449735231114,2.535952201032575,2.511782654790743,2.458028145747818,2.3532058000161813,2.1732319339868167,1.8996130576007981,1.5281549888885293,1.0704920149234198,,1.008304729366594
3240.0,2.5499999996101876,2.5499999987154216,2.5499999905104027,2.549999927621217,2.549999488270054,2.5499967453875683,2.5499816134318416,2.549908279356592,2.5495970575618156,2.5484424718171095,2.544700272369527,2.5340996725873377,2.5078222469471836,2.450706134640677,2.341503290738195,2.157065376497878,1.880340466650055,1.5084108572819648,1.0532763325965437,,1.004723370222211
3300.0,2.5499999992989255,2.5499999977928463,2.5499999846102295,2.5499998887454103,2.5499992519685004,2.549995461210193,2.5499754558445087,2.5498824076460407,2.5495022598052715,2.548140267939087,2.543863299669097,2.532087625455015,2.503626634959582,2.443113712602099,2.329582690633314,2.140837956901537,1.861220021169006,1.4889908581413775,1.036395776361046,,1.0012228699546348
3360.0,2.549999998766444,2.549999996282375,2.549999975484149,2.549999831704899,2.5499989219385304,2.549993748029384,2.5499675849946506,2.5498506373304126,2.549390033631272,2.5477942225801304,2.542933351302096,2.5299114839331973,2.4991943859182384,2.4352574763579544,2.317462258565596,2.1245711697623864,1.8422609186079901,1.469892593312747,1.0197671054059887,,0.9977010953786801
3420.0,2.5499999978742287,2.5499999938552826,2.549999961602298,2.5499997492415534,2.5499984670179425,2.5499914894963207,2.5499576302058684,2.549811960762656,2.5492581275248196,2.5474003333303328,2.541905109758821,2.527567018718632,2.494527180146448,2.4271458158303214,2.3051546236781446,2.1082780744731053,1.8234772588039931,1.4511139319518975,1.0033757040300924,,0.9942067870728312
3480.0,2.54999999640847,2.549999990024156,2.5499999408185716,2.549999631685641,2.549997847617928,2.549988543694043,2.549945155423561,2.5497652566947004,2.549104151925942,2.5469545432726655,2.540773502675787,2.525050690714868,2.4896272847146874,2.418791064911661,2.2926812175106366,2.091979588214501,1.804876098459737,1.4326349222999997,,,0.9906949270904799
3540.0,2.5499999940452747,2.549999984079269,2.5499999101778075,2.549999466413511,2.5499970146838837,2.5499847421652673,2.5499296617900624,2.549709271841829,2.548925576144925,2.5464527630040243,2.539533689250384,2.5223595208717158,2.484497345242011,2.4102020048635633,2.280053288456125,2.0756894401089054,1.7864706129399277,1.4144544431318202,,,0.9871777963644516
3600.0,2.549999990302771,2.5499999750028572,2.5499998656568184,2.549999237026496,2.54999590653687,2.549979884398242,2.5499105914288918,2.549642684511344,2.548719739669346,2.5458909149600184,2.53818116441067,2.5194913244326007,2.4791397076508868,2.4013896577753764,2.267291229012939,2.0594202025802715,1.7682464555301476,1.3965236187976158,,,0.983839087124993
3660.0,2.549999984474697,2.549999961341814,2.5499998016933834,2.549998921139157,2.5499944408573025,2.549973690226463,2.549887084400045,2.5495631390085554,2.5484806691828426,2.5452544179984327,2.5366822980537855,2.516371018968835,2.4733983962733053,2.3920520680943196,2.253855121256868,2.042321971686478,1.7489932907598524,1.3772896754795538,,,0.9806493686033414
3720.0,2.5499999755426135,2.5499999410887044,2.549999711098365,2.5499984924952197,2.5499925286631506,2.54996590658464,2.549858541570756,2.5494695995806183,2.5482076721581275,2.544546823809793,2.535055949357348,2.5130571685034373,2.467416803183866,2.382478570790739,2.2402717069250437,2.025225918955613,1.7299053441602275,1.3583372089433978,,,0.9774914034783755
3780.0,2.549999962063147,2.5499999114808753,2.5499995844040177,2.5499979172026728,2.549990059412791,2.5499562048991473,2.549824147683424,2.5493603031492684,2.547897605957525,2.5437636823938385,2.533297312320744,2.509548584365451,2.4611964948755634,2.3726816599921676,2.226554294002558,2.0081431576777713,1.7109817037690915,1.3396486940616548,,,0.9744577413129578
3840.0,2.5499999420193458,2.5499998687740972,2.5499994093549954,2.549997153170414,2.549986899644419,2.5499442182234113,2.549782998223287,2.549233345986537,2.5475472411887368,2.5429006074152825,2.5314022486362067,2.5058429514842833,2.4547437645994696,2.3626695325140186,2.212709557559166,1.9910804206328876,1.692223699710124,1.3212291272288548,,,0.971439813595479
3900.0,2.5499999126321766,2.549999807957996,2.549999170255575,2.5499961491225114,2.549982893649403,2.549929519623672,2.549734079813926,2.5490867571072475,2.5471532684342675,2.5419532676414724,2.529367058952513,2.5019392906813644,2.448059443965541,2.352450858673071,2.198755025687206,1.9740516857609547,1.6736449594240044,1.303081482032424,,,0.9684046045097341
3960.0,2.549999870123911,2.5499997223997894,2.549998847149667,2.549994841983218,2.5499778569182956,2.549911631100283,2.5496763226375996,2.5489184363284427,2.546712323455267,2.540917458158371,2.5271882842305664,2.497838250596907,2.441152636943699,2.3420399585240506,2.184704762436138,1.9570684427547338,1.6552497309803973,1.2851823067092423,,,0.9654121403504522
4020.0,2.549999809425509,2.5499996034416945,2.549998415107269,2.549993156295253,2.549971577485,2.549890022024364,2.5496085536783064,2.5487261873992564,2.546221018675565,2.53978914583369,2.5248628032153713,2.4935390465086775,2.4340256076509323,2.331443448762506,2.170568617458977,1.9401393584807565,1.6370394317318342,1.2675260922980363,,,0.9623814698220416
4080.0,2.5499997238182126,2.549999439901721,2.5499978432328656,2.549991002177439,2.5499638085514422,2.5498640834440502,2.549529506323446,2.5485077269674448,2.5456759586514677,2.5385644724585203,2.5223874610573995,2.48904328387,2.4266881312796977,2.320676538250844,2.156361542315171,1.9232772601847032,1.6190234335013793,1.2501012252434158,,,0.9592817889774771
4140.0,2.5499996045044124,2.549999217486126,2.5499970935287934,2.5499882715277638,2.549954270874099,2.549833168253538,2.5494378049252244,2.5482606975695306,2.5450737728050954,2.537239713984328,2.5197608089502026,2.4843535592748975,2.4191446922538393,2.30975075176982,2.1420989119480414,1.9064911899111345,1.6011944996044265,1.2328652346913436,,,0.9563047542028765
4200.0,2.549999440095972,2.5499989181193614,2.549996119536345,2.5499848399641825,2.5499426445615656,2.549796550424127,2.549332041813653,2.547982684680269,2.5444111444891053,2.535811499588317,2.516981207972337,2.479470003985268,2.4114044237253296,2.298672598988276,2.1277844271215565,1.8897749848181036,1.5835304616352552,1.2158332506188767,,,0.9533882349745859
4260.0,2.5499992160173917,2.549998519178511,2.5499948654209006,2.5499805611471738,2.549928573171364,2.5497534338312278,2.5492107062901157,2.547671175434097,2.543684775313359,2.5342766541634836,2.514046987315347,2.4743959324373948,2.403469976097601,2.2874531242752716,2.113424918747128,1.8731372316562465,1.5660395007157704,1.1990133408071308,,,0.9504902871303275
4320.0,2.5499989138131336,2.549997992624074,2.549993264559937,2.549975265050783,2.549911653693796,2.549702979436649,2.549072200065733,2.547323661036234,2.5428914012012163,2.5326321022823137,2.510956042891938,2.469133319453389,2.395350472441543,2.2760979739052787,2.0990280183766687,1.856574436345641,1.5487059491557476,1.1823835663058957,,,0.9477652643403291
4380.0,2.5499985103505027,2.5499973040201844,2.549991237808393,2.5499687598073835,2.549891443085866,2.549644249486939,2.548914819099623,2.546937585837308,2.542027808464005,2.5308749201223453,2.507708066943669,2.463682788161807,2.3870475656461014,2.264613592419131,2.0845963067427635,1.8400841696956098,1.5315309773914638,1.1659946390967793,,,0.9449844217150722
4440.0,2.5499979769133576,2.549996411364432,2.5499886914830774,2.5499608226121864,2.5498674453246677,2.5495762603229903,2.548736858846527,2.546510334256419,2.541090805153453,2.5290022891215074,2.504302125273349,2.45804853323793,2.37857113859082,2.253013063776538,2.070147493234644,1.8236914474919181,1.5145503503077729,1.1497995271934491,,,0.9420659490777801
4500.0,2.549997278178602,2.5499952640144583,2.5499855166163856,2.54995120390122,2.5498391224759493,2.549497967706583,2.548536512139168,2.546039280792579,2.5400773525459783,2.5270118923139413,2.500738204369571,2.4522335564491917,2.3699277794593616,2.2413064640375895,2.0556926484392712,1.8074003330015025,1.497748708022383,1.1337394910383192,,,0.9392181208609444
4560.0,2.5499963710798554,2.549993801358896,2.5499815870517146,2.549939624301089,2.549805877558375,2.549408214618653,2.5483119252675017,2.54552183683463,2.5389846213641882,2.5249018277082813,2.497016225102989,2.446242812564562,2.361128144744451,2.229503693063817,2.041233147388707,1.7912026572410318,1.4811023941083163,1.1178502494634281,,,0.9364597046552907
4620.0,2.5499952035853037,2.549991951366457,2.549976757247943,2.5499257635700308,2.5497670755957538,2.549305853250518,2.548061127715284,2.5449554307535864,2.5378098776705382,2.522669895977222,2.4931374316927344,2.4400800469574557,2.352173715523781,2.2176103300167984,2.026773272396684,1.7750963785033065,1.4646056913104348,1.1021394504558715,,,0.933779325492749
4680.0,2.5499937133747457,2.549989629163439,2.549970859533093,2.5499092786098387,2.5497220150929905,2.5491896421916316,2.5477822406061175,2.544337492910941,2.5365504555449476,2.5203146976058037,2.4891022320238414,2.4337465582527957,2.3430733762214504,2.2056273414598717,2.012313388397546,1.759076553056216,1.448253035364458,1.0866318184714028,,,0.9311770229133823
4740.0,2.549991826393103,2.5499867354536097,2.5499637049015025,2.5498897813042674,2.5496699620685286,2.5490582418818075,2.5474732769895008,2.543665454610166,2.5352037491106825,2.5178345953894588,2.484910268672847,2.42724759620176,2.3338289525653226,2.1935646677945355,1.9978603680399063,1.743150419516632,1.4320574728787916,1.0713087022511394,,,0.9285988617594068
4800.0,2.549989455284147,2.5499831548288916,2.549955079913112,2.5498668450200186,2.549610103443839,2.548910338718219,2.5471322105695524,2.542936698195602,2.533767274614977,2.5152282107150694,2.480562635150628,2.4205849430851947,2.3244494344447753,2.1814287662249807,1.9834163936306264,1.7273173293803292,1.4160165050122682,1.056159647307983,,,0.9260062243145634
4860.0,2.549986497720122,2.549978754000297,2.549944744096212,2.5498400120081683,2.5495416058813514,2.5487444989601853,2.5467569209234404,2.5421487598180925,2.5322386938170953,2.512494400968595,2.476060973444031,2.413763804087943,2.31493912679138,2.169224123469787,1.9689912259768803,1.7115879165026537,1.4001434012979184,1.0411389202684853,,,0.9233346370148027
4920.0,2.549982834662919,2.549973379446979,2.549932425699399,2.549808766719238,2.549463541208314,2.5485592326069706,2.546345358046318,2.5412992118798057,2.5306158638115273,2.5096324144162514,2.4714068525258135,2.406789010623912,2.30530749380346,2.1569640767617995,1.9545947312506722,1.695967800646127,1.3844278111710093,1.0262303200730019,,,0.9207402951309536
4980.0,2.5499783285728856,2.5499668568898195,2.5499178270484135,2.549772569325762,2.549374984440357,2.5483530831390016,2.5458954896415076,2.54038571506222,2.5288968950636037,2.5066414940306263,2.4666014748649774,2.3996646101154773,2.2955603379866294,2.1446526912196977,1.9402258303755868,1.6804495820390581,1.368855922747881,1.0114888345294777,,,0.9181034370183465
5040.0,2.5499728216310773,2.549958988679616,2.549900618231365,2.5497308297045427,2.549274895103437,2.5481244707981094,2.545405258052234,2.539406005808023,2.527080025030315,2.503521551112846,2.461648074835144,2.3923970265531977,2.285704391240373,2.13229839644416,1.9259001316680906,1.6650547236886066,1.353455148550175,0.9967722703413996,,,0.9153259607954898
5100.0,2.5499661339387485,2.549949552079162,2.5498804359216978,2.5496829056838077,2.549162271004111,2.547871814981339,2.5448726179023424,2.5383579440527173,2.5251638038199307,2.5002731197501498,2.4565500137982967,2.384990662874501,2.2757515815300073,2.1199134016110657,1.9116238534994119,1.6497787519894038,1.3381937065824903,0.982127832965496,,,0.9125872728427925
5160.0,2.549958061741466,2.5499382977208707,2.5498568765849705,2.5496281381939268,2.549035964546266,2.5475935810573156,2.5442954650408662,2.5372395699763017,2.5231470211497404,2.4968969190385897,2.451309065076974,2.377453777367234,2.265704500017685,2.107501014825796,1.8973916269053148,1.63460555232927,1.3230375460080943,0.9676538673650352,,,0.9100131744879428
5220.0,2.5499483758620367,2.549924948261329,2.549829513258701,2.549565796463114,2.54889491434759,2.547288114572002,2.5436719737798676,2.53604901279584,2.521028623437397,2.4933933910490103,2.4459287612783474,2.3697867244608797,2.255567764956136,2.0950568627055346,1.8831943277181529,1.6195175933665737,1.3079848954475781,0.9533862557858078,,,0.9074971541711704
5280.0,2.549936820111585,2.5499091969559515,2.549797879113334,2.5494951360629945,2.548737892870924,2.5469538051660465,2.5430002011572115,2.534784383492362,2.5188074161757155,2.489762375356345,2.440410710048202,2.361994293864691,2.2453427471307177,2.0825856445295914,1.869041867590175,1.6045331630339306,1.2930809649399326,0.9391367656342016,,,0.9048495937425616
5340.0,2.549923109404978,2.549890705379335,2.5497614682552454,2.5494153628416134,2.5485637568929445,2.546589061888911,2.5422782076803374,2.53344385442676,2.5164823721354006,2.486004124517402,2.434756459343099,2.354080739155045,2.235039069574273,2.0700995239584388,1.8549435485819321,1.5896574688166694,1.2783085609062053,0.924988955023273,,,0.9022687490929038
5400.0,2.54990692782612,2.5498691008991705,2.549719731647688,2.549325617838799,2.548371211927162,2.546192161473981,2.5415040989491744,2.532025800706684,2.5140528574366767,2.4821203110652927,2.42897055852336,2.3460522302921207,2.2246623994607315,2.057600181899724,1.8408944786875008,1.5748793221542132,1.263648823974731,0.9109267332173644,,,0.8996601014974904
5460.0,2.54988793251085,2.549844010780516,2.549672247617056,2.5492255927265157,2.548160700422239,2.5457659764711877,2.5406870018200123,2.5305536829116155,2.511570192355722,2.4782111234356767,2.4232318343023236,2.338203366718619,2.2146622406728396,2.045733411480371,1.8277687251150547,1.5613138361859804,1.2504594650929994,0.8986149682143021,,,0.897121096072854
5520.0,2.549865750732283,2.549814989430274,2.54961831745503,2.5491140046944976,2.54792969102095,2.5453055046770836,2.539816417595395,2.5290048824965203,2.5089886430095043,2.474188355959059,2.41738063296592,2.3302630590917905,2.204615323907619,2.0338757206960074,1.8147022357538545,1.5478421982930297,1.237371690225562,,,,0.8946210857500936
5580.0,2.5498399727154437,2.549781569869694,2.549557302663995,2.548989939914041,2.547677021405839,2.544809077544288,2.538890839267336,2.5273785089745036,2.506308075244296,2.4700531736996214,2.4114189225533282,2.3222358197014517,2.1945245412709697,2.022028200409587,1.8017041687127433,1.5344779562754238,1.224415069393333,,,,0.8920109432723827
5640.0,2.549810154378236,2.5497432500951556,2.549488516988351,2.5488524754660684,2.54740133009653,2.544275388837801,2.5379085388423075,2.525673563361548,2.503528491431341,2.465807174611821,2.4053500542420063,2.3141267911475585,2.1843944629302805,2.0101996490478813,1.7887763402790222,1.5212230022166733,1.211568038364713,,,,0.8894085158477006
5700.0,2.549775816298127,2.5496994923331213,2.5494112627772987,2.5487006093631868,2.5471014673461947,2.5437028114631333,2.536868340111834,2.5238892387598195,2.500650116475314,2.4614523329491784,2.399178159828115,2.305939903660889,2.1742322440986244,1.9983905668392068,1.77591981470748,1.5080712954317357,1.1988128483080713,,,,0.8868487226402918
5760.0,2.5497364434362386,2.549649723257851,2.5493247978075186,2.548533354183809,2.5467760395433485,2.5430900202743203,2.535769011857814,2.5220248586783987,2.497673568414,2.4569905579426345,2.3929063777511512,2.2976784540066473,2.1640375902041993,1.9866016199058512,1.7631291833057507,1.4950113085674963,1.1861521885508421,,,,0.8843199695640631
5820.0,2.5496914852322634,2.5495933344885153,2.5492283479467157,2.5483497119865297,2.54642389620786,2.54243561345932,2.5346091533922146,2.5200794751729094,2.4945992429418604,2.452423493043754,2.386537449837368,2.289346827921206,2.1538155749332155,1.9748359587415418,1.750410124239791,1.4820572608633253,1.173608748270424,,,,0.8816590589347149
5880.0,2.5496403552865767,2.5495296780329424,2.5491210904881147,2.5481485942232815,2.546043658228955,2.5417381251512188,2.5333876207327566,2.5180529052297915,2.491427808086019,2.4477533978470145,2.3800754396061943,2.280950811780103,2.143573550232063,1.9631026515840506,1.7377709835760988,1.4692112153216528,1.1611531021679755,,,,0.8790230846948226
5940.0,2.5495824312759794,2.54945807748556,2.5490021981194877,2.5479289747745395,2.5456341563675386,2.5409964404534553,2.5321035593043835,2.515944908331304,2.488160310626713,2.4429829494686532,2.3735240588126674,2.2724932534172053,2.1333133398116337,1.9513998060153104,1.7252026053195961,1.4564511966011888,1.1487535707307504,,,,0.8765443890707595
6000.0,2.549517056344997,2.5493778226853814,2.5488708136345735,2.5476898048438916,2.5451940772374497,2.5402090627092755,2.53075601862136,2.5137553241294466,2.4847976600594066,2.438114049056902,2.3668852842738612,2.2639763302281053,2.1230330224464646,1.939716624177275,1.712683820308548,1.4437514438463388,1.1364349372827316,,,,0.8742187259024791
6060.0,2.549443540303354,2.5492881708871544,2.5487260507391536,2.547429932280793,2.5447222442960693,2.53937499449284,2.529343765026164,2.511483750255142,2.4813401190055027,2.433147339542869,2.3601600647786354,2.2553996742231264,2.11272932510291,1.9280541381999527,1.7002245120902366,1.4311353973665422,1.1242529303283797,,,,0.8718010580411433
6120.0,2.549361157963855,2.549188345653301,2.5485669768734005,2.5471483232040915,2.544217367523745,2.5384928798042594,2.5278661102238105,2.509129629912488,2.4777880759888524,2.428084036930242,2.35335114213874,2.246766374781791,2.102410899753856,1.9164215573046295,1.68783617831038,1.4186234498782209,1.1121852969890886,,,,0.8692374353748594
6180.0,2.549269146923104,2.5490775346568233,2.5483926438406943,2.5468438513327536,2.543678212814151,2.5375614647654294,2.5263221935989937,2.5066926968054073,2.474142604070484,2.4229270610204403,2.3464630545646976,2.2380835220329374,2.0920847147656376,1.9048276106240305,1.675523504516269,1.4062129802440746,1.1001735682044664,,,,0.8667730361853995
6240.0,2.5491667096217814,2.548954892846398,2.5482020940214474,2.5465153207376843,2.5431035697991677,2.5365798376153554,2.5247111012282577,2.5041734126804776,2.470405172665209,2.417679222576974,2.339499216263763,2.229354484664054,2.081749463523167,1.893262113174057,1.6632701093455873,1.3938731517613212,1.088234267371435,,,,0.8643884202439556
6300.0,2.5490530181245483,2.5488195481425198,2.547994340907766,2.5461616940695433,2.542492234467294,2.535546619046062,2.5230323325935284,2.501571889597901,2.4665767161965886,2.412342016802944,2.3324602703790913,2.2205788976120218,2.071406275920355,1.8817291416850732,1.6510830025062548,1.3816200658930737,1.0763993881747873,,,,0.8619501058526363
6360.0,2.548927215621825,2.5486705979209328,2.547768365376041,2.5457818114628292,2.541843088396726,2.5344611087242574,2.521285412785341,2.498888201153873,2.4626582290476686,2.40691747156474,2.3253501919541977,2.2117607648066886,2.061058191116331,1.8702312528989289,1.6389660993727786,1.3694596908309404,1.0646439650553,,,,0.8594139988396781
6420.0,2.548788415223491,2.5485071117728664,2.5475231291338445,2.545374511149519,2.5411549111319713,2.5333221883898034,2.5194698292497355,2.49612266226066,2.458651125087317,2.401408246398154,2.3181728178380383,2.2029058918004014,2.050713062490605,1.858777145105398,1.6269268454800656,1.3573962436144926,1.0529414171547489,,,,0.8568360976110146
6480.0,2.548635702597611,2.5483281476542867,2.5472576227825288,2.5449387523254092,2.5404267008570285,2.5321289461080276,2.517584867647991,2.4932758455260124,2.4545571836705906,2.3958174495785305,2.310932428713658,2.1940183740043397,2.040372886410242,1.8473684218327413,1.614966343374472,1.345422836111447,1.0412828584571516,,,,0.854200643479843
6540.0,2.548468141208115,2.5481327383098007,2.546970807896935,2.5444733636697054,2.539657297088656,2.5308808506389315,2.515630782044852,2.4903481860276284,2.4503783690990186,2.3901482163745653,2.3036325784963725,2.185101759063896,2.030042914126095,1.8360056998097878,1.603076167344287,1.3335190099630478,1.0296461709646036,,,,0.8517527318293504
6600.0,2.548284777651381,2.547919904436462,2.5466616357508953,2.5439773031980386,2.538845870716315,2.5295768639141554,2.5136075242745837,2.4873408410291242,2.4461163870082863,2.384402758869565,2.296274476810373,2.1761564476194293,2.0197154291924346,1.8246763511983397,1.591237924094626,1.3216622684176158,1.0181125368094484,,,,0.8493240023149851
6660.0,2.548084644586303,2.5476886570780923,2.5463290392835685,2.5434495816964713,2.5379913028630923,2.52821666827854,2.5115147656449404,2.4842542271266823,2.441772103071617,2.3785819861494226,2.288859423992173,2.1671817700256493,2.0093937912930726,1.8133864729713594,1.5794682398821633,1.3098903102490875,1.0066540771758365,,,,0.8467848623690255
6720.0,2.5478667566793503,2.5474379918989083,2.5459720166799134,2.5428890143746026,2.537092831787721,2.5267994801937443,2.5093521758556965,2.481088865353509,2.437346947021188,2.3726884679269187,2.2813914420840002,2.1581833745102412,1.9990843184773102,1.8021450833208685,1.567770007322047,1.2982007773085358,0.9952274465817492,,,,0.8442479923783335
6780.0,2.547630108535081,2.5471668878885936,2.545589519824386,2.542294677677923,2.536149338700837,2.5253245922660184,2.507120109918226,2.4778457028551952,2.4328429350998366,2.366724921108458,2.2738740990999275,2.149165402112762,1.9887883532205652,1.7909461032538057,1.5561339041408717,1.2865727999784724,0.9838455845683576,,,,0.8417916520484059
6840.0,2.5473736836382668,2.5468743140091448,2.545180497978492,2.5416655677901376,2.535160227117594,2.5237918502541237,2.5048187251473597,2.4745256621919394,2.4282617106995485,2.3606934518187828,2.2663078272310435,2.140126498478077,1.9785030721263144,1.779786396120758,1.5445552979056614,1.2750055602570072,0.9725424226040452,,,,0.8393059438780406
6900.0,2.54709645985709,2.5465592239206143,2.5447438690264335,2.5410005856960773,2.5341244389248465,2.5222004643910774,2.5024478591864074,2.4711294673003414,2.4236045831232222,2.3545959275931185,2.2586954409973896,2.1310694525383536,1.96823171924973,1.7686704431545603,1.5330403478766614,1.2635061406794619,0.9612756214856109,,,,0.8369099718848291
6960.0,2.5467974069934076,2.5462206022947096,2.5442786643883704,2.540298918719978,2.533041469857444,2.520550239829953,2.500007679218147,2.4676576420969814,2.4188731161233488,2.348434389016737,2.251038955994584,2.1219953413195656,1.9579709024570657,1.7575872948034488,1.5215695010286778,1.2520509567880846,0.9501198677048583,,,,0.8345994321680216
7020.0,2.546475487555967,2.5458574116506854,2.543783864609444,2.539559533335644,2.531910282008468,2.5188408724845837,2.497498508079231,2.4641110836827336,2.414068189379182,2.342209530585159,2.2433383157627538,2.1129013398197025,1.9477193456434414,1.7465401720991,1.5101527655094198,1.2406653856697165,0.9390320894074305,,,,0.8322301123287853
7080.0,2.5461296555559794,2.5454686081151023,2.543258435451162,2.5387814720115407,2.5307304180024253,2.5170715168859132,2.494920363066713,2.4604903513393754,2.4091908725161324,2.3359229584669916,2.23559482451818,2.103792056832328,1.9374814622425893,1.7355325143703444,1.4987966311855325,1.2293573212350726,0.9279799209540931,,,,0.8298053850148017
7140.0,2.5457588526335555,2.545053137755071,2.5427012828781823,2.537963908691427,2.5295008307694253,2.5152422595707526,2.4922731362556623,2.4567963045570966,2.4042428152072066,2.329577153932818,2.2278123314104468,2.094671377683517,1.927261498531686,1.7245702304162427,1.48750631805156,1.2181227459061936,0.9169487275480511,,,,0.8274018066186664
7200.0,2.5453620156154275,2.544609945959774,2.542111467534671,2.5371057615036547,2.5282211826573144,2.513352653638471,2.4895572661585366,2.4530300997965315,2.3992260037024105,2.323174782148786,2.219994056744465,2.085540140771119,1.9170597123172939,1.713650207536252,1.476272229286478,1.2069439496294876,0.9059665925398757,,,,0.824987753286734
7260.0,2.5449384655299405,2.5441398142060385,2.5414950587776945,2.5362251811678673,2.5269329505251417,2.5114880628308693,2.486932890674197,2.44947013897969,2.394596182271228,2.3174208548949093,2.2131760416506596,2.07784953814912,1.9088128305840366,1.7052526915574286,1.4681615463590345,1.199505310692676,0.8993821740571625,,,,0.8225241677675734
7320.0,2.5444876324562697,2.543640996470963,2.5408459591064676,2.5353059647121,2.5255994083480937,2.5095723367670653,2.4842546523020377,2.4458596364269183,2.389926414983333,2.311644615675028,2.206357810685668,2.07018277186146,1.9006122751705177,1.6969189789874113,1.4601219563874162,1.1921313337157036,0.8927836242146884,,,,0.8199320173293237
7380.0,2.544008634564062,2.5431126455757265,2.5401634353358076,2.534347596111548,2.524220380335482,2.507605976478676,2.481523926548308,2.442199884456006,2.3852173987713297,2.3058463682956454,2.199541326649246,2.062544273341935,1.8924647092659805,1.6886567422929741,1.4521618447012,1.1848203806945423,0.8861469940866404,,,,0.8173447542100691
7440.0,2.5435006104662405,2.542553937006731,2.5394467844439723,2.533349601715727,2.5227957527357425,2.505589363103029,2.4787417712130724,2.438493100427473,2.380472731355774,2.3000307489166474,2.1927304800029175,2.054935822819917,1.8843682479088257,1.6804586437278224,1.444266118083026,1.1775469038788824,0.8795459247124249,,,,0.8147278443663846
7500.0,2.542962730868841,2.5419640645949273,2.5386953028915813,2.532311465843709,2.5213252809001823,2.503522572663261,2.4759085462238537,2.434739744641156,2.375692607490965,2.294197308809422,2.1859242110531136,2.047355863458063,1.8763216725807212,1.6723250578444788,1.4364362080804214,1.1703170510686725,0.8729442189526115,,,,0.812158022977168
7560.0,2.5423942033453115,2.5413422985692544,2.5379084348676693,2.531232950947491,2.519809218374617,2.5014065247793447,2.473025968837085,2.430942366703262,2.3708802961833526,2.28834938698432,2.179125036934028,2.0398049946485988,1.86832210102161,1.6642475626718232,1.4286567626799536,1.1631142206424336,0.8664180709185473,,,,0.8096213193634791
7620.0,2.541794267383337,2.5406879246153875,2.5370856104507,2.5301137404569225,2.5182476091674384,2.4992416937378725,2.4700947634493566,2.4271013598268927,2.366035249738144,2.2824858044211815,2.172331530636838,2.032281947002811,1.8603689299088557,1.6562281151474123,1.4209354044096674,1.1559629773772984,0.8598718004747187,,,,0.8069984136854641
7680.0,2.5411621863071314,2.5400002518812532,2.536226279911779,2.5289535260851457,2.5166404788408188,2.4970281917337354,2.467115259971483,2.4232180792038895,2.3611601707802867,2.2766094031734356,2.1655456010141587,2.0247877096993054,1.852464466964903,1.6482698289436937,1.4132749901921775,1.1488599615878572,0.853326817273994,,,,0.8043818477900782
7740.0,2.54049724121257,2.5392786080992633,2.53532991464323,2.527752026556232,2.5149876784753795,2.494766637530302,2.4640890430419105,2.419294188990853,2.3562556421981693,2.270721017969794,2.158769780816754,2.0173249765629913,1.844608150217038,1.640368173228201,1.405667269866715,1.1417865579115039,0.8468446990607809,,,,0.8018561936840293
7800.0,2.539798743227845,2.538522353698047,2.5343960265601018,2.526508958294389,2.5132894908211414,2.4924577743668213,2.4610168213286876,2.4153302281399602,2.3513239320563235,2.264822234536914,2.152001877440674,2.009890292020944,1.8367944287960434,1.6325140042099218,1.3981015730468662,1.1347444446984092,0.8404052152258139,,,,0.7992946485107638
7860.0,2.5390660393543723,2.537730885495723,2.533424163188767,2.525224075038092,2.511546100949695,2.4901019619555993,2.457899143363567,2.411328017230346,2.3463648973695514,2.2589126237809607,2.1452433600696312,2.002482801444438,1.8290247163005415,1.6247124919970262,1.3905858121695134,1.127745249643514,0.83399913135816,,,,0.7968202648475192
7920.0,2.5382984969820703,2.5369036186895926,2.5324138828819556,2.5238972595050035,2.5097576061244795,2.487699368237728,2.454737250206968,2.4072875903304047,2.3413800867620354,2.252993221949238,2.1384928640648604,1.9951016270496271,1.8212918141304313,1.6169517289084532,1.383103772129065,1.1207716333883078,0.8277009259473215,,,,0.7943913958763117
7980.0,2.5374954982189823,2.536039982791981,2.5313647139304827,2.522528310383892,2.5079239288506896,2.485250752049183,2.451531275332001,2.403210136016397,2.3363693437475432,2.2470635363773277,2.131749855192336,1.9877452082028848,1.8135986730540496,1.6092395207436059,1.3756750054031475,1.1138639337761524,0.8213412374365245,,,,0.791846781141555
8040.0,2.5366564341129187,2.535139413752523,2.5302762290513874,2.521117006478342,2.5060451368587247,2.4827564419632657,2.4482818949236806,2.39909638020353,2.3313340523321986,2.2411251525333555,2.1250174717147514,1.9804174318806873,1.805950515024906,1.6015803427888395,1.368301875533355,1.1070027626275694,0.8149938801041066,,,,0.7893266454844874
8100.0,2.5357807059814323,2.5342013594841797,2.5291480492672287,2.519663166714161,2.5041214967304226,2.4802164991526645,2.4449904188270293,2.3949473215974724,2.3262759290701687,2.235180393620714,2.1182959702932473,1.9731193521382866,1.7983442749357292,1.593970367984701,1.3609787193223437,1.1001812129540347,0.808669723018365,,,,0.7867888523107766
8160.0,2.5348677563118236,2.5332253128432574,2.52797981837255,2.518166554272092,2.502153230723687,2.477631899927936,2.4416571850022675,2.390764983955392,2.321196142497182,2.229229811308062,2.111588207848267,1.9658519919325794,1.7907835231436593,1.586414794695412,1.3537096629972645,1.0933973485427924,0.8023897037223094,,,,0.784321523514672
8220.0,2.5339170771507984,2.53221081739561,2.5267712335090455,2.5166271947618357,2.5001405063634436,2.475003374871977,2.438283638799766,2.386549550850561,2.31609647325393,2.2232755109570705,2.1048924981026045,1.9586118505881163,1.7832595506442583,1.5788965806387167,1.3464693535811039,1.0866297585683615,0.7962021206283474,,,,0.7819015701757133
8280.0,2.5329282099202484,2.531157466510314,2.52552204083753,2.515045117908572,2.498083498923263,2.472331203686806,2.434870690156125,2.382302657439983,2.3109763660750553,2.2173151127910242,2.098207688076565,1.951397930341484,1.775773472815443,1.571423206982886,1.3392771075789482,1.0799170292574236,0.7900179050413942,,,,0.779477319296974
8340.0,2.531900718776158,2.530064870933786,2.52423198533804,2.513420272088478,2.4959826021949727,2.4696157993590204,2.431418110995934,2.3780243841623077,2.3058373054782155,2.2113512491589953,2.09153517865332,1.9442108088914192,1.7683253067556846,1.5639945254851488,1.3321305675005692,1.073251174845309,0.7837809237993021,,,,0.7769629913884976
8400.0,2.5308341717499987,2.5289326446697373,2.5229008151680903,2.5117526155742254,2.493838037911709,2.466857933731611,2.4279274337722057,2.373715850606224,2.3006796453111513,2.2053835526245558,2.0848760972427027,1.9370542402921167,1.7609222857850861,1.5566207384394215,1.3250437134368518,1.0666353221275673,0.7775433594940309,,,,0.7744516983817668
8460.0,2.5297281632672495,2.5277604238758142,2.521528299326413,2.510042130582268,2.491650065879405,2.46405819035781,2.4243996397102707,2.369378924221619,2.2955063163221876,2.1994160111267655,2.0782337345428625,1.9299292323533024,1.7535609112888089,1.5492915339389535,1.317996335585941,1.0600344207963834,,,,,0.7720105670547167
8520.0,2.528582345035952,2.5265478850160568,2.520114229220293,2.5082887918958066,2.489418877790174,2.4612169536504775,2.420835188962261,2.3650138864650865,2.2903169946472026,2.193447123504015,2.0716052885417615,1.9228315880957103,1.7462361955950647,1.5420026041560262,1.3109849852211346,1.0534601249623805,,,,,0.7696358852319211
8580.0,2.5273964270363574,2.5252948197859597,2.5186585875803464,2.5064928782172835,2.4871451283692494,2.458335282143659,2.4172354907749822,2.3606223443690366,2.2851130901148355,2.187477399781752,2.0649899447620386,1.9157588409008603,1.7389439266295421,1.534748239035875,1.304004442298423,1.046920747466337,,,,,0.7672527707702759
8640.0,2.5261701372962015,2.524001000455368,2.5171612719435426,2.5046544693717987,2.484829093155469,2.4554135973026368,2.413600644231291,2.356203607597496,2.2798932082831738,2.1815057569313305,2.058387531987788,1.9087125219816181,1.7316887867308108,1.527538326963296,1.2970724965732552,1.0404376025100708,,,,,0.7648314474129518
8700.0,2.524903194514493,2.522666186114883,2.5156221561629755,2.5027736095760926,2.4824710097994673,2.452451849195495,2.4099310957512956,2.3517592532343055,2.274660044378221,2.1755343983873145,2.0517997535772152,1.9016949606027542,1.7244743578853634,1.5203754353124463,1.2901899299596409,1.0339957364947645,,,,,0.7623569999161887
8760.0,2.523595327161155,2.521290149028128,2.514041140381454,2.500850400760743,2.4800708829742306,2.449451091693191,2.406228355582069,2.3472903135018544,2.269413559868117,2.1695649747544232,2.0452296455870864,1.8947084115988393,1.7173007595584873,1.5132603541517013,1.2833559176265754,1.0275848480128362,,,,,0.759892259566812
8820.0,2.522246319051341,2.5198727209350524,2.5124181967187713,2.4988849003183544,2.4776295446107497,2.446412209760659,2.402492958063983,2.342797924852199,2.2641568095648066,2.1635985321308264,2.038676771953974,1.8877528784649427,1.7101668327000115,1.5061875390357278,1.2765606633604591,1.0211918611319883,,,,,0.7574484085519967
8880.0,2.5208560247817555,2.5184138051998075,2.510753369962554,2.4968774233124784,2.4751475216523793,2.443335670786705,2.39872610447055,2.3382836994520257,2.258888922571914,2.1576356432037365,2.032140746568094,1.8808248349147614,1.7030687017691977,1.4991526664961965,1.2697988031200738,1.014822487901719,,,,,0.7550687747362995
8940.0,2.5194243511175687,2.51691335357076,2.509046739548686,2.4948283142795544,2.47262528701614,2.4402221464326304,2.394928806120182,2.3337471069476927,2.253611603505414,2.1516752123241343,2.025621198149642,1.87392460186179,1.6960069648464526,1.492159445361872,1.2630781421045165,1.008498086084513,,,,,0.7526014691138458
9000.0,2.51795122030697,2.515371328498143,2.5072982744940924,2.492737813620213,2.4700629230015956,2.4370725004094527,2.3911009755263404,2.3291901086249833,2.248324420655083,2.145719726948272,2.01911904196022,1.8670554436681355,1.6889849380061595,1.4852107444364782,1.2563978641868223,1.0021935258521721,,,,,0.7502562316020356
9060.0,2.5164365347003463,2.5137875598636126,2.5055076409620085,2.4906049760584104,2.467458813856869,2.433883082508768,2.387237344015305,2.3246022435953235,2.243014007356248,2.1397459944747546,2.0126044460463426,1.8601727411153868,1.6819435233834694,1.4782275850947444,1.2496597558311298,0.9958122502697545,,,,,0.7480802692189731
9120.0,2.5148802320636645,2.512162131001107,2.5036753941457253,2.488431118465633,2.4648156489201813,2.4306580491669116,2.3833447474801774,2.3199940992099117,2.2376930220174343,2.1337742462683824,2.006101404966991,1.8533104745609155,1.6749287605328407,1.4712740313464365,1.2429556287877215,0.9895038010092604,,,,,0.7457549460126218
9180.0,2.5132822672559407,2.5104950250549227,2.5018015912247584,2.486216236502831,2.4621336282751836,2.427398036843219,2.3794226841053305,2.3153654206143623,2.2323627697842254,2.1278042337872445,1.9996131640157497,1.846475789820949,1.6679519990497658,1.464366989428439,1.2363056907759022,0.9832448576092943,,,,,0.7433640209096279
9240.0,2.511642539999362,2.508786170146637,2.499886241425726,2.483960654675763,2.4594126919831854,2.4241035180403485,2.3754727377542824,2.3107173717189955,2.2270239895522086,2.121839298668235,1.9931429489016135,1.839669232561073,1.661010215133989,1.4574974803012593,1.2296934566832762,0.9770007163523637,,,,,0.7409999869000252
9300.0,2.5099609879049565,2.507035543129199,2.4979294365463764,2.4816646465833454,2.4566536433465886,2.420774697183152,2.371495360608523,2.3060515001237905,2.221678821969171,2.1158796826244983,1.9866896279954356,1.832890871920969,1.6541052669020007,1.4506697749578572,1.223123034768954,0.970781127824578,,,,,0.73870599744897
9360.0,2.5082376300556053,2.5052432019416715,2.4959313457802175,2.479328549047646,2.4538570701797435,2.4174128923224516,2.3674915124642033,2.3013678984532677,2.2163268835045473,2.1099257030934297,1.9802538164225474,1.8261389114144004,1.647231401378186,1.4438734351871072,1.2165785476386708,0.9645856253925368,,,,,0.7363987374532381
9420.0,2.506472542679442,2.503409259039526,2.493892183366738,2.476952722089378,2.4510234838035037,2.4140187138845426,2.363462200426566,2.2966679856408083,2.2109693422917034,2.1039773534232076,1.9738344709813571,1.8194127671455833,1.6403905248425952,1.4371146203337384,1.2100716579015465,0.9584245739046036,,,,,0.7341140587023177
9480.0,2.5046658189789333,2.5015337806546496,2.4918120240192585,2.474537247594034,2.448152928747494,2.410592086395431,2.359407129633621,2.2919511648917683,2.205605447954092,2.0980339781106383,1.967430855764462,1.812710969599565,1.6335790506840289,1.4303855389728413,1.2035898955041016,0.9522833296604274,,,,,0.7319045864167038
9540.0,2.502817551498136,2.4996169367642422,2.4896911820889414,2.4720826460169834,2.445246173050165,2.407134029383848,2.355327516881659,2.287218717346634,2.200236328631456,2.0920959988858074,1.9610423659644283,1.8060320835380108,1.6267955383404948,1.423686339947883,1.1971373438319652,0.9461818741403437,,,,,0.7296984058403826
9600.0,2.500927830011006,2.497658847720319,2.4875298515990076,2.4695892068822394,2.4423035898819996,2.4036449487324223,2.35122346230804,2.282470043919898,2.194860531715969,2.086162004290851,1.954668373928554,1.799376743378106,1.6200420410481486,1.4170216639213455,1.1907244711414213,0.9401302872741676,,,,,0.7274146679631879
9660.0,2.4989967200550076,2.495659601152624,2.4853281804702942,2.4670571605648854,2.4393254942247493,2.4001247369713146,2.347095000274983,2.2777061265456573,2.189480394765822,2.0802345613253426,1.9483117211158343,1.7927489610885128,1.6133257923620796,1.4104002466413244,1.184357391413861,0.934098814930814,,,,,0.7251850401713732
9720.0,2.4970242933303473,2.4936192965348463,2.4830863491613204,2.4644868166138894,2.4363119431146028,2.3965744229389405,2.3429437908972193,2.2729281671565817,2.1840959130584987,2.074314437554449,1.94197298472518,1.786146318390825,1.6066372619544191,1.4038062881130884,1.1780134303472642,0.9280878020853464,,,,,0.7229212056937164
9780.0,2.4950106966330616,2.4915381130069547,2.480804628338801,2.4618783967473497,2.433263881397017,2.392994801160049,2.3387697898022126,2.2681362088396404,2.1787083665049805,2.0684007941103246,1.9356506139914809,1.7795701413377079,1.599983632077661,1.3972549367908977,1.1717190580953845,0.9221178042850988,,,,,0.720585556794655
9840.0,2.4929561179722977,2.4894162630414525,2.478483297839819,2.4592323551671935,2.4301818058208418,2.389386055165564,2.3345740366729784,2.2633318690245745,2.1733178567510905,2.0624968390502803,1.9293488860322914,1.7730242500442015,1.5933681346988842,1.3907445194531547,1.1654608663049209,0.9161478836005051,,,,,0.7183380860657776
9900.0,2.4908607796769644,2.487254000207766,2.476122696130521,2.456549280349999,2.4270663838943087,2.3857492384599324,2.330357952320212,2.258515531211856,2.167926981412891,2.0566017232069544,1.923066574652949,1.7665040518843995,1.5867816819782707,1.3842616050953576,1.1592211992766737,0.910195632408002,,,,,0.7161055620867731
9960.0,2.4887249922634243,2.485051665782159,2.4737230989678265,2.453829713947462,2.4239178396172627,2.3820852784011644,2.326121175134336,2.2536883551635754,2.1625336623024736,2.050715210065941,1.9168003582892466,1.7600080003800758,1.5802232926304947,1.3778088016106225,1.1530069422605433,0.9042682713879074,,,,,0.7139639044903269
10020.0,2.4865490762178046,2.4828095983547604,2.4712850435055747,2.451074089231657,2.420737056193624,2.378394244106122,2.321864869335254,2.248849185559086,2.157138989663186,2.044835520282722,1.9105499790018814,1.753533436682949,1.5736890385793911,1.3713784205751431,1.1468095953317334,0.8983757320859986,,,,,0.7118456087947921
10080.0,2.4843332993155127,2.4805280788242494,2.4688088425451657,2.448282617249709,2.417524367740293,2.3746763564101077,2.317588653332336,2.2439987900178022,2.1517408630013946,2.0389620819604106,1.904313837731278,1.747078900612555,1.5671804133985272,1.364976788838492,1.140646249628073,0.892534186707471,,,,,0.7096802672804854
10140.0,2.482077861010782,2.478207315090598,2.4662947229624717,2.445455500318748,2.4142799317943227,2.3709321502917526,2.3132925538420386,2.2391365494141877,2.1463409680629355,2.033095949037952,1.898093791637767,1.7406500174600352,1.5607042731232246,1.3586112629095364,1.134522446206448,0.8867126085787949,,,,,0.707549546486585
10200.0,2.4797829167463625,2.475847477432435,2.4637428981778293,2.442593183712498,2.4110037969876768,2.3671618880897527,2.3089778110734565,2.2342639146689427,2.140939289742523,2.027237728384063,1.891890754314465,1.7342441428686959,1.5542534128101464,1.3522708449051786,1.1284229580839165,0.8809211437923331,,,,,0.7053945034879658
10260.0,2.4774486717575566,2.4734487923540405,2.461153654217987,2.439696037372542,2.4076968120216584,2.3633658818042806,2.3046440391948266,2.2293808817222547,2.1355367736898105,2.021387987362921,1.8857045576838254,1.727862729304787,1.5478344827284496,1.3459692421844998,1.1223675968215197,0.87515334762706,,,,,0.7031679186203914
10320.0,2.4750753689967655,2.4710115190232984,2.458527295143144,2.4367644298460474,2.4043594223228775,2.3595451052245795,2.300292607126002,2.2244883670965754,2.1301338721996927,2.0155472492604445,1.8795368728525175,1.7215076764904793,1.5414467020650986,1.3397004083182158,1.1163422814235557,0.8693921648303394,,,,,0.7009979683717759
10380.0,2.472663296419621,2.468535944981275,2.4558641458974426,2.433798750441017,2.4009920931326088,2.3557000879460857,2.2959241985951726,2.219587474377078,2.1247320353178,2.0097171408114787,1.8733883064472054,1.7151786405385696,1.5350895493549062,1.3334638150123257,1.1103429845770953,0.8636438126064429,,,,,0.6988772781557582
10440.0,2.470212814474464,2.4660224134707485,2.453164562042601,2.430799376240896,2.3975952046222937,2.351831160754859,2.2915390007581724,2.214678095275312,2.1193306136806576,2.0038960754356245,1.8672560588999718,1.7088707942494246,1.5287555040592604,1.3272490948051012,1.1043609506815677,0.8579320151585532,,,,,0.696735315342301
10500.0,2.4677243121565438,2.463471384961228,2.450429106395887,2.427766991482415,2.3941695523387665,2.3479391768382034,2.2871378277574994,2.2097608107857187,2.1139296219678654,1.9980838286640987,1.861140725414865,1.7025876397691653,1.5224538817008757,1.3210745433703195,1.0984258329270564,0.8522466362215716,,,,,0.6944788666543535
10560.0,2.4651981338970326,2.460883211043079,2.4476581490460245,2.4247019910318985,2.3907155664675734,2.344024504373159,2.2827207018584774,2.2048357044121256,2.108530524746562,1.9922836669503214,1.8550469578723212,1.6963339708831737,1.5161870904612584,1.3149354685072987,1.0925201532056092,0.8465488573317561,,,,,0.6923410357986405
10620.0,2.4626346450202234,2.4582582791555403,2.444852144222393,2.4216049418569625,2.387233760771632,2.3400876349733206,2.2782891267473286,2.1999050860791938,2.1031345366465657,1.9864947465273646,1.8489719808696967,1.690104398462975,1.5099451511308086,1.3088169110305172,1.0866209171769214,0.8408727252206469,,,,,0.6903301137153657
10680.0,2.4600343191172,2.45559708301634,2.442011638782903,2.418476403785513,2.3837246999211277,2.336129683676351,2.273843482046314,2.194967458517368,2.0977399262994316,1.9807149387158265,1.842910936026254,1.683891131517664,1.5037199133347763,1.3027114674001998,1.080729274583473,0.8352541281469068,,,,,0.6884003796133848
10740.0,2.4573976083122493,2.4529000731280095,2.4391370676043564,2.415316524019353,2.380188882412633,2.3321504749896906,2.269382541664981,2.1900225792810932,2.092344942596242,1.9749410873084146,1.8368625535688392,1.677694945036952,1.4975151284142483,1.2966289396185913,1.0748682613822798,0.8296953683798884,,,,,0.6864018321241184
10800.0,2.4547247923538023,2.4501675167934036,2.436228655767166,2.4121257166928824,2.3766263219867034,2.3281493452665627,2.2649068532462477,2.1850694960327095,2.0869497430029833,1.9691747996291673,1.8308281698765838,1.67151958474467,1.4913352428979054,1.2905742698786429,1.0690430239712145,0.8241523274159923,,,,,0.6843723537764774
10860.0,2.4520157347435387,2.4473982749176857,2.4332820117048612,2.4088941670393687,2.3730183895806003,2.3240966435128536,2.260369439131126,2.1800416852188014,2.081461327835727,1.963292256338822,1.8246482899296963,1.6651634558929496,1.4849329685018173,1.2842497226729739,1.0628966567538893,0.8182072052891993,,,,,0.6823800597639738
10920.0,2.44927030036885,2.4445931882503453,2.4303010709988895,2.4056311990811157,2.369382891508364,2.3200216454380427,2.2558161032967825,2.175004772326921,2.0759720970889997,1.9574155160140791,1.818481764590139,1.658825855817025,1.4785539997596586,1.2779530939898507,1.0567830727524072,0.812294179559167,,,,,0.6803440525843921
10980.0,2.446488689532294,2.441752466419665,2.427286145563695,2.402336923013197,2.3657203317285154,2.3159243889391288,2.251247159812507,2.1699598090178536,2.0704817367440738,1.9515466962898933,1.8123308464001489,1.6525110416341582,1.4722045747292782,1.271692822685093,1.050710769831111,0.806391063264562,,,,,0.678270791316533
11040.0,2.443671148614947,2.4388763689747117,2.4242375349916574,2.3990116430945037,2.362031011201358,2.3118060754072682,2.246663331738775,2.164907400641113,2.0649931223855984,1.945687950530706,1.8061975123717444,1.6462214366321144,1.465885475826584,1.2654655658616774,1.0446660781676942,0.800487829494746,,,,,0.676278870111021
11100.0,2.4408180362874625,2.4359652769157503,2.4211556871277917,2.3956561372784657,2.3583154064599614,2.3076670505807426,2.2420660377639607,2.1598493290309024,2.0595063015839745,1.939838340928941,1.800080452310295,1.6399522553382777,1.4595883915002532,1.259259135561047,1.038634106917079,0.7946199197885806,,,,,0.6743045804219469
11160.0,2.437929836139896,2.433019689255372,2.418041140741607,2.392270987398546,2.354574507310714,2.3035080429582644,2.2374548660161313,2.1547844665237967,2.054020489666174,1.9339971144366166,1.7939777752515935,1.6337024330980912,1.4533149450745768,1.2530796691863912,1.0326313298374026,0.7887774305268336,,,,,0.6723031919718325
11220.0,2.435007019995172,2.4300400773561077,2.4148943605792064,2.3888566318906177,2.350808692008044,2.299329631274431,2.2328308844935836,2.1497140425818895,2.0485365655050134,1.9281652608295416,1.7878916522495532,1.627475850468851,1.44707080426837,1.2469340903360582,1.0266655813798897,0.7829386587085746,,,,,0.6701943480793056
11280.0,2.4320499996990725,2.427026748036754,2.4117155427819252,2.3854131410664756,2.347017892341355,2.295131617106489,2.2281938135964716,2.1446379661327124,2.0430550236058305,1.922343978913713,1.7818239004626726,1.621274414655499,1.440856604478799,1.2408195570226084,1.0207229628649548,0.7770783091719128,,,,,0.6682256459315437
11340.0,2.4290592370331305,2.423980284442403,2.4085054401105834,2.3819414975599256,2.3432033844649847,2.290915617765431,2.2235456044487845,2.1395582745252084,2.0375773334681737,1.9165334687023852,1.775772419932008,1.615092505889681,1.434662344849626,1.2347222293843114,1.014787927276452,0.7712848436399575,,,,,0.6662818950049726
11400.0,2.4260352818536104,2.42090124839203,2.405264638392067,2.3784423006589575,2.33936572981512,2.286681775229304,2.218885514134724,2.134473411621783,2.0321018755571254,1.910732251236368,1.7697361079051994,1.6089308904029715,1.4284925146447853,1.2286508992276968,1.0088780825502943,0.765499337745542,,,,,0.664373298245133
11460.0,2.4229786329377965,2.4177901330081903,2.4019936098703,2.3749159774668263,2.3355048796534303,2.282430056252152,2.214214277448635,2.12938442808962,2.0266286438158514,1.9049392105819514,1.7637138583287248,1.602786525818856,1.4223406569333208,1.222595492940246,1.0029843620248922,0.7597660276843509,,,,,0.6624382833005109
11520.0,2.4198897059510815,2.4146473500007004,2.398692750785379,2.3713626544120476,2.3316213146088924,2.278161155330626,2.2095314450381025,2.124290150031826,2.021157627700828,1.8991548083702723,1.7577060144737002,1.596663646711005,1.4162168374232575,1.2165747656320987,0.9971352086173305,0.7540143754419195,,,,,0.660407151250734
11580.0,2.4167688420693834,2.4114732366392015,2.3953623874936882,2.367782700641481,2.3277155531483475,2.2738748931244737,2.204837800479236,2.1191923581253125,2.015689733726104,1.8933820801415693,1.7517169634219103,1.5905654160713647,1.4101209824906147,1.210581462077807,0.9913046915411984,0.7482490591578703,,,,,0.6584652378556088
11640.0,2.4136164184035933,2.408268185245552,2.392002863814891,2.3641768142236885,2.3237880116420966,2.269572377430994,2.200134266800749,2.11409130976385,2.0102261056101134,1.887619098019224,1.7457429171093415,1.584484073802742,1.4040420158997804,1.204602865486156,0.9854820752964584,0.7425384884853462,,,,,0.6565281721464683
11700.0,2.4104329254660555,2.4050326926913113,2.388614625747013,2.36054549509694,2.3198389743480217,2.265254043244563,2.1954204767901206,2.1089867242697906,2.004765296144252,1.8818652942508023,1.7397841418739228,1.5784237897571995,1.397990048152344,1.1986568574923504,0.979696797144419,0.7368100822619333,,,,,0.6545181520505481
11760.0,2.4072187980469053,2.4017671860334744,2.385198231452771,2.356889025392188,2.315869143553934,2.2609195160648303,2.1906973671400767,2.1038793146331103,1.9993086356417955,1.8761232520447066,1.7338430421347317,1.572386711880794,1.391963842814832,1.1927350719979128,0.9739265298560661,0.7310957283509724,,,,,0.6526284043949113
11820.0,2.403974459797511,2.398472097987373,2.381754142326916,2.3532076657897374,2.3118790347170233,2.2565702280515247,2.185964961922726,2.0987695632159467,1.9938567119960107,1.8703912879311198,1.7279167412972394,1.5663667848241551,1.3859541169211869,1.1868255357232855,0.9681592187237394,0.7254579601306463,,,,,0.6508540260692257
11880.0,2.400700400839285,2.3951479203561,2.3782828483211618,2.3495022102124605,2.307868543506274,2.2522059485689443,2.1812238566446287,2.093656800498965,1.9884069299726896,1.8646667951801232,1.7220020140767742,1.5603608978469803,1.3799598863058073,1.180932381102569,0.9624175122095783,0.7198636354388649,,,,,0.6489828063301446
11940.0,2.397397017378262,2.391795031362287,2.374784668791711,2.3457728661122776,2.303838243081896,2.247826417436968,2.176472607304879,2.08854014281566,1.9829598139229683,1.8589511622384802,1.7161022265284045,1.5543761783659333,1.3739928813413806,1.1750724921720295,0.9567206947127028,0.7142240719102033,,,,,0.6470587774058203
12000.0,2.3940645580267708,2.388413671762482,2.3712598261684246,2.3420198454233825,2.299788380518437,2.243432474639362,2.171712988482236,2.0834214585098763,1.9775173316857586,1.853246767145171,1.710219615293655,1.5484130027337393,1.368049284831104,1.1692349524955155,0.9510375858660747,0.7086019076467487,,,,,0.6452102046659608
12060.0,2.390703338341404,2.3850040631134246,2.3677084687275944,2.3382432356329743,2.2957189806714435,2.2390240443743683,2.166944705342869,2.0783003534743787,1.9720785918632027,1.8475515540128709,1.7043501638922807,1.5424647730344947,1.3621197391974165,1.1634087052927895,0.9453581399239381,0.7030557370972503,,,,,0.6434893318877187
12120.0,2.387313784959079,2.3815667227344477,2.3641312069995646,2.3344437265474713,2.2916307613089173,2.234601764354897,2.1621681443011287,2.0731767317892063,1.9666424960795765,1.8418634289559255,1.69849121514746,1.5365293818384391,1.3562048452005564,1.157599303903499,0.9397046501967422,0.6975421422091875,,,,,0.641678934147512
12180.0,2.3838962208765566,2.378101970069487,2.3605283134689965,2.3306214930836755,2.2875237460835196,2.2301652364267888,2.157382214248675,2.0680489827792603,1.9612083352170773,1.836183340331924,1.6926458585468116,1.5306132966400847,1.3503154783297042,1.151822636742299,0.9340972067462244,0.6919649074193228,,,,,0.6397597103947935
12240.0,2.380450820959592,2.3746099713446367,2.3568999341122914,2.3267766690672413,2.283397708519939,2.225714407700182,2.152588047759857,2.062919529837387,1.9557786364640382,1.8305141233095144,1.6868188992683135,1.5247220200116554,1.3444565280796428,1.1460815753471287,0.9285216350941856,0.68635775988191,,,,,0.6378288964940665
12300.0,2.3769778455815054,2.3710910071276152,2.3532464155341404,2.322909483145637,2.279253496467887,2.221250872140018,2.147786725306592,2.057789289371415,1.9503558762725062,1.8248586147003456,1.681011230621513,1.5188554782279393,1.3386254413358543,1.1403691528342326,0.9229589599357483,0.6807687073178686,,,,,0.6359570535022927
12360.0,2.3734778127446026,2.367545621485225,2.3495683781358094,2.319020726257752,2.2750922199559533,2.216775039342411,2.1429794252309495,2.052659795494405,1.9449395198081754,1.81921621954842,1.675221309959533,1.513009626542437,1.332816184193576,1.1346765063349427,0.9174038514393769,0.675205704971624,,,,,0.6340892192672402
12420.0,2.3699514124025116,2.3639745123919425,2.345866420433152,2.3151113109811274,2.270914295749818,2.212287812446084,2.1381664550101847,2.0475304882982357,1.9395297557914748,1.8135851686775546,1.6694475252917342,1.5071825852226226,1.327027505373267,1.129001596636683,0.9118580434593869,0.6696612837232824,,,,,0.6322783265631581
12480.0,2.366399308514238,2.3603783342172604,2.342141119564394,2.311181790564917,2.2667200594129246,2.207789562056096,2.1333476167408003,2.042401144145721,1.9341253557184266,1.8079639336274616,1.663686895860142,1.5013701891731108,1.3212531855188565,1.123338060399012,0.9063228925179775,0.6641740986882942,,,,,0.6304899572905486
12540.0,2.3628220352339664,2.356757602652609,2.338393089760066,2.307232376880842,2.2625100321489797,2.203279576646195,2.1285227733998124,2.037271019538922,1.928725036071912,1.8023522982525524,1.6579402365563793,1.4955765786613227,1.315501724624968,1.1176995548663644,0.9008181976615703,0.6586560636001008,,,,,0.6286681312960231
12600.0,2.3592199500076494,2.353112658164191,2.3346226234617244,2.303263109087837,2.2582842289384675,2.1987587334340013,2.1236917293302082,2.032140350121856,1.92333027760057,1.796751010143398,1.6522078956306296,1.4897999038515877,1.3097667071618646,1.112073868687431,0.8953204856137107,0.6532358167299815,,,,,0.626982771914739
12660.0,2.35559408907063,2.349446982610822,2.3308406971985325,2.2992981841340434,2.254085040463326,2.1942946342817633,2.118955543789583,2.0271496628916563,1.9181277363413543,1.7914014903318798,1.646793486813777,1.4844121974213216,1.3044967291899567,1.1069965396519887,0.8904765981654299,0.6486168164623433,,,,,0.6252739822828873
12720.0,2.351945486125843,2.3457591936697053,2.327038511916179,2.295315987468678,2.2498725403207436,2.189821582590861,2.114215098181514,2.022160211939661,1.912931759363761,1.786063226032766,1.6413939181191346,1.479042293777727,1.299247257359624,1.1019439332364374,0.8856700743735317,0.6439169544876604,,,,,0.6234466668256938
12780.0,2.3482743562047537,2.3420494923936794,2.323216229379039,2.291316626046679,2.245646787469848,2.1853399819241313,2.1094713282219097,2.0171726232524216,1.9077429029227688,1.7807372248481992,1.6360118201902452,1.4736944430839807,1.2940229762247584,1.096918529694553,0.8808838779885054,0.6392338383604242,,,,,0.6216793819854101
12840.0,2.344580919826579,2.338318076194727,2.319374035789528,2.2873002968867744,2.241408025681569,2.1808501649021457,2.1047247175813286,2.0121878155049986,1.9025622495822898,1.7754240772882937,1.630645554360628,1.4683631360119445,1.2888135662004896,1.0919050368021206,0.8760984697545952,0.6346418351208822,,,,,0.6199904143563906
12900.0,2.340865520062288,2.3345652375892345,2.315512170293089,2.2832671619859015,2.237156279010479,2.176351901795449,2.099974603525988,2.007204476892441,1.8973876815656068,1.7701209516379344,1.6252923832469397,1.4630471861754952,1.2836215414819339,1.0869106378731959,0.8713381443211137,0.6300820704889302,,,,,0.6183274225098864
12960.0,2.3371284640785825,2.3307913463480956,2.3116310332170213,2.2792176206773798,2.232891918530598,2.171845528129656,2.095221327699245,2.0022230804276213,1.8922197364784792,1.7648287118913788,1.6199538269710745,1.4577490667886281,1.2784504328086663,1.081940653428567,0.8666127841538024,0.6254281536951943,,,,,0.6165349690206001
13020.0,2.3333699576613895,2.3269965984651604,2.3077307947501415,2.275151813241734,2.2286150737009884,2.167331191404557,2.090464742761604,1.9972433508415566,1.8870591958210252,1.7595497910957463,1.614634475115893,1.4524756693149554,1.273309553244072,1.0770063977227518,0.8619205859481346,0.6207108385023298,,,,,0.6146934557374808
13080.0,2.3295902555151797,2.323181259615547,2.303811759630388,2.2710701301813367,2.2243261745993665,2.1628091075329063,2.085706219866148,1.9922679901853162,1.881908926185619,1.7542863760507013,1.6093351083050806,1.4472258702589742,1.2681927926461112,1.072092618145668,0.8572224817160661,0.6161288287640458,,,,,0.6129972416923838
13140.0,2.3257898457911845,2.31934584067941,2.299874504886726,2.266973248292422,2.2200257398906524,2.1582807400914312,2.0809467881847854,1.9872964846128571,1.876767238388358,1.7490357755825379,1.6040502122488411,1.4419894375765532,1.2630872444011971,1.067185287531286,0.8525265563869567,0.6115726368545336,,,,,0.6113119877122642
13200.0,2.321969343003355,2.315490945653639,2.2959195916158146,2.2628612902505387,2.215714380282108,2.1537459175955567,2.0761849232578005,1.9823277294333628,1.8716327733063731,1.7437954559686921,1.598779711077912,1.4367713251390317,1.2580040184865986,1.0623042386399517,0.8478687228602619,,,,,,0.6095190693373099
13260.0,2.3181291564010995,2.31161695485114,2.2919473164265107,2.258734723414061,2.211392139952991,2.149204062134023,2.0714214368256068,1.9773622453158295,1.8665063667680437,1.7385689133501805,1.5935267470485233,1.4315749526639068,1.2529444896485076,1.0574458063202559,0.8432234585738826,,,,,,0.6078095292543346
13320.0,2.3142696009410333,2.307724184590762,2.287957946515695,2.2545939381445472,2.207059317696752,2.1446561733189164,2.0666568500657654,1.9724005015708672,1.8613891006656593,1.7333551345297482,1.5882905170663337,1.4263962841754316,1.247902861708561,1.052601960237104,0.8385848158553556,,,,,,0.6061235679225411
13380.0,2.3103910911939955,2.3038130521432905,2.283951786297007,2.2504393496074346,2.202716032389251,2.140102615026255,2.0618907714644896,1.9674426222520216,1.8562794232814699,1.7281530680813237,1.5830680353305455,1.4212328366852778,1.2428755571260162,1.0477692693287746,0.8339572533785664,,,,,,0.6045168924202542
13440.0,2.3064940281654236,2.2998839434757956,2.2799293469098467,2.246271200300919,2.19836275327453,2.135542797689688,2.0571233635400543,1.962486968290192,1.8511765983522057,1.7229606658227854,1.5778575476605894,1.4160830565630629,1.2378621866153472,1.0429520660030003,0.8293585854949991,,,,,,0.6028441895724899
13500.0,2.3025786665717263,2.295937090119283,2.275890790062796,2.242089314662038,2.1939993752850304,2.130976675704874,2.052353768337466,1.957534190145339,1.846080375137688,1.7177795175657742,1.572663161330495,1.4109532210397548,1.2328731958830768,1.0381624819923942,0.8247879980365057,,,,,,0.6011862576367133
13560.0,2.2986451485471107,2.291972628608513,2.2718362428781815,2.237893903809269,2.1896259539164937,2.1264048395593504,2.0475828047135307,1.9525844289292242,1.8409924770094668,1.7126107289608135,1.5674834568106695,1.4058398994528336,1.2279004352912486,1.0333893008691502,0.8202318133146894,,,,,,0.5994912947228048
13620.0,2.2946937202100623,2.2879908132592153,2.267765982190338,2.233685418945388,2.185242587791576,2.121827257949832,2.042811021565148,1.947638501510062,1.8359125856355543,1.707454549590117,1.5623217494319699,1.4007496319724073,1.2229558580032889,1.0286485916003636,0.8157030151702436,,,,,,0.5977333180963013
13680.0,2.2907247123418184,2.2839919786884657,2.2636803580680054,2.2294642507609033,2.1808501284235655,2.117244588417969,2.038038590011542,1.942697350649652,1.8308428630778049,1.7023131752569678,1.5571777575276895,1.3956777391409931,1.2180276916989483,1.0239194590992255,0.8111636314313702,,,,,,0.5960984831558012
13740.0,2.2867386063550743,2.2799766183368906,2.2595798960050444,2.225230960977995,2.1764491404015747,2.112657635037634,2.0332664411589128,1.9377606806155676,1.8257814021632526,1.69718310020934,1.5520474338051298,1.3906213393915594,1.213116655126535,1.0192077363728904,0.8066474002567828,,,,,,0.5943915672443258
13800.0,2.282735908816815,2.2759451827709936,2.255464951693026,2.220985759644322,2.1720396307908727,2.1080661630745903,2.0284941597232655,1.932828431357356,1.8207289274333978,1.6920665256806435,1.5469349746193024,1.385587097441358,1.2082318200376991,1.014524082234142,0.80215562589851,,,,,,0.5926429334497945
13860.0,2.278717016303245,2.2718980232073087,2.251335822436825,2.21672890139827,2.167621858648611,2.103470531077792,2.023722341487972,1.9279015714718897,1.8156868056794118,1.686964954619667,1.5418413841323775,1.380574195789226,1.2033683524522694,1.0098577200772016,0.7976615436563418,,,,,,0.5909473819910539
13920.0,2.2746824200509788,2.267835720340839,2.247193205509471,2.2124612257041516,2.163196815759738,2.0988718503878485,2.0189521009434337,1.922980880128567,1.8106548385525678,1.6818766729237666,1.5367628556637332,1.3755762327856136,1.1985171309614524,1.0051965213527998,0.7931625879137013,,,,,,0.5893831654758939
13980.0,2.270632695819529,2.263758841041166,2.2430376333151676,2.208183181180191,2.1587647773729977,2.0942699449091733,2.014182273721389,1.91806420718337,1.8056303313211217,1.6767982424294008,1.531694943890067,1.370588045452297,1.1936733969695983,1.000538754838785,0.7886849957912142,,,,,,0.5878301115733152
14040.0,2.266568233572884,2.259667738054131,2.2388693420943615,2.203894796424276,2.1543252473241323,2.0896637306475196,2.009412110548715,1.91315099784297,1.8006121112321918,1.6717284796079437,1.5266384592864604,1.3656142354722756,1.1888459763234585,0.9958993004477619,0.7842410262927492,,,,,,0.5862756930505827
14100.0,2.26248910644288,2.2555624543130266,2.2346882911404857,2.1995958735755945,2.1498778820268223,2.085053461694505,2.0046415824022694,1.9082405445464523,1.795600537736595,1.666668952429969,1.5215941465868148,1.3606532905205333,1.184031169443757,0.9912730046805417,0.7798160032828756,,,,,,0.5847469403830604
14160.0,2.2583952950948123,2.251442965699687,2.230494444216954,2.1952860704277053,2.1454229186103952,2.080439001703599,1.9998699240987738,1.903333344954796,1.7905954666250248,1.6616186686399255,1.5165625640620803,1.3557073682188288,1.1792336399689958,0.9866700057330333,0.7754243669600723,,,,,,0.5831555301357438
14220.0,2.254286802603784,2.2473092721510843,2.226287793971121,2.1909657095715356,2.140960364331731,2.0758198621849653,1.9950981363585838,1.8984295713605666,1.785598110701873,1.6565804812829537,1.511546355123296,1.3507807485540093,1.1744579660553613,0.9820925494009891,0.7710482111695379,,,,,,0.5815787230775129
14280.0,2.250163723012326,2.2431614799584914,2.222068360314324,2.186635019102901,2.136490312112634,2.071197217228612,1.9903265705652038,1.8935304290978328,1.7806094096393423,1.6515545331956243,1.506545368158175,1.345870740581302,1.169700482167323,0.9775355415381746,0.7666889248054438,,,,,,0.5799184939644738
14340.0,2.246026346194301,2.2389998908296773,2.217836485230679,2.182294377721218,2.1320131997689318,2.066571511012275,1.985555714053595,1.8886364076455593,1.775630223334906,1.6465424541528544,1.5015631713321862,1.3409840719475843,1.164972232152437,0.9730120515339807,0.7623449393289465,,,,,,0.5781980482015199
14400.0,2.2418750877265765,2.2348249309738533,2.2135927500768884,2.1779443253505377,2.1275299637837564,2.0619430336976117,1.9807872802033455,1.8837491314128054,1.770662673196064,1.6415467891510518,1.4966000419437113,1.3361186221688086,1.1602639637305276,0.9685011492576124,0.7579785110720655,,,,,,0.5766215000409569
14460.0,2.2377108662130323,2.2306384967769626,2.2093420127847843,2.173594353033715,2.1230574555027877,2.057338362040281,1.9760575432423095,1.8789188830140682,1.7657710726690212,1.6366465194334792,1.4917530912301737,1.3313890556356343,1.155711236078455,0.9641640747472824,0.7538266223012917,,,,,,0.5751313677147037
14520.0,2.2335346628753485,2.226440595692717,2.205081312683574,2.1692367634559266,2.1185801548811782,2.0527325603753312,1.9713300905611155,1.8740933603266674,1.7608870180236056,1.6317559391154466,1.4869162386766528,1.3266700165083445,1.1511699296947457,0.9598369926729307,0.7497085295274569,,,,,,0.5736273955228026
14580.0,2.2293468133901593,2.222231513343409,2.2008107870442517,2.16487148333049,2.114097668676171,2.048124537749089,1.9666040300526497,1.8692725130428989,1.7560101220582647,1.626874567691635,1.48209114152617,1.3219648432994264,1.1466431281307004,0.9555254755310664,0.7456157779092801,,,,,,0.5721188449520052
14640.0,2.2251473307431584,2.218011239854395,2.196530364768363,2.160498363560566,2.109610022074002,2.043514269104507,1.9618786284154077,1.864455820181796,1.751140866763143,1.6220040106816274,1.4772791380965182,1.3172742647308595,1.142131388207193,0.9512316117742539,0.7415429558696792,,,,,,0.5706092549620441
14700.0,2.2209361804622367,2.213779738996796,2.1922400074268746,2.156117371342859,2.1051172066222836,2.038902008654827,1.957154691182639,1.8596438425635422,1.7462793735446192,1.617143946403806,1.4724799933197095,1.3125985060079601,1.1376357272298359,0.9469562317743675,0.7374871121148584,,,,,,0.5691005017035152
14760.0,2.2167134002936546,2.2095370219744543,2.1879397059964845,2.1517284847888454,2.1006191962554115,2.034287735031349,1.9524322081477974,1.854836857541819,1.7414262648709853,1.6122953135073201,1.4676947492785908,1.3079382382992677,1.1331567176409827,0.9426991674820914,0.7334466147086504,,,,,,0.5675937516316086
14820.0,2.2124791114449804,2.2052831589856883,2.183629482982272,2.1473316809231173,2.0961159237557925,2.0296713368436454,1.9477110221494116,1.8500346586984273,1.7365812801835958,1.6074577874883254,1.4629230466085639,1.303293259190419,1.1286944015873261,0.9384599648261212,0.7294204858210817,,,,,,0.5660898035650956
14880.0,2.2082334999648636,2.201018419075973,2.1793096933178804,2.1429274046823594,2.09160792772805,2.025053447431918,1.9429918576596161,1.845238052349528,1.731745143011213,1.602631869559495,1.4581651619912661,1.2986636837144154,1.124248709693854,0.9342377686342145,0.7254076315932874,,,,,,0.564589233094654
14940.0,2.2039767960716996,2.1967430311011684,2.1749805616601154,2.1385158734027385,2.0870954145431906,2.0204342577896397,1.938274553510918,1.8404464505096554,1.7269172929607495,1.5978173977745664,1.4534213224430963,1.2940499110787163,1.1198200212112253,0.9300326516684055,0.7214079057728957,,,,,,0.5630924649123599
15000.0,2.199709258522135,2.192457251201422,2.17064233624812,2.1340973220502684,2.0825785771729217,2.0158134213298307,1.9335592022343522,1.8356605905023615,1.7220986008366312,1.593014530215606,1.448691013367389,1.2894515430435924,1.1154082617523557,0.9258442356295475,0.7174211779416362,,,,,,0.5615998128939643
15060.0,2.195431163111107,2.1881613516997693,2.16629527899269,2.1296719952679375,2.078057206437139,2.0111916017366487,1.928846362504658,1.8308803303707715,1.7172882656394046,1.588223338396816,1.4439749162148134,1.2848687555647726,1.1110128105677866,0.9216721837817984,0.7134472058220055,,,,,,0.5601115089014863
15120.0,2.191142795368307,2.183855614082297,2.161939659293883,2.1252399144433043,2.073531977975748,2.006569053802383,1.924135708285624,1.8261056907046296,1.7124872743963964,1.5834436728341925,1.4392724844081377,1.2803017672553199,1.10663396578945,0.9175158045817318,0.7094857892978244,,,,,,0.5586277221121869
15180.0,2.186844445424729,2.1795403240663855,2.1575757497045176,2.120801434961273,2.0690031132988254,2.001945641980101,1.919427603211107,1.8213371978912352,1.707694766201111,1.5786758703328079,1.4345840144026951,1.2757500483227384,1.1022716426425527,0.9133750788209775,0.705536752869034,,,,,,0.5571485747226886
15240.0,2.18253640494339,2.1752157686568685,2.153203823355527,2.1163569306767593,2.064470832030955,1.9973215866190448,1.9147224431917247,1.8165741847394017,1.7029116595800162,1.5739194832453987,1.429909562306635,1.271213844294402,1.09792547693035,0.9092499136353406,0.7015994625707527,,,,,,0.5556741531017761
15300.0,2.178218964913754,2.170882234034018,2.1488239533053024,2.111906650133059,2.0599349423435025,1.9926973496997487,1.9100197387450906,1.8118175481223486,1.6981372264777452,1.5691751283150142,1.4252486622024856,1.2666932547435101,1.0935951569301534,0.9051400911785965,0.6976740627099082,,,,,,0.5542045166827493
15360.0,2.1738924141974083,2.1665400041622207,2.1444365742493137,2.1074508390403253,2.055395998981678,1.988072992991999,1.9053201433029412,1.8070668112376815,1.6933721952290715,1.56444205893861,1.4206018896568362,1.2621876745569476,1.0892808819013513,0.9010452819427883,0.6937605778642816,,,,,,0.5527397048872792
15420.0,2.1695570386672407,2.1621893599685533,2.1400419855610235,2.1029897128748147,2.05085428026422,1.9834483113446475,1.9006238328524294,1.8023223362737788,1.688616008236703,1.559721100894994,1.4159686616630554,1.257697418702922,1.084982495317218,0.8969650320471433,0.689858863859996,,,,,,0.5512797422051672
15480.0,2.165213120734766,2.1578305788944516,2.135640449961256,2.0985232106017726,2.046309992699995,1.9788239629444642,1.8959303172693145,1.7975842477787032,1.6838692195987932,1.5550114427170414,1.4113492725843864,1.2532225132528565,1.0806994055838013,0.8928995666256422,0.6859687785404148,,,,,,0.5498246417807554
15540.0,2.1608609390153535,2.153463934579639,2.1312322263608294,2.094051893711205,2.0417630100776605,1.9742001117190195,1.8912403893166607,1.7928522602234345,1.6791314299506348,1.5503138096673637,1.406743727560526,1.248762316293478,1.076431800862452,0.8888487213220783,0.6820901811489307,,,,,,0.5483744081885237
15600.0,2.156500768087836,2.1490896966362962,2.12681756967723,2.089575993270482,2.0372137127675694,1.9695764020906648,1.8865539458294822,1.7881270512862883,1.6744030331576412,1.545627632211973,1.402151554530605,1.24431719669815,1.072179644775911,0.8848123398099972,0.6782226206708647,,,,,,0.5469290396382184
15660.0,2.1521328783783087,2.1447081305422233,2.122396730755146,2.0850957363989133,2.032662444394672,1.9649534239694602,1.8818708225964653,1.783407931818551,1.6696837753909186,1.54095330619872,1.3975732863446904,1.2398871369360127,1.067942690983551,0.8807899296603604,0.6743659321949346,,,,,,0.5454885295915064
15720.0,2.1477575361256727,2.1403194976125,2.117969956355879,2.0806113462850107,2.028109396630784,1.960331416184132,1.877191634428555,1.7786956608097075,1.6649739035372468,1.5362905843538082,1.3930083601133927,1.2354714838213172,1.063720485170765,0.8767815164492206,0.6705203080995636,,,,,,0.544052867939464
15780.0,2.1433750033977486,2.135923991418983,2.11353736118418,2.0761228485791934,2.023554497190141,1.9557102022868391,1.87251609849181,1.7739899264801002,1.660273296530541,1.531639528602126,1.388457007738406,1.2310706362088597,1.0595133252813072,0.8727871353937655,0.6666856108342711,,,,,,0.5426220418025695
15840.0,2.1389855381104517,2.1315218754530023,2.1090992050735404,2.0716304910514634,2.0189979745350755,1.9510899857135164,1.8678443893730519,1.769290872746141,1.655582067049019,1.5270002193514258,1.3839192753474936,1.226684554662281,1.055321082807224,0.8688066517445004,0.6628617036943346,,,,,,0.5411960361606414
15900.0,2.134589394053595,2.127113451643899,2.1046558293744435,2.067134646814009,2.0144402268783654,1.946471183979215,1.8631769388193062,1.7645987854380925,1.6509002143005456,1.522372380321113,1.3793946221464684,1.222312593651719,1.0511433471045744,0.8648399346199819,0.6590484507846899,,,,,,0.5397748343568947
15960.0,2.130186820934516,2.122698964925588,2.100207464900363,2.062635523883144,2.00988143192806,1.941853790776482,1.8585132792746117,1.7599132116529337,1.6462277293515386,1.517756425030218,1.3748835893419513,1.2179551545297531,1.046980048909521,0.860886363083625,0.6552457170053476,,,,,,0.5383584184774226
16020.0,2.125778064439006,2.1182786562496556,2.0957543386051847,2.0581333266348603,2.005321561286904,1.9372376433826783,1.8538539363233995,1.7552348837116025,1.6415647195562466,1.5131517348248413,1.370385680234534,1.2136121935834012,1.0428313058652,0.8569462936535518,0.6514527677772473,,,,,,0.5369467696198268
16080.0,2.12136336628851,2.11385276264398,2.0912966736457843,2.053628235708514,2.000760715013854,1.932623328859764,1.849199113027899,1.7505631697142752,1.6369110667356335,1.5085590046953037,1.3659010013407515,1.2092830889126096,1.0386970013879364,0.8530196180441569,0.6476700179179201,,,,,,0.535539868064877
16140.0,2.1169429642985054,2.1094215172725703,2.0868346894458707,2.0491201325744917,1.9961993357952639,1.928010980385008,1.844548273144617,1.7458986842462627,1.6322669745615075,1.5039774402437318,1.361429719770439,1.204968216099269,1.034576591098889,0.8491062173913203,0.6438973787910635,,,,,,0.53413769342738
16200.0,2.112517092957068,2.104985150015476,2.0823686022792978,2.044609547771203,1.9916375890652507,1.923400154508397,1.8399021843080035,1.741241208251558,1.6276322282259654,1.4994077306773475,1.3569711618150944,1.2006675432181253,1.0304703191756621,0.8452058918824775,0.6401347179984151,,,,,,0.532740201637916
16260.0,2.108086696038252,2.1005470336027767,2.0779090342177833,2.040119353212131,1.9871153745470542,1.9188534606220644,1.8353496674152339,1.7367113383490564,1.6231639172087136,1.4950463563924736,1.3527673817963883,1.196670213149807,1.0267216590449575,0.8417245591945195,0.6368757717509295,,,,,,0.5313393370705847
16320.0,2.103652718458564,2.0961056800040945,2.0734470745696214,2.035628517352068,1.9825942575130058,1.9143105605331843,1.8308029857027706,1.7321902592891953,1.618706043135628,1.4906978989687913,1.3485771192465885,1.192687642006232,1.022986878347534,0.8382565844068209,0.6336233059037182,,,,,,0.5299374577642315
16380.0,2.0992153865825047,2.0916613104643984,2.0689830886806697,2.031137222387778,1.9780747096919664,1.9097715680828056,1.8262626912096251,1.7276776289789177,1.6142592119321046,1.486361599151558,1.3444010199601328,1.1887191027043968,1.0192664183391158,0.8348010847837878,0.6303781478204189,,,,,,0.5285371338436192
16440.0,2.0947749229289667,2.087214142445476,2.064517279171254,2.026645647227202,1.973556878962669,1.9052361427171232,1.821728855684655,1.7231736077555357,1.609823094157158,1.482038080905557,1.3402381913183505,1.1847650584633378,1.01555981173929,0.831357712860514,0.6271410024862367,,,,,,0.5271392383753213
16500.0,2.090331546067213,2.0827643895228647,2.0600498449644356,2.022153809653776,1.9690409102272688,1.9007048441514423,1.8172012373298208,1.7186784734370812,1.6053976304741278,1.477726907932856,1.3360893661818438,1.1808249032975158,1.0118669658829145,0.8279266362792397,0.6239107867700849,,,,,,0.5257442597892048
16560.0,2.0858854707004,2.078312261469043,2.0555809813676262,2.0176619242133897,1.9645269454794099,1.8961777817048644,1.8126799890979743,1.7141919041725986,1.60098318254427,1.4734281522225705,1.331953763937395,1.1768989671823458,1.0081878647024198,0.8245067584515282,0.6206887134340618,,,,,,0.5243525135982362
16620.0,2.081436907730743,2.073857964318683,2.051110880137473,2.013170275595505,1.960014829210849,1.8916550594841257,1.8081654057856715,1.7097140110159088,1.5965791834258782,1.4691419198637359,1.3278319087676607,1.1729867618002043,1.0045219246956625,0.8210987755525422,0.6174751442425475,,,,,,0.5229642195593673
16680.0,2.07698606433155,2.0694017004403475,2.0466397295500895,2.008679029601509,1.955504923600476,1.887136439941602,1.8036575276239497,1.7052450874934668,1.5921860474663634,1.4648677470851696,1.3237232205617258,1.1690884767622955,1.0008695884151722,0.817702278989021,0.6142687100953105,,,,,,0.5215795410768946
16740.0,2.0725331440238794,2.0649436686126244,2.0421677144751404,2.0041883489203114,1.9509974319579666,1.882622249991989,1.799155928597241,1.700784825934242,1.5878037806888186,1.4606061691120968,1.3196280232561823,1.1652037525513526,0.9972299435797216,0.8143169074129618,0.6110707069768991,,,,,,0.5201986026588629
16800.0,2.0680783467325283,2.060484064079742,2.037695016430065,1.9996983931795198,1.9464924852372933,1.8781127003454443,1.7946611835408042,1.6963333011995092,1.5834319116125348,1.4563564922507752,1.3155459258054805,1.1613326410834854,0.9936035601340608,0.8109431781104254,0.6078813221998441,,,,,,0.5188214991626616
16860.0,2.063621868858747,2.0560230786236353,2.03322181364985,1.9952093190106523,1.9419902117674837,1.8736078860328247,1.790173351073843,1.6918908166456725,1.579070996511016,1.4521192171992068,1.3114770625853243,1.1574749242770537,0.9899898510455291,0.8075802941686436,0.6046990312070819,,,,,,0.5174483055773577
16920.0,2.0591639033472964,2.051560852847326,2.028748185546185,1.9907211367835367,1.9374905468188692,1.8691076636713837,1.7856922085941758,1.687457072971693,1.5747206643540383,1.4478940030795828,1.307421222711301,1.153630516577122,0.9863888984551379,0.8042286783404297,0.6015252315562016,,,,,,0.5160790821143874
16980.0,2.054704639749256,2.047097576308502,2.0242743130639265,1.9862340111028163,1.9329936322361063,1.864612147504482,1.7812178396039842,1.683032121492417,1.5703809342582469,1.4436808373797014,1.3033783627640239,1.1497993506701223,0.982800642311472,0.8008883406082503,0.5983600112200239,,,,,,0.5147138767795655
17040.0,2.0502442642809644,2.0426334740852443,2.0198004516170167,1.9817482199151004,1.9284997615862915,1.8601216406881658,1.7767505516014432,1.678616269535968,1.5660521096711582,1.439479881613837,1.2993484439757377,1.145981200072745,0.9792246664611967,0.7975585601053723,0.5952017519201621,,,,,,0.5133527274783574
17100.0,2.045782959883557,2.038168724747041,2.0153267669315817,1.9772639084499046,1.92400905322298,1.85563622992585,1.7722903869644866,1.6742092203584054,1.5617335731514714,1.4352906255190607,1.295331256504699,1.1421761545218083,0.975661419227386,0.7942400694708636,0.5920519217811339,,,,,,0.5119956640904271
17160.0,2.041320906284202,2.0337035037067617,2.0108534217451717,1.9727812192144425,1.9195216231227483,1.8511558572282554,1.7678368870158914,1.6698110138721276,1.5574258354428354,1.431113611507733,1.2913269254465642,1.1383838414800833,0.9721100345117212,0.7909323032268908,0.5889105545225474,,,,,,0.5106427100947936
17220.0,2.036858280053754,2.0292379832775094,2.0063805758612077,1.968300292044244,1.9150374872648046,1.846680443930826,1.7633906221429714,1.6654219555592389,1.5531287671519611,1.426948168213467,1.287335085139552,1.1346045130245401,0.9685711686563969,0.7876352569224409,0.5857759806904539,,,,,,0.5092938835869446
17280.0,2.0323952546621853,2.0247723327272533,2.0019083862012645,1.9638212641517334,1.910556591229215,1.8422103767484697,1.7589516398303535,1.6610417455193078,1.5488420430658902,1.422794755237202,1.2833560160625865,1.1308376447121118,0.9650442512135831,0.7843493101075071,0.5826496898320472,,,,,,0.5079491980140568
17340.0,2.027932000533019,2.0203067183324617,1.9974370068563678,1.9593441270548746,1.9060793085453656,1.8377457347093937,1.7545197101128887,1.6566704240954244,1.5445661279963538,1.4186530473610497,1.2793892065831356,1.127083655701465,0.961529412256283,0.7810735505738654,0.5795317004407073,,,,,,0.5066086628333263
17400.0,2.0234686850969394,2.015841303430915,1.9929665891374504,1.9548690268627804,1.9016057461350262,1.8332865365003779,1.7500949057324324,1.6523082893267056,1.5403005675148065,1.4145230295242113,1.2754350838910353,1.1233418635400942,0.9580266229043135,0.7778086683552867,0.576420330001786,,,,,,0.5052722840991086
17460.0,2.0190054728442357,2.0113762484733506,1.9884972816246507,1.950396222829331,1.8971360087560798,1.8288325298923285,1.7456775201426549,1.647955032689275,1.5360455441852825,1.410404844555969,1.271492999645579,1.11961285911835,0.9545354796719729,0.7745544589009262,0.5733170295003186,,,,,,0.5039400649361734
17520.0,2.014542525374659,2.006911711072552,1.9840292220640467,1.9459258421554293,1.8926701829405523,1.824384176325668,1.7412675717381902,1.6436107065900702,1.5318012336525753,1.406298017119745,1.2675635190394936,1.1158957958985516,0.9510564529580913,0.771310391455153,0.5702218394492338,,,,,,0.5026120059001827
17580.0,2.010080001451619,2.002447846056676,1.9795623877818935,1.9414580096477976,1.888208041727269,1.8199415477047103,1.736864626137588,1.6392755962980279,1.527567015934324,1.4022030647201342,1.2636458658439427,1.1121913571915891,0.9475887392652301,0.7680771106895986,0.5671331022992189,,,,,,0.501288105311858
17640.0,2.005618057041291,1.9979848055077727,1.9750970937744547,1.9369928477529283,1.8837500282343198,1.8155047142282597,1.7324692230354313,1.6349493794503827,1.5233434948726419,1.3981193055074799,1.2597407059780166,1.1084987783356366,0.9441329421858344,0.764853992014538,0.5640521628359684,,,,,,0.4999683594603699
17700.0,2.001156845372536,1.9935227388206602,1.970633478181587,1.9325304766077294,1.8792962389530083,1.8110733185855343,1.7280814002080238,1.6306321319467103,1.5191303569712202,1.3940472399321726,1.255847229668263,1.1048185788668592,0.940688590063191,0.7616411515351682,0.5609791218080485,,,,,,0.49865276291452243
17760.0,1.9966965169775377,1.989061792742897,1.966171676640125,1.9280708571825826,1.874846768393925,1.8066478386718643,1.7237008946981898,1.6263241211759176,1.5149275054438196,1.3899864891243154,1.2519660788588378,1.1011501810372197,0.9372557302173168,0.7584389129546213,0.5579123861069667,,,,,,0.4973413086802555
17820.0,1.9922372197355414,1.9846021114177836,1.961711822324679,1.9236141475900168,1.8704017091201335,1.8022283562867356,1.7193278239591778,1.622025005923234,1.5107352781770862,1.385937113954214,1.248096537932035,1.0974939158723571,0.9338344560803541,0.7552463366759803,0.5548531193702304,,,,,,0.49603398836033324
17880.0,1.9877790989171373,1.9801438364278605,1.9572540459888437,1.919160576246855,1.8659608479434506,1.7978149351370134,1.7149624418395244,1.6177348967457172,1.506553101817297,1.3818991708284778,1.2442391297303048,1.0938494035424466,0.9304242519201018,0.7520641655756276,0.5518015228977828,,,,,,0.4947307923036226
17940.0,1.9833222972287148,1.9756871068385642,1.9527984760065245,1.9147102544302137,1.8615245241981622,1.793407279904432,1.7106047178984827,1.6134540381950457,1.502381403894716,1.3778722941151063,1.240393258696297,1.090216781102474,0.9270256533563913,0.7488921834160243,0.5487561101488504,,,,,,0.49343170974415007
18000.0,1.9788669543695128,1.971232058755447,1.9483452379298387,1.910263290814574,1.8570928786819858,1.789005727415044,1.7062542957461122,1.6091820648896198,1.4982200884014223,1.373856944419817,1.2365593364261893,1.086595870986707,0.9236379612896547,0.7457298330012648,0.5457177812721301,,,,,,0.4921367467164581
18060.0,1.9744127924216572,1.9667769881951638,1.9438883410654721,1.9058065716007466,1.8526428847384346,1.7845747072316767,1.701860748176084,1.6048505692363861,1.4939803258877133,1.369741833224075,1.2326021791453707,1.0828254553101446,0.9200706224147669,0.7423500689580356,0.5424031729183624,,,,,,0.4908502430407619
18120.0,1.9699595289220087,1.9623230308066915,1.9394331905584692,1.901352602350685,1.848196938349864,1.7801492263776018,1.6974743091644353,1.6005277028460705,1.4897505387734342,1.3656377362100256,1.2286565379617755,1.079066616207769,0.9165144001019024,0.7389802881036863,0.5390976729568889,,,,,,0.4895709079579345
18180.0,1.965507298023769,1.9578702156075773,1.9349797048866466,1.896901187204284,1.8437547278023438,1.7757288586943343,1.6930944428627694,1.5962128282122814,1.4855299981471133,1.3615438603017278,1.2247217129032506,1.0753187252710243,0.9129687014973376,0.7356200492853249,0.5357993004183681,,,,,,0.48829731071826166
18240.0,1.961056231260736,1.9534187756358614,1.9305282115859503,1.8924527406448581,1.8393167463182867,1.7713141671145245,1.6887217721281498,1.5919066182850665,1.4813194191405479,1.3574608993695765,1.220798274649513,1.071582266834622,0.9094340096791755,0.732270037343795,0.5325084727350655,,,,,,0.4870289481572187
18300.0,1.9566064579822493,1.948968837095956,1.9260788275893013,1.88800736471127,1.8348830762251094,1.7669052105154148,1.684356267855257,1.5876087276188162,1.4771181632672108,1.3533881304690272,1.2168857692321637,1.0678570494224398,0.9059103439702326,0.7289303172817497,0.5292249444620047,,,,,,0.4857655308600514
18360.0,1.9521581053807209,1.944520524071325,1.921631667814832,1.8835651595991243,1.8304537982397653,1.7625017799462757,1.6799974886694007,1.5833191924387717,1.4729267115821534,1.3493261576931628,1.2129843310764534,1.0641427602715543,0.9023972569884403,0.7256008262350986,0.5259484288205557,,,,,,0.48450685763315227
18420.0,1.9477112985372813,1.9400739585694213,1.9171868452089167,1.8791262237013802,1.826028721558693,1.7581039544445516,1.6756460040661052,1.5790383275163122,1.4687446907925652,1.345274353400865,1.209093949588773,1.0604397801278163,0.8988950432936677,0.7222809017667964,0.522678683494369,,,,,,0.4832527790153955
18480.0,1.9432661604421722,1.93562926054192,1.9127444707660768,1.8746905922632835,1.8216080476477527,1.7537120347041744,1.6713017289691015,1.5747654981719263,1.4645723041530743,1.341233225367762,1.2052143217683446,1.056747737508764,0.8954038084539901,0.7189711105726985,0.5194143777271178,,,,,,0.48200317864613523
18540.0,1.938822812026113,1.931186547915699,1.9083046535590182,1.870258166224195,1.817191999912365,1.7493260579871264,1.6669643289842964,1.5705013684609752,1.4604094505445715,1.3372022483546222,1.2013458561344892,1.0530666790858196,0.8919232019193257,0.7156713772750662,0.5161562837619792,,,,,,0.4807579595207156
18600.0,1.934381372192815,1.9267459366249793,1.9038675007698302,1.865829294760924,1.812780652941685,1.7449456011179005,1.6626343145741436,1.5662455842894054,1.4562560670949143,1.3331818276686982,1.197487894346969,1.0493968130054825,0.888453268258499,0.7123815486731456,0.5129043351187338,,,,,,0.4795170384568277
18660.0,1.929941957849715,1.9223075406417456,1.899433055046114,1.8614040693257066,1.8083739576549405,1.7405712097811386,1.6583115391489232,1.561998199561866,1.4521123136321712,1.3291715475081258,1.1936409832485058,1.0457376133117737,0.8849942064008528,0.7091010217701629,0.5096583559044144,,,,,,0.4782803434118588
18720.0,1.9255046839321928,1.9178714719998025,1.8950013323501493,1.8569825796993944,1.8039718153746247,1.7362029342787286,1.6539957871495428,1.5577594932392473,1.4479778726768657,1.325171704414128,1.1898047280085646,1.0420894480824612,0.8815457819705804,0.7058303099543152,0.5064181773042716,,,,,,0.4770478109896529
18780.0,1.9210696634344797,1.913437840825412,1.8905725849859778,1.852564914020812,1.7995745902291962,1.731840540131731,1.6496875044590644,1.5535288764988873,1.4438531540125117,1.3211819985336524,1.1859792192228522,1.0384522901869175,0.8781077708391228,0.7025693331532417,0.5031826466953523,,,,,,0.47581938394238027
18840.0,1.9166370074385493,1.909006755365968,1.8861469128629882,1.8481510308074798,1.7951823511169447,1.7274841372505472,1.645386477544319,1.5493069843221228,1.4397375968179658,1.3172026110568122,1.1821645239054572,1.0348256749633709,0.8746804885064392,0.6993179342647889,0.49995226664752784,,,,,,0.4745950097747955
18900.0,1.9122068251416406,1.9045783220173573,1.881724414138152,1.8437409556904378,1.7907951655783958,1.7231339964508554,1.6410926212783328,1.545093434028632,1.4356318243695765,1.3132333642041691,1.1783602725682945,1.0312100558384176,0.8712638387637311,0.6960755158037479,0.496727167784366,,,,,,0.47337463999886037
18960.0,1.9077792238831037,1.9001526453506612,1.8773051852424054,1.8393349601765125,1.786412700953058,1.718790112315027,1.6368063115537057,1.5408883392531132,1.4315351202686473,1.3092743171348746,1.174566908633346,1.0276051825831487,0.8678573069169899,0.6928425916261204,0.49350719167941265,,,,,,0.4721582295337439
19020.0,1.9033543091712022,1.895729828138835,1.8728893209070312,1.8349331261172903,1.7820354077516045,1.7144521286430618,1.6325272626043468,1.5366919031840394,1.427448146661852,1.3053254200678226,1.170783861073382,1.0240108722491386,0.8644613446784417,0.6896190848307986,0.49029218093750787,,,,,,0.47094573611127427
19080.0,1.8989321847098237,1.891309971383301,1.86847691418998,1.8305355338545253,1.7776633641807955,1.7101205440045957,1.6282555310872833,1.532503623952891,1.4233703289370732,1.3013866035241952,1.1670115411381787,1.0204274302853014,0.8610758971296009,0.686404881147248,0.48708132169519464,,,,,,0.46973711978274574
19140.0,1.8945129524248423,1.8868931743402093,1.8640680565018959,1.826142262245961,1.7732966326176798,1.7057954014676397,1.6239914176180457,1.5283240881632942,1.4193021016163974,1.2974579515738949,1.1632497070154366,1.0168544793957632,0.8577004798001767,0.683199306438926,0.48387440975988916,,,,,,0.46853234257151877
19200.0,1.890096712490064,1.8824794640835174,1.8596626976904738,1.8217531813273735,1.7689350026857926,1.7014764120377344,1.6197345590186978,1.5241528653737475,1.415243113540834,1.293539259637848,1.159498292354212,1.0132920931673266,0.8543353513265117,0.680002918172225,0.4806719528104419,,,,,,0.4673313682205102
19260.0,1.8856835633528444,1.8780689706960654,1.855260993996369,1.8173684680044981,1.7645786666803012,1.697163778599988,1.615485164810654,1.5199901691984758,1.4111935820465809,1.289630751462006,1.1557575345701045,1.0097404430680745,0.8509805715012201,0.6768156428138807,0.47747379122643635,,,,,,0.46613416197929497
19320.0,1.881273601759445,1.873661824800843,1.8508631044373738,1.8129883041293613,1.7602278238921651,1.6928577129311608,1.6112434551341885,1.5158360884054434,1.4071533688734383,1.2857320810695057,1.152026886901693,1.0061990381817725,0.8476358343881414,0.6736374076299998,0.4742797644174779,,,,,,0.46494069041645947
19380.0,1.8768669227801476,1.869258118934546,1.8464691140989689,1.8086127628874684,1.7558825319440805,1.688558138492678,1.6070089842971158,1.5116902472021911,1.4031224844105266,1.2818436176913497,1.1483068722517307,1.0026681839480938,0.844301045578851,0.6704675095753706,0.4710896335188186,,,,,,0.46375092126287765
19440.0,1.8724636198341236,1.8648579440150372,1.8420791065450042,1.8042419161056764,1.7515426925130961,1.684264826973463,1.6027821254692398,1.5075531648318439,1.3991009929290938,1.2779648678132065,1.1445970498993239,0.9991479211284253,0.8409764392173932,0.6673064563046348,0.46790197890033847,,,,,,0.4625648232856531
19500.0,1.868063784713642,1.8604613893655348,1.8376931638418563,1.7998758342763448,1.7472082614225337,1.6799782012126243,1.598563013183215,1.5034243442013153,1.3950887079340677,1.2740963519353647,1.140897592640571,0.9956376891950262,0.8376619034800316,0.6641542229254918,0.4647179255657778,,,,,,0.46138236618619766
19560.0,1.8636675076091813,1.8560685427396946,1.8333113665834508,1.7955142875892975,1.7428795487364097,1.6756982982948496,1.59435111419406,1.49930413710444,1.3910858860534634,1.270237423006619,1.1372085068752071,0.9921379700581591,0.834356961842165,0.661010739255342,0.4615373046036825,,,,,,0.46020352050766394
19620.0,1.8592748771323007,1.8516794903444824,1.8289337939141417,1.7911576298598664,1.7385566077131969,1.6714247469132275,1.59014697580784,1.4951924803027594,1.3870921538071632,1.2663887099349407,1.1335294693089777,0.9886486125896244,0.8310620381969508,0.6578754353814522,,,,,,,0.4590282575645382
19680.0,1.85488598034295,1.8472943168674372,1.8245604984093102,1.7868059417133573,1.734239441975685,1.6671579022940206,1.5859505733139108,1.4910891612800534,1.383107950195811,1.2625495520846417,1.1298608840608764,0.9851692531252632,0.8277770782985013,0.6547485580069823,,,,,,,0.4578565493638851
19740.0,1.8505009027705914,1.8429131054978065,1.8201913956815294,1.7824592885557646,1.7299277923052823,1.662897889171124,1.5817614866611975,1.4869946133239111,1.3791327244948741,1.2587205094388905,1.1262022288152522,0.9817002720466135,0.824501649645586,0.6516302163784263,,,,,,,0.45668836856088235
19800.0,1.8461197287134519,1.8385359382249196,1.8158267473544485,1.7781177348442636,1.725622069606484,1.658644532811525,1.5775802420269385,1.4829082544791468,1.3751670874307491,1.254901062426406,1.1225538552838967,0.978241435989153,0.8212359252367739,0.6485203423598058,,,,,,,0.4555236781607641
19860.0,1.8417429573605342,1.8341647546661457,1.8114728140421232,1.7737946023543432,1.7213455269786666,1.6544335264145673,1.5734574335349343,1.4788985709940248,1.3712977055690647,1.2512003913936578,1.119047718293435,0.974950583183113,0.8181679997769782,0.6456454950851815,,,,,,,0.4543582622149962
19920.0,1.837371086543079,1.8297986030781126,1.8071242953830084,1.769477263211263,1.717075759318572,1.6502301506511623,1.56934272231766,1.4748980785141241,1.36743831710905,1.247509666041577,1.1155519574971187,0.9716702633003107,0.8151095619277784,0.6427787836684627,,,,,,,0.4531933411463479
19980.0,1.8330041929168812,1.8254375577639226,1.802781258803472,1.7651659947115776,1.7128126308851435,1.6460344320396412,1.5652365244209117,1.4709064716233435,1.3635885954372178,1.2438293934993274,1.1120665445229836,0.9683998192248214,0.8120608787074155,0.6399201697312543,,,,,,,0.45203023889724
20040.0,1.8286423519707011,1.821081691894753,1.7984437707023828,1.760860852549414,1.7085561953915565,1.6418461767829695,1.5611388495945593,1.4669241685980752,1.3597485413956316,1.2401589201741308,1.1085914166837534,0.965139835164165,0.809021877621432,0.6370687085334923,,,,,,,0.4508693985496245
20100.0,1.8242856377129877,1.8167310771978675,1.7941118961428526,1.7565618912594592,1.7043066615429765,1.6376654323196618,1.5570492883890243,1.4629509500686937,1.355918400379447,1.2364988162170376,1.1051265695035635,0.9618897314123392,0.8059920224635345,0.6342248099211905,,,,,,,0.4497110584195582
20160.0,1.819934122699682,1.8123857839839814,1.7897856988781422,1.7522691642399306,1.7000640694144997,1.6334924232716268,1.5529682050273765,1.4589866957729722,1.3520976080982032,1.2328485815885395,1.1016719130099786,0.9586498340430055,0.8029717710553311,0.6313886912830328,,,,,,,0.4485553721274652
20220.0,1.8155878780660015,1.8080458811785853,1.7854652413814598,1.7479827237793562,1.6958284581967122,1.6293271738838961,1.5488956739920194,1.4550317291147161,1.348286715381741,1.2292085275431026,1.098227470388942,0.9554198587570591,0.7999605528577545,0.6285594668172416,,,,,,,0.44740244327365647
20280.0,1.8112469735444856,1.8037113849523387,1.7811504830314393,1.743702470704503,1.6915996701943252,1.6251694699491872,1.544831428469765,1.4510857359059237,1.3444853658291733,1.2255784083826264,1.0947931165170228,0.9521997919631725,0.7969585197270775,0.625737779026314,,,,,,,0.4462523440221542
20340.0,1.8069114774904993,1.7993823744871176,1.7768415095198005,1.739428493176996,1.6873777925576994,1.6210193949108063,1.5407755464366926,1.4471487879004068,1.3406936252267638,1.221958284880231,1.0913689071914277,0.948989685893664,0.7939657579728989,0.6229237816688586,,,,,,,0.44510512817074627
20400.0,1.802581456907768,1.7950589533664023,1.7725384562685778,1.735160953488506,1.6831630095272385,1.6168771503373123,1.5367282427261617,1.443221110025968,1.3369116631703433,1.2183481562052767,1.0879546766681052,0.9457891894823989,0.7909816473278642,0.620116516133477,,,,,,,0.4439608360946862
20460.0,1.798256977472029,1.790741185198871,1.7682413808473894,1.7308998996844995,1.6789553569108921,1.6127427580705247,1.5326893859341082,1.43930228970391,1.3331390016598692,1.2147478410047214,1.0845505204527535,0.9425987011660885,0.7880067601493703,0.6173167662342651,,,,,,,0.44281949744025456
20520.0,1.7939381035509765,1.786429132318976,1.7639503396512812,1.7266453787949425,1.6747548697069876,1.6086159768106831,1.5286587823245041,1.4353925976192654,1.3293761445496828,1.211157574452113,1.0811562280156783,0.9394175293484199,0.7850406528390824,0.6145246157069434,,,,,,,0.44168113374449935
20580.0,1.7896248982291965,1.7821228558113973,1.7596653879236122,1.7223974368542232,1.670561359511914,1.604496939877085,1.5246367798406495,1.4314921566343726,1.3256226906195672,1.2075769417862003,1.0777719417275524,0.9362462546907235,0.7820833376229127,0.6117390421648499,,,,,,,0.4405457607703611
20640.0,1.7853174233311,1.7778224155335194,1.755386579777038,1.7181561138278743,1.6663749650722612,1.6003858190644715,1.5206233753752334,1.4276004522047365,1.321878799552819,1.2040064058794027,1.0743974018160498,0.9330843496545531,0.779135088230476,0.6089609317806028,,,,,,,0.4394133898087638
20700.0,1.7810157394428192,1.7735278701368584,1.7511139682134513,1.7139212028651105,1.6621958376254005,1.5962826339511687,1.5166181177085984,1.4237179606084596,1.3181445346670064,1.2004453273682196,1.0710328041788015,0.9299320628440404,0.7761951687149831,0.6061903152497574,,,,,,,0.43828402841456415
20760.0,1.7767199059335608,1.769239277087943,1.7468476051433488,1.7096930040730984,1.6580240090746121,1.5921871096137346,1.5126214807530287,1.4198446162038396,1.314419532482118,1.1968942921026267,1.0676778348454536,0.9267892235575431,0.7732641988961214,0.6034261252886399,,,,,,,0.43715768101275987
20820.0,1.7724299809768733,1.7649566926890803,1.7425875414050283,1.7054715596827403,1.6538595105798042,1.5880994427084067,1.5086334695871955,1.4159800476136364,1.3107042346895563,1.1933527349586737,1.0643327493248804,0.9236557214760932,0.770341886917905,0.600669313570726,,,,,,,0.43603434948499176
20880.0,1.7681460215717006,1.760680172098898,1.7383336924003523,1.7012569110135858,1.6497021147929953,1.584019768680429,1.5046537287197683,1.412124694616601,1.306998180338047,1.1898210585395275,1.060997174163479,0.9205317542576358,0.7674280190766172,0.5979198781959756,,,,,,,0.43491403364987846
20940.0,1.7638680835630212,1.756409769352455,1.7340861996803252,1.6970490984893036,1.6455520295933586,1.579948104937799,1.500682511721662,1.4082783539705532,1.303301651571559,1.1862989017076817,1.0576714302181276,0.9174168466761646,0.7645229923135175,0.595176727963994,,,,,,,0.43379673160481796
21000.0,1.759596221662012,1.7521455373808703,1.7298451531507837,1.6928481616525828,1.6414093648876613,1.5758841365361116,1.4967199356378964,1.4044408798966592,1.2996145771776721,1.1827864554576928,1.054355079084954,0.9143114838387145,0.761626212298654,0.592440840874466,,,,,,,0.43268243997964706
21060.0,1.7553304894657944,1.7478875280305213,1.725610599550088,1.688654005623968,1.6372741489712908,1.5718281365126745,1.4927657616618089,1.4006125964278282,1.2959367365288783,1.179283566991423,1.0510485124820739,0.9112150767383589,0.7587380338346384,0.5897122036908135,,,,,,,0.43157115415220565
21120.0,1.7510709394767956,1.743635792081845,1.721382584634122,1.6844666768020733,1.6331464094468453,1.5677801975294305,1.488820008868694,1.3967931849453108,1.2922684957628983,1.1757902239434421,1.0477512215159417,0.9081280404942333,0.7558584540375886,0.5869897232825882,,,,,,,0.4304628684379542
21180.0,1.7468176231217276,1.7393903792677456,1.7171611531928976,1.6802863380911213,1.6290258719897706,1.5637403348821266,1.4848829086936532,1.3929827315980046,1.2886093209127156,1.172306473989206,1.0444636741506554,0.9050500679641031,0.752986961574956,0.584274362216104,,,,,,,0.4293575762486303
21240.0,1.7425705907701017,1.7351513382915202,1.7129463490666736,1.6761130256525925,1.6249128305194949,1.5597081873657679,1.4809543323058414,1.389181441639449,1.2849596449186766,1.168832109434246,1.0411852854520942,0.9019811907749364,0.7501241054639363,0.5815661180692676,,,,,,,0.4282552702206638
21300.0,1.7383298917525891,1.730918716844623,1.7087382151618327,1.6719467748340113,1.6208073454960275,1.5556841170647453,1.4770340777418414,1.385388878091861,1.2813192354533918,1.1653673706424543,1.0379166049357753,0.898921491373631,0.7472694629166465,0.578863918755587,,,,,,,0.42715594232351795
21360.0,1.734095574377513,1.7266925616225917,1.7045367934651119,1.667787620180288,1.6167094418365922,1.5516681676056796,1.473122484143842,1.3816053652645757,1.2776880423892267,1.1619118624288283,1.0346569661032512,0.8958706120596402,0.7444230541172878,0.5761686667771929,,,,,,,0.42605958394520443
21420.0,1.7298676859502176,1.7224729132654082,1.7003421150139715,1.6636355806524155,1.6126191245889832,1.547660329010885,1.4692195261146421,1.3778309568751228,1.274066311015944,1.1584660101542592,1.0314069658845317,0.8928289830171633,0.741585164147672,0.573480393769431,,,,,,,0.4249661859840041
21480.0,1.7256462727897603,1.7182597385318399,1.6961540657148741,1.6594904620442668,1.6085361223001005,1.5436602574556397,1.465324793883896,1.3740651841960076,1.270453519291824,1.1550292388112653,1.028165968913767,0.8897959929029748,0.7387551141278509,0.5707980728972317,,,,,,,0.42387573891521635
21540.0,1.7214313802444285,1.7140531646101984,1.6919728498380644,1.6553525395005873,1.604460773577861,1.5396683467162222,1.4614387277777323,1.3703085263002328,1.266850180413705,1.1516020991341125,1.0249344970342673,0.8867721281624199,0.7359334380329253,0.5681224989414496,,,,,,,0.4227882328446291
21600.0,1.7172230531548014,1.7098532348280637,1.6877985062841883,1.6512218449084226,1.600393101203004,1.5356846089721554,1.4575613285343638,1.3665608155492137,1.2632559080376586,1.1481840002126227,1.0217120088422627,0.8837570315482868,0.733119985322443,0.5654537622445457,,,,,,,0.42170364110581593
21660.0,1.7130218429702622,1.7056622881536545,1.6836386909620025,1.6471148017804444,1.596361617399136,1.5317527899502734,1.4537542161930181,1.362904738058622,1.259777121989643,1.1449074495796956,1.0186593836207836,0.8809429422588108,0.7305443236555562,0.5630740779053386,,,,,,,0.4206169601722809
21720.0,1.708828299018959,1.701479074736078,1.6794868021131142,1.6430159824280517,1.592338724122124,1.527829645137274,1.4499563839487741,1.3592583024216842,1.2563081416681599,1.141640490384367,1.0156158324029017,0.8781376735597085,0.7279770315670077,0.5607008694432368,,,,,,,0.4195296639392904
21780.0,1.7046424573460466,1.6973036290877255,1.6753428697730188,1.638925409817731,1.5883242391987367,1.523915482650419,1.4461678952426782,1.3556214898250463,1.2528486070380345,1.138383029479592,1.012581832879361,0.8753414219578044,0.7254175013886237,0.5583326959714657,,,,,,,0.4184433579214755
21840.0,1.7004643533596155,1.693135985107742,1.6712069234325229,1.6348431064765383,1.5843183101993845,1.5200103105912646,1.4423887422367832,1.3519939291133773,1.2493987167689418,1.1351353000911732,1.0095570716521847,0.8725537568123495,0.722866073199765,0.5559702921428461,,,,,,,0.4173585898900265
21900.0,1.6962940215333295,1.6889761757855741,1.6670789917441287,1.6307689521501123,1.5803210131500809,1.5161141316950877,1.438618660769127,1.3483759084032445,1.2459585495445837,1.1318969279255515,1.0065415433699088,0.8697751388497508,0.7203221828158002,0.55361309493768,,,,,,,0.4162756631390934
21960.0,1.6921314954239488,1.6848242332177266,1.6629591025366965,1.6267030538479648,1.5763323604170225,1.512226922529323,1.4348577976144408,1.3447674567103554,1.2425277753997581,1.1286680834676814,1.0035354131069303,0.8670048823511586,0.7177861243617764,0.5512615086085881,,,,,,,0.41519477808867233
22020.0,1.687976807689214,1.6806801886250733,1.6588472828311769,1.6226454888892332,1.572352363799195,1.5083484262673088,1.4311062468966416,1.3411684024940835,1.239106537548399,1.1254488679665684,1.000538196987839,0.8642435304488941,0.7152574527335098,0.5489154164074738,,,,,,,0.41411607418893787
22080.0,1.68382999010051,1.676544072365075,1.6547435588516608,1.6185962769631443,1.568381034536825,1.5044789302999315,1.427363999846797,1.3375786363124398,1.235694941785332,1.1222387761108004,0.9975503378677429,0.8614905548688405,0.7127364297020617,0.5465747655628946,,,,,,,0.4130396546615637
22140.0,1.6796910735579371,1.6724159139463632,1.6506478700720557,1.6145554370775548,1.5644182193388378,1.5006184357414063,1.4236308199037118,1.3339983848254582,1.2322926839300168,1.1190382436225434,0.9945714519735293,0.8587462151251942,0.710222706663808,0.5442398844201046,,,,,,,0.41196559935651356
22200.0,1.6755600881062698,1.6682957420441924,1.6465602791963996,1.6105229875713338,1.560464000978435,1.4967669433243085,1.4199067987707845,1.3304276292336592,1.228899859255209,1.115847102458698,0.9916016420264274,0.8560102716870118,0.7077165012931214,0.5419102343212912,,,,,,,0.4108939713996332
22260.0,1.6714370629475197,1.6641835845126511,1.6424808586061503,1.6064989461244212,1.5565184815471107,1.4929243910979624,1.416192055407889,1.326865996528996,1.2255165963707617,1.1126651155747322,0.9886409449873607,0.8532827100368404,0.7052175406526763,0.5395866157792016,,,,,,,0.4098248204777246
22320.0,1.6673220264547814,1.660079468398112,1.6384096314698173,1.6024833297688876,1.552581670149269,1.489090596472659,1.4124865802238427,1.3233137836196105,1.222142612524979,1.1094925837247462,0.9856890014067494,0.8505635752938819,0.7027259948436512,0.5372679825941592,,,,,,,0.4087581865788948
22380.0,1.6632150061868598,1.6559834199534578,1.6343466202231607,1.5984760410491223,1.548653575380158,1.4852658053617176,1.4087901587897989,1.319771011740197,1.2187779621269998,1.1063291987168034,0.9827461862673398,0.8478525839314879,0.7002416535423783,0.5349556350923463,,,,,,,0.40769410260414873
22440.0,1.6591160289017013,1.6518954646511723,1.6302918465813685,1.5944771278144139,1.544734205335362,1.4814500170451999,1.405102838911947,1.3162374961065355,1.2154227923543675,1.1031750002321816,0.9798120499381908,0.845150059882983,0.6977646398905036,0.5326479969692103,,,,,,,0.40663259565916093
22500.0,1.6550251205692448,1.6478156271958806,1.626245331550772,1.5904866878137038,1.540823426769792,1.4776432304576295,1.4014247588832451,1.3127131582703486,1.2120768378278246,1.10003014836219,0.9768868329705933,0.842455454557001,0.6952947960998617,0.5303467165314322,,,,,,,0.40557368792435017
22560.0,1.650942306384224,1.643743931536857,1.6222070954405525,1.5865047355997453,1.536921275835368,1.4738453396743803,1.3977559082977218,1.3091982056266682,1.2087401193982448,1.0968941959380363,0.9739704334618852,0.839769301117247,0.6928322023237318,0.5280502045218289,,,,,,,0.4045173975177391
22620.0,1.6468676107789701,1.6396804008805475,1.618177157874465,1.582531285131593,1.5330278721060682,1.4700562478159516,1.3940960894297814,1.305692618667816,1.2054127991407002,1.0937674634595498,0.9710626452156488,0.8370909793866088,0.6903767453338664,0.5257598436914224,,,,,,,0.4034637392665986
22680.0,1.6428010574360503,1.6356250577029243,1.6141555378024175,1.5785663497848899,1.5291432217646204,1.4662761538338058,1.3904453169310602,1.3021960054569246,1.202094625547226,1.0906498820252184,0.968163772161681,0.834420969426729,0.6879284672893021,0.5234744873335595,,,,,,,0.40241272526843774
22740.0,1.6387426693006406,1.6315779237616015,1.6101422535118166,1.5746099423618423,1.525267330535427,1.4625050553138041,1.3868037429788518,1.2987087038933574,1.1987855934314275,1.087541128460891,0.9652732932035268,0.8317588464536437,0.6854872920306712,0.5211949667346315,,,,,,,0.4013643652812745
22800.0,1.6346924685926802,1.6275390201077302,1.6061373226386892,1.5706620751008749,1.5214002036914143,1.45874294951194,1.3831713562862076,1.2952307104449952,1.1954858764439797,1.0844415442224575,0.9623916101539598,0.8291048343837211,0.6830532294427615,0.5189206931118326,,,,,,,0.4003186670380625
22860.0,1.63065047681886,1.6235083335047082,1.6021406958200906,1.566722662187168,1.5175417197701084,1.4549896811961478,1.3795479705201315,1.2917618105112578,1.192195233688627,1.081350861663174,0.9595184637596534,0.8264587671662597,0.6806262334748373,0.5166519189274625,,,,,,,0.3992756365272821
22920.0,1.6266167147844448,1.619485884303377,1.5981523907676498,1.562791716752975,1.5136918857680624,1.4512452501407787,1.3759335776200772,1.2883019880063524,1.1889136413855477,1.0782690507994555,0.9566538216910957,0.823820616863714,0.6782062879296352,0.5143886427612726,,,,,,,0.3982352782343258
22980.0,1.6225912026049212,1.6154717246931505,1.5941724887883633,1.5588693457309493,1.5098508304252931,1.447509802979338,1.3723283383947047,1.2848514149016244,1.1856412815389725,1.0751963071551047,0.9537978591263224,0.8211904707211043,0.6757933700000482,0.5121305095808321,,,,,,,0.39719759533743415
23040.0,1.6185739597171145,1.6114658730151752,1.5902010050203625,1.5549555591948345,1.5060185572686808,1.4437833356683225,1.368732240680095,1.2814100479180317,1.1823779206518923,1.0721322183575785,0.9509501160967351,0.818568053359779,0.6733874438220834,0.5098781357363,,,,,,,0.3961625898627582
23100.0,1.6145650048916287,1.6074683469617068,1.5862379540034253,1.5510503666988218,1.5021950694035688,1.4400658438486629,1.365145104462503,1.2779775293513196,1.179123523577345,1.06907705068812,0.9481110315719427,0.8159537000813312,0.6709885030139627,0.5076305287056522,,,,,,,0.3951302628368286
23160.0,1.6105643562415775,1.603479163584608,1.582283349686705,1.5471537772839168,1.4983803695184128,1.436357117824481,1.3615669092094662,1.274554200695171,1.175878277440414,1.0660307832403169,0.945280215698296,0.8133468925283976,0.6685964986778569,0.5053889540694738,,,,,,,0.39410061437398836
23220.0,1.6065720312364906,1.599498339308828,1.5783372054408737,1.5432657994877244,1.4945743399136986,1.4326572645349323,1.3579978193557785,1.2711400414352119,1.1726419529129672,1.0629930649150914,0.9424578285993713,0.8107481688184136,0.6662114340167516,0.5031517504612706,,,,,,,0.39307364381887516
23280.0,1.6025880467113047,1.5955258899411173,1.5743995340659707,1.5393864413509246,1.4907769751631665,1.428966373164538,1.3544378219579494,1.2677347924602578,1.1694145104596017,1.059964253699728,0.939643854248058,0.8081568926245508,0.663833253878984,0.5009206436121033,,,,,,,0.3920493498121204
23340.0,1.5986124188765818,1.591561830679914,1.5704703478002864,1.5355156179884046,1.4869884051174838,1.4252844381365803,1.350886738476265,1.2643385308348174,1.1661961390763609,1.0569440974886914,0.936838036867201,0.8055736027377992,0.6614619641443957,0.4986939357828207,,,,,,,0.39102773036458605
23400.0,1.5946451631444094,1.5876061759417346,1.5665496581482392,1.5316533308347058,1.4832086306856174,1.421611453422116,1.3473445457731954,1.2609513785637114,1.1629866102185886,1.0539325520614358,0.934040716852623,0.802997819535281,0.6590975102533219,0.49647304425002,,,,,,,0.3900087879500628
23460.0,1.5906861979383318,1.5836584979758477,1.5626360084034172,1.5277965170356966,1.4794321557433727,1.4179387095875475,1.343799482164972,1.257557297522548,1.15976547579404,1.0509044772157377,0.9312205742074167,0.8003928131356315,0.6566951472759319,0.4942003820102639,,,,,,,0.38899346451007427
23520.0,1.5867354405305072,1.5797190602939322,1.5587306913671297,1.52394817532957,1.4756643159480887,1.4142747278934211,1.3402633374491337,1.2541718878282684,1.1565532663530915,1.0478847264715498,0.9284088040857326,0.7977953244061176,0.6542996293704593,0.4919331655808305,,,,,,,0.3879814794982516
23580.0,1.582792906204648,1.5757878772342093,1.5548336330760544,1.5201083128921173,1.4719049502706212,1.410619536733912,1.3367358748547604,1.2507954328702358,1.1533496836371566,1.0448736423929816,0.9256050936331168,0.7952055422780497,0.6519107964056817,0.48967140538831566,,,,,,,0.3869725172712943
23640.0,1.5788586094474475,1.5718649623532883,1.5509448795716794,1.5162769362331558,1.4681541265237035,1.4069731304787807,1.333217174348244,1.2474279086410507,1.1501548154277155,1.041871074483299,0.9228095541967674,0.7926232660173239,0.6495289188567304,0.4874144049195185,,,,,,,0.38596646876148044
23700.0,1.5749325641863283,1.5679503286611365,1.5470644920814063,1.5124540514109455,1.4644119419346795,1.403335389344716,1.3297073568789783,1.2440689088999888,1.1469687998494296,1.0388768725462088,0.9200221611484883,0.7900486098700674,0.6471535957448272,0.48516333595261707,,,,,,,0.3849632672933109
23760.0,1.5710147837459816,1.5640439885801058,1.543192480385266,1.5086396640100705,1.4606783966370254,1.399706225273092,1.3262064096260975,1.2407188080978282,1.1437912648146713,1.0358913102827079,0.9172427426483777,0.7874814530976955,0.6447853344330313,0.48291633998082634,,,,,,,0.38396286936036056
23820.0,1.56710528094143,1.5601459540350608,1.539328853801431,1.50483360787693,1.4569534904364947,1.3960858290198133,1.3227140135027917,1.2373775871186627,1.140622449787951,1.032913950310911,0.914471557210451,0.7849218392115381,0.6424234687208066,0.4806751101839407,,,,,,,0.38296524098830526
23880.0,1.5632040680748116,1.5562562364502581,1.5354736211834399,1.5010360325235046,1.4532372228107155,1.3924741939527137,1.3192304141626592,1.2340449157797404,1.1374624167312541,1.02994511208826,0.9117081558566595,0.7823697187822745,0.6400687569652116,0.47843850490051665,,,,,,,0.3819703544177471
23940.0,1.5593111569174047,1.5523748467319871,1.5316267909047152,1.4972469697648163,1.4495293407317513,1.3888713132101111,1.315755647545397,1.230721004411013,1.1343107174273581,1.026984664483378,0.9089529979541504,0.7798250668179827,0.6377202633303122,0.47620688364859665,,,,,,,0.3809781867280716
24000.0,1.5554265586606546,1.548501795221178,1.5277883708158795,1.493466423500577,1.445830092296738,1.3852769152997524,1.3122896615450652,1.2274059175648242,1.1311677479428224,1.0240324492692054,0.9062055921098537,0.7772878984686514,0.6353788917766756,0.4739804755252154,,,,,,,0.3799887186261997
24060.0,1.5515502840562092,1.5446370918292534,1.5239583683684994,1.4896943972813235,1.442139479998344,1.3816912153591974,1.3088321683011692,1.2240994107453531,1.1280334168768804,1.0210887456558613,0.9034663056025206,0.7747581246846715,0.6330437882938059,0.47175824702182145,,,,,,,0.3790019323615248
24120.0,1.5476823432987115,1.5407807459246219,1.5201367905124537,1.4859308942232827,1.4384575019946002,1.3781142492100211,1.3053834694280873,1.2208015254334013,1.1249074221213335,1.0181531211018198,0.900734858181333,0.7722358199317851,0.6307156348409141,0.46954160034688497,,,,,,,0.3780178120583908
24180.0,1.5438227460898502,1.5369327663948977,1.5163236437528889,1.482175917057133,1.434784156139897,1.3745460091323431,1.3019435514553195,1.2175124098903947,1.1217900966199752,1.0152258950407456,0.8980113495895555,0.7697208364162254,0.6283938359553712,0.46732880993858544,,,,,,,0.37703634307845896
24240.0,1.5399715016539253,1.5330931364938891,1.512518884492984,1.478429395261373,1.4311193457544074,1.3709863738594115,1.2985122707561667,1.2142319006559659,1.11868125912603,1.01230693332843,0.8952957650033319,0.7672133030857275,0.6260787910710786,0.4651212512093798,,,,,,,0.37605751177916474
24300.0,1.5361286187401415,1.5292618469141381,1.5087224843065237,1.474691280838379,1.4274630034824989,1.367435257564663,1.2950895245230218,1.2109598798216812,1.1155807783799037,1.0093960916065072,0.8925879419742172,0.7647130189567147,0.6237701917385962,0.4629181926296618,,,,,,,0.37508130532767475
24360.0,1.5322941056237709,1.5254389478807355,1.504934532742994,1.470961699141869,1.4238152863157718,1.3638928444310943,1.2916755199722303,1.2076965747047144,1.112488901727512,1.0064936430999236,0.8898881254399797,0.762220162501718,0.6214681441329977,0.4607195180246434,,,,,,,0.3741077115545248
24420.0,1.5284679701125106,1.5216244464351834,1.5011550346033293,1.4672406514318537,1.4201761909615096,1.3603591260045855,1.2882702433996918,1.2044418982869511,1.1094053624232596,1.0035991482677693,0.8871958961986108,0.7597344849187516,0.6191726383824553,0.4585260207852554,,,,,,,0.3731367188406029
24480.0,1.5246502195557283,1.5178183491725064,1.4973839942774112,1.4635281386158931,1.4165457138559328,1.3568340936636931,1.2848734565944913,1.2011955825259764,1.1063302044966137,1.0007129477034364,0.8845117002553455,0.7572562092215798,0.6168834762425904,0.4563360272897609,,,,,,,0.372168316028598
24540.0,1.520840860853066,1.5140206622497727,1.493621415752341,1.459824161257007,1.4129238511716176,1.3533174658536047,1.2814852481864072,1.1979579292040545,1.1032635873551768,0.9978348815184201,0.8818350265127111,0.7547850441780307,0.6146009580931519,0.4541513081052951,,,,,,,0.37120249235215746
24600.0,1.5170399004617012,1.5102313913933039,1.4898673026195346,1.4561287195805859,1.4093104011338264,1.34980947800511,1.27810572794731,1.1947289201739273,1.1002051564034192,0.9949648401051533,0.8791662872085573,0.7523212523088681,0.6123245697153419,0.4519704067109625,,,,,,,0.37023923737990255
24660.0,1.5132473444032433,1.5064505419055438,1.4861216580814929,1.4524418134810264,1.4057055047289098,1.3463101507932669,1.274734882018107,1.1915081554191458,1.0971551352885693,0.9921030791752098,0.8765051477860017,0.7498645052763219,0.6100549336097817,0.4497940699409106,,,,,,,0.36927854097166596
24720.0,1.50946319827094,1.502678118672219,1.4823844849588494,1.448763262058993,1.4021092108716031,1.3428194749838447,1.2713723746210754,1.1882959975217224,1.094113590422051,0.9892491407722855,0.873851774149687,0.7474151000017635,0.6077912077009063,0.4476222833730238,,,,,,,0.3683203932433109
24780.0,1.5056874672371012,1.4989141261697176,1.4786557856976097,1.4450932328397719,1.398521514742546,1.3393373057360463,1.2680184919662802,1.185092431612721,1.0910800852567855,0.9864034076010231,0.8712060755729734,0.7449726763431119,0.6055342560874328,0.44545412328000544,,,,,,,0.36736478453737326
24840.0,1.5019201560604705,1.4951585684724131,1.474935562376327,1.441431737827393,1.3949424112909865,1.33586360520373,1.2646732434040937,1.181897127053722,1.088055019118008,0.9835656722748283,0.8685679770030019,0.7425375604769718,0.6032831745593391,0.4432910264661182,,,,,,,0.36641170539847706
24900.0,1.4981612690934452,1.4914114492598392,1.4712237861474782,1.4377787756600682,1.3913718373048296,1.332398528906431,1.2613365350323202,1.178710310243814,1.0850382735971673,0.9807358806610793,0.8659376262336621,0.7401093657468024,0.6010387206888791,0.4411310909874285,,,,,,,0.3654611465530974
24960.0,1.4944108102892146,1.4876727718237877,1.4675203885984307,1.4341343446790993,1.3878096550356636,1.328942067079183,1.2580081703797175,1.1755320337311888,1.0820296048395985,0.9779142590008683,0.8633147125686842,0.7376884423972652,0.5988002560313023,0.43897586528797083,,,,,,,0.3645130988928979
25020.0,1.4906687832088905,1.4839425390753855,1.4638254716755317,1.4304984429354368,1.3842560500831105,1.3254942041254947,1.2546883993496358,1.1723620318589318,1.0790293151737667,0.9751003235505384,0.8606996170742474,0.7352743825435201,0.5965681901417706,0.43682459244817473,,,,,,,0.3635675534607174
25080.0,1.4869351910286064,1.48022075355215,1.4601390360568192,1.4268710681961407,1.3807110165273098,1.3220546440909557,1.2513772078931003,1.1692004035121502,1.0760371893707672,0.9722945164580618,0.8580917986599222,0.7328675552772835,0.594342239304064,0.4346770254635586,,,,,,,0.36262450143858665
25140.0,1.4832100365465801,1.476507417424994,1.4564610820874382,1.423252113624268,1.3771745482455402,1.318623669857013,1.2480743959527663,1.1660472642735766,1.0730531803680927,0.9694965630299683,0.8554917640834818,0.7304675367786897,0.5921224522821985,0.43253424277944735,,,,,,,0.36168393413748384
25200.0,1.4794933226688798,1.472802532981597,1.452791610255818,1.4196415951194254,1.373646639359215,1.3152012716115655,1.2447799822941714,1.1629024095290077,1.0700774917124445,0.966706485370851,0.8528990544789761,0.7280747099539264,0.589908913198325,0.43039411877834305,,,,,,,0.36074582802147903
25260.0,1.4757853272989834,1.4691073719476941,1.4491348660140961,1.4160487450232917,1.370143001286446,1.3118117559889377,1.2415284898666872,1.1598117426793557,1.067168663050906,0.9639975880456156,0.8504030920219156,0.7257963033379408,0.587832891856507,0.42843096691549354,,,,,,,0.35980746692405896
25320.0,1.4720863274974247,1.465421209975278,1.4454871286679118,1.4124649056068135,1.3666482885372955,1.308431105094532,1.2382858517527142,1.1567297687724232,1.0642681661161917,0.9612964583820494,0.8479146849864551,0.7235250975210693,0.5857630746457932,0.4264698636051118,,,,,,,0.35886964444298836
25380.0,1.4683963204455366,1.4617440436650386,1.4418483931343602,1.4088900691733592,1.363162562321553,1.3050592277406914,1.2350519153952229,1.1536564668737617,1.0613760997032806,0.9586034035617099,0.8454336679085366,0.7212605485279338,0.5836992355051511,0.42451284660932875,,,,,,,0.35793324122668524
25440.0,1.4647153032720641,1.4580758695753033,1.4382186543183118,1.405324228062279,1.3596858117743365,1.3016962729522037,1.2318266485430245,1.1505915470110337,1.0584923070362935,0.9559184198925779,0.8429603135162144,0.7190030649656705,0.5816412154931825,0.4225580652129686,,,,,,,0.35699855502106626
25500.0,1.4610432727389573,1.454416683909431,1.4345979068045274,1.4017673743486438,1.3562180258389442,1.298342226263389,1.228610183824413,1.1475352119175084,1.0556166858006168,0.9532411134506875,0.8404942651987369,0.7167523906854776,0.5795891666988714,0.4206076314918648,,,,,,,0.356065749661143
25560.0,1.4573802252854962,1.4507664825596944,1.430986144900781,1.398219499884934,1.3527591933062264,1.2949970731342308,1.2254025034662448,1.1444874883600162,1.0527494281627339,0.9505718397138263,0.8380357071371707,0.7145084773004439,0.5775426288828285,0.418659524991289,,,,,,,0.3551349300038237
25620.0,1.4537261570272817,1.4471252542569226,1.4273833491258947,1.3946805764911918,1.3493092772194066,1.291660768182446,1.2222035543835554,1.1414483164642701,1.0498904681783936,0.9479105262200462,0.8355846760664957,0.7122715098041386,0.5755021464001873,0.41671587981667374,,,,,,,0.35420617134130267
25680.0,1.4500810637678465,1.4434929533297025,1.4237894324654752,1.3911504771564556,1.345868113061203,1.2883331127903437,1.219013107694337,1.1384174404151122,1.0470395240962642,0.9452568597691501,0.8331408039797669,0.710040999011506,0.5734669295687431,0.4147745721404525,,,,,,,0.35327952890123887
25740.0,1.4464449410032618,1.4398696228167258,1.420204483207988,1.3876293320499238,1.3424358687165345,1.2850143080037228,1.2158313932759488,1.135395115832907,1.0441968772505374,0.9426111537797645,0.8307044569471039,0.7078174317474369,0.571437845033329,0.41283777072551964,,,,,,,0.35235504381222155
25800.0,1.4428177839287921,1.4362552574104177,1.4166284945913588,1.3841171321600758,1.339012532374781,1.281704338969907,1.212658393316823,1.1323813223108565,1.041362505053134,0.9399732927400983,0.8282753679987246,0.7056003166538856,0.5694138947333965,0.4109032804719013,,,,,,,0.3514327482008155
25860.0,1.4391995874458998,1.4326498515201098,1.4130614596017192,1.380613868272808,1.3355980920848955,1.2784031907633855,1.2094940899946631,1.1293759112814445,1.0385360839889781,0.937343047964649,0.8258535287834226,0.703389933897558,0.567395997339033,0.40897330015559097,,,,,,,0.35051266794878794
25920.0,1.4355903461689377,1.4290533992785488,1.4095033709793456,1.377119530976335,1.3321925357587796,1.2751108483870925,1.2063382439782984,1.126378807260249,1.035717850065492,0.9347206882978827,0.8234391246400417,0.7011861571110645,0.5653833636365214,0.40704558939608176,,,,,,,0.3495948238664929
25980.0,1.4319900544314443,1.4254658945480145,1.4059542212242162,1.3736341106657648,1.328795851174405,1.2718270713265623,1.2031910019606094,1.1233901744799655,1.032907823855371,0.9321060531525199,0.8210317076474564,0.6989888366719252,0.5633765823745308,0.4051223639571995,,,,,,,0.3486792325644779
26040.0,1.4283987062923156,1.4218873309263094,1.4024140026014371,1.370157597547525,1.3254078985247557,1.2685520533552113,1.2000524042761462,1.1204099925135194,1.030105766065688,0.9294990034063048,0.8186316354166175,0.6967982819230837,0.5613751963765911,0.403201359500635,,,,,,,0.34776590738574364
26100.0,1.4248162955419663,1.4183177017527333,1.398882707146629,1.366689981643724,1.3220287191815636,1.2652857969258076,1.196922433014481,1.1174380218131688,1.0273117448030782,0.9268997618811801,0.8162387603831555,0.6946139150513496,0.5593794653094964,0.4012847925700875,,,,,,,0.3468548591633215
26160.0,1.4212428157084267,1.4147570001139835,1.3953603266712313,1.3632311789587779,1.3186583750858198,1.2620282867553272,1.1938009386068007,1.1144743711240557,1.0245258633917715,0.9243081214725014,0.8138529083221665,0.6924362902498136,0.5573892607176075,0.3993703966631511,,,,,,,0.34594609669023524
26220.0,1.417678260063298,1.4112052188499171,1.3918468527676575,1.3597811717594461,1.3152968535043352,1.2587795074888715,1.1906878898337887,1.111519111051128,1.0217479631701376,0.9217240377506918,0.8114743515245104,0.690264965232318,0.5554045146116673,0.39746037077726376,,,,,,,0.34503962702163543
26280.0,1.414122621627561,1.4076623505591594,1.3883422768142988,1.3563400315118386,1.3119441415824427,1.2555392628328885,1.187583414772349,1.108572216705347,1.0189779518696187,0.9191476859336157,0.809102724959371,0.6881001491855294,0.553425424795994,0.3955524680229726,,,,,,,0.3441354557331973
26340.0,1.4105758931772545,1.4041283876045885,1.3848465899803803,1.352907747539715,1.3086002263456957,1.2523076593399625,1.1844874953390157,1.1056333682888035,1.0162160120845383,0.9165788107019669,0.806738230217384,0.6859417983407877,0.5514515976544655,0.3936488494619394,,,,,,,0.3432335871577701
26400.0,1.4070380672490441,1.4006033221186929,1.3813597651521459,1.3494843090019273,1.3052650604713385,1.2490847413561241,1.1814000661572206,1.1027028498615252,1.0134620623749053,0.914017467100069,0.8043808766416177,0.6837897013673935,0.5494835549376307,0.39174731050066797,,,,,,,0.34233402457835765
26460.0,1.4035091361456664,1.3970871460088148,1.377881724212321,1.3460697048957417,1.301938500322272,1.2458704932220457,1.178320928998298,1.09978064069916,1.010715857534338,0.9114637808814472,0.8020303441113212,0.681644235905263,0.5475205794789264,0.38984995230714536,,,,,,,0.34143677037452
26520.0,1.3999890919412463,1.3935798509622477,1.3744125451918556,1.342663924059972,1.2986206981684676,1.2426648992005676,1.1752502941474647,1.0968666184047962,1.0079776560286513,0.908917446548699,0.7996869817792807,0.6795047723566717,0.5455635147343195,0.38795463638163863,,,,,,,0.3405418261388664
26580.0,1.3964779264864842,1.3900814284512024,1.3709522184679552,1.3392669551779377,1.295311640566648,1.2394678012210936,1.1721881433115957,1.0939606603021363,1.0052474348236764,0.9063786230973468,0.7973504969983365,0.6773719001454396,0.5436113222010824,0.3860633803544181,,,,,,,0.3396491927771814
26640.0,1.392975631413703,1.3865918697376307,1.3675007342307146,1.3358787867802602,1.2920113139597689,1.2362792305196655,1.1691344581488774,1.0910629504841218,1.0025248493829495,0.9038473847550668,0.7950209543280559,0.6752451940490655,0.5416650381128303,0.38417413691796604,,,,,,,0.33875887059538956
26700.0,1.3894821981417667,1.3831111658779047,1.3640580824870594,1.332499272223671,1.288719704678093,1.233099267351973,1.1660889794720553,1.0881734681787234,0.9998101842962027,0.9013233737277992,0.7926984995874007,0.6731248330647802,0.5397236850667065,0.3822888148559557,,,,,,,0.33787085937302175
26760.0,1.385997617880843,1.3796393077273421,1.3606242530645325,1.329128517667233,1.2854367989403301,1.2299278956646726,1.163051899087463,1.0852919917475292,0.9971034322804779,0.898806857261903,0.7903826853438967,0.6710108029730165,0.5377880830780895,0.38040548464851487,,,,,,,0.33698515842464655
26820.0,1.3825218816370735,1.3761762859446305,1.3571992356149656,1.3257665290232048,1.2821624363555477,1.2267650993282244,1.160023230306138,1.082418599456343,0.9944043207551172,0.8962978434088323,0.7880739270955406,0.6689028734695254,0.5358575246390999,0.378525919171956,,,,,,,0.3361017666527982
26880.0,1.3790549802167769,1.3727220909958047,1.3537830196177802,1.3224132942349975,1.278896700130051,1.2236107527191693,1.157002954616942,1.079553373732926,0.9917129928118147,0.8937959574062333,0.7857719939930591,0.6668014380523538,0.5339325327769737,0.3766483349279557,,,,,,,0.335220682590851
26940.0,1.3755969042312828,1.369276713158802,1.3503755943837372,1.3190688011058218,1.2756396263747611,1.2204648233026305,1.1539908884225336,1.0766962935493793,0.9890295117279646,0.8913015414406513,0.7834768322234394,0.6647058627726485,0.5320126950698145,0.37477433997108356,,,,,,,0.3343419044481607
27000.0,1.3721476442945337,1.3658401427198348,1.3469769492476482,1.3157330374855265,1.2723912010507454,1.2173274216677197,1.1509870739789823,1.073847037489676,0.9863536736267522,0.8888145017086444,0.7811886615179219,0.6626167429854215,0.5300982403438408,0.37290232686477887,,,,,,,0.33346542107686583
27060.0,1.3687077103044227,1.3624147830934363,1.3435951523666494,1.3124234030827249,1.2691816562569262,1.2142448997880213,1.1480571397836168,1.071093435158004,0.9837977500972056,0.8864743908441625,0.7790779439428266,0.6607413920206182,0.528446652266739,0.3713864007026166,,,,,,,0.33258600982545533
27120.0,1.36527760719272,1.358999231518976,1.3402230939232453,1.3091233869721508,1.2659815533708845,1.2111715802060616,1.1451360975989215,1.068348336929459,0.9812498600619677,0.8841417589375847,0.7769740290949915,0.6588719819735034,0.5267997868504098,0.3698694419281119,,,,,,,0.3317052668063291
27180.0,1.3618573163023338,1.3555934690707065,1.3368607542173803,1.3058329682640422,1.2627908700308283,1.208107438967542,1.1422239219519643,1.065611716145293,0.9787099763713957,0.8818165794806043,0.7748769351994068,0.6570086899794629,0.5251580156284907,0.3683542691650007,,,,,,,0.3308248690158385
27240.0,1.3584468189211025,1.352197476773959,1.3335081135174438,1.3025521260629456,1.2596095839009247,1.2050524521814254,1.139320587479928,1.0628835463175659,0.9761780721147276,0.8794988262466343,0.7727866377233527,0.6551514765806464,0.5235211612431873,0.36684158077183937,,,,,,,0.3299453921277382
27300.0,1.3550460961931245,1.3488112108451786,1.3301651033191737,1.2992807680728802,1.2564375804714876,1.2020064851792327,1.136425941574743,1.0601636587230998,0.9736539627748182,0.8771882951880056,0.7707028970038661,0.6532999927790996,0.5218885834110111,0.36532983520488777,,,,,,,0.3290671633492878
27360.0,1.3516551291192234,1.3454346691849328,1.3268317374715848,1.2960189227788748,1.2532749013129247,1.1989695910053673,1.1335400473675872,1.057452125908849,0.97113773124503,0.8748850836318857,0.7686258322842888,0.6514543842990949,0.5202606014901545,0.3638204715773084,,,,,,,0.3281903953062568
27420.0,1.348273898563171,1.342067840100506,1.323508011050536,1.2927665912327293,1.25012155262223,1.1959417802349261,1.1306629192618178,1.0547489660271174,0.9686294002208852,0.8725892206945705,0.7665554784356188,0.6496146872486305,0.5186373578958593,0.36231419512006396,,,,,,,0.3273152418640055
27480.0,1.3449023852554285,1.3387107040838222,1.3201939038604535,1.2895237521816816,1.2469775118429471,1.1929230289239035,1.1277945320498404,1.0520541529918805,0.96612894334841,0.8703006795131526,0.7644918016143536,0.647780829487028,0.5170185803956836,0.36080956699060934,,,,,,,0.32644181888515594
27540.0,1.341540569795957,1.3353632415020347,1.3168893955975223,1.2862903842905704,1.2438427563702361,1.189913313122333,1.12493486056938,1.0493676608107585,0.9636363342925239,0.8680193783468149,0.7624345749455234,0.6459524217479939,0.5154040723013522,0.3593072757997208,,,,,,,0.3255702154530043
27600.0,1.3381884326580706,1.3320254326012246,1.3135944658530287,1.2830664661448377,1.2407172635537371,1.186912608877058,1.1220838797044999,1.046689463570547,0.961151409732128,0.8657451656085953,0.7603838674922089,0.6441297919688942,0.5137942885187997,0.35780830362188176,,,,,,,0.3247005037610477
27660.0,1.3348459541920117,1.328697257509863,1.310309094116537,1.279851976253421,1.237601010700315,1.1839208922341444,1.1192415643847202,1.0440193619604787,0.9586742126576752,0.8634781906154445,0.758339732165838,0.6423129060906762,0.5121892316791257,0.35631144866920056,,,,,,,0.32383274336221424
27720.0,1.33151311462839,1.3253786962421403,1.3070332597789702,1.2766468930515908,1.2344939750767079,1.1809381392407454,1.1164077297891069,1.0413574935589798,0.95620478453739,0.8612184240251288,0.7563021347880863,0.6405015950581009,0.5105882019228916,0.3548167107729405,,,,,,,0.3229669835962937
27780.0,1.3281898940808843,1.3220697287006002,1.3037669421350677,1.2734511949032308,1.2313961339115926,1.1779642379286974,1.1135825069735388,1.0387038434050326,0.9537430984528574,0.8589658362206144,0.7542708699364064,0.6386957203277243,0.5089918853847031,0.353325401768969,,,,,,,0.3221032655977748
27840.0,1.3248762725498318,1.3187703346796293,1.3005101203866523,1.270264860103843,1.2283074643981795,1.1749991983624477,1.110765875489514,1.0360583856534555,0.9512891273035858,0.8567202327909353,0.7522459715895207,0.6368955087508453,0.5074003051319922,0.35183659072640433,,,,,,,0.32124162437820714
27900.0,1.3215722299254697,1.315480493868628,1.2972627736456102,1.267087866883291,1.2252278745302194,1.1720430512980016,1.1079578103875118,1.0334210944228186,0.9488427247431813,0.854481683554005,0.7502275159436813,0.6351009383766825,0.5058130352356687,0.35034959557698614,,,,,,,0.3203820900604039
27960.0,1.318277745991033,1.3122001858550418,1.2940248809367627,1.2639201934083912,1.2221573622313187,1.1690957727869096,1.1051582867274294,1.030791918867777,0.9464038990353519,0.8522502250407131,0.748215473493929,0.6333117294406171,0.5042302025511072,0.34886608063597996,,,,,,,0.31952468863422595
28020.0,1.3149928004257767,1.3089293901273287,1.2907964212006715,1.2607618177853892,1.219095953561289,1.1661573388790696,1.1023672795701143,1.0281707008396073,0.9439727070062849,0.8500258280728145,0.7462096606877565,0.6315279912473535,0.5026521104114227,0.34738540185565026,,,,,,,0.31866944255187646
28080.0,1.31171737280801,1.3056680860779322,1.2875773732964348,1.2576126994231525,1.2160436255867333,1.1632277256199905,1.09958473064214,1.0255575722102088,0.9415491212014254,0.8478084166664499,0.7442100824757665,0.62974983773055,0.5010786071870187,0.34590619070946366,,,,,,,0.3178163712879933
28140.0,1.3084514426181126,1.3024162530062453,1.2843677160044558,1.2544727631600692,1.2130003553456568,1.160306909047888,1.0968105199054952,1.0229525069185346,0.9391331141915921,0.8455978276473171,0.7422168361184751,0.6279772520877199,0.4995092563959886,0.34443047806979216,,,,,,,0.31696549181614914
28200.0,1.305194989241516,1.299173870121523,1.2811674280291259,1.2513420591880715,1.2099661198477367,1.157394865190863,1.0940447515590397,1.0203554788776539,0.9367245544006333,0.843394215622494,0.7402298962545257,0.626209834491709,0.49794464340635897,0.3429579163499456,,,,,,,0.3161168189673877
28260.0,1.3019479919716324,1.2959409165457476,1.277976488001414,1.2482205653914111,1.2069408960743226,1.1544914993226312,1.0912874006132993,1.0177664619883997,0.9343234221410844,0.8411975530314593,0.738249097825218,0.6244479445977311,0.49638476613792204,0.34148644117945803,,,,,,,0.31527036570302747
28320.0,1.2987104300125771,1.2927173713162754,1.274794874481215,1.2451082596037348,1.2039246609782737,1.1515967893971815,1.0885384420641941,1.0151853672406244,0.9319297876994053,0.8390078127690662,0.7362744203373469,0.6226915761599823,0.494829000834539,0.3400184618588107,,,,,,,0.31442614333098423
28380.0,1.2954822824822758,1.289503213388838,1.2716225659599496,1.2420051196096769,1.2009173914836841,1.1487107808698938,1.0857978508954471,1.0126121146312814,0.9295436241038746,0.8368248069535404,0.7343059785149777,0.620940596855148,0.4932778375153539,0.33855393485934326,,,,,,,0.3135841617303688
28440.0,1.292263528415245,1.2862984216402167,1.268459540862809,1.238911123146113,1.1979190644856257,1.1458334497053486,1.0830656020825369,1.0100467957355075,0.9271649045653693,0.8346486043762301,0.7323437498818379,0.6191948336103095,0.49173139871849175,0.33709008801484847,,,,,,,0.31274442952161446
28500.0,1.2890541467651402,1.2831029748706666,1.2653057494519155,1.2358262479032032,1.19492960361932,1.1429647718512659,1.0803415968617132,1.00748938455348,0.9247935103017367,0.8324792462000713,0.7303875842839139,0.6174545487787607,0.4901893309851696,0.3356297199517521,,,,,,,0.3119069541943404
28560.0,1.2858541164073154,1.2799168518063369,1.2621611655717286,1.2327504715254012,1.1919489772722984,1.1401047232391996,1.0776257984626958,1.0049398551472455,0.9224294001223255,0.8303167070739121,0.7284374393304123,0.6157197283720616,0.4886515703118374,0.3341728286332119,,,,,,,0.3110717422221803
28620.0,1.282663416141428,1.2767400311017207,1.2590258003258612,1.2296837716124758,1.188977224508624,1.1372532797857384,1.0749182680911626,1.0023981816536518,0.9200726556213925,0.8281609124042104,0.7264934438121138,0.6139901108081046,0.4871185178731174,0.3327167283672175,,,,,,,0.31023879917365277
28680.0,1.2794820246939613,1.2735724913420174,1.2558996318928572,1.2266261257205093,1.1860143221053256,1.1344104173942768,1.0722189807410867,0.99986423526881,0.9177232508591311,0.8260117103106301,0.7245555771720862,0.6122657824106427,0.48559009256119245,0.3312638099540731,,,,,,,0.309408129809769
28740.0,1.276309920720597,1.2704142110453316,1.2527826383943952,1.2235775113628555,1.1830602468116673,1.1315760533250763,1.069527911428001,0.9973380188273991,0.9153811601268161,0.8238692542634622,0.7226237009379688,0.6105468773717863,0.48406567306664755,0.3298143380435871,,,,,,,0.30857973816289674
28800.0,1.2731470827737803,1.2672651686302578,1.249674797862931,1.2205379059780874,1.180114975318345,1.1287501436140448,1.06684503516737,0.9948195820062705,0.9130462749847773,0.8217335204052879,0.7206977546701289,0.6088333820570695,0.4825459413893504,0.32836585008059366,,,,,,,0.30775362905093295
28860.0,1.269993329384867,1.2641245878103753,1.2465735546021453,1.2175018401934383,1.177169011832733,1.1259182097183296,1.0641497989626991,0.9922814445023177,0.9106832758289051,0.8195605103805602,0.7187239163283363,0.6070588415342588,0.4809478669508009,0.32680068390932515,,,,,,,0.30693146060753995
28920.0,1.266848480527227,1.2609928875397505,1.2434811194263786,1.2144743587969664,1.1742315559458858,1.1230945484985233,1.0614623572769235,0.9897509154578674,0.9083274482475616,0.8173939062012746,0.7167561720444929,0.6052897644491412,0.47935374537548875,0.3252398170955972,,,,,,,0.3061127223110313
28980.0,1.2637125174059047,1.2578700488801156,1.2403974729800726,1.2114555372376399,1.1713025868090279,1.120279138151974,1.0587828583893415,0.9872278965596567,0.9059787689707574,0.8152339309924821,0.7147942266225467,0.6035261550184011,0.4777644760766372,0.32367970176558253,,,,,,,0.305296884169684
29040.0,1.2605854211085474,1.2547560527788704,1.2373225958019336,1.2084453606398178,1.1683820621639296,1.1174719568285452,1.0561112889282496,0.9847123031774224,0.903637177750935,0.8130805767276282,0.7128382841122124,0.6017675673016691,0.47618000092002244,0.32212356659206903,,,,,,,0.30448376455139725
29100.0,1.257467172637323,1.25165088010066,1.234256468355599,1.2054438088368242,1.1654698684557847,1.1146729826588784,1.053447626182012,0.9822042492261331,0.9013024902536241,0.8109337608177319,0.7108883831023834,0.6000144002754552,0.474599691600691,0.32056930276972095,,,,,,,0.3036732598291979
29160.0,1.2543577529268153,1.2485545116451926,1.2311990710473135,1.2024508616165097,1.162566099268255,1.1118821151340363,1.0507918474897497,0.9797037116211749,0.8989748832553411,0.8087933155025469,0.708944346679828,0.5982666923418423,0.47302433765611845,0.319016917162743,,,,,,,0.30286530212885954
29220.0,1.251257142844008,1.2454669281470905,1.2281503842254957,1.1994664987207,1.1596707335725702,1.1090993276395276,1.0481438612735285,0.9772106674002774,0.8966543342766052,0.8066594293353762,0.707006149573165,0.5965240211550901,0.47145358015199573,0.31746823719714834,,,,,,,0.3020598427639673
29280.0,1.2481653231883065,1.2423881102759364,1.2251103881809433,1.1964906998459774,1.156783750314066,1.1063246824719482,1.0455035964987354,0.9747249735127019,0.894340821057775,0.8045320822721586,0.7050739498682873,0.5947867441652062,0.46988715611489695,0.31591943229951935,,,,,,,0.30125684453959195
29340.0,1.245082274695135,1.2393180386397529,1.2220790631500944,1.1935234446469145,1.1539051284157833,1.103558157776863,1.042871148960512,0.9722466385651157,0.8920340926940896,0.8024111168707859,0.7031476871531674,0.5930549154891679,0.4683256493054974,0.314373976765361,,,,,,,0.3004562771127919
29400.0,1.2420079780373299,1.2362566937863881,1.2190563893164565,1.1905647127378094,1.1510348467809115,1.1007997317128262,1.0402464962245683,0.9697757297564916,0.8897343515819578,0.8002965213627397,0.7012271100467993,0.5913281231936298,0.466768481889496,0.3128305340434026,,,,,,,0.29965811565639966
29460.0,1.2389424138263625,1.233204056204743,1.2160423468119497,1.1876144836944356,1.148172884295307,1.0980493824547377,1.0376296159235634,0.9673122246519997,0.8874415817596508,0.7981884084737668,0.6993124913450416,0.5896066847754958,0.46521579952989683,0.31128798315252904,,,,,,,0.29886233939997786
29520.0,1.2358855626136467,1.2301601063260985,1.2130369157183472,1.1846727370558399,1.1453192198299411,1.0953070881969362,1.0350204857609233,0.9648561009648875,0.8851557619913614,0.7960867599260762,0.6974038178230738,0.5878906681910429,0.46366798334783677,0.3097488949435147,,,,,,,0.2980689305238738
29580.0,1.232837404892223,1.2271247958629934,1.2100400195339125,1.181739369428184,1.1424737250526966,1.0925726980261978,1.0324189346036154,0.9624071689817097,0.8828766834664025,0.7939913416808925,0.6955008080335568,0.586179671382208,0.4621242334532603,0.30820977776389363,,,,,,,0.29727787329915545
29640.0,1.2297979210983883,1.2240981270693259,1.2070516815041397,1.1788144237083102,1.1396364608113023,1.0898462889436578,1.029825054154911,0.9599655347819236,0.880604468902055,0.7919023007550754,0.6936036523832758,0.5844739792068181,0.46058512662541157,0.30667320953168264,,,,,,,0.29648915366961687
29700.0,1.2267670916132274,1.2210800871240783,1.2040718952015208,1.1758978993237996,1.1368074317895007,1.0871278703496432,1.0272388582487098,0.9575312169440539,0.878339143096446,0.7898196716013121,0.6917124014259339,0.5827736728866354,0.4590508031928784,0.3051389082185101,,,,,,,0.2957027589858011
29760.0,1.2237448967641655,1.2180706562439712,1.2011006405240525,1.1729897756867,1.13398661682379,1.0844174205473132,1.0246603249130786,0.9551041938245971,0.8760806858152548,0.7877434078489609,0.6898268821293047,0.58107835944184,0.45752032643174284,0.30360456730438534,,,,,,,0.29491867774354585
29820.0,1.2207313168265579,1.2150698145963026,1.1981378973286347,1.1700900321832517,1.131173994749513,1.081714917876498,1.022089432268734,0.9526844329773536,0.8738289272660927,0.7856732830291476,0.6879470655470135,0.5793882978919017,0.45599463038814836,0.3020735030714638,,,,,,,0.29413689934817255
29880.0,1.2177263320253378,1.2120775423006567,1.1951836454329796,1.1671986481761578,1.1283695444036772,1.079020340717187,1.0195261105535995,0.9502717290398441,0.8715839161598397,0.7836095186001918,0.6860731108484039,0.5777035813640427,0.4544734383466586,0.3005425247844429,,,,,,,0.2933574139439686
29940.0,1.214729922536686,1.2090938194306335,1.192237864617545,1.1643156030068837,1.1255732446277933,1.0763336428457884,1.0169702516455212,0.9478662567056281,0.8693457148572917,0.7815520972930562,0.6842049512955442,0.5760238242627826,0.4529562610959349,0.29901331443385837,,,,,,,0.29258021229809555
30000.0,1.2117420684897184,1.2061186260156065,1.1893005346274999,1.1614408759979926,1.122785074270707,1.0736546942647422,1.0144219691866818,0.9454679949619735,0.8671143038314911,0.7795008903946016,0.6823423431759771,0.5743492658354611,0.45144381578755555,0.2974866387247857,,,,,,,0.29180528570908365
30060.0,1.2087627499682028,1.2031519420425079,1.186371635174719,1.1585744464554963,1.120004947182429,1.0709836073511065,1.0118812416879805,0.9430769229409127,0.8648895491210401,0.7774558378152773,0.6804855522336638,0.5726800091495111,0.44993558650876636,0.29595897915858344,,,,,,,0.29103262592621715
30120.0,1.2057919470123153,1.2001937474576463,1.183451145939811,1.1557162936712382,1.1172328420469773,1.0683203606733507,1.0093480477606591,0.9406929556886879,0.8626714308884484,0.7754170773854252,0.678634563048107,0.5710156738344652,0.4484315517911666,0.2944344202324459,,,,,,,0.2902622250810494
30180.0,1.2028296396204166,1.1972440221685616,1.1805390465741812,1.1528663969252897,1.1144688035838386,1.0656649328542314,1.0068223661156153,0.9383159970356977,0.8604600459058981,0.773384591868304,0.676789080624832,0.5693564851139754,0.4469322017920796,0.29291003977611585,,,,,,,0.2894940756327303
30240.0,1.199875807750877,1.1943027460459092,1.1776353167021225,1.15002466149362,1.1117128106960643,1.0630173025726533,1.0043040423218448,0.9359461671289938,0.8582553750953344,0.7713581684201132,0.6749493163917085,0.5677025536799233,0.4454367706250314,0.2913866392228105,,,,,,,0.2887281703243082
30300.0,1.196930431323915,1.1913698989253727,1.1747399359229238,1.1471911147035354,1.1089648423073295,1.06037744856517,1.0017931417458774,0.9335834456054888,0.856057317270816,0.7693379163401326,0.6731153075633906,0.5660535019390975,0.44394572553469197,0.28986602975996917,,,,,,,0.28796450214614844
30360.0,1.1939934902234768,1.1884454606096089,1.1718528838130085,1.144365762243979,1.1062248773642283,1.0577452666265277,0.999289690967178,0.9312278122118818,0.8538657894736901,0.7673238881678112,0.6712868612766012,0.564409546702973,0.44245931922290227,0.2883434599619435,,,,,,,0.28720306430452575
30420.0,1.1910649642991422,1.1855294108702183,1.1689741399280709,1.141548583369714,1.1034928948384084,1.0551207463095325,0.9967936690756066,0.9288791274831786,0.8516809198974493,0.7653160496156916,0.6694639837201021,0.5627708037972978,0.4409765246622894,0.2868238106415886,,,,,,,0.2864438501948798
30480.0,1.1881448333680618,1.18262172944974,1.1661036838052337,1.1387395573354488,1.1007688737285337,1.0525039395608768,0.9943050552510146,0.9265374079168707,0.8495026897572335,0.7633141531970122,0.667646814506549,0.5611368958055907,0.439498319559679,,,,,,,,0.2856868533792741
30540.0,1.185233077216876,1.1797223960636307,1.1632414793340122,1.1359386633979984,1.0980527633968242,1.0498948253532288,0.9918237874275609,0.9242027171366084,0.8473310277454549,0.7613184296289978,0.665835260841054,0.559508036693295,0.43802446732928213,,,,,,,,0.28493206756761424
30600.0,1.1823296760501423,1.1768313908463113,1.1603874702528518,1.1331458812432222,1.0953444745837035,1.0472933831071658,0.9893497495140492,0.9218750355997481,0.845165793486412,0.7593288619119846,0.6640291283560988,0.5578843450095815,0.43655439142413766,,,,,,,,0.28417947316572956
30660.0,1.1794349053590383,1.1739501123658203,1.1575464673079077,1.1303714730622845,1.0926619775742141,1.044727007297743,0.9869218837819995,0.9196062588382474,0.8430739463384048,0.7574289510531717,0.6623316237952952,0.5563925333837604,0.4352516546573777,,,,,,,,0.2834259394134836
30720.0,1.1765490385666268,1.1710777023469803,1.1547142265469492,1.1276056494274083,1.0899878167788475,1.042168648815468,0.9845016493345287,0.9173446217436177,0.8409887770819887,0.755535010564427,0.660639664687815,0.5549055244301966,0.4339531144507652,,,,,,,,0.2826724181463462
30780.0,1.173672050032851,1.1682141351358435,1.151890722292708,1.1248483846873802,1.0873219667145075,1.0396182826145624,0.9820890219502086,0.9150900522520644,0.8389102644374238,0.7536471795196568,0.6589532333067412,0.5534234311424078,0.43265808347763673,,,,,,,,0.28191992386306125
30840.0,1.1708039141789728,1.1653593851430781,1.1490759289424408,1.1220996532817207,1.0846644020094882,1.0370757914612878,0.9796839775492945,0.9128426194548896,0.836838387224488,0.7517654385301106,0.6572721115665328,0.5519462226286216,0.4313667757680855,,,,,,,,0.281168802078941
30900.0,1.167944605433548,1.1625134267902961,1.1462698209152646,1.119359429689459,1.0820150973538174,1.0345412335316357,0.9772864921471384,0.9106023006270944,0.8347730235942364,0.7498897682055117,0.6555964597018887,0.5504738231175281,0.43007933855079034,,,,,,,,0.2804192427013436
30960.0,1.1650940982375573,1.1596762345151368,1.1434723726570133,1.116627688433413,1.0793740275023869,1.0320145938866458,0.9748965418538093,0.9083690731308715,0.8327142040993123,0.7480201490660533,0.6539262779960898,0.5490059321986742,0.4287957542512847,,,,,,,,0.27967137032479883
31020.0,1.162252367045798,1.156847782772601,1.1406835586413557,1.1139043641584658,1.0767411672744518,1.0294958478600527,0.972514030753823,0.9061429144115053,0.8306619573910278,0.7461564540535911,0.6522615436650713,0.547542810119022,0.42751557757683434,,,,,,,,0.2789252737358042
31080.0,1.1594193863289504,1.154028046037089,1.1379033533716851,1.1111894466648702,1.0741164915543022,1.0269849708676524,0.9701389625182356,0.9039238019939996,0.8286162624682017,0.7442987035357356,0.6506022326676374,0.5460844241453274,0.42623897239619185,,,,,,,,0.2781810177388555
31140.0,1.1565951305755178,1.1512169988042937,1.1351317313828184,1.108482935682346,1.0714999752915861,1.0244819384063983,0.9677713587991292,0.901711678058458,0.8265770983087126,0.7424469442065765,0.6489481056246292,0.5446307456618004,0.42496621677524116,,,,,,,,0.27743865209723145
31200.0,1.1537795742938812,1.1484146155931887,1.1323686672427327,1.1057848059176965,1.0688915935014802,1.0219867260532485,0.9654111960569858,0.8995064593426378,0.8245444438228551,0.7406011549638656,0.6472993467587511,0.5431815392421665,0.423697313783823,,,,,,,,0.27669821682932383
31260.0,1.1509726920141894,1.1456208709478455,1.129614135554114,1.1030950321269366,1.0662912788457126,1.0194993094640101,0.9630584508335432,0.897308220457091,0.822518201976258,0.7387613143222916,0.6456559379473428,0.5417368689327673,0.42243189679478743,,,,,,,,0.2759597441672278
31320.0,1.1481744582900808,1.1428357394390782,1.1268681109557497,1.1004135891161642,1.0636990083681543,1.0170196643721958,0.9607130997477636,0.8951169391470146,0.8204983546899132,0.7369273757759597,0.6440178554012423,0.5402968393522106,0.42116998110446935,,,,,,,,0.2752232600779722
31380.0,1.1453848477004616,1.140059195666148,1.1241305681239449,1.0977404517424187,1.061114798220346,1.0145477616251732,0.9583751194905745,0.8929325931775962,0.8184849536667506,0.7350991936037906,0.6423850650423414,0.5388614325223092,0.41991192387175214,,,,,,,,0.27448878587866377
31440.0,1.142603834851354,1.1372912142585083,1.1214014817739557,1.095075594914514,1.0585386236779069,1.0120834872278863,0.9560444868184524,0.8907551603205208,0.8164779773463624,0.7332768948828132,0.6407573457848477,0.5374305795325424,0.41865772592614237,,,,,,,,0.2737563393971786
31500.0,1.1398313943775884,1.134531769877405,1.1186808266612769,1.0924189935937327,1.0559704600816684,1.009626912461873,0.9537211311499015,0.8885846183447779,0.8144774040723365,0.7314604576605007,0.6391348859843399,0.5360040333671964,0.41740708482966604,,,,,,,,0.2730259355872973
31560.0,1.1370675009444093,1.1317808372173823,1.1159685775828319,1.0897706227944333,1.0534102828372442,1.0071780133509831,0.9514050092100695,0.886420913556163,0.8124832121175247,0.729649860079845,0.6375176646564528,0.5345820636731765,0.41615986797832116,,,,,,,,0.27229758694893635
31620.0,1.1343121292490415,1.1290383910077488,1.1132647093781096,1.0871304575845617,1.0508580674144206,1.0047367659857913,0.9490961659772833,0.8842639566138335,0.8104953259866507,0.7278450804318732,0.6359056614671573,0.5331646566237155,0.4149165067450519,,,,,,,,0.2715713039298495
31680.0,1.131565254022212,1.1263044060139942,1.1105691969302416,1.0844984730860818,1.0483137893463452,1.002303146520524,0.9467945784044013,0.8821138243548662,0.8085136842790476,0.726045979500116,0.6342988264151729,0.531751798933081,0.4136769988900939,,,,,,,,0.27084709528499684
31740.0,1.1288268500296232,1.1235788570391467,1.107882015167014,1.081874644475289,1.0457774242285445,0.9998771311699716,0.9445002234816269,0.8799704945183436,0.8065383590887658,0.7242525993531544,0.6326969805681376,0.5303432440597737,0.4124411030354065,,,,,,,,0.27012496834667754
31800.0,1.1260968920733465,1.1208617189250607,1.1052031390617816,1.0792589469830014,1.0432489477177775,0.9974586962065115,0.9422130782337069,0.8778339448461153,0.8045693286687134,0.7224649737179232,0.6311002956305972,0.5289391088382334,0.4112085453764365,,,,,,,,0.26940492921932274
31860.0,1.1233753549931527,1.1181529665536307,1.1025325436343067,1.076651355894627,1.0407283355307853,0.9950478179573687,0.9399331197182899,0.8757041530902255,0.8026065713258261,0.7206830817516356,0.6295087533519794,0.527539485398188,0.40997982937647687,,,,,,,,0.2686869829369403
31920.0,1.120662213667784,1.1154525748479343,1.099870203951504,1.0740518465501196,1.0382155634429686,0.9926444728021795,0.9376603250253686,0.8735810970210622,0.8006500654389037,0.7189069028536852,0.6279223358810742,0.526144361627983,0.4087549505168363,,,,,,,,0.26797113360176994
31980.0,1.117957443016151,1.1127605137071623,1.0972160851297879,1.0714603796670619,1.0357105882738609,0.9902486141959861,0.9353946446519764,0.8714647242319263,0.7986997551769875,0.7171363763789906,0.6263409740025705,0.5247536457627565,0.40753372594593484,,,,,,,,0.26725738450354314
32040.0,1.1152610179984646,1.1100767467704549,1.0945701398927898,1.0688768977512195,1.0332133432295838,0.9878601670295669,0.9331359959502327,0.8693549446824844,0.7967555419848743,0.7153713915352485,0.6247645339910459,0.5233671458353021,0.40631574779197543,,,,,,,,0.26654573821759464
32100.0,1.1125729136172655,1.1074012656395504,1.091932376111956,1.0663014242446356,1.030723866353718,0.985479182861784,0.9308844430560141,0.8672518348562621,0.7948175164743381,0.7136120598677212,0.6231931676147944,0.5219851100905611,0.40510158931293216,,,,,,,,0.26583619668373587
32160.0,1.1098931049185103,1.104734045411778,1.0893027690475048,1.063733934701676,1.0282421336415741,0.9831056382634037,0.9286399631974758,0.8651553726769883,0.7928856574322234,0.7118583617050802,0.6216268582375569,0.5206075267935135,0.4038912443973158,,,,,,,,0.2651287612829301
32220.0,1.1072215669922658,1.102075061230131,1.0866812940091566,1.0611744047298266,1.025768121141267,0.9807395098515989,0.9264025336431414,0.8630655361249013,0.790959943765964,0.7101102775912099,0.620065589455695,0.5192343842466295,0.4026845858738275,,,,,,,,0.2644234328823158
32280.0,1.104558274973803,1.099424288284169,1.0840679263564723,1.058622809989176,1.0233018049525515,0.9783807742896584,0.9241721317053362,0.860982303244931,0.7890403545093646,0.7083677882736997,0.6185092697575969,0.5178654021640425,0.40148107900390634,,,,,,,,0.2637202119065827
32340.0,1.1019032040442038,1.0967817018105066,1.0814626414989637,1.056079126192044,1.0208431612263005,0.9760294082873866,0.9219487347428998,0.8589056521511944,0.7871268513549982,0.7066307384565379,0.6169578140107262,0.5165007647715366,0.40028136419064536,,,,,,,,0.2630190983730251
32400.0,1.0992563294185076,1.0941472770808738,1.0788654148839778,1.0535433290907117,1.0183921661525697,0.9736853885907872,0.9197323201539686,0.8568355294759255,0.7852193041337326,0.7048992117227394,0.6154113511607502,0.5151405332401429,0.39908543419493225,,,,,,,,0.26232009260702616
32460.0,1.0966174903862478,1.0915203263224642,1.0762739921004554,1.05101058480635,1.0159404349690762,0.9713358589052626,0.917504652986483,0.8547474670638082,0.7832864110947226,0.7031338225553548,0.6138211153025943,0.5137240876351548,0.3978138970105242,,,,,,,,0.2616246959531344
32520.0,1.093986527757038,1.0889012215243536,1.0736903240115603,1.0484854437455542,1.0134960964017117,0.9689934536026695,0.9152836847234567,0.8526658282112842,0.781359513683099,0.7013739558635946,0.6122358930362707,0.5123118327205906,0.3965455902689471,,,,,,,,0.26093243255821086
32580.0,1.0913634194147295,1.0862899406072493,1.071114388652502,1.0459678841421307,1.0110591289684474,0.9666580358243426,0.913069496806921,0.8505905928515807,0.7794385928007501,0.6996195728144129,0.6106554036968109,0.5109039116373926,0.3952813013484631,,,,,,,,0.2602428192424194
32640.0,1.0887481432328658,1.0836864614824422,1.0685461640511742,1.0434578842245883,1.0086295094432347,0.9643296968847733,0.9108620685767198,0.8485217409607504,0.7775236262713262,0.6978704868705299,0.6090798901937834,0.5095004588842381,0.39402104522162334,,,,,,,,0.25955568926292666
32700.0,1.0861406771169708,1.0810907620937564,1.0659856282691655,1.0409554222558703,1.0062071214098143,0.9620084195667439,0.9086613794212819,0.8464592525904114,0.7756144223017962,0.6961268720505243,0.607509347443672,0.5081014174142537,0.3927638698770653,,,,,,,,0.25887094649415665
32760.0,1.0835409990082727,1.0785028204211846,1.063432759405189,1.0384604765366463,1.003792040640316,0.959694182827432,0.9064674087830263,0.8444030096393165,0.7737111387871632,0.6943887113695012,0.6059437433354744,0.5067064698520958,0.39151073666386815,,,,,,,,0.2581885283304532
32820.0,1.0809490868829092,1.0759226144800171,1.0608875355940566,1.0359730254042934,1.0013842457571036,0.9573869656658766,0.9042801361595092,0.8423530323492804,0.7718137570625188,0.6926559880899351,0.6043828292964114,0.5053159891914334,0.3902616308027255,,,,,,,,0.25750838877637167
32880.0,1.0783649187520723,1.073350122320915,1.058349935006627,1.0334929890125482,0.9989837154205536,0.9550867471241994,0.9020994350414268,0.840309359845305,0.7699222585888913,0.6909285226595181,0.6028268500802217,0.5039299716355865,0.38901576044342423,,,,,,,,0.2568304917397492
32940.0,1.0757884726622218,1.0707853220300776,1.0558199358498932,1.0310203871143935,0.9965904283296813,0.9527935062889574,0.8999253602813186,0.8382719725051028,0.76803659806113,0.6892064144003898,0.6012757946421942,0.5025481543794277,0.3877736526854319,,,,,,,,0.2561548082663996
33000.0,1.0732197266953265,1.0682281917294503,1.053297516367156,1.028555215412478,0.9942043632228004,0.9505072011881847,0.8977579229767256,0.8362408507944367,0.7661566331393469,0.6874896958636717,0.5997296027799696,0.5011706107927933,0.38653551884914306,,,,,,,,0.25548131469969526
33060.0,1.0706586589690326,1.0656787095768645,1.0507826548381483,1.0260974523906703,0.9918254988782231,0.9482277356820926,0.8955971028604658,0.8342159645417212,0.7642824973707601,0.6857783515973355,0.5981880872067262,0.4997975087855216,0.3853007999126515,,,,,,,,0.25480999088518974
33120.0,1.0681052476367952,1.0631368537661536,1.0482753295791465,1.0236470765705468,0.9894538141149889,0.9459551859693346,0.8934428797297496,0.8321971606047962,0.7624141728649736,0.6840722710500419,0.5966514626755882,0.49842881225193797,0.38406954162883133,,,,,,,,0.2541408191365257
33180.0,1.0655594708879939,1.0606026025272601,1.0457755189431237,1.021204066511721,0.9870892877935914,0.9436895313245726,0.89129523344864,0.8301845648923709,0.7605516419097599,0.6823714195843376,0.595119717710584,0.4970641271668894,0.3828422046058129,,,,,,,,0.25347378379784696
33240.0,1.063021306948055,1.0580759341263646,1.043283186299177,1.018768400812224,0.9847318701983968,0.9414307510733851,0.8891541036843741,0.828178158274352,0.758694834481772,0.6806758977984702,0.5935927590060668,0.4957038521446505,0.3816184660814305,,,,,,,,0.25280887091173293
33300.0,1.0604907340785765,1.055556826866022,1.0407982896196277,1.016340058108916,0.9823815012894478,0.939178824593744,0.8870194155463146,0.8261779217333762,0.7568436615367895,0.6789856908823271,0.5920704628726785,0.4943479754133846,0.3803978881422212,,,,,,,,0.25214606785984667
33360.0,1.0579677305774648,1.0530452590853123,1.0383208431009987,1.013919017077935,0.9800382281275927,0.9369337313176198,0.88489124487009,0.8241838363660429,0.7549982305808149,0.6773007540790371,0.5905530107155631,0.49299625054840535,0.3791811824033624,,,,,,,,0.25148536306478014
33420.0,1.0554522747790693,1.0505412091600017,1.0358508252440026,1.0115052564351747,0.9777020297451458,0.9346954507326636,0.8827695718126647,0.8221958021003752,0.7531585245076224,0.6756209229682374,0.5890403900167485,0.49164869522846105,0.37796826363067676,,,,,,,,0.25082674579838143
33480.0,1.0529443450543328,1.0480446555027159,1.0333882145872022,1.0090987549367965,0.9753728852201492,0.9324639135233597,0.8806543766109224,0.8202138093367661,0.7513245263284396,0.6739463630815093,0.5875324720208777,0.49030550100213305,0.37675820697284546,,,,,,,,0.25017020605552936
33540.0,1.050443919810955,1.0455555765631357,1.0309329897073196,1.0066994913797824,0.9730507736773827,0.9302390815279169,0.8785456395831774,0.8182379123156943,0.749496139318015,0.6722770596946532,0.586029201023068,0.4889666485540488,0.3755519766557864,,,,,,,,0.24951573444762107
33600.0,1.0479509774935676,1.0430739508282076,1.028485129219568,1.0043074446025255,0.9707356742894101,0.9280210015734338,0.8764433411301469,0.8162680925709749,0.7476733310135446,0.6706129980667397,0.5845307231503887,0.4876316968838927,0.37434955861605956,,,,,,,,0.24886332210595066
33660.0,1.0454654965839307,1.0405997568223757,1.0260446117780115,1.0019225317524605,0.9684275662776471,0.925809653384336,0.8743473488470831,0.8143043317370828,0.7458561808007814,0.6689539872196926,0.5830370251410228,0.48630106748067947,0.37315004003282926,,,,,,,,0.24821296060214326
33720.0,1.0429874556011454,1.038132973107833,1.0236114160759524,0.999544782308308,0.9661264289134284,0.9236050167483635,0.8722577356698028,0.8123466111069897,0.7440446720318504,0.6673001562183574,0.5815479409713515,0.484974747170466,0.371954136829701,,,,,,,,0.24756464188692154
33780.0,1.0405168331018835,1.035673578284797,1.0211855208463476,0.9971741867774623,0.9638322415190553,0.9214070715176264,0.8701745033447263,0.8103947610394652,0.7422387881192797,0.6656515231519253,0.5800634875741943,0.48365250042831337,0.37076200315157615,,,,,,,,0.24691835824129688
33840.0,1.0380536076806428,1.0332215509918052,1.0187669048622516,0.9948107241689608,0.9615449245444403,0.9192157976094399,0.8680976325991001,0.8084489159401778,0.7404384035906286,0.664008073172999,0.5785837739940224,0.4823343153427927,0.3695729498875034,,,,,,,,0.2462741022349692
33900.0,1.035597757970019,1.0307768699060356,1.0163555469372865,0.9924543735366638,0.9592644812151103,0.9170311750069394,0.8660271042401216,0.8065090577953768,0.7386435457487633,0.6623696762833235,0.577108786546491,0.4810203997862036,0.36838723111262767,,,,,,,,0.24563186669037482
33960.0,1.0331492626410008,1.0283395137436515,1.0139514259261357,0.9901051139799852,0.9569909265927335,0.9148531045325876,0.863962899153422,0.8045751686679479,0.7368542638822211,0.6607363398262108,0.5756383200769213,0.47971074049274315,0.3672052407902975,,,,,,,,0.24499164465230164
34020.0,1.0307081004032936,1.0259094612601691,1.0115545207250591,0.9877629246446167,0.9547242402109526,0.9126816112706655,0.8619049439288402,0.8026472306931263,0.7350705415809573,0.6591081423077803,0.5741724687235867,0.478404880740655,0.3660265144676345,,,,,,,,0.2443534293624413
34080.0,1.0282742500056472,1.0234866912508365,1.0091648102724065,0.9854277847232165,0.9524644016586965,0.9105167101861007,0.8598531963576745,0.8007251515229838,0.7332923624691434,0.6574850687858541,0.5727113025431064,0.47710324846769053,0.36485084160487763,,,,,,,,0.24371721423835827
34140.0,1.0258476902362559,1.0210711825510852,1.0067822735492153,0.9830996734561626,0.9502113905808497,0.9083583815251199,0.857807715739362,0.7988089119225811,0.7315195704706965,0.6558670479049529,0.5712548076447371,0.4758058328816349,0.3636788574241561,,,,,,,,0.24308299285268464
34200.0,1.0234284000482778,1.0186629141613852,1.0044068897020795,0.9807785702510673,0.9479651867928789,0.9062066057081826,0.8557684833542665,0.7968985709592901,0.7297522559810516,0.6542539701158792,0.5698027378384458,0.47451239921550026,0.36251032320100984,,,,,,,,0.2424507543060044
34260.0,1.0210164834680646,1.0162624818705077,1.0020407264830438,0.9784689710164535,0.945733633654324,0.9040734484925522,0.8537526199706159,0.7950171134932894,0.7280201382076535,0.652683358162908,0.5684017734259892,0.4732813225351403,0.3614227511342071,,,,,,,,0.2418190693823452
34320.0,1.0186120431709416,1.0138694929821201,0.9996819084845056,0.9761665546151321,0.9435090387007521,0.901946965553377,0.8517430920673162,0.7931416039122036,0.7262935398813617,0.6511178058368603,0.567005387179074,0.47205432687791954,0.36033864573717533,,,,,,,,0.2411883794807405
34380.0,1.0162150559357248,1.0114839243460432,0.9973304127737709,0.9738712984944353,0.9412913799513517,0.8998271357137186,0.8497398795384389,0.7912720234416845,0.7245724437259334,0.6495572973354719,0.5656135645375167,0.4708313963249996,0.359257910150741,,,,,,,,0.24055914106365864
34440.0,1.013825498461713,1.0091057478353385,0.9949862066693302,0.9715831658128944,0.9390806169012083,0.8977139153522987,0.8477429361301806,0.7894083233769218,0.7228567979798537,0.6480017754121303,0.5642262356610306,0.46961241949360766,0.35818027288650683,,,,,,,,0.23993150781732261
34500.0,1.01144334753372,1.0067349305742306,0.9926492480269787,0.9693021057770097,0.9368766908984943,0.8956072388086367,0.8457521898601513,0.7875504255022227,0.7211465168029192,0.6464511417447669,0.5628432754072468,0.46839719155310994,0.35710526241887103,,,,,,,,0.23930556249157964
34560.0,1.0090685799857242,1.0043714642053265,0.9903195430838738,0.9670281386989247,0.9346796356168604,0.8935071523964601,0.8437676992584352,0.7856984009853013,0.7194416864042399,0.6449055047061808,0.5614648330961989,0.46718595886378056,0.35603355448886037,,,,,,,,0.23868135694550274
34620.0,1.006701172710045,1.002015325695594,0.9879970690367116,0.9647612421763416,0.9324894292524266,0.8914136351372289,0.8417894444141628,0.7838522311985956,0.7177422895576233,0.6433648482906706,0.5600908918802024,0.4659786992550335,0.3549651463876965,,,,,,,,0.23805892805081016
34680.0,1.0043411026562612,0.9996664920701467,0.985681803143004,0.9625013938719624,0.9303060500708786,0.8893266661241938,0.8398174054840651,0.7820118975678337,0.7160483090540949,0.6418291563256764,0.5587214344501289,0.46477539260994716,0.353899802373803,,,,,,,,0.23743830214744144
34740.0,1.0019883468311679,0.9973249404122095,0.983373722721009,0.9602485715132868,0.9281294764069283,0.8872462245213479,0.8378515626909623,0.780177381569474,0.7143597276883826,0.6402984124504536,0.5573563431588441,0.463575697626119,0.3528370637153535,,,,,,,,0.23681949824505594
34800.0,0.9996428822993718,0.9949906478636994,0.9810728051502494,0.9580027528929154,0.9259596866641702,0.8851722895626514,0.8358918963223448,0.7783486647271232,0.7126764930921918,0.6387724483481906,0.5559955808757153,0.46237988109710676,0.35177761865947677,,,,,,,,0.23620253073266237
34860.0,0.9973046861839197,0.9926635916258371,0.9787790278720384,0.9557639158688302,0.9237966593148961,0.8831048405512195,0.8339383867287645,0.7765256810714269,0.7109985221046247,0.6372513867894518,0.5546392504213644,0.4611879675312047,0.35072146475499727,,,,,,,,0.2355874108474561
34920.0,0.9949737356667323,0.9903437489595599,0.9764923683897918,0.9535320383644694,0.9216403728997474,0.8810438568584091,0.8319909872607072,0.7747083895457487,0.7093258989766544,0.6357352237311209,0.5532873347650334,0.459999942611587,0.3496683510796566,,,,,,,,0.23497414724219903
34980.0,0.9926500079889377,0.9880310971858269,0.9742128042692312,0.9513070983686943,0.9194908060272844,0.878989317922819,0.83004963002305,0.7728968424455092,0.707658606388675,0.6342239423259616,0.5519398171933325,0.45881559617170936,0.3486178271986028,,,,,,,,0.2343627464171011
35040.0,0.9903334804512234,0.9857256136859411,0.9719403131385916,0.9490890739357524,0.9173479373735458,0.8769411445766618,0.8281143714186756,0.771091021426717,0.7059966269898563,0.6327175257166969,0.5505965340706523,0.45763494348434725,0.3475705817362109,,,,,,,,0.23375321321216314
35100.0,0.9880241304142162,0.9834272759018949,0.9696748726888449,0.9468779431852479,0.9152117456815982,0.8748993463960317,0.826185192025912,0.7692909081670567,0.7043399434062447,0.6312158576586036,0.5492575440810307,0.4564581405159774,0.34652661002514434,,,,,,,,0.23314555120677682
35160.0,0.9857219352988484,0.9811360613366988,0.9674164606738983,0.9446736843020813,0.9130821896342177,0.872863932088649,0.824262072473769,0.7674964843638248,0.7026885003691984,0.6297189567656344,0.5479229043208431,0.45528517513114075,0.34548563871247995,,,,,,,,0.23253976295747542
35220.0,0.9834268725866913,0.9788519475546752,0.9651650549107518,0.9424762755363414,0.9109592166843425,0.8708348813483896,0.8223449934394192,0.7657077317332154,0.7010422212205687,0.6282268707829184,0.5465925993161397,0.4541159639619192,0.34444723923964843,,,,,,,,0.2319358501465868
35280.0,0.9811389198202566,0.9765749121817151,0.9629206332796172,0.9402856952031518,0.9088428576718323,0.8688121739299126,0.8204339356460209,0.763924564999376,0.6994011861891377,0.6267395830914853,0.5452666138596024,0.45295027117834324,0.34341209494164177,,,,,,,,0.23133381371287895
35340.0,0.9788580546032769,0.9743049329055178,0.9606831737240089,0.9381019216824796,0.9067330916006413,0.8667957896471852,0.8185288798609419,0.7621469837203061,0.6977653779107786,0.6252570771735285,0.5439447365422017,0.45178838107733393,0.3423801996007924,,,,,,,,0.23073365397288836
35400.0,0.9765842546009672,0.9720419874758023,0.9584526542508089,0.9359249168010835,0.9046298975386177,0.8647857083720554,0.8166297762356353,0.7603750193454925,0.6961347790502234,0.6237792871839498,0.5426271258799724,0.4506302822937503,0.341351250975036,,,,,,,,0.23013537071853807
35460.0,0.9743174975402613,0.969786053704499,0.9562290529303,0.9337546376666023,0.9025332546167244,0.8627819100329065,0.8147365660952898,0.7586086536783221,0.6945093723096394,0.6223061329075014,0.5413137908578257,0.4494759635602241,0.3403248569093118,,,,,,,,0.2295389632900292
35520.0,0.9720577612100231,0.96753710946591,0.9540123478961646,0.9315911011450441,0.9004431420282366,0.8607843746134295,0.81284930095902,0.7568478685511715,0.692889097872215,0.6208377119419941,0.5400047170986709,0.4483250964454193,0.3393016894708214,,,,,,,,0.22894443063379627
35580.0,0.9698050234612305,0.9652951326968405,0.9518025173454512,0.9294342858718024,0.8983595390279344,0.8587930712724096,0.8109679617600083,0.7550926458286573,0.6912738897974868,0.6193740082134633,0.5386998625466427,0.44717793496008434,0.33828174146189266,,,,,,,,0.22835177135249576
35640.0,0.9675592622071321,0.9630601013967054,0.9495995395385061,0.9272841705455718,0.8962824249313064,0.856807916079367,0.809092529473027,0.7533429674108928,0.6896638226956916,0.6179150057592028,0.5373990489300869,0.44603452022517903,0.3372646747091646,,,,,,,,0.22776098374827192
35700.0,0.9653204554233782,0.9608319936276014,0.9474033927988732,0.9251407339279403,0.89421177911378,0.8548289644773104,0.8072229851149169,0.7515987269979724,0.6880588794796397,0.6164606869291295,0.5361024547032931,0.44489484118314543,0.3362501484356707,,,,,,,,0.22717206585909205
35760.0,0.9630885811481211,0.9586107875143545,0.9452140555131627,0.923003954842961,0.8921475810099915,0.8528561966601811,0.8053593097452689,0.7498599683079845,0.6864590431256934,0.6150108774067808,0.534810066038916,0.4437586895769576,0.33523881685940105,,,,,,,,0.22658501548908136
35820.0,0.9608636174820874,0.9563964612445337,0.9430315061308937,0.9208738121767192,0.8900898101131175,0.8508895928734183,0.8035014844672456,0.7481267003185204,0.6848642966761977,0.6135657223359219,0.5335218692163186,0.44262607719577607,0.3342306721580866,,,,,,,,0.22599983023392073
35880.0,0.9586455425886263,0.9541889930684397,0.940855709655873,0.9187502848768712,0.888038420121313,0.8489291334136345,0.8016494536625487,0.7463989050994827,0.683274574100533,0.6121252061676721,0.5322377693313052,0.4414971675870289,0.3332253326005767,,,,,,,,0.22541650750435377
35940.0,0.9564343346937167,0.9519883612990601,0.9386866352389365,0.9166333519522284,0.8859933725953635,0.8469747986284745,0.799803172823746,0.7446765647698144,0.6816898241385375,0.6106893134482126,0.5309576956241571,0.44037194976390437,0.3322225243552018,,,,,,,,0.224835044543947
36000.0,0.9542299721311899,0.9497945443569691,0.9365242846791838,0.914522992515205,0.8839546914801995,0.8450265689555343,0.7979626861239503,0.7429596615333574,0.6801101140962589,0.6092580288409051,0.5296817735256156,0.4392503341268297,0.3312228766990327,,,,,,,,0.22425543713932558
36060.0,0.9520324904666901,0.9476078090220345,0.9343696169876183,0.912421301414165,0.8819260461010796,0.8430900926034243,0.7961360273020293,0.741258991998453,0.6785494285754459,0.6078489067168419,0.5284320886628583,0.438160128808626,0.33026484343010093,,,,,,,,0.22367700058790152
36120.0,0.9498419251923104,0.9454279579942776,0.9322217379310573,0.9103262409105654,0.8799038137429279,0.8411597549577572,0.7943151808858364,0.7395636779682155,0.6769937655745915,0.6064443131401338,0.5271865004359625,0.4370735328779943,0.32930968991768256,,,,,,,,0.223099948997883
36180.0,0.9476582535560056,0.9432549686196638,0.9300806251479177,0.9082377891256515,0.8778879731852586,0.8392355148406483,0.7925001274092777,0.737873767314802,0.6754431079558201,0.6050442760921289,0.5259449409810885,0.43599053395007376,0.3283567974279756,,,,,,,,0.2225245007851827
36240.0,0.9454814530392193,0.941088818476463,0.9279462565051395,0.9061559244022779,0.8758785034189583,0.8373173201566099,0.7906908475943419,0.7361892586576189,0.6738974387641947,0.6036487801786875,0.5247073130868499,0.4349111171742914,0.3274068797004329,,,,,,,,0.22195072770075563
36300.0,0.9433115011855037,0.9389294852047959,0.9258186099305209,0.9040806251419551,0.8738753834900584,0.8354052037497943,0.7888873222140331,0.7345101338401829,0.6723566342813307,0.6022578100730299,0.5234737413941001,0.4338351636192179,0.3264599289565952,,,,,,,,0.22137866861532302
36360.0,0.9411483756039475,0.9367769465100106,0.9236976634159761,0.9020118698080263,0.8718785925030038,0.8334991455171775,0.7870895320961095,0.7328363747660404,0.6708207765143551,0.600871350500319,0.5222442119396765,0.43276253319226216,0.3255159411741011,,,,,,,,0.22080834826484416
36420.0,0.938992053976369,0.9346311801697911,0.9215833950244048,0.8999496060082522,0.8698881096268951,0.8315991254170283,0.7852974007683975,0.7311679634051264,0.6692898571131546,0.5994892919588237,0.5210187104423032,0.4316934374828709,0.3245742961879861,,,,,,,,0.22023978247975365
36480.0,0.9368425140519689,0.9324921640288218,0.9194757828844363,0.897893828276525,0.8679039140909941,0.8297051234651034,0.7835109386952704,0.7295048817897221,0.6677638593939511,0.5981116674970686,0.5197972224261862,0.4306278623990173,0.32363530382320393,,,,,,,,0.2196729822358746
36540.0,0.9346997336489223,0.9303598760003433,0.9173748051918955,0.8958445304882956,0.8659259851862147,0.8278171197364033,0.7817301550976282,0.7278471027558414,0.666242766731123,0.5967385081599312,0.5185795666627044,0.42956579480180634,0.32269926348948164,,,,,,,,0.21910795542993242
36600.0,0.9325636906528063,0.9282342940645724,0.9152804402082352,0.8938016913656499,0.8639543022639659,0.8259350943644265,0.7799550310393215,0.7261945289184761,0.6647265625475205,0.5953697986396814,0.5173658700975695,0.4285070923779523,0.3217661714220218,,,,,,,,0.21854470784517271
36660.0,0.9304343630164256,0.9261153962685159,0.9131926662603447,0.8917652896938666,0.8619888350196729,0.8240590275414859,0.7781855476435928,0.7245472316835556,0.6632152116377962,0.594005523615484,0.516156144011892,0.4274516716930459,0.32083587012883247,,,,,,,,0.21798324347670284
36720.0,0.9283117287598951,0.9240031607260457,0.9111114617406235,0.8897353043215513,0.8600295230687734,0.8221888995191953,0.7764216860933313,0.7229051933249909,0.661708620822688,0.5926456677759298,0.5149503742319564,0.42639972278464644,0.3199077222148324,,,,,,,,0.217423564890618
36780.0,0.9261957659705123,0.9218975656177683,0.9090368051068594,0.8877117141605905,0.8580763958068882,0.8203246906087488,0.7746634276309452,0.7212683961724049,0.6602068693691655,0.5912901232358828,0.5137485467446861,0.42535123451137913,0.31898250681029877,,,,,,,,0.21686567361151662
36840.0,0.924086452802429,0.9197985891906966,0.9069686748819241,0.8856944981859395,0.8561294328274431,0.8184663479165446,0.7729107535578643,0.7196368226088997,0.6587099408462402,0.5899389205118706,0.512550558770179,0.42430619599665786,0.318060218576228,,,,,,,,0.21630957038341542
36900.0,0.9219837674763132,0.9177062097579152,0.9049070496534733,0.8836836354354164,0.8541886137847574,0.8166138467357005,0.7711636452338567,0.7180104550693536,0.6572178188610317,0.5885920916245532,0.511356382483501,0.423264436106847,0.31714085185423413,,,,,,,,0.21575525530164447
36960.0,0.9198876882790744,0.915620405698316,0.9028519080737156,0.881679105009567,0.8522539183940335,0.8147672062900051,0.7694220283533155,0.716389276039375,0.6557304870615235,0.5872496214483962,0.5101661077879066,0.42222593178775447,0.316223765142316,,,,,,,,0.21520272790183917
37020.0,0.9177981935636287,0.9135411554563705,0.9008032288592273,0.8796808860715682,0.8503253264313577,0.8129264071274362,0.7676859121577616,0.7147732313182524,0.6542479291397703,0.5859114949312522,0.5089797213280471,0.42119084565331466,0.3153092637412284,,,,,,,,0.21465198724944712
37080.0,0.9157152617486539,0.9114684375418971,0.8987609907907645,0.8776889578471242,0.8484028177336614,0.8110914298552279,0.7659553064957435,0.7131622803469184,0.6527700817470448,0.5845776971000975,0.5077972098852066,0.4201591673388692,0.3143976632022296,,,,,,,,0.21410303202068542
37140.0,0.9136388713183384,0.9094022305298236,0.8967251727130698,0.8757032996243509,0.846486372198646,0.8092622551396281,0.764230192952218,0.7115564660208074,0.6512969100232757,0.5832481202494312,0.5066185471103158,0.4191308865408817,0.3134889569299531,,,,,,,,0.21355586056248757
37200.0,0.911569000822131,0.9073425130599502,0.8946957535346823,0.8737238907536561,0.8445759697846759,0.8074388637056367,0.7625105531675672,0.7099557710254393,0.6498284639317665,0.5819227964983528,0.5054435544523879,0.41810579862543046,0.31258297102979266,,,,,,,,0.2130104709355973
37260.0,0.9095056288745035,0.9052892638367281,0.8926727122277612,0.8717507106476174,0.8426715905106548,0.8056212363367401,0.7607963688373213,0.7083601780980338,0.6483647273744093,0.5806017573695723,0.5042723981849012,0.41708394658478604,0.311679054488199,,,,,,,,0.21246686095006864
37320.0,0.9074487341547265,0.9032424616290489,0.8906560278279164,0.8697837387808597,0.8407732144558838,0.8038093538746605,0.7590876217120176,0.7067696700284579,0.6469056843126451,0.5792849882203447,0.5031050655312052,0.41606546148295687,0.31077800925711724,,,,,,,,0.2119250281968929
37380.0,0.9053982954066476,0.9012020852700382,0.8886456794340412,0.8678229546899232,0.8388808217599077,0.8020031972191247,0.7573842935971833,0.7051842296602012,0.645451318769272,0.5779724744899227,0.5019415438011106,0.4150503331314388,0.30987982815622056,,,,,,,,0.21138497007515003
37440.0,0.9033542914384805,0.8991681136568572,0.8866416462081467,0.8658683379731257,0.8369943926223508,0.8002027473276713,0.7556863663534231,0.7036038398913304,0.644001614829884,0.576664201697684,0.5007818203835052,0.41403855135312445,0.308984503894391,,,,,,,,0.2108466838143321
37500.0,0.9013167011225971,0.8971405153405224,0.8846438867895513,0.8639198379624766,0.8351138677861613,0.7984079370403887,0.7539937653108705,0.7020284181508445,0.6425564798285901,0.5753600605869885,0.4996257509565349,0.4130298742507738,0.3080913444454829,,,,,,,,0.21031016649285436
37560.0,0.8992855033953263,0.8951192750562317,0.8826523917571103,0.86197745101035,0.8332392492329701,0.796618773825971,0.7523065034241891,0.7004579832932502,0.6411159399474873,0.5740600885686329,0.498473394775136,0.4120244174204061,0.3072007116767451,,,,,,,,0.20977541505427974
37620.0,0.8972606772567734,0.8931043766689808,0.8806671499071554,0.8600411708151366,0.831370535472066,0.7948352609152691,0.7506245886757457,0.6988925484351628,0.6396800146831478,0.5727643148624286,0.49732479979976696,0.41102227679033665,0.3063129110588578,,,,,,,,0.2092424263203534
37680.0,0.8952422017706074,0.8910957993298142,0.8786881406518232,0.8581109772197543,0.8295077069405017,0.7930573794944165,0.7489480031470542,0.697332096699974,0.6382486883775771,0.5714727252853157,0.49617995367647655,0.4100234422027287,0.3054279349683562,,,,,,,,0.208711197004993
37740.0,0.8932300560638796,0.8890935222528794,0.8767153434655447,0.8561868501281343,0.8276507441346337,0.7912851108069375,0.7472767289759636,0.6957766112694571,0.6368219454374545,0.5701853057229413,0.495038844103876,0.40902790350077883,0.304545563509603,,,,,,,,0.20818172372461238
37800.0,0.8912242193812341,0.8870975247693339,0.8747487379380424,0.8542687695567096,0.825799627659547,0.7895184362006605,0.7456107484006775,0.694226075424268,0.6353997703698431,0.5689020421590977,0.49390139858902404,0.4080353779808621,0.30366519338432185,,,,,,,,0.2076540005548732
37860.0,0.8892247233885185,0.8851080558237165,0.8727892194546569,0.852358697202559,0.8239577914670764,0.7877626519554628,0.7439575970871933,0.6926906398817032,0.6339953322573249,0.5676395423404155,0.4927885476965763,0.40707297376844553,0.3028256654449153,,,,,,,,0.2071273753635925
37920.0,0.8872315994384947,0.8831249280260204,0.8708359498412104,0.850454721468941,0.8221218420092906,0.7860124901595961,0.7423097536699688,0.691160152499316,0.6325953675404128,0.5663811239515497,0.4916793677989589,0.40611378540861054,0.30198882822473466,,,,,,,,0.20660205221642472
37980.0,0.8852448258779761,0.8811481198193577,0.8688889078284732,0.8485568215610848,0.8202917591455231,0.7842679314977664,0.7406671998248232,0.6896345409304193,0.6311999179131934,0.5651268117091859,0.4905738465438174,0.4051578014130913,0.3011546345947034,,,,,,,,0.2060782394892111
38040.0,0.8832643811646732,0.8791776097571925,0.8669480722559555,0.8466649767903504,0.8184675228378321,0.7825289567537176,0.739029903822909,0.6881138180182873,0.6298089866106417,0.5638765914947091,0.4894719715846596,0.4042050080341163,0.30032289476371327,,,,,,,,0.205556006728605
38100.0,0.8812902438225476,0.8772133764589468,0.8650134220282637,0.8447791665318419,0.8166491131103994,0.7807955467719715,0.7373978052286112,0.6865979923469078,0.628422557986498,0.5626304492428317,0.48837373041139515,0.4032553176974353,0.2994930575383629,,,,,,,,0.20503538924799752
38160.0,0.8793223924452768,0.8752553986134533,0.8630849361185174,0.8428993702277713,0.8148365100528226,0.7790676759547941,0.7357709420053813,0.685087046974102,0.6270406164580545,0.5613883709289067,0.4872790920427889,0.40230856730973064,0.2986658387812386,,,,,,,,0.2045164099528928
38220.0,0.8773608056925066,0.8733036549752303,0.8611625935646969,0.8410255673839327,0.8130296938167932,0.7773452796463639,0.7341492961084459,0.6835809650190809,0.6256631465020728,0.5601503425460106,0.4861879154717902,0.4013649638651922,0.29784123683774927,,,,,,,,0.2039990840173151
38280.0,0.8754054622967528,0.8713581243713411,0.8592463734763831,0.839157737576272,0.8112286446224873,0.7756283912847783,0.7325328495597601,0.6820797296679638,0.6242901326563358,0.5589162654797948,0.48510033392130436,0.40042449450083784,0.29701924981973343,,,,,,,,0.20348342124974086
38340.0,0.8734563410554271,0.8694187856934773,0.8573362550270052,0.8372958604434033,0.8094333427514278,0.7739169919656436,0.730921584441356,0.680583324166617,0.6229215595084411,0.557686178028931,0.48401633410636025,0.39948714716709577,0.2961998752979091,,,,,,,,0.20296942862588263
38400.0,0.8715134208366428,0.8674856179037298,0.8554322174595186,0.8354399156921557,0.8076437214163462,0.7722110628501878,0.7293154829003842,0.67909173182456,0.6215573189139599,0.5564600987000198,0.4829359027853466,0.3985529105169341,0.29538220799880344,,,,,,,,0.2024571109190266
38460.0,0.869576680575773,0.865558600031173,0.8535342400830725,0.8335898830943793,0.805859807804027,0.770510585162409,0.7277145271461692,0.6776049360106419,0.6201974874762544,0.5552380134120409,0.481859026835906,0.3976216056609092,0.2945671331688054,,,,,,,,0.20194647142448063
38520.0,0.8676460992750333,0.863637711171456,0.8516423022726247,0.8317457424866088,0.8040815829795162,0.768815540188829,0.7261186994496884,0.6761228598699668,0.6188420510623595,0.5540199080871109,0.4807856932762193,0.39669326299872276,0.29375465807744566,,,,,,,,0.20143751219778502
38580.0,0.8657216560037859,0.8617229304871102,0.8497563834692626,0.8299074737704115,0.8023090274811008,0.7671259092788456,0.7245279821434956,0.6746455282754089,0.6174909944099058,0.5528057686686136,0.47971574671234934,0.39576799955461983,0.29294477832807375,,,,,,,,0.20093023428072843
38640.0,0.8638033298987192,0.8598142372077333,0.8478764631804031,0.8280750569126154,0.8005421219111865,0.765441673844928,0.7229423576213758,0.6731729439574817,0.616144302289813,0.5515955811343056,0.4786492955306074,0.3948458053504182,0.2921374891468836,,,,,,,,0.20042463793812446
38700.0,0.8618911001636655,0.8579116106298136,0.8460025209796406,0.8262484433939506,0.7987808469362165,0.7637628153624402,0.7213617547113051,0.6717050905013758,0.6148019595082446,0.5503892396330111,0.47758634893675905,0.3939266705788957,0.29133204779274485,,,,,,,,0.19992072283197784
38760.0,0.8599849460692989,0.8560150301164376,0.8441345365064794,0.8244276344091368,0.797025183286464,0.7620893153692933,0.7197861955128888,0.6702419515428356,0.6134639509089238,0.5491867978840885,0.47652689453030156,0.3930105855534887,0.2905289878585187,,,,,,,,0.19941848812498406
38820.0,0.8580848469529151,0.8541244750970765,0.8422724894661439,0.8226126177515662,0.7952751117558732,0.7604211554656,0.7182156769282585,0.6687835107674365,0.6121302433677853,0.5479882665558558,0.47547092004366964,0.392097272825922,0.28972850020468144,,,,,,,,0.1989179325526304
38880.0,0.8561907822182884,0.85223992506745,0.8404163596294643,0.8208033736467318,0.7935306132019465,0.7587583173133519,0.7166501815864543,0.6673297519102904,0.61080076498933,0.5467936318529019,0.47441841332998536,0.3911869615115674,0.28893057900582875,,,,,,,,0.19841905448796388
38940.0,0.8543027313355369,0.8503613595894006,0.8385661268327692,0.8189998823847126,0.7917916685456097,0.7571007462215462,0.7150896921737928,0.6658806587560739,0.609475575884836,0.5456028800504962,0.4733692577542861,0.39027967145522724,0.28813521824621857,,,,,,,,0.19792185199852957
39000.0,0.8524206738409631,0.8484887582907397,0.8367217709777492,0.8172021243200494,0.790058258771029,0.7554484398590626,0.7135341914333113,0.6644362151393276,0.6081546610763576,0.5444159974959655,0.4723234866166418,0.38937539321589176,0.28734183831397003,,,,,,,,0.19742632289111745
39060.0,0.8505445893368868,0.8466221008650864,0.8348832720313131,0.8154100798716003,0.7883303649253962,0.7538014008614715,0.7119836621643162,0.6629963377681952,0.6068380056377919,0.5432329706092734,0.47128114770875423,0.3884741173780196,0.28655062195770703,,,,,,,,0.19693246474608922
39120.0,0.848674457491485,0.8447613670717152,0.8330506100254447,0.8136237295223923,0.7866079681187009,0.7521596111333282,0.7104380872220535,0.6615610670222767,0.6055255946968626,0.5420536850673524,0.4702422292717345,0.38757576162244817,0.28576194482184886,,,,,,,,0.19644027494549576
39180.0,0.8468102580386403,0.8429065367354083,0.8312237650570642,0.8118430538194658,0.7848910495234951,0.7505230526391821,0.7088974495175011,0.6601303979219497,0.6042174134367685,0.5408782137102751,0.4692067196231847,0.38668016329133165,0.2849758003392894,,,,,,,,0.19594975069730988
39240.0,0.8449519707777943,0.8410575897463116,0.8294027172878884,0.8100680333737141,0.783179590374651,0.748891707403248,0.7073617320172618,0.658704314506306,0.6029134470975185,0.5397065580098594,0.46817460715057607,0.3857875393276738,0.2841921818398681,,,,,,,,0.19546088905622142
39300.0,0.8430995755737994,0.8392145060597915,0.8275874369148766,0.8082986488597106,0.7814735526487283,0.7472655575091122,0.7058308898589938,0.6572828008676767,0.6016136424658467,0.5385387046694585,0.46714581159749713,0.38489788036326356,0.2834106728671219,,,,,,,,0.19497368694117403
39360.0,0.8412530523567717,0.8373772656962859,0.8257779004204268,0.8065348810155266,0.7797729103595424,0.7456445850994758,0.7043048954950968,0.6558658411523077,0.6003179701606871,0.5373746404596649,0.4661202949925815,0.3840111770333506,0.2826311058741327,,,,,,,,0.19448814115019558
39420.0,0.8394123811219458,0.8355458487411632,0.8239741021174254,0.8047767106425495,0.7780776718117476,0.7440287723759385,0.7027837708504903,0.6544534195609598,0.5990264691464169,0.5362143522165318,0.4650981413633955,0.3831274199752873,0.28185404202884734,,,,,,,,0.19400424837286306
39480.0,0.8375775419295209,0.833720235344564,0.822176022424705,0.8030241186052799,0.7763878184860262,0.7424181015987978,0.7012674991132943,0.6530455203494832,0.5977391248961118,0.5350578268395781,0.464079339326096,0.3822464202470903,0.28107947435766295,,,,,,,,0.19352200520236085
39540.0,0.8357485149045315,0.83190040572127,0.8203836418251389,0.8012770858311592,0.7747033319242114,0.7408125550869217,0.6997560635275736,0.6516421278291786,0.5964559229418227,0.5339049398994489,0.4630638775444707,0.3813682265632877,0.28030739582802766,,,,,,,,0.19304140814358037
39600.0,0.833925280169523,0.8300863400837611,0.8185969407998269,0.7995355932466041,0.7730241936678933,0.7392121151597355,0.6982494473395833,0.6502431505382686,0.5951768488301095,0.5327557865379263,0.4620517446932354,0.3804929511730501,0.2795375527907004,,,,,,,,0.19256245583322182
39660.0,0.8321077702400502,0.8282777689671333,0.816815044793728,0.7977977720368424,0.771347153650647,0.7376117687826101,0.6967405487948259,0.6488390881335798,0.5938894711994482,0.5315945658476177,0.461022927052269,0.37959476605599485,0.2787317316675229,,,,,,,,0.19208576585628134
39720.0,0.8302959177051994,0.8264748286151202,0.8150387001334399,0.7960653709599139,0.7696753530877568,0.7360163903902708,0.6952363911488387,0.647439457081273,0.5926061817809952,0.530437064529935,0.459997314684118,0.37869952741510293,0.27792847497997797,,,,,,,,0.1916111333736193
39780.0,0.8284897039639122,0.824677500505772,0.813267888533298,0.794338372122218,0.7680087746274425,0.7344260072878369,0.6937369585592494,0.6460442424991685,0.5913268610306345,0.5292832701279652,0.4589750259093603,0.37780708796742074,0.2771278125919052,,,,,,,,0.19113834988488343
39840.0,0.8266891103693373,0.8228857660717723,0.811502591663506,0.7926167575879632,0.766347400878308,0.7328406027728335,0.6922422351524593,0.6446534294813013,0.5900516009516805,0.5281331701757174,0.4579560498325208,0.3769173663162524,0.27632974200890564,,,,,,,,0.19066734340019417
39900.0,0.824894118316201,0.821099606787301,0.8097427912355001,0.7909004778493774,0.7646912144888817,0.7312601601819373,0.690752145315175,0.6432670031622585,0.5887803881418564,0.5269866475738701,0.45694037574507507,0.3760305723272309,0.2755333122907534,,,,,,,,0.19019807116297455
39960.0,0.8231047092627368,0.8193190041898392,0.8079884690233667,0.7891895381775911,0.7630401981675851,0.7296846629099781,0.6892667169142391,0.6418849487336094,0.5875132089198154,0.5258437661915112,0.455927990185442,0.3751467008678923,0.27473918814711934,,,,,,,,0.1897305048116415
40020.0,0.8213208647207234,0.8175439398702533,0.8062396068540865,0.7874839294928871,0.7613943346736867,0.728114094401428,0.687785950670883,0.6405072284967911,0.5862500496543644,0.5247045425274871,0.4549186978810874,0.37426574599908563,0.2739476132021416,,,,,,,,0.1892646223403432
40080.0,0.8195425662607345,0.8157743954780159,0.8044961866126563,0.7857836340698212,0.7597536068221008,0.7265484381550449,0.6863098309087663,0.6391337850682225,0.5849908967703612,0.5235689643951847,0.4539126774731394,0.3733874977687283,0.2731585739751519,,,,,,,,0.18880040635543144
40140.0,0.8177697955108238,0.8140103527198916,0.802758190240792,0.7840886342387007,0.758117978407917,0.724987677722827,0.6848383420040677,0.6377646697428334,0.5837356982743688,0.5224370197154473,0.4529099191909036,0.3725119984887722,0.2723716099744345,,,,,,,,0.18833784252848754
40200.0,0.8160025341547903,0.8122517933582108,0.8010255997352284,0.78239891238394,0.7564874184658646,0.7234317967086019,0.6833714683841636,0.6363998679180642,0.5824844125898039,0.5213086965158906,0.4519104132924183,0.3716393932506425,0.27158637710217376,,,,,,,,0.18787691851198554
40260.0,0.8142407639361214,0.8104986992147876,0.7992983971515649,0.7807144509478082,0.7548619431793219,0.7218807787715597,0.6819091945310887,0.6350393650470867,0.5812370932594949,0.5201838642149095,0.4509141500006986,0.37076967335886113,0.2708036401039066,,,,,,,,0.18741762344880392
40320.0,0.8124844666559515,0.808751052168888,0.7975765646022713,0.7790352324285048,0.7532415355808738,0.7203345620399835,0.6804515049800522,0.6336831466383179,0.5799937269639396,0.519062615977115,0.44992098216839316,0.3699028297902569,0.27002338773844153,,,,,,,,0.18695994753715117
40380.0,0.810733624171512,0.8070088341556877,0.7958600842551727,0.7773612393787063,0.7516261787565205,0.7187931581464678,0.6789983843184368,0.6323311982555029,0.5787543004529715,0.5179449541893044,0.4489309833385759,0.3690385822891282,0.2692456091489723,,,,,,,,0.1865038818048233
40440.0,0.8089882183959497,0.8052720271660943,0.794148938333279,0.7756924544054155,0.7500158558455622,0.7172565689066152,0.6775497457666928,0.6309835055188168,0.5775188005442113,0.5168308671887365,0.4479441976402959,0.3681771046775054,0.268469096671713,,,,,,,,0.18604941795571325
40500.0,0.8072482312988154,0.8035406132472294,0.7924431091152653,0.7740288601704441,0.7484105500410997,0.7157247781898849,0.6761056422537464,0.6296399932973515,0.5762872141208274,0.5157203433543421,0.4469606149912134,0.36731847530721456,0.26769497585867846,,,,,,,,0.18559654824114505
40560.0,0.8055136449062569,0.8018145745026248,0.7907425789356687,0.7723704393906237,0.7468102445902741,0.714197769919044,0.6746660620177147,0.6283006816312048,0.5750594498530212,0.5146133689541905,0.44598022523622,0.36646268452174136,0.26692329513164165,,,,,,,,0.1851452653539312
40620.0,0.8037844413008142,0.8000938930920203,0.7890473301846981,0.7707171748376371,0.7452149227941525,0.71267552807019,0.6732309898586323,0.6269655831440908,0.5738355472494774,0.513509804534064,0.44500293597692575,0.3656097226031357,0.2661540447988241,,,,,,,,0.1846955623487949
40680.0,0.8020606026211431,0.7983785512310883,0.7873573453079703,0.7690690493377865,0.743624568007553,0.7111580366727245,0.6718004106309848,0.6256346836873029,0.5726155194724856,0.5124097689154782,0.4440287100154439,0.36475923679795275,0.26538650973939426,,,,,,,,0.1842474325831785
40740.0,0.8003421110618456,0.79666853119127,0.7856726068063599,0.7674260457718675,0.7420391636389869,0.709645279809438,0.6703743092438867,0.6243079691693302,0.5713993536334421,0.5113132505692742,0.4430576464328141,0.3639115420150207,0.2646208036256515,,,,,,,,0.18380086967058146
40800.0,0.7986289488733797,0.7949638152996873,0.7839930972359216,0.7657881470751209,0.7404586931506743,0.7081372416166545,0.6689526706612148,0.6229854255550152,0.5701870368921653,0.5102202379783143,0.4420897348635587,0.3630666469470922,0.26385749682783927,,,,,,,,0.18335586744249566
40860.0,0.7969210983619589,0.7932643859390454,0.7823187992078044,0.7641553362371787,0.7388831400585606,0.7066339062843541,0.6675354799016248,0.6216670388644985,0.5689785564537794,0.5091307196360625,0.4411249649104232,0.36222454181155755,0.2630965803562121,,,,,,,,0.1829124199174286
40920.0,0.7952185418894194,0.7915702235412758,0.7806496914150116,0.7625275904331307,0.7373124802538663,0.7051352486379346,0.6661227108758061,0.6203527820730191,0.5677738839025745,0.5080446641186748,0.4401632971686342,0.3613851617499987,0.26233784608376687,,,,,,,,0.1824705212756621
40980.0,0.7935212618730829,0.7898813013866314,0.7789857383317869,0.7609048658058811,0.7357466620887873,0.703641209703653,0.6647142974134019,0.619042581090708,0.5665729344889637,0.5069619682408615,0.4392045877354047,0.36054824309652783,0.26158036454809686,,,,,,,,0.18203016583840206
41040.0,0.7918292407856281,0.7881976133085495,0.777326945081529,0.7592871785166053,0.7341857124237835,0.7021518267953195,0.6633102874584018,0.6177364957306919,0.5653757835663439,0.5058827324763773,0.4382489889151888,0.35971408527037946,0.26082524385211153,,,,,,,,0.18159134805038385
41100.0,0.7901424611549692,0.7865191419104891,0.7756732944940607,0.7576745117709072,0.7326296149885843,0.7006670843167332,0.6619106662451221,0.6164345122205362,0.5641824184963308,0.5048069453574124,0.4372964902477924,0.3588826785570053,0.26007247546943685,,,,,,,,0.18115406246530533
41160.0,0.7884609055641395,0.78484586985088,0.7740247694537769,0.7560668488284478,0.7310783535666122,0.6991869667253712,0.6605154190611301,0.6151366168368031,0.5629928266755603,0.5037345954273399,0.4363470812700787,0.358054013266973,0.25932205096362104,,,,,,,,0.18071830373353942
41220.0,0.7867845566511735,0.7831777798430134,0.7723813528995522,0.7544641730028903,0.7295319119949567,0.6977114585322746,0.6591245312467293,0.6138427959038688,0.5618069955345354,0.5026656712417034,0.4354007515199024,0.3572279468807288,0.25857293326351105,,,,,,,,0.1802840665916594
41280.0,0.7851133971089913,0.7815148546549305,0.7707430278246521,0.7528664676618461,0.7279902741643359,0.696240544301896,0.6577379881944085,0.6125530357928101,0.5606249125367048,0.5016001221469444,0.43445732124240405,0.35640436875462017,0.2578258166451466,,,,,,,,0.17985134585345441
41340.0,0.7834474096852841,0.7798570771093181,0.769109777276648,0.7512737162268175,0.7264534240190407,0.6947742086519105,0.6563557753482666,0.6112673229203748,0.5594465068433944,0.5005378842394982,0.433516927304794,0.35558350332176586,0.25708101570875463,,,,,,,,0.17942013640220508
41400.0,0.7817865776369313,0.7782044305353213,0.7674815848014646,0.7496859026044167,0.7249213459703893,0.6933124366441183,0.6549778785677782,0.6099855902892578,0.5582717805836598,0.49947903841183117,0.4325795817799478,0.3547653411865988,0.256338522454352,,,,,,,,0.17899041893034828
41460.0,0.7801309706786075,0.7765573655831367,0.7658600352097932,0.7481064851023131,0.7234000910321963,0.6918645701566064,0.6536176097470521,0.6087258802374816,0.5571242586430472,0.49845353697202033,0.4316833534205972,0.3539997094688024,0.2556735320083863,,,,,,,,0.17856102322976694
41520.0,0.7784806594006877,0.7749155692791543,0.7642436735661573,0.746532122509146,0.7218837078479537,0.6904213452944727,0.6522616645407928,0.6074702284208275,0.5559804530475768,0.4974313864887899,0.43079009674651664,0.3532366650857977,0.25500975837153383,,,,,,,,0.1781323101170866
41580.0,0.7768356249061755,0.7732790228193491,0.7626324813449544,0.7449627967613233,0.7203721789972994,0.6889827454587673,0.6509100725871189,0.6062186203727279,0.5548403505679087,0.4964125749768306,0.42989980092414243,0.3524759398524543,0.25434798926596175,,,,,,,,0.17770467665271003
41640.0,0.7751958485971547,0.7716477076972463,0.7610264403135946,0.7433984900808456,0.7188654873351967,0.6875487249333643,0.6495628185223487,0.6049710418466752,0.553703938164876,0.4953970906092265,0.4290123625557547,0.35171777828131484,0.25368821672919767,,,,,,,,0.1772782488110446
41700.0,0.7735613119132184,0.7700216054438535,0.7594255322769156,0.7418391847270975,0.7173636157538573,0.6861192829488046,0.6482198870166213,0.6037274786239489,0.5525712028177591,0.49438491751615105,0.4281278192524761,0.3509621627306203,0.2530304467152611,,,,,,,,0.1768530959019721
41760.0,0.7719319963640755,0.7684006976600852,0.7578297391090604,0.7402848630278033,0.7158665472123682,0.6846944173094773,0.6468812627995961,0.602487916536961,0.5514421315450523,0.4933759589933532,0.42724620373772576,0.3502090762393125,0.25237468738449154,,,,,,,,0.17642926035115725
41820.0,0.7703078835266729,0.7667849660139047,0.7562390427506687,0.7387355073762727,0.7143742646481593,0.6832741118397936,0.645546930657737,0.6012523414667874,0.5503167112242185,0.4923702923862374,0.4263675040723431,0.34945850355122754,0.25172094322425775,,,,,,,,0.17600677048041882
41880.0,0.7686889550423083,0.7651743922374543,0.7546534252060528,0.7371911002286325,0.7128867163039798,0.6818583504229975,0.6442168754315687,0.6000207393405943,0.5491948569095695,0.491367905802749,0.4254917080090163,0.3487104312054891,0.2510682046134839,,,,,,,,0.17558564697485074
41940.0,0.7670751926164068,0.7635689581268316,0.7530728685429708,0.7356516241035644,0.7114039204167086,0.6804471170006867,0.6428910820150987,0.598793096130829,0.5480766281544159,0.4903687872691833,0.42461880321836554,0.3479647585080932,0.25041748981312134,,,,,,,,0.17516590506114163
42000.0,0.7654665780192104,0.7619686455427781,0.7514973548932945,0.7341170615829217,0.7099258601928476,0.6790403955731714,0.6415695353560045,0.5975693750575736,0.5469620120863297,0.4893729247332096,0.4237487774146348,0.34722138592242774,0.2497688011628823,,,,,,,,0.174747555720018
42060.0,0.7638630930855785,0.7603734364104751,0.7499268664527985,0.7325873953114893,0.7084525189001583,0.6776381701990503,0.6402522204550455,0.596349547920145,0.5458509958436094,0.4883803060785454,0.4228815731572784,0.34648048047252195,0.2491221397564891,,,,,,,,0.17433060701141703
42120.0,0.7622647197147435,0.7587833127193007,0.748361385480908,0.7310626079966916,0.7069838798672874,0.6762404249947198,0.6389391223653115,0.5951336381009458,0.5447435665695195,0.48739091914713634,0.4220171325411181,0.34574203264140557,0.2484775056511541,,,,,,,,0.1739150649815728
42180.0,0.7606714398700928,0.7571982565226097,0.7468008943004635,0.7295426824083184,0.7055199264834148,0.6748471441338942,0.6376302261913622,0.5939216317376067,0.543639711409918,0.48640475176329573,0.4211555352205585,0.34500603337970176,0.24783489807618306,,,,,,,,0.17350093411261983
42240.0,0.7590832355790295,0.7556182499375883,0.7452453752975607,0.7280275780177289,0.7040606421979713,0.673458311847185,0.636325472319091,0.5927135150031962,0.5425394175141306,0.4854217099631151,0.4202967696454547,0.34427247397941657,0.24719338589480722,,,,,,,,0.17308821756949075
42300.0,0.7575000889328463,0.7540432751451271,0.743694810921402,0.7265172981928946,0.7026060105203676,0.6720739124216525,0.6350248851583058,0.5915092741042077,0.5414426720378858,0.48444185309175297,0.41944082447891745,0.3435413459952621,0.2465537745525925,,,,,,,,0.17267691744014033
42360.0,0.7559219820865769,0.7524733143896618,0.7421491836841205,0.7250118289020847,0.7011560150196845,0.6706939302002858,0.6337284557337282,0.5903088952791311,0.540349462147379,0.4834651795833694,0.4185876885844824,0.34281246343358407,0.24591618093979756,,,,,,,,0.17226703496391532
42420.0,0.7543488972588229,0.7509083499790005,0.7406084761605827,0.7235111531618756,0.6997106393243325,0.6693183495814168,0.632436169344621,0.5891123647976191,0.539259715579302,0.48249167738818555,0.4177373510133362,0.34208590623916646,0.24528060203008512,,,,,,,,0.17185857069806387
42480.0,0.752780816731587,0.7493483642841445,0.7390726709881902,0.7220152540501037,0.6982698671216977,0.6679471550180942,0.6311480113364012,0.5879196689602105,0.5381734671439493,0.4815213345199571,0.41688980099071316,0.3413617562690865,0.24464703442197816,,,,,,,,0.17145152462607605
42540.0,0.7512177228501036,0.7477933397391181,0.7375417508666811,0.7205241147056124,0.6968336821577702,0.6665802889741032,0.6298639670997126,0.5867307940985653,0.537090716133574,0.48055413906246086,0.41604489154278645,0.34064000560460583,0.24401547438888438,,,,,,,,0.17104589623979555
42600.0,0.7496595980226748,0.7462432588407916,0.7360156985579307,0.7190377183279966,0.6954020682367548,0.665217778238715,0.6285840220696525,0.5855457265761383,0.5360114498057243,0.4795900791739133,0.4152027487849188,0.3399206463812719,0.2433850758604359,,,,,,,,0.1706416846123975
42660.0,0.7481064247204946,0.7446981041487029,0.7344944968857438,0.7175560481773301,0.6939750092206645,0.6638596074244355,0.6273081617251642,0.5843643993213531,0.5349356554531164,0.47862914308954085,0.41436336237160787,0.3392036707740299,0.2427564359744116,,,,,,,,0.17023888846142213
42720.0,0.7465581854774753,0.7431578582848695,0.7329781287356381,0.7160790875738839,0.6925524890288947,0.6625057611959436,0.6260363715886038,0.5831868470200195,0.5338633204075809,0.4776712507245529,0.41352672207318036,0.33848906907111653,0.24212978816300632,,,,,,,,0.1698375061990797
42780.0,0.7450148628900642,0.7416225039336014,0.7314665770546253,0.7146068198978323,0.6911344916377895,0.6611562242695133,0.6247686372254793,0.582013061567795,0.532794432043478,0.47671643580650314,0.4126928177648429,0.33777656786545024,0.2415051277718287,,,,,,,,0.16943753597202624
42840.0,0.7434764396170588,0.7400920238413057,0.7299598248509807,0.7131392285889474,0.6897210010802065,0.6598109814124845,0.6235049442443448,0.5808430294664242,0.5317289777805606,0.4757647100951993,0.41186163941659293,0.33706642707060175,0.2408824499792462,,,,,,,,0.16903897569451742
42900.0,0.74194289837942,0.7385664008162863,0.7284578551940083,0.7116762971462877,0.6883120014450795,0.658470017442796,0.6222452782968296,0.5796767372559704,0.5306669450862922,0.47481606213329813,0.41103317708404535,0.33635863892313944,0.24026174981571322,,,,,,,,0.1686418230770441
42960.0,0.7404142219600772,0.737045617728543,0.7269606393701346,0.7102180091278755,0.6869074538915726,0.657133317228575,0.6209895913562775,0.5785141715162239,0.5296082732508894,0.4738704805372054,0.41020732787023106,0.335653195662377,0.23964226230186617,,,,,,,,0.1682460756509087
43020.0,0.7388903932037322,0.735529657509559,0.7254681669857538,0.7087643481503698,0.6855073550634541,0.6558008656877934,0.6197378873958679,0.5773553188680377,0.5285529758666265,0.47292795399500465,0.40938413201080504,0.3349500895278852,0.2390243869019468,,,,,,,,0.16785173078904778
43080.0,0.7373713950166568,0.7340185031520888,0.7239804268036257,0.7073152978887409,0.684111699911101,0.6544726477879851,0.6184901678852486,0.576200165974541,0.5275010629793059,0.4719884712642649,0.40856362300384613,0.334249312757886,0.23840847065709594,,,,,,,,0.16745878572354786
43140.0,0.7358572103664746,0.7325121377099267,0.7224974021342646,0.7058708420759207,0.6827204727429065,0.6531486485460058,0.6172464186496764,0.5750486995423201,0.5264525222609256,0.47105202116966877,0.4077457911776326,0.3335507594127609,0.23779450816953693,,,,,,,,0.167067237561798
43200.0,0.734347822417955,0.7310105444329051,0.7210190764808205,0.7044309646315146,0.6813336580450737,0.6518288531448163,0.6160066256677112,0.5739009064218588,0.5254073415258347,0.47011853587721486,0.40693062698106064,0.3328543468060753,0.23718249399521973,,,,,,,,0.166677079091635
43260.0,0.7328432540721788,0.7295139237270544,0.7195461823714566,0.7029972737674236,0.6799540833571632,0.6505176321486196,0.6147770378183547,0.5727652265699293,0.5243765763180296,0.4692022025797697,0.406136225726924,0.3321842271738583,0.23661003194548608,,,,,,,,0.1662877393870568
43320.0,0.7313435282991235,0.7280221199343585,0.7180780286749298,0.7015681971906822,0.6785789495307563,0.649210634007488,0.6135514141143019,0.571633184478006,0.5233491525421478,0.4682888578677727,0.40534444377901874,0.33151635846236543,0.23603917307244965,,,,,,,,0.1658994025842245
43380.0,0.7298486275177253,0.7265351155669768,0.7166145981807163,0.7001437181454642,0.6772082404273538,0.6479078433420271,0.6123297400496766,0.570504797640742,0.5223250577604452,0.46737849058996234,0.4045552715350629,0.3308507319190537,0.2354694146429073,,,,,,,,0.1655122553839557
43440.0,0.7283585342328812,0.7250528932224899,0.7151558737620131,0.6987238199566114,0.6758419399846316,0.6466092212025285,0.6111120011848978,0.5693800525909998,0.5213042796042782,0.46647108966481804,0.40376862053929047,0.33018733707827835,0.2349014447540319,,,,,,,,0.16512635839954304
43500.0,0.7268732310261057,0.7235754355745837,0.7137018383665097,0.6973084860205636,0.6744800322076628,0.6453147671471765,0.6098981831393667,0.5682589359209235,0.5202868057684296,0.4655666440727159,0.40298453028483583,0.32952616256325606,0.2343352661607091,,,,,,,,0.16474174202229874
43560.0,0.7253927005376909,0.722102725355323,0.7122524749990189,0.6958976997886401,0.6731225011532032,0.6440244749579207,0.6086882715783467,0.5671414342693728,0.519272599159263,0.4646651428369623,0.4022030209047951,0.3288671972936157,0.23377088139875005,,,,,,,,0.16435842608656034
43620.0,0.72391692547377,0.7206347453621479,0.7108077667282693,0.6944914447735118,0.6717693309357821,0.6427383294900998,0.6074822522185911,0.5660275343274987,0.5182616416652764,0.46376657501730273,0.40142408244313693,0.32821034126823556,0.23320829210904911,,,,,,,,0.16397642298604267
43680.0,0.7224458886077931,0.7191714784593266,0.7093676966883032,0.6930897045505409,0.6704205057290537,0.6414563156544568,0.6062801108299876,0.564917222840208,0.5172539520679529,0.4628709296941481,0.4006477048278822,0.32755554571079487,0.2326474988641737,,,,,,,,0.16359574078356984
43740.0,0.7209795727757482,0.7177129075732093,0.7079322480738373,0.6916924627533655,0.6690760097617516,0.6401784184135774,0.6050818332323685,0.5638104866027484,0.5162495182692326,0.4619781959562768,0.3998738779522936,0.32690293065363146,0.23208850129988343,,,,,,,,0.16321638496440993
43800.0,0.7195179608792617,0.7162590156952926,0.7065014041432338,0.6902996901653001,0.6677358273204446,0.6389046227846287,0.6038873803328941,0.5627073124630235,0.5152483282183813,0.4610883160666917,0.3991025917416443,0.3262524876482611,0.2315306824212137,,,,,,,,0.16283835916876702
43860.0,0.718061035883215,0.714809785879852,0.7050751482161881,0.6889113765572878,0.6663999427475898,0.6376349138377289,0.6026967496689503,0.5616076873195014,0.5142503699065369,0.4602013008150053,0.39833383620381496,0.325604208588399,0.2309743216697629,,,,,,,,0.1624616657485883
43920.0,0.7166087808153163,0.7133652012435139,0.7036534636733106,0.6875275127299587,0.6650683404412808,0.6363692766958469,0.6015099407236735,0.5605115981202824,0.5132556313634484,0.4593171646327214,0.3975676014463953,0.3249580856214056,0.23041974882255717,,,,,,,,0.1620863059824718
43980.0,0.7151611787662315,0.7119252449653817,0.702236333956254,0.686148082553861,0.6637410048554776,0.6351076965351339,0.6003269395226839,0.5594190318623874,0.5122641006559601,0.4584358966568374,0.39680381103448553,0.3243141110963151,0.229866961093346,,,,,,,,0.16171228028284
44040.0,0.7137182128895546,0.7104899002870073,0.7008237425676913,0.684773069958287,0.6624179205001092,0.6338501585851184,0.5991477321430528,0.5583299613519568,0.51127576588772,0.4575574860575879,0.3960424802561356,0.32367227751815447,0.22931595529822363,,,,,,,,0.16133958840424298
44100.0,0.712279866401489,0.7090591505120742,0.6994156730710158,0.6834024589310281,0.6610990719409278,0.6325966481286456,0.5979723047130459,0.5572443569685234,0.5102906151995802,0.4566819220444606,0.3952836413945758,0.3230325482920169,0.22876672792485903,,,,,,,,0.16096822959206605
44160.0,0.7108461225804477,0.7076329790060031,0.6980121090899717,0.6820362335180651,0.6597844437992972,0.6313471505017239,0.5968006434117344,0.5561622369680745,0.5093086367703852,0.45580919387160085,0.3945272849756964,0.32239475455459926,0.2282192751891343,,,,,,,,0.1605982026703159
44220.0,0.7094169647667321,0.706211369195638,0.6966130343083631,0.6806743778233322,0.6584740190629423,0.6301016510933959,0.5956327344686263,0.5550835885339366,0.5083298152135751,0.45493929084276924,0.3937734016223762,0.3217590799552257,0.2276735287167997,,,,,,,,0.16022950610378195
44280.0,0.7079923763622734,0.70479430456899,0.6952184324698242,0.6793168760085432,0.6571677601930269,0.6288601353456266,0.5944685641633317,0.5540083988947492,0.507354091220494,0.4540722023150905,0.3930219820461938,0.3211255172788235,0.22712863201611866,,,,,,,,0.15986213805424318
44340.0,0.7065723408303693,0.7033817686749863,0.693828287377592,0.6779637122930156,0.6558656760542451,0.6276225887531607,0.5933081188252459,0.552936655324295,0.5063815044360144,0.4532079177012217,0.39227301704013323,0.32049405933902136,0.22658549482343537,,,,,,,,0.15949609642948806
44400.0,0.7051568416954074,0.7019737451231964,0.6924425828942634,0.6766148709534793,0.6545677514885566,0.6263889968633457,0.5921513848332459,0.5518683451414708,0.5054120432034146,0.45234638785731784,0.3915264974723544,0.3198646989686285,0.22604411259915766,,,,,,,,0.15913137892143855
44460.0,0.7037458625425789,0.7005702175835595,0.6910613029415492,0.6752703363238791,0.6532739713928601,0.625159345275935,0.5909983486154178,0.5508034557103922,0.5044456959108022,0.45148760823988454,0.390782414280285,0.3192374290124175,0.2255044806709411,,,,,,,,0.15876798303526451
44520.0,0.7023393870176063,0.699171169786117,0.6896844315000367,0.6739300927951812,0.6519843207188301,0.6239336032706637,0.5898489966488331,0.5497419744406095,0.5034824509922039,0.4506316012938848,0.39004070206069846,0.31861224232266344,0.22496659424991874,,,,,,,,0.15840590611328856
44580.0,0.7009373988264769,0.697776585520757,0.688311952608962,0.6725941248151862,0.6506987844727515,0.6227117579990142,0.5887033154593772,0.5486838887873825,0.5025222969284664,0.4497783566583511,0.38930135664598614,0.31798913175643345,0.22443044844455107,,,,,,,,0.15804514535562067
44640.0,0.6995398817351838,0.696386448636965,0.6869438503659862,0.6712624168883413,0.6494173477153472,0.6214938102770515,0.5875612916216252,0.5476291862519806,0.5015652222479915,0.44892786402801993,0.38856442096773836,0.31736789749171934,0.22389603827292676,,,,,,,,0.15768569783781383
44700.0,0.6981468195694669,0.6950007430435735,0.6855801089269733,0.6699349535755489,0.6481399955616013,0.6202797459115746,0.5864228932931816,0.5465778543819859,0.5006112155272917,0.44808011315226604,0.3878298861881954,0.3167486964245082,0.2233628574943968,,,,,,,,0.15732756052568658
44760.0,0.6967581962145619,0.6936194527085193,0.6842207125057692,0.6686117194939752,0.6468667131805789,0.6190695507608459,0.5852881068343946,0.5455298807715895,0.4996602653913624,0.447235093833924,0.3870977435157506,0.3161315502121887,0.22283088755848637,,,,,,,,0.15697073028782613
44820.0,0.6953739956149496,0.6922425616586019,0.6828656453739842,0.6672926993168572,0.6455974857952445,0.6178632107344305,0.5841569378923945,0.5444852382910432,0.4987123605138766,0.4463927959280648,0.38636798420185187,0.31551645171780934,0.22230063531553013,,,,,,,,0.15661520390632266
44880.0,0.6939942017741217,0.6908700539792568,0.6815148918607862,0.665977877773317,0.6443322986822906,0.6166607117930543,0.5830293732353063,0.5434438999649746,0.49776748961725165,0.44555320934078274,0.3856405995383578,0.3149033938043541,0.22177209552960894,,,,,,,,0.15626097808581005
44940.0,0.6926187987543225,0.6895019138143059,0.6801684363526703,0.6646672396481549,0.6430711371719472,0.6154620399484586,0.5819053996797898,0.5424058831236722,0.4968256029856332,0.44471632402781924,0.384915580854982,0.3142923693349472,0.22124526291634766,,,,,,,,0.15590804946234724
45000.0,0.6912477706763076,0.6881381253657217,0.6788262632932425,0.6633607697816511,0.641813986647804,0.6142671812632751,0.580785004091057,0.5413711755495028,0.4958867125965704,0.44388209789519095,0.38419291951723056,0.3136833711731962,0.22072013214863576,,,,,,,,0.1555564146107428
45060.0,0.689881101719123,0.6867786728934144,0.6774883571830204,0.6620584530693858,0.6405608325466506,0.6130761218509243,0.5796681733828922,0.5403397650724227,0.49495082281515285,0.4430505145502475,0.3834725587980674,0.3130763921836541,0.2201966978610702,,,,,,,,0.15520607005012732
45120.0,0.6885187761198833,0.6854235407150148,0.6761547025792303,0.6607602744620515,0.6393116603583171,0.6118888478755163,0.5785548945176672,0.5393116395700396,0.49401792255680566,0.4422216028087959,0.38275447862759765,0.3124712865722076,0.21967495465423723,,,,,,,,0.15485701224929063
45180.0,0.6871607781735384,0.6840727132056452,0.6748252840955943,0.6594662189652599,0.6380664556255092,0.6107053455517517,0.5774451545063496,0.5382867869676465,0.4930880007846387,0.44139535281260794,0.3820387302870379,0.31186810169358,0.2191539152402752,,,,,,,,0.15450923763189206
45240.0,0.6858070922326432,0.6827261747976968,0.6735000864021188,0.6581762716393509,0.636825203943649,0.6095256011448296,0.5763389404085062,0.5372651952382124,0.49216104650906345,0.44057175474724203,0.38132530527030245,0.31126691474853985,0.21863448546679995,,,,,,,,0.15416274258108878
45300.0,0.6844577027071352,0.6813839099806112,0.6721790942248891,0.6568904175992057,0.6355878909607254,0.6083496009703616,0.5752362393322958,0.5362468524023298,0.49123704878737,0.43975079884102075,0.380614195100435,0.310667718613226,0.21811672779187863,,,,,,,,0.15381752344342672
45360.0,0.6831125940641177,0.6800459033006666,0.6708622923458699,0.6556086420140684,0.6343545023771479,0.6071773313942924,0.5741370384344486,0.5352317465281253,0.49031599672328086,0.43893247536408975,0.3799053913287926,0.3100705061679694,0.21760063673173846,,,,,,,,0.15347357653222596
45420.0,0.6817717508276433,0.6787121393607671,0.6695496656027041,0.6543309301073642,0.6331250239456064,0.6060087788328172,0.5730413249202326,0.5342198657311427,0.4893978794664922,0.4381167746275325,0.3791988855343169,0.3094752702979941,0.21708620678530172,,,,,,,,0.15313089813070457
45480.0,0.6804351575784969,0.67738260282023,0.6682411988885136,0.6530572671565238,0.6318994414709317,0.6048439297523001,0.571949086043406,0.5332111981741988,0.48848268621220925,0.43730368698253147,0.3784946693228857,0.30888200389411263,0.21657343243663427,,,,,,,,0.1527894844948946
45540.0,0.6791027989539831,0.6760572783945755,0.6669368771517016,0.6517876384928072,0.6306777408099603,0.6036827706691893,0.5708603091061565,0.5322057320672192,0.48757040620067715,0.4364932028195817,0.377792734326761,0.3082906998534091,0.2160623081571676,,,,,,,,0.15244933185627624
45600.0,0.6777746596477133,0.6747361484025544,0.6656366805277569,0.650522022282757,0.6294598983714886,0.6025252763970325,0.5697749673576117,0.5312034388277839,0.4866610080709097,0.4356852853374653,0.377093030413683,0.30770126390952296,0.21555240648755739,,,,,,,,0.15211043642411468
45660.0,0.6764507244093984,0.673419196282161,0.6643405913171782,0.649260399873991,0.6282458947295549,0.6013714268837924,0.5686930401883129,0.5302042971847623,0.4857544693945978,0.43487990946672356,0.37639552536875853,0.30711363896343047,0.21504347739042684,,,,,,,,0.1517727943875745
45720.0,0.6751309780446407,0.6721064107885444,0.663048602318083,0.6480027681531935,0.6270357308916722,0.6002212273454306,0.5676145372985405,0.5292083220570775,0.48485081211125464,0.4340771086523237,0.3757002767785505,0.30652795527909676,0.21453617901622246,,,,,,,,0.15143640191767016
45780.0,0.6738154054147288,0.670797776859841,0.6617606986977905,0.6467491126648494,0.6258293929208723,0.5990746644972528,0.5665394461826962,0.5282155018404123,0.4839500256360592,0.43327687343483945,0.37500727637691844,0.30594420578678677,0.21403050581930813,,,,,,,,0.15110125516906367
45840.0,0.6725039914364354,0.6694932794893765,0.6604768656779523,0.6454994190064453,0.6246268669315451,0.5979317251041845,0.5654677543831129,0.5272258249764649,0.4830520994269345,0.4324791943909966,0.3743165159223919,0.30536238342616734,0.2135264522499688,,,,,,,,0.15076735028171187
45900.0,0.6711967210818148,0.6681929037254679,0.6591970885343698,0.6442536728283097,0.6234281390893099,0.5967923959806631,0.5643994494899188,0.5262392799526953,0.4821570229841142,0.4316840621331691,0.3736279871979716,0.3047824811468709,0.21302401275571525,,,,,,,,0.1504346833823689
45960.0,0.6698935793780055,0.6668966346712316,0.6579213525968131,0.6430118598334567,0.6222331956108862,0.5956566639905264,0.563334519140892,0.5252558553020651,0.48126478584972043,0.43089146730890965,0.3729416820109621,0.304204491909035,0.21252318178248109,,,,,,,,0.15010325058596635
46020.0,0.6685945514070325,0.6656044574843893,0.6566496432488425,0.6417739657774294,0.6210420227639649,0.5945245160468938,0.5622729510213068,0.5242755396027748,0.4803753776073542,0.43010140060051455,0.3722575921928343,0.3036284086838198,0.21202395377573716,,,,,,,,0.14977304799689173
46080.0,0.6672996223056132,0.664316357377078,0.6553819459276319,0.6405399764681452,0.6198546068670777,0.5933959391120444,0.5612147328637707,0.5232983214779936,0.47948878788169924,0.4293138527246189,0.37157570959911246,0.30305418619253116,0.21152536158152282,,,,,,,,0.14944407171017302
46140.0,0.6660087772649639,0.6630323196156622,0.6541182461237945,0.639309877765743,0.6186709342894654,0.5922709201972879,0.5601598524480541,0.522324189595589,0.47860500633813785,0.4285288144318191,0.37089598873534924,0.3024816680700523,0.21102819383967125,,,,,,,,0.14911631781257217
46200.0,0.6647220015306112,0.6617523295205483,0.6528585293812098,0.6380836555824295,0.6174909914509433,0.5911494463628328,0.5591082976009158,0.5213531326678567,0.47772402268237996,0.4277462525472809,0.3702183890471084,0.301911035114584,0.2105326096308128,,,,,,,,0.14878978238359863
46260.0,0.6634392804022021,0.660476372466,0.6516027812968519,0.6368612958823284,0.6163147648217686,0.5900315047176475,0.5580600561959186,0.5203851394512472,0.47684582189758024,0.42696613644088294,0.369542972482129,0.30134228034765503,0.21003860342428923,,,,,,,,0.14846446149645043
46320.0,0.6621605992333189,0.6592044338799573,0.6503509875206221,0.6356427846813278,0.6151422409225005,0.5889170824193186,0.5570151161532436,0.5194201987460938,0.4759703509938503,0.4261885025412617,0.3688697309914099,0.3007753968040662,0.2095461696935506,,,,,,,,0.14814035121888866
46380.0,0.6608859434312945,0.657936499243856,0.6491031337551786,0.63442810804693,0.6139734063238637,0.5878061666739033,0.5559734654394979,0.5184582790561426,0.47509764749359107,0.42541334173120754,0.36819865654970785,0.3002103775322824,0.20905530291686433,,,,,,,,0.14781744761405394
46440.0,0.6596152984570296,0.6566725540924497,0.6478592057557719,0.633217252098099,0.612808247646606,0.5866987447357792,0.5549350920675199,0.5174993676162088,0.47422770125983105,0.4246406449259453,0.36752974115551695,0.2996472155948074,0.20856599757797997,,,,,,,,0.14749574674122787
46500.0,0.6583486498248144,0.6554125840136339,0.6466191893300791,0.632010203005111,0.6116467515613558,0.5855948039074892,0.5538999724013187,0.5165434754991016,0.47336050219426073,0.4238704030728879,0.3668629768310581,0.29908590406854013,0.20807786161768368,,,,,,,,0.14717524465654186
46560.0,0.6570859831021489,0.6541565746482713,0.6453830703380389,0.6308069469894017,0.6104889047884771,0.5844943315395817,0.5528680827144793,0.5155905916774189,0.4724960402369329,0.4231026071514048,0.36619835562227404,0.29852643604511375,0.20759049352142372,,,,,,,,0.1468559374136419
46620.0,0.6558272839095661,0.6529045116900188,0.6441508346916898,0.6296074703234156,0.6093346940979223,0.5833973150304519,0.5518394348209756,0.5146407051663191,0.47163430536597634,0.4223372481726061,0.36553586959883244,0.2979685852212597,0.20710466748220094,,,,,,,,0.14653782106431085
46680.0,0.6545725379204578,0.6516563808851566,0.6429224683550068,0.628411759330453,0.6081841063090829,0.582303732323169,0.5508140169159678,0.5136938050232612,0.47077528759731757,0.42157431717913935,0.36487547599745623,0.29741255628760394,0.20662037802851732,,,,,,,,0.14622089165905033
46740.0,0.6533217308609012,0.6504121680324174,0.6416979573437401,0.627219800384519,0.607037128290639,0.581213560810566,0.5497918172398361,0.5127498803477549,0.46991897698441504,0.420813805245,0.36421712971407816,0.29685835040143993,0.2061376196971799,,,,,,,,0.1459051452476284
46800.0,0.6520748485094878,0.6491718589828184,0.6404772877252546,0.6260315799101682,0.6058937469604047,0.5801268077591687,0.5487728240779725,0.511808920281109,0.4690653636180004,0.42005568123928816,0.3635608951564122,0.2963059607179153,0.20565638703373892,,,,,,,,0.14559057787959406
46860.0,0.650831876697152,0.6479354396394938,0.6392604456183691,0.624847084382354,0.6047539492851752,0.5790434607565269,0.5477570257605743,0.510870914006187,0.4682144376258312,0.4192999120246695,0.36290676448911324,0.2957553804083694,0.20517667459290248,,,,,,,,0.14527718560475908
46920.0,0.6495928013070024,0.646702895957528,0.6380474171931967,0.6236663003262718,0.6036177222805684,0.5779635074371869,0.546744410662436,0.5099358507471664,0.4673661891724514,0.4185465354468138,0.362254729900627,0.2952066026605862,0.20469847693892157,,,,,,,,0.14496496447365365
46980.0,0.6483576082741555,0.6454742139437912,0.6368381886709845,0.6224892143172044,0.602485033886478,0.5768869354825183,0.5457349672027414,0.5090037197693004,0.46652056614098897,0.4177955427030361,0.3616047836032118,0.2946596206790343,0.20422079399472126,,,,,,,,0.144653910537956
47040.0,0.6471262835855671,0.6442493796567744,0.6356327463239554,0.6213158129803683,0.6013558862584194,0.5758137326205347,0.5447286838448567,0.5080745103786856,0.46567759199164166,0.41704692502119883,0.3609569178329613,0.294114427685096,0.20374439517093382,,,,,,,,0.14434401985089512
47100.0,0.6458988132798683,0.6430283792064254,0.6344310764751481,0.6201460829907544,0.600230270740872,0.5747438866257145,0.5437255490961231,0.5071482119220327,0.46483726624902866,0.4163006736595789,0.360311124849827,0.2935708395475317,0.20326949193492083,,,,,,,,0.1440352884676329
47160.0,0.6446751834472004,0.6418111987539873,0.6332331654982585,0.6189800110729724,0.5991081745426741,0.5736773853188221,0.542725551507652,0.5062247886093807,0.4639995792220889,0.4155567799067384,0.35966739693764244,0.2930289754562459,0.20279607891062096,,,,,,,,0.14372771244562657
47220.0,0.643455380229051,0.6405978245118349,0.6320389998174804,0.617817584001093,0.597989584920683,0.5726142165667254,0.5417286796741181,0.5053042387794029,0.4631645212554687,0.4148152350814031,0.3590256921854551,0.29248888030512205,0.20232415073323098,,,,,,,,0.1434212878449674
47280.0,0.6422393898180914,0.6393882427433142,0.630848565907347,0.6166587885984885,0.5968744891796084,0.5715543682822141,0.5407349222335572,0.5043865683098036,0.4623320827293264,0.41407603053234654,0.3583859646958408,0.291950547386721,0.20185370204946962,,,,,,,,0.1431160107287037
47340.0,0.6410271984580143,0.6381824397625799,0.6296618502925708,0.6155036117376742,0.5957628746718474,0.5704978284238184,0.5397442678671627,0.5034717667069794,0.46150225405914314,0.41333915763827844,0.35774827946118437,0.2914139700114907,0.2013847275178254,,,,,,,,0.14281187716314953
47400.0,0.6398187924433715,0.6369804019344368,0.6284788395478863,0.6143520347246945,0.5946547287973156,0.5694445849956248,0.538756694216063,0.5025598235168597,0.46067502569553975,0.4126045857925457,0.35711262886103773,0.2908791415079347,0.20091681618710894,,,,,,,,0.14250888321817134
47460.0,0.6386141581194128,0.6357821156741768,0.6272995202978886,0.6132040384047741,0.5935500390032801,0.5683946260470929,0.5377721779434332,0.5016507283247016,0.45985038812409856,0.41187228232715284,0.35647900529894505,0.2903460552227734,0.20044951452431473,,,,,,,,0.14220702496746238
47520.0,0.6374132818819269,0.6345875674474203,0.6261238792168763,0.6120596216156422,0.5924487927841888,0.5673479396728738,0.5367907311775091,0.5007444707548893,0.4590283318651905,0.41114228499818356,0.35584740120246355,0.28981470452109537,0.1999836680041018,,,,,,,,0.14190629848880826
47580.0,0.6362161501770786,0.6333967437699561,0.6249519030286894,0.6109187714244054,0.5913509776815017,0.5663045140126249,0.5358123427695547,0.49984104047073635,0.4582088474738082,0.41041458530269437,0.355217809023183,0.28928494471319216,0.19951927135332215,,,,,,,,0.14160669986433172
47640.0,0.6350227495012494,0.6322096312075814,0.6237835785065512,0.6097814749465094,0.5902565812835202,0.5652643372508277,0.5348370016130021,0.49894042717429193,0.45739189616353704,0.40968917476718614,0.3545902212367444,0.28875681497222705,0.19905631931173803,,,,,,,,0.1413082251807247
47700.0,0.6338330664008792,0.6310262163759419,0.6226188924729078,0.6086477193455723,0.5891655912252158,0.5642273976166042,0.5338646966432585,0.4980426206061503,0.4565774766064168,0.4089660449475173,0.35396463034285774,0.28823040121296106,0.1985948066321917,,,,,,,,0.14101087052948094
47760.0,0.6326470874723039,0.6298464859403723,0.6214578317992671,0.607517491833224,0.5880779951880588,0.5631936740120493,0.5328954168375147,0.4971476105452636,0.4557656009402019,0.40824518742881855,0.3533409934247776,0.2877056968767444,0.19813472808076402,,,,,,,,0.14071463200710568
47820.0,0.6314647993615983,0.6286704266157365,0.6203003834060393,0.6063907796689412,0.5869937808998467,0.5621631454063343,0.5319291512145551,0.4962553868087585,0.45495625985627863,0.4075265938254097,0.35271926750974525,0.2871826954239347,0.1976760784369222,,,,,,,,0.14041950571531123
47880.0,0.6302861887644147,0.627498025166269,0.6191465342623756,0.6052675701598811,0.5859129361345315,0.5611358189971625,0.5309658888345696,0.49536593925175565,0.45414944407988134,0.40681025578071955,0.35209951631991154,0.2866613903340092,0.19721775895984978,,,,,,,,0.14012548776122286
47940.0,0.6291112424258253,0.6263292684054131,0.6179962713860067,0.6041478506607185,0.584835448712049,0.5601116831898808,0.5300056187989672,0.49447922650695336,0.45334514436994944,0.4060961649672081,0.3514817324513467,0.2861417751056686,0.196760641219335,,,,,,,,0.1398325742575628
48000.0,0.6279399471401607,0.625164143195663,0.6168495818430819,0.6030316085734801,0.5837613064981446,0.5590907264335704,0.5290483302501922,0.49359526044391594,0.4525433515189868,0.4053842898340979,0.35086590852425276,0.2856238432569365,0.19630493365631332,,,,,,,,0.13954076132280954
48060.0,0.6267722897508523,0.6240026364484031,0.6157064527480078,0.601918831347378,0.5826904974042021,0.5580729372208675,0.52809401237154,0.49271404049204265,0.4517440563529253,0.40467460107734615,0.3502520371829717,0.2851074867541273,0.19585063112536968,,,,,,,,0.13925004508138228
48120.0,0.6256082571502708,0.622844735123748,0.6145668712632857,0.600809506478644,0.5816230093870708,0.5570583040877833,0.5271426543869785,0.4918355566561426,0.4509472497309904,0.4039671349069396,0.349640111095994,0.2845926703334998,0.19539772849520354,,,,,,,,0.1389604216638113
48180.0,0.6244478362795692,0.6216904262303828,0.6134308245993499,0.5997036215103642,0.5805588304488937,0.5560468156135274,0.5261942455609676,0.49095979897816305,0.45015292254556954,0.40326188311033306,0.3490301229559633,0.284079518161187,0.19494622064872763,,,,,,,,0.13867188720685825
48240.0,0.6232910141285204,0.6205396968254021,0.6122983000144054,0.5986011640323116,0.5794979486369344,0.5550384604203277,0.5252487751982822,0.49008675753702574,0.44936106572208456,0.4025588375036459,0.34842206547968196,0.2835680238347654,0.19449610248316201,,,,,,,,0.13838443785367796
48300.0,0.6221377777353589,0.61939253401415,0.6111692807043094,0.5975021216807811,0.5784403439769985,0.5540332271732559,0.5243062205269374,0.489216422448467,0.44857165206228466,0.4018579899315914,0.3478158929047344,0.2830581809715408,0.194046876597868,,,,,,,,0.1380980697539954
48360.0,0.6209881141866209,0.6182489249500596,0.6100437509339112,0.5964064821384205,0.5773859985407234,0.5530311045800513,0.5233665618095257,0.4883487838648781,0.4477846588598958,0.4011593322674099,0.34721156886234933,0.28254998320861746,0.19359816152315004,,,,,,,,0.1378127790641834
48420.0,0.6198420106169829,0.6171088568344921,0.6089217053535378,0.5953142331340668,0.5763349147367168,0.5520320813909444,0.5224298098365608,0.48748383197515066,0.4470001091414501,0.40046285641280055,0.3466091539679298,0.2820434242029649,0.19315081763815392,,,,,,,,0.13752856194738486
48480.0,0.6186994542091037,0.6159723169165762,0.6078031314106046,0.5942253624425767,0.5752870807905701,0.5510361463984851,0.5214959540718084,0.4866215570045219,0.4462179939627754,0.3997685542978549,0.3460086410348447,0.28153849763147787,0.19270483991948753,,,,,,,,0.13724541457372927
48540.0,0.6175604321934615,0.6148392924930463,0.6066880165994849,0.5931398578846616,0.5742424849721419,0.5500432884373689,0.5205649840184929,0.485761949214424,0.4454383044121259,0.3990764178809915,0.3454100229006179,0.2810351292767342,0.1922602233585539,,,,,,,,0.13696333312037798
48600.0,0.616424932137001,0.6137097711952179,0.6055763487434938,0.5920577076006238,0.5732011158578864,0.5490534966323359,0.5196368894499013,0.4849049991130994,0.44466103179828115,0.39838641340745456,0.3448132925627468,0.2805332152220062,0.19181696291866712,,,,,,,,0.13668230882372578
48660.0,0.6152929711975702,0.6125839160561957,0.6044687286561083,0.5909802345341028,0.5721653055902173,0.5480703871357437,0.5187168614047191,0.48405776746753837,0.4438954743119953,0.3977105612611523,0.34423407705966247,0.2800543210941434,0.19141312082246073,,,,,,,,0.13640183242219117
48720.0,0.6141645672746775,0.6114615982351322,0.6033645871336846,0.5899061431268359,0.5711327436038113,0.5470903581356626,0.5177997145953219,0.48321317093240734,0.44313231882432536,0.39703684011907936,0.3436567089811719,0.27957699181113577,0.19101051696008065,,,,,,,,0.13612207687535136
48780.0,0.6130397071605207,0.6103428045963346,0.6022639112555643,0.5888354208127808,0.5701034178201267,0.5461133981653645,0.5168854382778184,0.4823712068853916,0.44237155630007075,0.3963652418818767,0.3430811811711493,0.2791012206044624,0.1906089174446986,,,,,,,,0.1358432099968028
48840.0,0.6119183777537096,0.6092275221099469,0.6011666882052016,0.5877680551271256,0.569077316257817,0.5451394958501221,0.5159740217939942,0.4815318768432645,0.4416131777739883,0.3956957585110498,0.3425074865132629,0.2786269996440083,0.19020768851537995,,,,,,,,0.13556528322227027
48900.0,0.6108005660109298,0.6081157378038917,0.6000729052229331,0.5867040336604361,0.5680544269887786,0.5441686355423959,0.515065454532676,0.4806951710010082,0.44085717431931576,0.3950283820012938,0.34193560100668036,0.2781543204587252,0.18980768306932774,,,,,,,,0.13528832332079815
48960.0,0.6096862589422457,0.6070074387591973,0.5989825496013785,0.585643344054171,0.5670347381338284,0.5432007943026558,0.5141597259258439,0.4798610795930121,0.4401035370444699,0.39436310437525507,0.3413654718343599,0.27768317473863685,0.1894089048186106,,,,,,,,0.13501234492803388
49020.0,0.6085754436019296,0.6059026121008821,0.597895608676488,0.5845859739920068,0.5660182378544184,0.542235976959528,0.513256825441491,0.47902959288667196,0.43935225708734155,0.3936999176750682,0.34079715433124874,0.27721355462288205,0.18901135611050793,,,,,,,,0.13473735812889331
49080.0,0.6074681070952374,0.604801245004686,0.5968120698341486,0.5835319112062315,0.5650049143587329,0.5412741723175608,0.5123567425888838,0.4782007011871169,0.43860331706187183,0.39303881396006185,0.3402306411407079,0.2767454527686292,0.18861503795462808,,,,,,,,0.13446336911277015
49140.0,0.6063642365816015,0.6037033247002458,0.5957319205132933,0.5824811434807505,0.5639947559045503,0.5403153692282671,0.5114594669210213,0.4773743948393946,0.4378566884087165,0.3923797853011819,0.3396659248682334,0.27627886232269977,0.18821995025111937,,,,,,,,0.13419038139868544
49200.0,0.6052638192665803,0.6026088384630877,0.5946551481980406,0.581433658643464,0.56298775079196,0.5393595565832807,0.510564988028335,0.47655066422273684,0.43711239079486325,0.39172282377515155,0.33910299812874406,0.27581362218604827,0.18782609220905144,,,,,,,,0.13391839718550813
49260.0,0.6041668424089056,0.6015177736216347,0.5935817404245649,0.5803894445729184,0.5619838873697016,0.5384067233203,0.5096732955441464,0.47572949975533313,0.43637041548551075,0.3910679214648484,0.33854185357546945,0.27534985921282795,0.1874334623737915,,,,,,,,0.13364741748183223
49320.0,0.6030732933169365,0.6004301175536781,0.5925116847776323,0.5793484891949412,0.5609831540319482,0.5374568584200636,0.5087843791418647,0.47491089189158475,0.4356307537735641,0.3904150704617361,0.337982483922264,0.274887589015587,0.1870420588269938,,,,,,,,0.13337744249998867
49380.0,0.6019831593477045,0.5993458576854274,0.5914449688896618,0.5783107772348798,0.5599855392174303,0.5365099509055191,0.5078982220543612,0.4740948311210819,0.43489339697797846,0.3897642496145413,0.33742488195016335,0.274426805699228,0.18665158332050188,,,,,,,,0.13310847181583343
49440.0,0.6008964279070316,0.5982649814916264,0.5903815804408374,0.5772762910732854,0.5589910314095256,0.5355659898419007,0.507014802771673,0.47328130796827017,0.434158336443341,0.3891154279658686,0.3368690405083019,0.2739675034839047,0.186261514553033,,,,,,,,0.13284050449183893
49500.0,0.5998130864498556,0.5971874764958778,0.5893215071594219,0.5762450277141856,0.5579996191365392,0.5346249643369783,0.506134128918655,0.472470312992258,0.433425563540141,0.3884686341238391,0.33631495251452437,0.27350967668246795,0.1858726617060108,,,,,,,,0.1325735391858728
49560.0,0.5987331224801915,0.5961133302705989,0.5882647368217112,0.5752169752694858,0.5570112909716499,0.5336868635409875,0.5052561903256649,0.4716618367864196,0.4326950696651983,0.3878238602631404,0.33576261095554727,0.2730533196772381,0.18548502171215123,,,,,,,,0.13230757423548514
49620.0,0.5976565235508305,0.5950425304367253,0.587211257251739,0.57419212189752,0.5560260355326243,0.5327516766463387,0.5043809768619748,0.47085586997790957,0.4319668462421459,0.3871810985885381,0.33521198534132984,0.27259842690091196,0.1850985913276013,,,,,,,,0.13204260771734153
49680.0,0.5965832772630568,0.5939750646634265,0.5861610563209952,0.5731704558027777,0.5550438414815438,0.5318193928873286,0.5035084784353989,0.4700524032272877,0.4312408847220598,0.3865403413376504,0.33466303695729976,0.27214499282441945,0.18471336716101738,,,,,,,,0.13177863749151714
49740.0,0.595513371266466,0.5929109206679252,0.5851141219482456,0.572151965235721,0.5540646975246216,0.5308900015399296,0.5026386849920018,0.4692514098302172,0.4305171765842661,0.38590158078309306,0.3341158144985015,0.2716930119494988,0.18432934569550716,,,,,,,,0.13151566123752062
49800.0,0.594446793258816,0.5918500862153464,0.5840704420993805,0.5711366384926351,0.5530885924120463,0.5299634919216029,0.5017715865158469,0.4684528862852215,0.4297957133372435,0.3852648092338819,0.3335703111955572,0.2712424694825621,0.18394652330750833,,,,,,,,0.1312536764837988
49860.0,0.5933835309858569,0.59079254911855,0.5830300047872461,0.570124463915457,0.5521155149378043,0.5290398533910888,0.5009071730287479,0.46765683507741634,0.4290764865195041,0.3846300190362663,0.33302652033063007,0.27079320145776875,0.1835648962833464,,,,,,,,0.13099268063134395
49920.0,0.5923235722411397,0.5897382972379365,0.5819927980714532,0.5691154298915865,0.5511454539394811,0.5281190753481757,0.5000454345900246,0.46686324699936255,0.42835948770038834,0.38399720257422,0.33248443523416493,0.2703453704418002,0.1831844608330004,,,,,,,,0.1307326709727216
49980.0,0.5912669048658212,0.5886873184812549,0.5809588100581838,0.5681095248536883,0.5501783927908923,0.5272011472334713,0.49918636129628247,0.46607211287675954,0.4276446958257422,0.38336635226968513,0.3319440492817358,0.26989897101278026,0.1828048078975093,,,,,,,,0.13047364470780465
50040.0,0.5902135167484822,0.587639600803419,0.5799280289000075,0.5671067372795096,0.549214315713639,0.5262860585281816,0.49832994328122826,0.46528342356856,0.42693209169125873,0.3827374605825782,0.33140535589114234,0.2694539977612085,0.182425582440387,,,,,,,,0.1302155989569332
50100.0,0.589163395824943,0.5865951322063249,0.5789004427956996,0.5661070556916926,0.5482532219510614,0.5253737987538986,0.4974761707155138,0.4644971699671085,0.4262216905616013,0.382110520010577,0.33086834851986174,0.26901044528887097,0.1820475341624402,,,,,,,,0.12995853077192335
50160.0,0.5881165300780845,0.58555390073867,0.5778760399900594,0.565110468657591,0.5472951005128297,0.5244643574723953,0.4966250338066032,0.4637133429982902,0.42551348413510953,0.3814855207773745,0.3303330206628328,0.26856830820804617,0.18167065908440722,,,,,,,,0.1297024371453422
50220.0,0.5870729075376635,0.5845158944957694,0.5768548087737245,0.5641169647890785,0.5463399404512207,0.5235577242854268,0.4957765227986616,0.46293193362168283,0.42480746414353693,0.3808624110757175,0.32979936585049086,0.2681275811410177,0.18129495319246647,,,,,,,,0.12944731501841097
50280.0,0.5860325162801281,0.5834811016193721,0.5758367374829878,0.5631265327423624,0.545387730860918,0.5226538888345384,0.49493062797246135,0.46215293283070435,0.42410362235229304,0.3802412303235706,0.3292673776470119,0.2676882587198657,0.18092041244341864,,,,,,,,0.12919316128778627
50340.0,0.5849953444284366,0.5824495102974775,0.5748218144996123,0.5621391612177926,0.5444384608788158,0.5217528329015557,0.4940873396453053,0.46137633165274977,0.423401950560612,0.37962197116497187,0.3287370176921266,0.2672503355864408,0.1805470327691899,,,,,,,,0.12893997281139086
50400.0,0.5839613798813642,0.5814211084952063,0.5738100279863689,0.5611548387031176,0.5434921194379561,0.520854542397906,0.4932466479548418,0.4606021209519743,0.4227024404255436,0.3790046261267901,0.32820826489636146,0.2668138062943999,0.18017481002798175,,,,,,,,0.12868775647020997
50460.0,0.5829305836400569,0.5803957208395016,0.5728007931402169,0.5601723005876812,0.5425464948694612,0.5199556040142023,0.492403650984598,0.4598236224667015,0.42199628759415336,0.3783777723321829,0.32766624657802756,0.2663579946606867,0.17976542700156295,,,,,,,,0.12843698153325434
50520.0,0.5819029161307919,0.5793734451654893,0.5717946203143547,0.5591927421106683,0.5416037364374254,0.5190593889287847,0.4915632045670778,0.4590474828132586,0.4212922778536553,0.3777528285162464,0.3271258939621751,0.2659034724916197,0.1793571593154987,,,,,,,,0.12818748470260155
50580.0,0.5808783661167065,0.5783542702949023,0.5707914985050283,0.5582161525551748,0.5406638338177683,0.5181658873067169,0.4907252735805252,0.4582736933728105,0.4205904032925786,0.3771297875482443,0.32658720078503456,0.265450369110273,0.17894867447836663,,,,,,,,0.1279390928098489
50640.0,0.579856922532957,0.5773381852205122,0.5697914168765859,0.5572425213675026,0.5397267768427745,0.5172750894607588,0.4898898775625099,0.4575022456535642,0.41989065611608306,0.3765086424023844,0.326050160877385,0.2649986805816197,0.17854143519525478,,,,,,,,0.1276917489045618
50700.0,0.5788385742678003,0.5763251788884766,0.5687943645475978,0.5562718379495228,0.5387925553021049,0.5163869856633584,0.489057007351207,0.4567330945589067,0.41919302850351453,0.3758893860343706,0.3255147680899959,0.26454840353273945,0.17813542708902175,,,,,,,,0.12744542125293867
50760.0,0.5778233102602822,0.5753152402954589,0.5678003306862893,0.5553040917513163,0.5378611590315869,0.5155015662305982,0.48822665382578645,0.45596626702310605,0.41849749475065573,0.3752720114373666,0.32498101637411536,0.26409953455672397,0.1777306376314156,,,,,,,,0.1272000886582364
50820.0,0.5768111194916943,0.5743083584801378,0.5668093045021982,0.5543392722630877,0.5369325779054979,0.5146188215149636,0.4873988078997604,0.45520175587076045,0.41780403553864504,0.3746565024565521,0.3244488997908486,0.2636520698960586,0.17732705577850516,,,,,,,,0.12695573488078649
50880.0,0.5758019909854729,0.5733045225231008,0.5658212752460543,0.5533773690150189,0.5360068018363936,0.5137387419051731,0.486573460520869,0.4544395526817115,0.41711267277404657,0.37404280581232435,0.3239183964555405,0.2632060053705846,0.17692467190769345,,,,,,,,0.12671234755585187
50940.0,0.5747959138068847,0.5723037215465278,0.5648362322094648,0.5524183715769629,0.5350838207748271,0.512861317825953,0.485750602670932,0.45367964906852365,0.41642339877058987,0.37343097029873923,0.3233894282544182,0.26276125383665444,0.17652347745260744,,,,,,,,0.12646991657289494
51000.0,0.5737928770603756,0.57130594471156,0.5638541647223362,0.5514622695559609,0.5341636247070091,0.5119865397358907,0.48493022536390135,0.4529220366746716,0.4157362058734096,0.37282098907218697,0.3228620780807264,0.2623177365141427,0.17612232949337964,,,,,,,,0.126228433117534
51060.0,0.572792869893135,0.5703111812218367,0.5628750621563332,0.5505090525995777,0.5332462036579909,0.5111143981304481,0.4841123196487133,0.452166707177303,0.4150510864625696,0.3722128553383786,0.32233634024289426,0.2618756051048089,0.17572179768724525,,,,,,,,0.12598788945648462
51120.0,0.5717958814927117,0.5693194203211267,0.5618989139225603,0.5495587103936679,0.5323315476895562,0.5102448835400248,0.48329687660752957,0.4514136522857132,0.4143680329524555,0.3716065623480296,0.3218122090450024,0.2614348544168372,0.17532242966157027,,,,,,,,0.12574827861346757
51180.0,0.5708019010865867,0.5683306512929045,0.5609257094711418,0.5486112326619738,0.531419646899854,0.5093779865296427,0.48248388735548775,0.4506628637413061,0.4136870377923347,0.37100210339232315,0.32128967878016956,0.26099547916003524,0.1749242190533565,,,,,,,,0.12550959423003477
51240.0,0.5698109179423725,0.5673448634605441,0.5599554382914124,0.5476666091663113,0.5305104914235896,0.5085136976991517,0.48167334304095083,0.44991433331805974,0.41300809346694106,0.37039947179875515,0.3207687437291049,0.2605574739693345,0.1745271598235451,,,,,,,,0.12527183043752457
51300.0,0.5688229213679447,0.5663620461874522,0.5589880899120466,0.5467248297066998,0.529604071432162,0.5076520076833922,0.4808652348457265,0.4491680528229635,0.41233119249657757,0.36979866092763336,0.32024939815859843,0.260120833427876,0.17413124620206663,,,,,,,,0.12503498174551522
51360.0,0.5678379007112968,0.5653821888769215,0.5580236539009152,0.5457858841212291,0.5287003771335546,0.5067929071521231,0.4800595539850844,0.4484240140962171,0.41165632743669006,0.3691996641688929,0.31973163632032275,0.2596855520898105,0.1737364726382561,,,,,,,,0.12479904296353836
51420.0,0.5668558453602829,0.5644052795994321,0.5570621171333929,0.544849758215822,0.527799393376051,0.5059363800632767,0.4792562834929918,0.4476821990002492,0.41098347825485443,0.36860245763363436,0.31921542435575373,0.2592515596305948,0.1733423581141622,,,,,,,,0.12456400914946553
51480.0,0.5658767447424193,0.5634313054987686,0.5561034646004421,0.5439164349674623,0.5269011012416813,0.5050824056520327,0.4784554006389114,0.44694258235689105,0.41031261602068314,0.36800700519126683,0.3187007084445519,0.25881873954363294,0.17294807948081967,,,,,,,,0.12432987557005015
51540.0,0.5649005883247475,0.562460259829884,0.5551476934160682,0.5429859153975456,0.5260055057232436,0.5042309930394855,0.4776569190752147,0.4462051833228869,0.4096437676993202,0.36741334733023884,0.31818755913337005,0.2583872625307568,0.17255492127975036,,,,,,,,0.12409663766730812
51600.0,0.5639273656137015,0.5614921321534968,0.5541947933027643,0.5420581894943243,0.525112597173129,0.5033821330335667,0.47686083015040376,0.44546999387101005,0.40897692597857327,0.36682147753215294,0.3176759706353695,0.257957123149418,0.17216287858966603,,,,,,,,0.12386429103104135
51660.0,0.5629570661549584,0.5605269120693435,0.55324475402138,0.5411332472833469,0.5242223659796681,0.5025358164767226,0.47606712524644174,0.4447370060070868,0.4083120835771772,0.3662313892975556,0.31716593716141483,0.25752831597263676,0.17177194659390657,,,,,,,,0.12363283137754995
51720.0,0.5619896795332764,0.5595645892160206,0.5522975653709684,0.5402110788273196,0.5233348025670215,0.5016920342458553,0.47527579577872714,0.44400621176977406,0.40764923324387375,0.36564307614514574,0.3166574529226824,0.2571008355925698,0.171382120568209,,,,,,,,0.1234022545327977
51780.0,0.561025195372339,0.5586051532708295,0.5513532171886387,0.5392916742259736,0.5224498973950754,0.500850777252263,0.47448683319604834,0.443277603230287,0.406988367756566,0.3650565316112039,0.31615051213323714,0.25667467662272064,0.17099339587079682,,,,,,,,0.12317255641845265
51840.0,0.5600636033346034,0.5576485939496267,0.5504116993494141,0.5383750236159381,0.5215676409593443,0.5000120364415831,0.4737002289805215,0.44255117249209563,0.4063294799215492,0.36447174924925024,0.3156451090124086,0.2562498336994321,0.17060576793395302,,,,,,,,0.12294373304017876
51900.0,0.5591048931211532,0.5566949010066791,0.549473001766093,0.537461117170619,0.5206880237908769,0.49917580279373364,0.4729159746475066,0.4418269116905982,0.4056725625728096,0.36388872262991195,0.3151412377868663,0.2558262511553951,0.17021760570442293,,,,,,,,0.12271578047790119
51960.0,0.5581490544715484,0.5557440642345165,0.5485371143891095,0.5365499451000743,0.519811036456162,0.4983420673228476,0.4721340617455014,0.44110481299277976,0.4050176085713962,0.3633074453409396,0.31463885082699106,0.25540378184778084,0.169830302841793,,,,,,,,0.12248869487768597
52020.0,0.5571960771636775,0.5547960734637855,0.5476040272063971,0.5356414976508951,0.5189366695570349,0.49751082107720035,0.47135448185601453,0.44038486859686293,0.40436461080487135,0.3627278843448143,0.3141379221021393,0.25498261289049584,0.16944407926893562,,,,,,,,0.12226247244487774
52080.0,0.5562459510136091,0.5538509185631036,0.5466737302432509,0.5347357651060846,0.5180649137305823,0.4966820551391306,0.47057722659342355,0.4396670707319575,0.403713553492305,0.3621500228891328,0.3136385081994788,0.2545627390210126,0.1690589306831222,,,,,,,,0.12203710943825331
52140.0,0.5552986658754475,0.5529085894389183,0.5457462135621928,0.533832737784941,0.5171957596490496,0.49585576062495396,0.46980228760481785,0.4389514116577153,0.403064400760899,0.3615738917794118,0.31314060339106575,0.25414415500267473,0.16867485282855071,,,,,,,,0.12181260216502408
52200.0,0.5543542128191074,0.5519690772064735,0.5448214684136011,0.5329324071600479,0.5163291990902618,0.49503192969635607,0.4690296575104214,0.4382378623777084,0.4024171839768266,0.36099948533523873,0.31264420251123876,0.25372685604505935,0.16829184105778539,,,,,,,,0.12158892508239512
52260.0,0.5534126049139938,0.5510325243598714,0.5439000235132301,0.5320359428931951,0.5154672952376274,0.4942137718019085,0.46826395180632846,0.4375327441761862,0.4017802491046514,0.3604376700451764,0.3121635741781004,0.25333078276496507,0.16794918583225488,,,,,,,,0.12136565011993565
52320.0,0.552473858496192,0.5500988170868385,0.5429813766761769,0.5311421983180635,0.5146080030521187,0.4933980895603744,0.46750055986198713,0.4368297546319797,0.4011452375358002,0.35987755639788044,0.3116844148133655,0.2529359453292073,0.16760748170261305,,,,,,,,0.12114290489945684
52380.0,0.5515379631305161,0.5491679450088117,0.5420655176927245,0.5302511635028655,0.5137513129842768,0.4925848739035401,0.46673945090539193,0.4361288859081043,0.4005121421530128,0.35931913801273985,0.31120671872063904,0.25254233827965605,0.16726525975432432,,,,,,,,0.12092085844113541
52440.0,0.5506049083917923,0.5482398977571953,0.5411524363630078,0.5293628285255392,0.5128972154943219,0.4917741157729307,0.4659806388100318,0.43543013017623994,0.3998809558450981,0.35876240851218416,0.3107304802017065,0.2521499163812251,0.1669239812149229,,,,,,,,0.12069955741518854
52500.0,0.5496746839100888,0.5473146650183314,0.5402421225412105,0.5284771835166644,0.5120457010932765,0.49096580615862545,0.4652241151367304,0.43473347964956116,0.399251671536417,0.35820736154749494,0.3102556935596786,0.2517585678633472,0.16658365303158776,,,,,,,,0.12047902618931322
52560.0,0.5487472793533771,0.5463922365162633,0.5393345661186316,0.5275942186430297,0.5111967603272245,0.49015993482998316,0.4644698714780622,0.43403892656993714,0.3986242821754243,0.35765399078816773,0.3097823476797719,0.251368430279408,0.1662442798207499,,,,,,,,0.12025927833752005
52620.0,0.5478226844317422,0.5454726020169232,0.5384297570278074,0.5267139241116422,0.5103503837811525,0.48935647724039105,0.46371789946162845,0.4333464632108578,0.39799878073730705,0.3571022899221366,0.30931036974616233,0.2509794973203378,0.16590586432051885,,,,,,,,0.12004032181662029
52680.0,0.5469008888908194,0.5445557513216117,0.5375276852361142,0.5258362901635251,0.5095065620729861,0.48855544141414214,0.4629681907447131,0.43265608187264976,0.3973751602199769,0.3565522526501168,0.3088398264774857,0.25059176303729436,0.16556840807699746,,,,,,,,0.11982216212190622
52740.0,0.5459818825170274,0.5436416742722002,0.5366283407508815,0.5249613070786823,0.5086652858583542,0.48775681847958163,0.4622207370184089,0.43196777488610083,0.39675341364684596,0.35600385139250335,0.308370712014768,0.25020522184282407,0.16523191151874153,,,,,,,,0.11960480240121955
52800.0,0.5450656551397951,0.5427303607533458,0.5357317136215716,0.5240889651782192,0.5078265458326193,0.48696059960301497,0.46147553000930636,0.43128153461390456,0.3961335340675708,0.35545707520910824,0.30790302049616747,0.2498198684641037,0.16489637421234088,,,,,,,,0.11938824417524442
52860.0,0.5441521966238929,0.5418218006848722,0.5348377939323004,0.5232192548170846,0.5069903327238962,0.4861667759820632,0.46073256147330277,0.43059735344511285,0.395515514553004,0.3549119438930148,0.30743674608202154,0.24943569782119154,0.16456179524101563,,,,,,,,0.1191724881692711
52920.0,0.5432414968766972,0.5409159840289893,0.5339465718089346,0.5223521663909619,0.5061566347580467,0.48537533885188455,0.4599918232012989,0.4299152238000718,0.39489934214466293,0.35436845117991733,0.30697188297298916,0.2490527050183445,0.16422790139379137,,,,,,,,0.11895753434905029
52980.0,0.5423335458453769,0.540012900787502,0.5330580374163505,0.5214876903336076,0.5053254335342025,0.4845862794827129,0.459253307016878,0.429235138128222,0.39428498801034295,0.35382659081604745,0.306508425419003,0.24867088528306383,0.1638937008406417,,,,,,,,0.1187433821432497
53040.0,0.5414283335155129,0.5391125410004367,0.5321721809570892,0.5206258171155448,0.5044967316964004,0.4837995891786289,0.45851700477512164,0.428557088906871,0.39367247338768263,0.3532863565615856,0.3060463677210557,0.2482902339334218,0.163560450061719,,,,,,,,0.11853003055982175
53100.0,0.5405258499109667,0.5382148947459117,0.5312889926712303,0.5197665372439351,0.5036705201195547,0.483015259277406,0.4577829083624094,0.4278810686408282,0.39306179143514697,0.352747742193895,0.30558570423124726,0.24791065404888005,0.16322814685104467,,,,,,,,0.1183174782770273
53160.0,0.5396260850943065,0.5373199521405625,0.5304084628368103,0.5189098412629854,0.5028467897143457,0.4822332811508347,0.457051009696651,0.4272070698624402,0.39245293533222747,0.3522107415101856,0.3051264293529435,0.24753214171250434,0.16289678881957548,,,,,,,,0.11810572371113215
53220.0,0.5387290291669498,0.5364277033396833,0.5295305817699621,0.5180557197540769,0.502025531427329,0.48145364620479614,0.45632130072727894,0.4265350591901527,0.3918458982798746,0.35167534832974706,0.30466853754037004,0.2471547843028811,0.1625663734271866,,,,,,,,0.11789476506505357
53280.0,0.5378346722689444,0.5355381385370117,0.5286553398247036,0.5172041633355566,0.5012067362407201,0.48067634587902397,0.45559377343495255,0.4258650545058855,0.39124067350083547,0.35114155649593903,0.3042120007139879,0.24677857735489125,0.16223689801050445,,,,,,,,0.11768460036623603
53340.0,0.5369430045787003,0.5346512479644586,0.5277827273926717,0.5163551626624721,0.5003903951721266,0.47990137164681446,0.45486841983121806,0.4251970491548585,0.3906372542400458,0.3506093598779068,0.3037567812005732,0.24640351643211295,0.16190835980506485,,,,,,,,0.11747522749857087
53400.0,0.5360540163128176,0.5337670218919426,0.5269127349029583,0.5155087084264075,0.4995764992743702,0.4791287150148233,0.45414523195825696,0.42453103577698814,0.3900356337651459,0.3500787523718932,0.30330292854116336,0.24602959712215813,0.1615807559623691,,,,,,,,0.11726664422837821
53460.0,0.5351676977259872,0.5328854506272851,0.5260453528220065,0.5146647913553752,0.4987650396353689,0.4783583675229142,0.45342420188869625,0.42386700703872976,0.3894358053670691,0.34954972790212907,0.3028504373706216,0.24565681503319195,0.16125408356354964,,,,,,,,0.11705884822425536
53520.0,0.5342840391108715,0.5320065245160974,0.525180571653496,0.5138233982968544,0.49795600737800233,0.47759032074399643,0.4527053137289908,0.4232049556330402,0.3888377623606118,0.3490222630826921,0.30239930236285856,0.24528516579105245,0.1609277411437914,,,,,,,,0.1168518370724497
53580.0,0.533403030797964,0.5311302339416357,0.5243183819381995,0.5129845173462267,0.49714939365995336,0.47682456628383746,0.45198855408049565,0.42254487427936493,0.3882414980849419,0.3484963398630162,0.30194951822869404,0.2449146450370746,0.1606013053318453,,,,,,,,0.11664560828966557
53640.0,0.5325246631554371,0.5302565693246518,0.5234587742538331,0.51214814600545,0.49634518967353825,0.476061095780872,0.4512739287098639,0.4218867557236538,0.38764700590404927,0.34797198173401434,0.301501079713806,0.24454524842663122,0.16027578836031295,,,,,,,,0.11644015933405966
53700.0,0.5316489265889996,0.529385521123251,0.5226017392149118,0.5113142751466746,0.4955433866455452,0.4752999009060179,0.45056142980932623,0.42123059273840563,0.3870542792071469,0.34744918273536657,0.30105398159684627,0.2441769716281842,0.1599511871557401,,,,,,,,0.11623548761442791
53760.0,0.5307758115417591,0.5285170798327528,0.521747267472611,0.5104828956777675,0.49474397583707536,0.4745409733625036,0.4498510496006955,0.4205763781227331,0.3864633114090206,0.3469279369358222,0.30060821868778204,0.24380966066139806,0.15962749861607456,,,,,,,,0.11603159049771944
53820.0,0.5299053084940862,0.5276512359855565,0.5208953497146289,0.5096539985421653,0.4939469485433848,0.47378430488569806,0.44914278033524585,0.4199241047024366,0.3858740801073069,0.34640823843301166,0.30016378582643605,0.24344342558630644,0.15930471961553028,,,,,,,,0.11582846531529502
53880.0,0.5290374079634755,0.526787980151,0.5200459766650436,0.5088275747187289,0.4931522960937241,0.4730298872429455,0.4484366142936034,0.41927376533008126,0.3852865770324718,0.34589008135319804,0.2997206778811848,0.2430782976078209,0.15898284700877144,,,,,,,,0.11562610936829983
53940.0,0.5281721005044038,0.5259273029352195,0.5191991390841713,0.5080036152215915,0.49236000985117784,0.47227771223340553,0.44773254378564875,0.41862535288507374,0.3847008133497432,0.34537345985098544,0.29927888974778694,0.24271427244271343,0.15866187763451867,,,,,,,,0.11542451993230944
54000.0,0.5273093767081926,0.5250691949810109,0.518354827768423,0.5071821111000127,0.4915700812125061,0.47152776236652355,0.44703056115043277,0.41797886027373404,0.38411678257824383,0.3448583681089979,0.29883837498698007,0.24235134581929393,0.15834180831866637,,,,,,,,0.11522369426131304
54060.0,0.5264492272028691,0.5242136469676894,0.5175130335501638,0.5063630534382257,0.49078250160798714,0.470780030819797,0.4463306587561001,0.41733428042936105,0.38353447826360126,0.3443448003375353,0.29839913426722425,0.24198951347745512,0.15802263587698206,,,,,,,,0.11502362959112415
54120.0,0.5255916426530268,0.5233606496109485,0.5166737472975681,0.5055464333552913,0.48999726250126335,0.4700345175581495,0.4456328289998222,0.416691606312289,0.38295389397799967,0.3438327507742193,0.29796119834101953,0.24162877116876535,0.157703369162715,,,,,,,,0.11482432314233128
54180.0,0.5247366137596865,0.5225101936627238,0.5158369599144774,0.5047322420049468,0.4892143553891876,0.4692912145062484,0.4449370643077352,0.4160508261695424,0.3823750233201985,0.3433222136836355,0.29752456220424256,0.2412691146565982,0.1573842728590706,,,,,,,,0.11462577212287686
54240.0,0.5238841312601573,0.5216622699110482,0.515002662340257,0.5039204705754576,0.48843377180167347,0.46855011361987436,0.4442433571348822,0.41541191649071435,0.38179785991552,0.34281318335697936,0.2970892208760487,0.24091053971628906,0.15706606016433378,,,,,,,,0.1144279737303175
54300.0,0.5230341859278966,0.5208168691799152,0.5141708455496523,0.5031111102894704,0.487655503301547,0.4678112068857987,0.4435516999651584,0.41477489166482134,0.3812223974158141,0.3423056393481903,0.2966551693983111,0.24055304213530818,0.15674872790520877,,,,,,,,0.1142309251538057
54360.0,0.5221867685723712,0.5199739823291363,0.5133415005526452,0.502304152403863,0.486879541484402,0.4670744863216648,0.4428620853112581,0.4141397447603608,0.38064862949940004,0.3417995593391644,0.2962224028351255,0.24019659274984106,0.15643227290750475,,,,,,,,0.11403462357583193
54420.0,0.5213418700389173,0.5191336002542004,0.5125146183943088,0.5014995882095987,0.4861058779784575,0.4663399439758748,0.44217450571462297,0.41350646887298087,0.3800765498709916,0.34129496923054214,0.29579091627237125,0.23984105116433674,0.1561166919973761,,,,,,,,0.11383906617376365
54480.0,0.5204994812086009,0.5182957138861347,0.5116901901546673,0.5006974090315818,0.48533450444441867,0.4656075719274788,0.44148895374538943,0.41287505712546957,0.37950615226160705,0.34079186341628165,0.2953607048173202,0.23948657458609945,0.15580198200241957,,,,,,,,0.11364425012121107
54540.0,0.5196595929980774,0.5174603141913614,0.5108682069485497,0.4998976062285098,0.4845654125753399,0.4648773622860695,0.4408054220023353,0.41224550266773313,0.37893743042846606,0.3402902363153162,0.29493176359828965,0.23913315885354228,0.15548813975265255,,,,,,,,0.11345017258924166
54600.0,0.5188221963594517,0.516627392171558,0.5100486599254468,0.49910017119273326,0.48379859409649045,0.4641493071916781,0.4401239031128261,0.4116177986767647,0.37837037815487856,0.3397900823712645,0.2945040877643326,0.2387807998181065,0.15517516208138465,,,,,,,,0.11325683074746234
54660.0,0.5179872822801384,0.5157969388635162,0.50923154026937,0.498305095350111,0.4830340407652238,0.4634233988146728,0.43944438973275785,0.41099193835660386,0.3778049892501229,0.3392913960521526,0.29407767248495964,0.23842949334443056,0.15486304582599314,,,,,,,,0.11306422176498712
54720.0,0.5171548417827198,0.5149689453390003,0.5084168337324237,0.4975123701598704,0.48227173349800373,0.46269962935566045,0.4387668577656635,0.41036791493828867,0.37724123111028673,0.33879417185015015,0.29365245125807216,0.23807923531051328,0.15455033833236176,,,,,,,,0.11287234281130364
54780.0,0.5163248659248083,0.5141434027046066,0.5076045357249112,0.4967219871144678,0.48151167238293413,0.4619779910453889,0.43809131267477003,0.40974572167979795,0.37667911766407924,0.3382984042813188,0.29322846605485664,0.23773002160786638,0.15423812871258175,,,,,,,,0.11268119105705207
54840.0,0.5154973457989035,0.5133203021016226,0.5067946388702262,0.49593393773945066,0.48075385193130243,0.461258476144651,0.43741775130330907,0.4091253518659894,0.376118649258835,0.33780408788537253,0.29280572717400877,0.237381848141661,0.1539267672174698,,,,,,,,0.11249076367472609
54900.0,0.514672272532253,0.5124996347058864,0.5059871344889092,0.4951482135933205,0.4799982640272931,0.46054107694418916,0.43674616642039044,0.408506798808529,0.37555981980609154,0.33731121722545077,0.2923842298644342,0.23703471083086403,0.15361625073938762,,,,,,,,0.11230105783930537
54960.0,0.5138496372867123,0.5116813917276454,0.5051820139353145,0.49436480626739815,0.4792449005865524,0.4598257857646016,0.4360765508233393,0.40789005584581667,0.37500262324268846,0.3368197868879011,0.291963969394477,0.23668860560836652,0.15330657617761295,,,,,,,,0.11211207072882722
55020.0,0.5130294312586042,0.5108655644114176,0.504379268597471,0.4935837073856898,0.4784937535560694,0.4591125949562481,0.43540889733762345,0.40727511634290536,0.37444705353062796,0.33632979148207387,0.2915449410517679,0.23634343885495993,0.15299774043874315,,,,,,,,0.11192379952490397
55080.0,0.5122116456785797,0.5100521440358503,0.5035788898969445,0.4928049086047549,0.4777448149140583,0.4584014968991565,0.43474319881678025,0.40666197369141754,0.37389310465693343,0.33584121212450924,0.29112714014308705,0.23599919854856571,0.15268974043705924,,,,,,,,0.11173624141319312
55140.0,0.5113962718114798,0.5092411219135846,0.5027808692887018,0.49202840161357697,0.4769980766698452,0.4576924840029304,0.434079448142341,0.40605062130945735,0.37334077063351373,0.3353540248200579,0.2907105619942393,0.2356559784296771,0.15238257309484993,,,,,,,,0.11154939358381862
55200.0,0.5105833009561893,0.5084324893911073,0.5019851982609663,0.49125417813342753,0.4762535308637463,0.45698554870665087,0.4334176382237482,0.4054410415273969,0.372790045497016,0.33486825651584723,0.2902952019499324,0.23531377448851665,0.15207623534272255,,,,,,,,0.11136325323177913
55260.0,0.5097727244455168,0.5076262378486331,0.5011918683351021,0.4904822299177546,0.47551116956697087,0.4562806834787955,0.4327577619982846,0.40483322467731986,0.372240923308706,0.3343839019110947,0.28988105537368253,0.23497258272972632,0.15177064049012415,,,,,,,,0.11117781755725169
55320.0,0.50896453364603,0.5068223586999397,0.5004008710654524,0.4897125487520325,0.47477098488148667,0.45557788081712697,0.43209981243097595,0.40422717858755436,0.37169339815430696,0.33390095572711287,0.28946811764769553,0.23463239917246745,0.1514640423411226,,,,,,,,0.11099308376598527
55380.0,0.5081587199579279,0.5060208433922407,0.4996121980392154,0.48894512645364385,0.4740329689399164,0.4548771316853709,0.43144378251450993,0.40362289678087426,0.3711474641438724,0.33341941270716496,0.289056377008894,0.23429321985048737,0.15115826057715448,,,,,,,,0.11080904906957204
55440.0,0.5073552748149076,0.5052216834060533,0.4988258408763156,0.48817995487175936,0.4732971139054309,0.45417841511434265,0.43078966526915224,0.40302037280605285,0.37060311541165925,0.33293926761632353,0.28864576681638804,0.23395504081217988,0.15085329219880192,,,,,,,,0.11062571068569642
55500.0,0.5065541896840293,0.5044248702550659,0.49804179122927544,0.48741702588721747,0.4725634119716409,0.45348173883850723,0.43013745374265866,0.4024196002377626,0.3700603461159963,0.332460515241329,0.2882363518700241,0.23361785812064398,0.15054913421605132,,,,,,,,0.11044306583838011
55560.0,0.50575545606558,0.5036303954859994,0.49726004078307934,0.48665633141239706,0.4718318553624845,0.45278709547158985,0.4294871410101824,0.40182057267646887,0.3695191449495162,0.33198315039044907,0.28782812762572424,0.23328166785374202,0.1502457836484605,,,,,,,,0.11026111175822317
55620.0,0.5049590654929307,0.5028382506784691,0.49648058125504246,0.4858978633910946,0.4711024363321167,0.4520944776561327,0.4288387201741814,0.40122328374832367,0.36897948479070003,0.3315071678933436,0.287421089557688,0.23294646610414793,0.14994323752530328,,,,,,,,0.11007984568261678
55680.0,0.5041650095324056,0.5020484274448537,0.49570340439468097,0.4851416137984032,0.47037514716480056,0.45140387806339866,0.4281921843643248,0.4006277271050616,0.3684413867736355,0.33103256260093794,0.28701523315832195,0.23261209061174246,0.14964149288569567,,,,,,,,0.10989926485593111
55740.0,0.503373279783149,0.5012609174301628,0.4949285019835856,0.4843875746405947,0.4696499801748005,0.4507152893932752,0.42754752673739854,0.4000338964238934,0.3679048451513478,0.3305593293853032,0.2866105539381712,0.2322786661297532,0.14934054677870334,,,,,,,,0.10971936652969017
55800.0,0.502583867983464,0.5004757124177646,0.4941558659393195,0.4836357380559883,0.4689269278030572,0.45002870446562243,0.4269047405622367,0.3994417854849691,0.36736985426941005,0.3300874631991857,0.28620704747497233,0.2319462187900476,0.14904039627252266,,,,,,,,0.10954014302811324
55860.0,0.5017967869251692,0.4996929396093303,0.4933859673211374,0.48288714408200634,0.4682078291177088,0.4493469916007186,0.4262679566237888,0.39885705889537815,0.36684394108150037,0.3296268186202887,0.2858177945849167,0.23163344634190314,0.14878224802688417,,,,,,,,0.10936115132097966
55920.0,0.5010120497411783,0.4989124971125931,0.49261835853997504,0.4821407669491531,0.4674908613385274,0.4486672935270257,0.42563303617548387,0.3982740496837043,0.36631956813180194,0.3291674927919781,0.28542968403159263,0.23132160704965551,0.14852349426963127,,,,,,,,0.10918255882010619
55980.0,0.5002296477022135,0.49813437624825685,0.4918530310654166,0.48139660425054087,0.466776016515965,0.4479896027158862,0.4249999843347205,0.39769275138819105,0.3657967295863311,0.3287095076840267,0.28504271134777937,0.2310106968892694,0.1482653456739703,,,,,,,,0.10900451401631882
56040.0,0.49944957219514907,0.49735856845250265,0.4910899764805127,0.48065464814346864,0.4660632868061339,0.44731391173868307,0.42436879485264556,0.3971131576328063,0.3652754196880934,0.3282528597399629,0.28465687211963825,0.23070071133112047,0.14800788322105438,,,,,,,,0.10882706078724888
56100.0,0.4986718146436248,0.4965850651980581,0.4903291864042173,0.479914890487343,0.4653526643986437,0.44664021319865715,0.42373946082256664,0.3965352620694095,0.36475563270555567,0.3277975438886068,0.28427216193877747,0.23039164542252039,0.14775111541689487,,,,,,,,0.10865021980097829
56160.0,0.4978963665019239,0.4958138579881159,0.48957065248542214,0.47917732317066447,0.46464414151108,0.4459684997256891,0.4231119753629111,0.39595905837325923,0.3642373629285918,0.3273435550774367,0.28388857638379067,0.2300834942228255,0.14749504797083152,,,,,,,,0.10847400396880484
56220.0,0.49712321926121794,0.49504493836253866,0.4888143664090468,0.4784419381169274,0.4639377103946528,0.4452987639816394,0.4224863316222039,0.39538454024757674,0.3637206046725557,0.3268908882750948,0.2835061054908824,0.2297762530236155,0.14723968423220876,,,,,,,,0.10829842051434013
56280.0,0.4963523644487659,0.4942782978970649,0.4880603198952621,0.4777087272838734,0.4632333633334856,0.44463099865967626,0.4218625227784334,0.39481170142294514,0.363205352277658,0.3264395384687999,0.2831247052161413,0.22946991743057868,0.1469850260795206,,,,,,,,0.1081234738002368
56340.0,0.49558379362189964,0.4935139281973332,0.4873085046936312,0.47697768265782037,0.4625310926391927,0.4439651964791484,0.42124054203425837,0.39424053565288875,0.3626916001048478,0.3259895006591539,0.28274441623863444,0.22916448327694858,0.14673107455377365,,,,,,,,0.10794916679845158
56400.0,0.4948174983729652,0.4927518209037929,0.4865589125879274,0.47624879625832955,0.4618308906553464,0.44330135018980815,0.42062038262094475,0.39367102671998055,0.3621793425387999,0.3255407698606571,0.2823652340619211,0.22885994661843292,0.14647782987493493,,,,,,,,0.10777550110366331
56460.0,0.49405347033001146,0.4919919676923884,0.48581153539680744,0.47552206013886195,0.4611327497581065,0.442639452572405,0.42000203779891254,0.393103171999294,0.3616685739879381,0.3250933411004504,0.28198715420292897,0.2285563036870753,0.14622529165532538,,,,,,,,0.10760247734035643
56520.0,0.4932917011522011,0.49123436027000106,0.48506636496934274,0.474797466382451,0.4604366623520826,0.44197949643477247,0.41938550085407605,0.3925369718015871,0.3611592888810547,0.3246472094165069,0.28161017220223616,0.2282535088372623,0.14597345912765866,,,,,,,,0.10743009556245033
56580.0,0.49253218253446585,0.49047899037907394,0.48432339318955797,0.47407500710610256,0.4597426208745449,0.4413214746158084,0.418770765101547,0.3919724199842464,0.36065148166969346,0.3242023698598722,0.28123428363486874,0.22795151662780577,0.1457223311813965,,,,,,,,0.10725835533122864
56640.0,0.49177490620594116,0.48972584979605915,0.48358261197490904,0.4733546744593229,0.4590506177940179,0.44066537998414224,0.4181578238843762,0.39140951043031674,0.3601451468267006,0.3237588174959008,0.2808594841134493,0.22765040761502459,0.1454719064501005,,,,,,,,0.10708725584746136
56700.0,0.49101986392860403,0.4889749303300637,0.4828440132749571,0.47263646062283504,0.458360645609053,0.44001120543697225,0.41754667057244954,0.39084823704736854,0.35964027884509847,0.32331654740580285,0.2804857692882269,0.22735017837061453,0.14522218336973247,,,,,,,,0.10691679603392738
56760.0,0.4902670474969868,0.4882262238225651,0.482107589071091,0.4719203578083128,0.45767269383782155,0.4393589438998212,0.4169372985622333,0.39028859376714237,0.3591368647517895,0.32287555468826995,0.28011313484676154,0.22705082550653696,0.14497264689367442,,,,,,,,0.10674697459148577
56820.0,0.48951644873852224,0.4874797221477567,0.4813733313768666,0.4712063582587101,0.45698675261612803,0.4387085883268291,0.41632970127701524,0.3897305745456618,0.35863489303911983,0.32243583446098856,0.27974157651372916,0.22675234566752414,0.14472287631694405,,,,,,,,0.10657779003943442
56880.0,0.4887680595137088,0.48673541721271,0.48064123223816824,0.4704944542484191,0.4563028199975449,0.43806013170088953,0.41572387216699364,0.3891741733632325,0.3581343718441569,0.32199738186192456,0.2793710900502437,0.2264547355244292,0.1444737989288349,,,,,,,,0.10640924074794346
56940.0,0.488021871715939,0.48599330095720744,0.479911283733045,0.46978463808311227,0.4556208886006642,0.4374135670334975,0.41511980470909454,0.38861938422422376,0.3576352957409163,0.3215601920503741,0.2790016712524681,0.22615799176838786,0.14422541269572525,,,,,,,,0.10624132496514754
57000.0,0.4872778772712464,0.4852533653534882,0.47918347797146327,0.46907690209950476,0.45494095107393684,0.43676888736452074,0.41451749240672,0.3880662011568161,0.3571376593241139,0.3211242602077987,0.27863331594982615,0.22586211110659193,0.14397771550931907,,,,,,,,0.10607404083922185
57060.0,0.48653606813813394,0.4845156024060806,0.47845780709514274,0.4683712386651952,0.4542630000955191,0.436126085762042,0.41391692878956365,0.38751461821283906,0.3566414572093739,0.32068956684842803,0.27826602000320094,0.22556709025960495,0.14373070519935832,,,,,,,,0.10590738643570465
57120.0,0.4857964363074706,0.4837800041516987,0.47773426327745594,0.4676676401785692,0.4535870283731771,0.43548515532225496,0.41331810741348207,0.38696462946768434,0.3561466840334939,0.3202561070303585,0.27789977930328563,0.22527292595956622,0.14348437954360369,,,,,,,,0.1057413597509988
57180.0,0.48505897380238466,0.48304656265913637,0.4770128387233254,0.4669660990686998,0.45291302864418775,0.43484608916935447,0.41272102186036813,0.3864162290202426,0.35565333445470215,0.31982389093103275,0.2775345897690694,0.22497961494882263,0.14323873627619038,,,,,,,,0.10557595872326961
57240.0,0.4843236726781309,0.48231527002913693,0.4762935256690956,0.46626660779522344,0.452240993675216,0.43420888045540623,0.41212566573801024,0.38586941099284355,0.35516140315287725,0.31939291382475493,0.2771704473464121,0.22468715397889957,0.1429937730948036,,,,,,,,0.10541118124160545
57300.0,0.483590525021951,0.48158611839425247,0.4755763163823962,0.4655691588482063,0.45157091626218177,0.4335735159387584,0.4115320326799518,0.38532416953120846,0.3546708848297348,0.31896317100944077,0.27680731739230613,0.22439553980982044,0.14274948766674223,,,,,,,,0.10524702515378236
57360.0,0.4828595229529367,0.4808590999187106,0.4748612031620112,0.46487374474801735,0.4509027892301327,0.4329399911849258,0.4109401163453628,0.38478049880441983,0.35418177420899216,0.31853465780655466,0.27644520707413345,0.2241047692097209,0.14250587763397932,,,,,,,,0.10508348827274881
57420.0,0.48213065862190346,0.48013420679828717,0.47414817833775474,0.4641803580452061,0.450236605433121,0.43230830352963157,0.41034991041892394,0.3842383930049039,0.3536940660365066,0.3181073695609746,0.27608413194523534,0.22381483895464924,0.14226294061741204,,,,,,,,0.10492056838201053
57480.0,0.48140392421126244,0.4794114312601801,0.47343723427034623,0.46348899132037996,0.44957235775407994,0.431678446234911,0.40976140861071997,0.3836978463484215,0.3532077550803829,0.317681301640807,0.275724088046637,0.22352569118343207,0.1420206742204992,,,,,,,,0.10475826324017078
57540.0,0.4806793119348916,0.47869076556288104,0.4727283633512856,0.46279963718408185,0.4489100391047003,0.4310504125900148,0.40917460465613753,0.383158853074059,0.35272283613104866,0.3172564494371671,0.2753650714407641,0.22323730582695717,0.14177907603240214,,,,,,,,0.1045965705848335
57600.0,0.4799568140380066,0.4779722019960475,0.47202155800272644,0.46211228827666456,0.44824964242530385,0.4304241959112856,0.40858949231576935,0.38262140744422035,0.35223930400130077,0.31683280836393224,0.2750070782106715,0.22294975134874873,0.14153814363070505,,,,,,,,0.10443548813597785
57660.0,0.4792364227970335,0.47725573288037615,0.4713168106773512,0.46142693726816675,0.44759116068471905,0.42979978954203596,0.40800605527741846,0.3820855037446175,0.351757153526324,0.3164103738574801,0.2746501044593574,0.22266302455665896,0.14129666022059809,,,,,,,,0.10427501359886684
57720.0,0.4785181305194801,0.47654135056747465,0.47061411385824553,0.4607435768581896,0.44693458688015747,0.42917718685243,0.4074242947282163,0.38155113628425785,0.3512763795636884,0.3159891413764169,0.27429414630915605,0.2223771222667214,0.14105550317630555,,,,,,,,0.10411514466655641
57780.0,0.4778019295438113,0.4758290474397372,0.46991346005877466,0.4600621997757733,0.4462799140370905,0.4285563812393692,0.40684420726781023,0.3810182993954273,0.3507969769933246,0.31556910640130026,0.2739391999012008,0.22209204130333077,0.14081500161675561,,,,,,,,0.10395587902207654
57840.0,0.47708781223932073,0.4751188159102189,0.46921484182245804,0.45938279877927285,0.4456271352091275,0.4279373661263784,0.4062657867565879,0.3804869874336691,0.35031894071748026,0.31515026443436295,0.27358526139494715,0.22180777849943395,0.14057515312199112,,,,,,,,0.10379721434034225
57900.0,0.4763757710060064,0.47441064842250913,0.46851825172284634,0.45870536665623635,0.4449762434778946,0.4273201349634973,0.4056890270797364,0.37995718482086005,0.34984226566065996,0.31473261099923877,0.2732323269677498,0.221524330696728,0.14033595526956744,,,,,,,,0.10363914828983366
57960.0,0.475665798274445,0.473704537450608,0.4678236823633967,0.45802989622328055,0.44432723195291407,0.4267046812271722,0.40511392214716885,0.37942889002372704,0.34936694676955227,0.31431614164069527,0.27288039281448623,0.22124169474586086,0.1400974056357674,,,,,,,,0.10348167853407515
58020.0,0.4749578865056663,0.473000475498801,0.46713112637734966,0.4573563803259701,0.44368009377148665,0.42609099842015125,0.4045404658934523,0.3789021034069591,0.3488929790129436,0.3139008519243723,0.27252945514722315,0.22095986750663021,0.13985950179667458,,,,,,,,0.103324802732941
58080.0,0.4742520281910293,0.4722984551015353,0.4664405764276058,0.4566848118386946,0.44303482209857326,0.42547908007138174,0.40396865227773626,0.37837681941860324,0.34842034694838186,0.3134867374365295,0.2721795101949184,0.22067884584817576,0.13962224132912435,,,,,,,,0.10316851854381276
58140.0,0.4735482158520982,0.4715984688232957,0.4657520252066024,0.4560151836645478,0.44239141012667904,0.4248689197359097,0.4033984752836813,0.37785303252976493,0.3479490459957463,0.3130737937838018,0.27183055420315594,0.22039862664916712,0.13938562181155084,,,,,,,,0.10301282362260865
58200.0,0.47284644204051735,0.4709005092584811,0.4650654654361921,0.455347488735207,0.4417498510757385,0.42426051099477974,0.40282992891938674,0.37733073723455246,0.34747908126933136,0.3126620141278324,0.2714825834339092,0.22011920679798339,0.1391496408247425,,,,,,,,0.10285771562470203
58260.0,0.47214669933788933,0.4702045690312818,0.4643808898675196,0.4546817200108129,0.441110138193002,0.4236538474549388,0.4022630072173187,0.37680992805001323,0.34701044782510154,0.3122513699922609,0.2711355941653275,0.2198405831928832,0.13891429595251542,,,,,,,,0.10270319220574207
58320.0,0.47144898035565125,0.4695106407955563,0.46369829128089995,0.4540178704798507,0.44047226475292356,0.4230489227491389,0.4016977042342362,0.37629059951606725,0.3465431407405777,0.31184188369653437,0.27078957544583465,0.21956275274216738,0.1386795847823157,,,,,,,,0.10254925102238945
58380.0,0.4707532777349515,0.4688187172347092,0.4630176624856984,0.4533559331590313,0.4398362240570494,0.42244573053584233,0.4011340140511176,0.3757727461954344,0.34607715511471465,0.3114335509263533,0.2704444884504691,0.21928571236433167,0.13844550490576263,,,,,,,,0.10239588973297656
58440.0,0.4700595841465286,0.4681287910615689,0.4623389963202086,0.45269590109317365,0.43920200943390897,0.42184426449912704,0.40057193077308445,0.37525636267355944,0.34561248606777706,0.31102636738671674,0.2701003719757287,0.21900938814772597,0.1382120539191307,,,,,,,,0.10224310599810232
58500.0,0.4693678922905881,0.4674408550182666,0.461662285651532,0.4520377673550881,0.4385696142389049,0.4212445183485936,0.4000114485293247,0.3747414435585318,0.345149128741213,0.31062032880173285,0.269757222362578,0.21873379229026613,0.13797883427248214,,,,,,,,0.10209089748116869
58560.0,0.46867819489668144,0.4667549018761142,0.46098752337545906,0.45138152504546,0.43793903185420674,0.42064648581927205,0.39945256147301494,0.37422798348100267,0.3446870782975276,0.3102154309144401,0.2694150359673702,0.21845897748478849,0.13774497361993054,,,,,,,,0.10193926184886493
58620.0,0.46799048472358484,0.4660709244354839,0.4603147024163497,0.4507271672927346,0.43731025568864323,0.4200501606715287,0.3988952637812405,0.3737159770940993,0.3442263299201557,0.3098116694866345,0.2690738091617304,0.21818494069206365,0.1375117315718536,,,,,,,,0.10178819677160669
58680.0,0.4673047545591781,0.4653889155256882,0.459643815727014,0.4500746872530026,0.43668327917759703,0.4194555366909749,0.3983395496549144,0.37320541907333576,0.3437668788133349,0.30940904029870603,0.26873353833244745,0.2179116788836771,0.13727910577685748,,,,,,,,0.10163769992393348
58740.0,0.4666209972203244,0.4647088680048594,0.45897485628859486,0.4494240781098865,0.4360580957828998,0.41886260768837413,0.3977854133186959,0.37269630411652294,0.34330872020197895,0.30900753914948037,0.2683942198813755,0.2176391890421282,0.13704709388995204,,,,,,,,0.10148776898486993
58800.0,0.46593920555275087,0.46403077475983084,0.4583078171104508,0.44877533307442835,0.4354346989927285,0.4182713674995512,0.39723284902090594,0.3721886269436757,0.34285184933155344,0.3086071618560707,0.26805585022534245,0.2173674681609219,0.13681569357280837,,,,,,,,0.1013384016382522
58860.0,0.46525937243092663,0.46335462870601546,0.4576426912300363,0.44812844538497476,0.4348130823214999,0.4176818099852979,0.3966818510334425,0.37168238229691636,0.34239626146794744,0.3082079042537288,0.2677184257960622,0.21709651324465387,0.13658490249399816,,,,,,,,0.10118959557303478
58920.0,0.4645814907579533,0.46268042278729776,0.45697947171279657,0.44748340830707645,0.4341932393097766,0.4170939290312892,0.39613241365170043,0.3711775649403871,0.3419419518973619,0.30780976219572015,0.2673819430400624,0.2168263213090799,0.13635471832918253,,,,,,,,0.10104134848353667
58980.0,0.46390555346543133,0.46200814997589934,0.4563181516520352,0.44684021513336136,0.43357516352415154,0.4165077185479789,0.39558453119447357,0.3706741696601406,0.3414889159261707,0.307412731553172,0.26704639841859945,0.2165568893811984,0.13612513876133708,,,,,,,,0.1008936580697307
59040.0,0.4632315535133441,0.46133780327226515,0.4556587241688026,0.4461988591834284,0.4329588485571483,0.4159231724705102,0.3950381980038691,0.370172191264044,0.3410371488808031,0.3070168082149501,0.26671178840758936,0.21628821449931032,0.1358961614809146,,,,,,,,0.10074652203746086
59100.0,0.462559483889946,0.46066937570495176,0.4550011824117877,0.4455593338037434,0.43234428802712593,0.4153402847586273,0.39449340844522207,0.36967162458168434,0.340586646107632,0.3066219880875429,0.26637810949754537,0.21602029371307213,0.13566778418598668,,,,,,,,0.10059993809863256
59160.0,0.4618893376116484,0.4600028603305131,0.4543455195572058,0.4449216323675334,0.4317314755781794,0.41475904939658487,0.3939501569070077,0.36917246446427204,0.3401374029728578,0.3062282670949457,0.26604535819351555,0.2157531240835455,0.1354400045823822,,,,,,,,0.10045390397139928
59220.0,0.4612211077228995,0.4593382502333831,0.45369172880868336,0.4442857482746757,0.431120404880038,0.4141794603930537,0.3934084378007483,0.3686747057845381,0.3396894148623912,0.305835641178544,0.26571353101501954,0.21548670268324627,0.13521282038381977,,,,,,,,0.1003084173803459
59280.0,0.4605547872960659,0.45867553852575693,0.4530398033971432,0.44365167495158786,0.4305110696279627,0.4136015117810257,0.39286824556092087,0.36817834343663325,0.3392426771817366,0.3054441062969996,0.2653826244959888,0.2152210265961863,0.13498622931202592,,,,,,,,0.10016347605665239
59340.0,0.4598903694313181,0.45801471834747676,0.45238973658069215,0.4430194058511227,0.4299034635426466,0.41302519761772116,0.3923295746448649,0.36768337233602744,0.33879718535588077,0.3050536584261451,0.26505263518471,0.21495609291790968,0.13476022909683688,,,,,,,,0.10001907773823746
59400.0,0.459227847265488,0.4573557814826317,0.4517415188721171,0.44238893028983206,0.42929757479412883,0.41245050491498314,0.3917924107626163,0.3671897764648624,0.33835292056497007,0.30466427315909067,0.26472352450971387,0.21469180816373987,0.13453354271942364,,,,,,,,0.09987521940432413
59460.0,0.45856723197020816,0.45669884253816134,0.45109557233471864,0.44176118156490285,0.4286950524778553,0.4118800071694019,0.391260472024396,0.3667026667406948,0.33791669893703086,0.3042849370088695,0.2644073308026867,0.21444571521835487,0.13435067286891314,,,,,,,,0.09973147528485893
59520.0,0.45790853458018355,0.4560438099898643,0.45045149782657967,0.44113524813110794,0.42809426713437404,0.41131114756346043,0.3907300533763683,0.36621694132124344,0.3374817096969238,0.30390666688776463,0.2640920242564953,0.214200322262581,0.13416827267588358,,,,,,,,0.09958802432141517
59580.0,0.45725174798543605,0.45539067677055983,0.44980928840815637,0.44051112325910735,0.4274952123234836,0.41074392002028437,0.3902011491735977,0.3657325950557959,0.3370479482427508,0.30352945878607945,0.26377760147659474,0.21395562636557117,0.13398634890104363,,,,,,,,0.09944500068704794
59640.0,0.4565968651222118,0.4547394358590224,0.44916893718506085,0.43988880026340965,0.4268978816470544,0.41017831850287145,0.3896737538084286,0.36524962282792134,0.3366154100034176,0.30315330872088253,0.2634640590896578,0.21371162426624912,0.13380491513214213,,,,,,,,0.09930244448611508
59700.0,0.4559438789480577,0.4540900802551995,0.44853043728370284,0.4392682724787185,0.42630226872635424,0.4096143369926608,0.389147861690554,0.3647680195372819,0.3361840904224271,0.30277821272200517,0.2631513937267292,0.21346831237160854,0.13362398008376358,,,,,,,,0.09916037400388426
59760.0,0.4552927824522271,0.4534426029905603,0.44789378186146456,0.43864953326981737,0.4257083672115267,0.4090519694984891,0.388623467255331,0.364287780107198,0.3357539849645961,0.3024041668376838,0.2628396020178832,0.21322568705687006,0.1334435492648785,,,,,,,,0.09901880009611333
59820.0,0.4546435686519112,0.45279699712434784,0.44725896410301874,0.438032576027995,0.42511617077816655,0.4084912100533514,0.3881005649607632,0.36380889948188344,0.33532508911357656,0.30203116713201594,0.2625286805815812,0.21298374483142257,0.13326362613031936,,,,,,,,0.09887772941036363
59880.0,0.4539962305953617,0.45215325574668425,0.4466259772233767,0.4374173941740037,0.4245256731301523,0.4079320527170799,0.3875791492899932,0.3633313726287216,0.33489739837385935,0.301659209685725,0.26221862601966267,0.21274248241376456,0.1330842125688232,,,,,,,,0.09873716564820384
59940.0,0.4533507613580276,0.45151137197472985,0.4459948144641202,0.4368039811544059,0.4239368679961489,0.40737449157303357,0.3870592147482083,0.362855194535416,0.3344709082681634,0.30128829059286294,0.26190943492297175,0.21250189670527522,0.1329053096130129,,,,,,,,0.09859711113649329
60000.0,0.4527071540436718,0.4508713389537944,0.44536546909449276,0.4361923304426333,0.42334974913062234,0.4068185207290554,0.38654075586352754,0.36238036021079,0.334045614338039,0.30091840596009095,0.2616011038796644,0.21226198476323727,0.13272691764026107,,,,,,,,0.09845756721287367
60060.0,0.4520654017842678,0.450233149857235,0.44473793441129966,0.43558243553889175,0.4227643103137481,0.40626413431738423,0.38602376718691367,0.36190686468469113,0.3336215121436238,0.30054955190571836,0.2612936294841517,0.21202274376931388,0.13254903651598188,,,,,,,,0.09831853443909246
60120.0,0.45142549774371027,0.4495967978901433,0.4441122037425291,0.4349742899736729,0.4221805453547755,0.40571132649783387,0.3855082432951299,0.3614347030106722,0.33319859726575846,0.3001817245605479,0.2609870083467701,0.21178417101578909,0.1323716656696948,,,,,,,,0.09818001273412982
60180.0,0.4507874351096239,0.44896227628120455,0.44348827043936045,0.43436788730000536,0.42159844808460484,0.4051600914507712,0.38499417878418696,0.3609638702599605,0.33277686530045403,0.2998149200647858,0.26068123709744734,0.21154626384934908,0.13219480433000777,,,,,,,,0.09804200174137512
60240.0,0.4501512071012987,0.44832957829058623,0.4428661278839096,0.43376322110096627,0.4210180123629825,0.40461042338391723,0.3844815682756745,0.3604943615271972,0.3323563118636355,0.29944913457175565,0.26037631239245607,0.2113090196829992,0.13201845146710353,,,,,,,,0.09790450074877242
60300.0,0.44951680696605395,0.4476986972063226,0.44224576948568045,0.4331602849862408,0.4204392320752046,0.4040623165292271,0.3839704064138416,0.3600261719277067,0.33193693258859114,0.29908436424759094,0.2600722309143707,0.21107243597083614,0.1318426058840223,,,,,,,,0.09776750881842054
60360.0,0.44888422797855193,0.4470696263436345,0.44162718868089695,0.43255907259147436,0.41986210113149675,0.4035157651423006,0.38346068786503396,0.35955929659691116,0.3315187231254059,0.2987206052720494,0.2597689893720575,0.21083651019776067,0.1316672662527316,,,,,,,,0.0976310248353502
60420.0,0.44825346344097516,0.4464423590451043,0.44101037893267575,0.43195957757844156,0.41928661346717333,0.40297076350252936,0.3829524073178155,0.35909373069037337,0.3311016791410372,0.2983578538395014,0.25946658450075133,0.2106012398736689,0.13149243113668097,,,,,,,,0.09749504753944578
60480.0,0.4476245066833188,0.445816888680967,0.440395333731313,0.43136179363532257,0.4187127630429035,0.40242730591334286,0.3824455594831761,0.35862946938392554,0.3306857963195283,0.2979961061598427,0.2591650130619344,0.21036662252904342,0.13131809900843677,,,,,,,,0.09735957555102952
60540.0,0.4469973510633657,0.44519320864908696,0.4397820465942598,0.4307657144766809,0.4181405438446876,0.4018853867021819,0.38194013909448504,0.3581665078735781,0.3302710703620714,0.29763535845922345,0.25886427184272265,0.2101326557107644,0.13114426826615436,,,,,,,,0.09722460739312563
60600.0,0.446371989966466,0.4445713123747373,0.4391705110659087,0.43017133384325584,0.4175699498836562,0.4013450002203023,0.3814361409072839,0.35770484137529945,0.3298574969869841,0.2972756069806168,0.2585643576548651,0.20989933697865057,0.13097093724790718,,,,,,,,0.09709014150989385
60660.0,0.4457484168053462,0.4439511933104103,0.4385607207174057,0.4295786455017802,0.4170009751958958,0.4008061408426009,0.3809335596991013,0.3572444651248293,0.32944507192973727,0.29691684798427304,0.25826526733361627,0.20966666390314298,0.1307981042427691,,,,,,,,0.09695617628099396
60720.0,0.4451266250199972,0.4433328449357082,0.43795266914654407,0.4289876432448768,0.41643361384234595,0.4002688029675121,0.38043239026933384,0.3567853743775691,0.32903379094306,0.296559077748063,0.25796699773664994,0.2094346340638625,0.13062576749920388,,,,,,,,0.09682271003263351
60780.0,0.4445066080775901,0.4427162607572571,0.43734634997767996,0.4283983208909765,0.41586785990871916,0.3997329810169222,0.3799326274391462,0.35632756440850355,0.32862364979706665,0.296202292567717,0.25766954574304424,0.20920324504859594,0.13045392523187618,,,,,,,,0.09668974104639379
60840.0,0.4438883594723696,0.44210143430860255,0.43674175686162975,0.42781067228421765,0.41530370750540185,0.3991986694360654,0.37943426605135844,0.35587103051212254,0.3282146442793702,0.29584648875696695,0.25737290825232245,0.20897249445251054,0.13028257562749893,,,,,,,,0.0965572675665973
60900.0,0.443271872725531,0.4414883591500873,0.43613888347555,0.42722469129433044,0.4147411507673391,0.39866586269340704,0.37893730097032347,0.3554157680023435,0.32780677019517473,0.2954916626476104,0.257077082183543,0.2087423798775894,0.13011171684981973,,,,,,,,0.09642528780653559
60960.0,0.4426571413850996,0.44087702886873104,0.4355377235228193,0.4266403718165192,0.41418018385392025,0.39813455528052377,0.378441727081807,0.35496177221244496,0.3274000233673568,0.2951378105895118,0.25678206447445195,0.2085128989322893,0.12994134704377117,,,,,,,,0.09629379995367174
61020.0,0.44204415902581484,0.440267437078115,0.43493827073292574,0.42605770777135377,0.41362080094886944,0.39760474171199295,0.3779475392928793,0.35450903849501264,0.32699439963653687,0.29478492895055125,0.25648785208071034,0.20828404923136545,0.1297714643389181,,,,,,,,0.09616280217394912
61080.0,0.4414329192490195,0.43965957741827294,0.43434051886135766,0.425476693104662,0.4130629962601392,0.39707641652528214,0.37745473253181133,0.3540575622218946,0.32658989486113826,0.29443301411653444,0.2561944419752025,0.20805582839579895,0.12960165149804617,,,,,,,,0.09603229261539625
61140.0,0.4408234156825463,0.43905344355557735,0.4337444616894935,0.4248973217874218,0.41250676401980196,0.3965495742806401,0.3769633017479762,0.3536073387841596,0.32618650491742623,0.2940820624910695,0.25590183114741405,0.20782823405278583,0.12943176270007617,,,,,,,,0.09590226941120086
61200.0,0.4402156418827789,0.43844902908535777,0.43315009292888446,0.42431958772279926,0.4119520983949119,0.39602420947681505,0.3764732418334371,0.3531583635205626,0.32578422563581144,0.2937320704404735,0.25561001655780013,0.20760126380193775,0.1292623538039848,,,,,,,,0.09577273564989543
61260.0,0.4396095752304491,0.4378462146344195,0.4325570039367978,0.4237426003914861,0.4113974330883359,0.39549788150170434,0.3759810271762182,0.3527057869601928,0.3253765813861694,0.2933744843997787,0.25530750957125486,0.20735799629933632,0.12904940615158828,,,,,,,,0.09564408574695182
61320.0,0.43900519283746375,0.43724507469324997,0.431965560333615,0.4231672103568112,0.41084429866719546,0.39497300056483664,0.37549015935348506,0.3522544419000155,0.32497003948409037,0.2930178591292339,0.255005796021403,0.2071153669046394,0.1288370408114201,,,,,,,,0.09551615068860043
61380.0,0.4384024887479945,0.43664560334044494,0.4313757563006876,0.42259341196957567,0.41029268971567606,0.394449561543691,0.37500063359033414,0.35180432396002176,0.3245645959855111,0.29266219116205827,0.25470485531776155,0.20687338638121935,0.1286252472635039,,,,,,,,0.0953887926759437
61440.0,0.43780145701905776,0.43604779466737953,0.4307875860319533,0.4220211995928439,0.40974260082976716,0.39392755932693946,0.3745124451223211,0.35135542877001885,0.3241602469560701,0.29230746641108774,0.254404717452314,0.20663205270391666,0.12841400844925688,,,,,,,,0.09526197023898805
61500.0,0.4372020917036663,0.4354516427614561,0.4302010437174671,0.4214505675859447,0.4091940266019127,0.39340698879992686,0.37402558918195833,0.3509077519573437,0.3237569884602063,0.2919536750942744,0.2541053794987993,0.2063913641357747,0.12820331246167424,,,,,,,,0.09513566235580118
61560.0,0.43660438688224024,0.43485714173733664,0.4296161235741026,0.4208815103342914,0.40864696164961223,0.3928878448717276,0.3735400610239174,0.3504612891698772,0.32335481658154347,0.29160083078851406,0.25380683855677394,0.2061513190083158,0.12799315009654624,,,,,,,,0.09500985459283769
61620.0,0.43600833666015243,0.4342642857345016,0.42903281984314834,0.42031402224704073,0.40810140061316325,0.3923701224729993,0.3730558559230326,0.3500160360742557,0.3229537088582271,0.29124893007253266,0.2535090917589874,0.205911915589928,0.1277835143721232,,,,,,,,0.09488453717838073
61680.0,0.4354139351679446,0.433673068917463,0.4284511267905147,0.41974809775728716,0.40755733815584105,0.39185381655614726,0.372572969174464,0.34957198835605563,0.32255367947362656,0.29089796954283254,0.2532121362781621,0.20567315198995165,0.12757439976913917,,,,,,,,0.09475970295386389
61740.0,0.434821176556444,0.43308348547091124,0.42787103870196846,0.41918373131744424,0.40701476895948424,0.3913389220911777,0.3720913960898694,0.34912914171627557,0.3221547251072978,0.2905479458112018,0.2529159693171944,0.205435026190496,0.12736580145241091,,,,,,,,0.09463534580135058
61800.0,0.4342300550005079,0.4324955296034368,0.4272925498867853,0.4186209174027824,0.40647368772787473,0.39082543406888,0.37161113200036605,0.34868747924954774,0.32175684190998494,0.2901988555080491,0.252620588108371,0.205197536050916,0.1271577152647174,,,,,,,,0.09451146064694851
61860.0,0.43364056469821655,0.431909195546727,0.42671565467696054,0.41805965051066224,0.405934089186003,0.39031334750013963,0.37113217225590417,0.3482470074611209,0.3213600260491511,0.2898506952826114,0.25232598990474764,0.20496067933969997,0.12695013753320006,,,,,,,,0.09438804314792985
61920.0,0.43305269987209255,0.43132447755677794,0.4261403474283977,0.4174999251616839,0.40539596808116585,0.3898026574169736,0.3706545122262408,0.3478077240024321,0.3209642737099531,0.2895034618043654,0.25203217197433925,0.20472445375226572,0.1267430649725258,,,,,,,,0.09426508952193127
61980.0,0.4324664547659475,0.4307413699107603,0.42556662251783,0.41694173589670247,0.40485931918011425,0.3892933588698518,0.3701781472984626,0.34736962464485455,0.3205695810932814,0.2891571517606907,0.25173913159128763,0.20448885694527869,0.12653649451438725,,,,,,,,0.09414259627582705
62040.0,0.4318818236485217,0.43015986691063585,0.42499447434636983,0.4163850772802661,0.4043241372723366,0.3887854469307909,0.3697030644332121,0.3469327051787067,0.3201759444184564,0.2888117618591609,0.2514468660352785,0.20425388653812876,0.126328872761274,,,,,,,,0.09402056023350103
62100.0,0.431298800811133,0.42957996288082034,0.4244238973372131,0.4158299438983895,0.40379041716793357,0.38827891669135867,0.3692292644930119,0.3464969614115833,0.31978335992177714,0.28846728882487743,0.2511553725884353,0.20401954013132603,0.1261211867494547,,,,,,,,0.09389897843189961
62160.0,0.43071738056735165,0.42900165216786074,0.42385488593532167,0.41527633035824557,0.40325815369732293,0.38777376326240054,0.36875674596622066,0.3460623891681726,0.31939182385639053,0.28812372939932446,0.2508646485345366,0.20378580200994084,0.12591399161686753,,,,,,,,0.09377784807904417
62220.0,0.43013755725325176,0.42842492914068375,0.4232874346076658,0.4147242312884,0.4027273417114643,0.3872699817742559,0.3682855043148432,0.3456289842904978,0.3190013324924885,0.28778108033976446,0.2505746911588459,0.203552570282327,0.12570728497146827,,,,,,,,0.09365716652512995
62280.0,0.42955932522759516,0.42784978819077885,0.42272153784340377,0.41417364133898343,0.4021979760820248,0.3867675673769182,0.3678155350193912,0.34519674263810834,0.3186118821174017,0.28743933841866287,0.25028549774817055,0.20331995548069484,0.12550106451627416,,,,,,,,0.0935369312387235
62340.0,0.42898267887174624,0.427276223732113,0.42215719015379694,0.41362455518160895,0.40167005170130105,0.38626651523996747,0.367346833578836,0.3447656600880679,0.3182234690354664,0.28709850042294427,0.24999706559113188,0.2030879551922611,0.12529532803399546,,,,,,,,0.09341713978653296
62400.0,0.4284076125894861,0.4267042302009458,0.42159438607202715,0.41307696750919476,0.40114356348205155,0.3857668118778451,0.3668793955104842,0.3443357325348587,0.3178360895677875,0.2867585631532269,0.24970934668939893,0.20285656701065727,0.12509007337427358,,,,,,,,0.09329778981712428
62460.0,0.42783412080687905,0.4261338020556964,0.421033120153066,0.41253087303583724,0.40061850635737634,0.3852684607512203,0.3664132163498947,0.3439069558903134,0.3174497400520092,0.28641952342319443,0.24942238135275469,0.20262578853800534,0.12488529844407809,,,,,,,,0.09317887904837291
62520.0,0.42726219797219833,0.4255649337768698,0.42047338697360137,0.41198626649673986,0.40009487528065096,0.38477145753939307,0.365948291650842,0.3434793260835769,0.3170644168421021,0.28608137805912726,0.24913616923590298,0.20239561738629452,0.12468100120039212,,,,,,,,0.09306040525780633
62580.0,0.4266918385558567,0.42499761986698686,0.41991518113196885,0.41144314264814597,0.3995726652254649,0.38427579748907414,0.3654846169852827,0.34305283906106104,0.3166801163081433,0.28574412128638194,0.2488507076409204,0.2021660511784069,0.12447717964418209,,,,,,,,0.09294236627488688
62640.0,0.42612303705031707,0.42443185485049595,0.4193584972480643,0.4109014962672551,0.39905187118554314,0.3837814758661293,0.36502218794330477,0.3426274907863729,0.3162968348360805,0.28540772801876385,0.248565993875047,0.20193708754891576,0.1242738318152357,,,,,,,,0.09282475997458835
62700.0,0.42555578796999427,0.423867633273675,0.4188033299632473,0.4103613221521291,0.39853248817465986,0.38328848795550446,0.36456100013306664,0.34220327724022426,0.3159145688274948,0.2850722197248179,0.2482820252513283,0.20170872414465316,0.12407095578780665,,,,,,,,0.09270758427199273
62760.0,0.42499008585116027,0.42330494970453675,0.41824967394024815,0.40982261512160323,0.39801451122655496,0.3827968290611548,0.36410104918073577,0.3417801944203354,0.3155333146993728,0.2847375932779977,0.24799879908921818,0.20148095862506277,0.12386854966701874,,,,,,,,0.09259083711780855
62820.0,0.42442592525185396,0.4227437987327394,0.4176975238630795,0.40928537001520054,0.39749793539485717,0.38230649450597765,0.36364233073042856,0.3413582383413345,0.3151530688838929,0.28440384556311554,0.24771631271512973,0.2012537886623983,0.12366661158588164,,,,,,,,0.09247451649468594
62880.0,0.4238633007517922,0.4221841749694979,0.4171468744369501,0.4087495816930494,0.3969827537704768,0.38181747963174717,0.3631848404441471,0.3409374050346518,0.3147738225922658,0.28407097347624993,0.24743456346292778,0.20102721194182616,0.12346449836715065,,,,,,,,0.09235862041414425
62940.0,0.42330220695228093,0.42162607304749566,0.41659772038817755,0.4082152450357999,0.3964689583537112,0.3813297797990465,0.3627285740017123,0.340517690548409,0.31439556410631075,0.28373897392468594,0.24715354867436687,0.20080122616146562,0.12326120051373878,,,,,,,,0.09224314691395424
63000.0,0.42274263847612475,0.42106948762079427,0.41605005646409987,0.4076823549445392,0.3959565493566635,0.38084339038719883,0.3622735271006922,0.3400990909473049,0.3140183033635523,0.28340784382687795,0.24687326569947893,0.2005758290323734,0.12305836184193826,,,,,,,,0.09212809405588854
63060.0,0.42218458996753694,0.42051441336474477,0.41550387743298856,0.4071509063407085,0.39544552191164595,0.3803583067941998,0.3618196954563281,0.33968160231249866,0.3136420368548999,0.2830775801124307,0.24659371189691723,0.20035101827848278,0.12285598061086558,,,,,,,,0.09201345992379399
63120.0,0.4216280560920505,0.41996084497589864,0.41495917808396193,0.4066208941660205,0.3949358711704767,0.3798745244366464,0.36136707480145785,0.33926522074149396,0.3132667610855795,0.28274817972209737,0.24631488463425555,0.20012674838400574,0.12265405509782795,,,,,,,,0.09189924262194213
63180.0,0.42107303153643016,0.4194087771719204,0.41441595322689945,0.4060923133823775,0.3944275923044044,0.37939203874966787,0.36091566088643706,0.3388499423480234,0.31289247257499864,0.28241963960778765,0.24603678128825152,0.19990297723518388,0.12245258359711879,,,,,,,,0.09178544027360573
63240.0,0.42051951100858415,0.4188582046915003,0.4138741976923559,0.40556515897179024,0.3939206805040328,0.37891084518685464,0.3604654494790578,0.3384357619626626,0.31251916785662126,0.28209195673258225,0.24575939924507145,0.19967978587742596,0.12225156441895443,,,,,,,,0.09167205101981955
63300.0,0.4199674892374756,0.4183091222942664,0.4133339063314768,0.4050394259362966,0.39341513097924585,0.3784309392201857,0.36001643636446606,0.3380226642687287,0.3121468434778556,0.28176512807075355,0.24548273590048567,0.19945717208498548,0.12205099588854426,,,,,,,,0.0915590730182962
63360.0,0.4194169609730363,0.41776152476069855,0.41279507401591364,0.4045151092978814,0.3929109389591321,0.37795231633995635,0.35956861734507706,0.33761065822762826,0.31177549599994975,0.28143915060778796,0.2452067886600355,0.19923513364437545,0.12185087634526956,,,,,,,,0.0914465044424756
63420.0,0.418867920986079,0.41721540689204156,0.4122576956377394,0.4039922040983962,0.3924080996919101,0.37747497205470365,0.35912198824048985,0.33719974001674274,0.31140512199789666,0.28111402134040986,0.2449315257219466,0.19901366835422182,0.12165120414195599,,,,,,,,0.09133434348069021
63480.0,0.41832036406821105,0.41667076351021964,0.41172176610936545,0.40347070539947955,0.3919066084448529,0.3769989018911325,0.3586765448874015,0.33678990582913126,0.3110357180603473,0.2807897372766056,0.2446569557534023,0.1987927740251176,0.12145197764423009,,,,,,,,0.09122258833542786
63540.0,0.4177742850317482,0.416127589457751,0.4111872803634583,0.4029506082824781,0.39140646050421346,0.3765241013940395,0.3582322831395201,0.33638115187342865,0.3106672807895295,0.2804662954356455,0.24438309424751664,0.19857244847947564,0.12125319522994289,,,,,,,,0.091111237222678
63600.0,0.4172296787096289,0.41558587959766286,0.4106542333528566,0.40243190784836663,0.39090765117514864,0.37605056612623744,0.3577891988674779,0.3359734743737456,0.310299806801174,0.2801436928481058,0.2441099386499449,0.19835268955138444,0.12105485528865473,,,,,,,,0.09100028837134969
63660.0,0.4166865399553292,0.4150456288134065,0.4101226200504894,0.4019145992176707,0.39041017578164444,0.37557829166847784,0.3573472879587445,0.33556686956957316,0.30993329272444486,0.2798219265558871,0.24383748641662348,0.1981334950864665,0.12085695622117475,,,,,,,,0.09088974002275214
63720.0,0.41614486364277775,0.4145068320087738,0.4095924354492935,0.40139867753038727,0.38991402966643984,0.3751072736193743,0.3569065463175398,0.3351613337156878,0.3095677352018746,0.27950099361222946,0.24356573501382284,0.19791486294173935,0.12065949643914226,,,,,,,,0.09077959043012969
63780.0,0.4156046446662716,0.4139694841078132,0.40906367456213255,0.40088413359461417,0.38941920819095144,0.37463750759532416,0.35646696051621013,0.33475686308206254,0.30920313088930373,0.27918086839492656,0.24329468191818868,0.19769679098548074,0.12046035854541491,,,,,,,,0.09066983785824374
63840.0,0.4150658779403918,0.41343358005474656,0.40853633242171594,0.40037096617739404,0.3889257067351975,0.3741689892304306,0.35602853419626423,0.3343534539537782,0.30883947645582294,0.27886156665407513,0.243024324616773,0.1974792770970974,0.12026127445299283,,,,,,,,0.09056048058299639
63900.0,0.41452855839992053,0.41289911481388625,0.40801040408051803,0.39985917125728,0.3884335206977221,0.3737017141764243,0.3555912649883578,0.33395110263093836,0.308476768583718,0.2785430895443241,0.24275466060705472,0.19726231916699738,0.12006262131541437,,,,,,,,0.09045151689108974
63960.0,0.41399268099975906,0.41236608336955466,0.40748588461069923,0.3993487440513006,0.38794264549551993,0.37323567810258623,0.3551551488627304,0.3335498054285889,0.30811500396841945,0.2782254341642193,0.2424856873969528,0.19704591509647038,0.11986439762317894,,,,,,,,0.0903429450797235
64020.0,0.41345824071484144,0.4118344807259983,0.40696276910402235,0.39883967979556517,0.387453076563957,0.37277087669566517,0.35472018180594456,0.3331495586766335,0.3077541793184493,0.2779085976236822,0.24221740250483256,0.1968300627975612,0.11966660187590543,,,,,,,,0.09023476345629844
64080.0,0.41292523254005964,0.411304301907313,0.40644105267178043,0.39833197374519363,0.38696480935670097,0.37230730565980646,0.35428635982081097,0.33275035871976294,0.3073942913553764,0.2775925770440068,0.24194980345950365,0.19661468339037952,0.11946923258212055,,,,,,,,0.09012697033818862
64140.0,0.4123936514901677,0.41077554195734994,0.40592073044470295,0.3978256211742255,0.3864778393456316,0.3718449607164597,0.35385367892629294,0.3323522019173664,0.3070353368137623,0.27727736955785715,0.2416828878002152,0.1963998017476951,0.11927228825899364,,,,,,,,0.09001956405245705
64200.0,0.4118634925997106,0.41024819593964396,0.4054017975728875,0.39732061737555263,0.38599216202077347,0.3713838376043095,0.35342213515743404,0.33195508464346685,0.3066773007490557,0.27696297230925687,0.24141665307664262,0.1961854658445338,0.11907576743216954,,,,,,,,0.08991254293567907
64260.0,0.4113347509229438,0.4097222589373348,0.40488424922572197,0.39681695766084385,0.38550777289022103,0.37092393207919877,0.3529917245652812,0.33155900328665033,0.3063201850883595,0.2766493824535798,0.2411510968488718,0.19597167363475637,0.11887966863558386,,,,,,,,0.08980590533375066
64320.0,0.4108074215337522,0.4091977260530858,0.4043680805918038,0.3963146373604655,0.3850246674800603,0.37046523991404906,0.3525624432168036,0.33116395424999445,0.30596399317308304,0.2763365971575372,0.24088621668738028,0.19575842308244343,0.11868399041128497,,,,,,,,0.08969964960169856
64380.0,0.4102814995255674,0.4086745924090016,0.40385328687886124,0.39581365182340394,0.38454284133429084,0.3700077568987804,0.3521342871948121,0.3307699339509971,0.30560872178918363,0.27602461359916236,0.2406220101730142,0.19554571216179434,0.11848873130926485,,,,,,,,0.08959377410350496
64440.0,0.4097569800112876,0.4081528531465496,0.40333986331367405,0.39531399641718884,0.3840622900147493,0.3695514760781863,0.35170725259788294,0.33037693882150915,0.30525436773539355,0.2757134289677935,0.24035845994980845,0.19533353885703272,0.11829388988730806,,,,,,,,0.0894882772119527
64500.0,0.40923385812319824,0.40763250342648083,0.4028278051419973,0.3948156665278163,0.38358300910103316,0.3690963901535437,0.3512813355402823,0.32998496530767013,0.30490092782317596,0.27540304046405406,0.24009554667885896,0.19512190116231762,0.11809946471085747,,,,,,,,0.08938315730848356
64560.0,0.4087121290128951,0.40711353842875225,0.40231710762848344,0.3943186575596736,0.3831049941904257,0.3686425008766371,0.3508565321518912,0.3295940098698422,0.3045483988766827,0.2750934452998304,0.23983329993987593,0.19491079708165443,0.11790545435288034,,,,,,,,0.08927841278306545
64620.0,0.4081917878512032,0.4065959533524476,0.40180776605660545,0.393822964935463,0.38262824089781927,0.36818980410450225,0.3504328385781317,0.32920406898254717,0.3041967777327117,0.2747846406982494,0.23957171735471494,0.1947002246288098,0.11771065952431989,,,,,,,,0.08917404203406636
64680.0,0.4076728298280989,0.4060797434156994,0.4012997757285791,0.3933285840961241,0.3821527448556382,0.3677382957107904,0.35001025097989213,0.32881513913440374,0.303846061240663,0.27447662389365285,0.23931079655544657,0.1944901818272269,0.11751474140539998,,,,,,,,0.08907004346813441
64740.0,0.40715525015263165,0.40556490385561106,0.40079313196528593,0.3928355105007591,0.38167850171376483,0.3672879715856924,0.3495887655334559,0.32842721161086696,0.303496246262497,0.27416939213157104,0.23905053518432035,0.19428066670994565,0.1173192299160943,,,,,,,,0.08896641550008835
64800.0,0.40663904411067675,0.4050514299856843,0.40028783016272845,0.3923437396814737,0.381205507192139,0.3668388276856896,0.3491683784768113,0.3280402797765101,0.30314732971045516,0.2738629427012647,0.2387909309204199,0.194071677339375,0.11712412369429095,,,,,,,,0.08886315250860415
64860.0,0.4061242208920947,0.40453941803059684,0.3997842269394835,0.39185406513577686,0.3807351661669475,0.36639306638652397,0.3487522815031782,0.32765876409225314,0.30280522694777445,0.27356513137549915,0.2385426437502473,0.1938790835049764,0.11697702999214285,,,,,,,,0.0887598807922125
64920.0,0.40561078990286353,0.4040287899560428,0.3992819826599884,0.39136570834902856,0.3802660859928819,0.3659484940513016,0.34833728747646353,0.3272782522064935,0.302464016647205,0.27326808986155265,0.2382949930888181,0.19368698335624565,0.11683023026208587,,,,,,,,0.08865676659947815
64980.0,0.4050987461452328,0.4035195407949379,0.39878109244870874,0.3908786645967191,0.3797982621537047,0.365505106425957,0.34792339245437887,0.3268987405324708,0.302123695614265,0.27297181168272394,0.23804797660187094,0.19349537494638738,0.11668374091232306,,,,,,,,0.08855393309025462
65040.0,0.4045880846966744,0.40301166565499463,0.39828155150363315,0.3903929292257501,0.37933169020165214,0.3650628993211446,0.34751059255480443,0.3265202255382941,0.3017842607033918,0.2726762883696233,0.23780159199050274,0.19330425617827562,0.11653757703809928,,,,,,,,0.08845141407318749
65100.0,0.4040788006585668,0.40250515966769373,0.3977833550461063,0.38990849760569457,0.3788663657106732,0.36462186856799855,0.3470988839145956,0.32614270370930937,0.30144570878439647,0.27238152667262866,0.23755583696567953,0.19311362474731858,0.11639174713555824,,,,,,,,0.0883492244449655
65160.0,0.40357088914993927,0.4020000179820657,0.39728649831471846,0.3894253651228657,0.3784022842707497,0.3641820100127708,0.3466882626846099,0.32576617154358434,0.30110803673845565,0.27208752388395524,0.23731070924151637,0.19292347828971346,0.11624625660003032,,,,,,,,0.08824737312789789
65220.0,0.4030643453096825,0.4014962357668871,0.39679097656746243,0.38894352718240816,0.37793944148989383,0.36374331951871464,0.3462787250314525,0.3253906255534967,0.3007712414595277,0.271794277306985,0.23706620653130536,0.1927337641813786,0.1161011087217086,,,,,,,,0.08814586532938375
65280.0,0.402559164298366,0.40099380821248803,0.39629678508350696,0.3884629792100145,0.37747783299578763,0.36330579296762106,0.345870267138893,0.3250160622670184,0.3004353198554939,0.27150178425695926,0.23682232654340088,0.19254451748631582,0.11595630535974427,,,,,,,,0.08804470389633848
65340.0,0.40205534129499226,0.40049273052752415,0.3958039191600276,0.38798371664885367,0.3770174544328453,0.36286942625705815,0.3454628852053207,0.3246424782254199,0.3001002688461156,0.27121004205879445,0.2365790669813691,0.1923557492514655,0.1158118476707141,,,,,,,,0.08794389066708172
65400.0,0.40155287149822744,0.3999929979402014,0.39531237411340764,0.3875057349607324,0.37655830146332125,0.3624342153014098,0.3450565754447012,0.3242698699841368,0.29976608536378097,0.27091904804715716,0.2363364255466031,0.19216745749369832,0.11566773625287709,,,,,,,,0.08784342670113343
65460.0,0.4010517501260409,0.3994946056979161,0.3948221452788842,0.38702902962575114,0.37610036976697986,0.3620001560315641,0.3446513340862903,0.3238982341125125,0.29943276635323374,0.27062879956575,0.23609439994269407,0.19197964031204784,0.11552397128340874,,,,,,,,0.08774331246415325
65520.0,0.4005519724182932,0.39899754906982765,0.3943332280130724,0.38655359614474744,0.3756436550434257,0.36156724439710025,0.34424715737665035,0.3235275671956208,0.29910030877310967,0.2703392939679769,0.23585298788048728,0.19179229588103988,0.11538055258521358,,,,,,,,0.08764354793302356
65580.0,0.4000535336312151,0.39850182334137063,0.39384561768857856,0.3860794300340776,0.37518815300711994,0.36113547636160737,0.34384404157533466,0.32315786583036143,0.29876870959240115,0.27005052861426315,0.23561218708126827,0.19160542241386302,0.11523747982769011,,,,,,,,0.0875441328873463
65640.0,0.3995564290428109,0.3980074238196247,0.39335930969926963,0.38560652683071744,0.37473385939224907,0.360704847907255,0.3434419829591019,0.3227891266292611,0.29843796579368376,0.2697625008744791,0.23537199528064862,0.19141901817117846,0.11509475247836592,,,,,,,,0.08744506684498964
65700.0,0.3990606539502713,0.3975143458307439,0.3928742994577487,0.3851348820898171,0.3742807699503875,0.36027535503259817,0.3430409778198914,0.32242134621862967,0.2981080743713909,0.2694752081271723,0.23513241022934608,0.19123308144349263,0.11495236987837862,,,,,,,,0.08734634916231082
65760.0,0.3985662036695582,0.3970225847195427,0.3923905823949486,0.3846644913843066,0.3738288804501209,0.35984699375222173,0.34264102246449496,0.32205452123824163,0.2977790323314619,0.2691886477598551,0.23489342969368804,0.1910476105441161,0.1148103312700737,,,,,,,,0.0872479790691558
65820.0,0.398073073535563,0.3965321358496534,0.391908153960286,0.3841953503050419,0.37337818667718403,0.35941976009686943,0.3422421132146726,0.3216886483414178,0.29745083669138017,0.26890281716952347,0.23465505145602128,0.1908626038052073,0.11466863581463885,,,,,,,,0.08714995569262825
65880.0,0.39758125890229834,0.3960429946037168,0.3914270096218467,0.38372745446098583,0.3729286844346317,0.3589936501136031,0.34184424640729616,0.32132372419512945,0.29712348448026715,0.2686177137631549,0.23441727331493878,0.19067805957465625,0.11452728260629574,,,,,,,,0.08705227807654535
65940.0,0.39709075514286335,0.39555515638334704,0.3909471448663508,0.38326079947917085,0.37248036954280217,0.3585686598657676,0.34144741839431186,0.3209597454799413,0.2967969727388638,0.26833333495809086,0.23418009308517987,0.19049397621303973,0.11438627068521812,,,,,,,,0.08695494519793277
66000.0,0.3966015576492849,0.3950686166089738,0.3904685551989976,0.38279538100454874,0.3720332378391732,0.35814478543285333,0.3410516255426075,0.320596708889871,0.2964712985194596,0.2680496781823484,0.23394350859725446,0.19031035209108355,0.11424559904834647,,,,,,,,0.08685795598026436
66060.0,0.39611366183238955,0.39458337071971394,0.38999123614333825,0.3823311946998664,0.37158728517824113,0.35772202291038224,0.34065686423389946,0.32023461113227325,0.2961464588858597,0.26776674087490415,0.23370751769693557,0.19012718558793928,0.11410526665759436,,,,,,,,0.08676130930367262
66120.0,0.39562706312172796,0.3940994141732982,0.38951518307493027,0.3818682362455939,0.3711425070933435,0.35730036840984014,0.3402631303204393,0.3198734489277679,0.2958224499941357,0.2674845204859391,0.23347211584277824,0.18994447509008477,0.11396511466714343,,,,,,,,0.08666500401282112
66180.0,0.3951417569655165,0.3936167424460102,0.38904039029468673,0.38140650133986614,0.37069889691204716,0.3568798180586208,0.3398704160904637,0.31951321901018326,0.29549926196440224,0.267203014477027,0.23323728269854432,0.1897622189905263,0.11382394318404992,,,,,,,,0.0865690389231625
66240.0,0.3946577388305599,0.3931353510326117,0.3885668548116792,0.38094598569840893,0.37025645344882685,0.356460367999956,0.3394787226517898,0.31915391812649485,0.2951768998016575,0.26692222032126667,0.23300303680525916,0.1895804156881606,0.1136831056724606,,,,,,,,0.08647341282609651
66300.0,0.39417500420216567,0.3926552354462559,0.3880945722221374,0.3804866850544556,0.3698151726255376,0.35604201439283706,0.33908804644471435,0.3187955430367626,0.2948553606160063,0.26664213550336807,0.23276937606433212,0.18939906358729572,0.11354260102896653,,,,,,,,0.08637812449328865
66360.0,0.3936935485840587,0.3921763912184026,0.387623538140267,0.38002859515866516,0.3693750503806945,0.3556247534119363,0.33869838392400786,0.3184380905140744,0.2945346415292321,0.26636275751970057,0.2325362983898291,0.18921816109733547,0.11340242813706851,,,,,,,,0.08628317268025618
66420.0,0.39321336749830066,0.39169881389873856,0.38715374819816945,0.3795717117790444,0.3689360826693981,0.3552085812475334,0.33830973155884214,0.31808155734449856,0.2942147396748279,0.2660840838783098,0.23230380170800996,0.18903770663258776,0.11326258586961248,,,,,,,,0.08618855612931728
66480.0,0.39273445648521155,0.39122249905509854,0.38668519804576545,0.37911603070087174,0.36849826546325903,0.35479349410544303,0.33792208583272076,0.3177259403270406,0.29389565219802527,0.2658061120989069,0.23207188395690334,0.18885769861215038,0.11312307309083086,,,,,,,,0.08609427357203678
66540.0,0.3922568111032904,0.39074744227338676,0.3862178833507163,0.37866154772662186,0.3680615947503246,0.3543794882069407,0.3375354432434122,0.31737123627360414,0.2935773762558168,0.2655288397128322,0.23184054308591706,0.1886781354598441,0.1129838886580805,,,,,,,,0.08600032373129586
66600.0,0.3917804269291358,0.39027363915749724,0.38575179979834606,0.378208258675887,0.36762606653500307,0.35396655978869096,0.33714980030288155,0.317017442008954,0.29325990901697035,0.26525226426300264,0.2316097770554834,0.18849901560418536,0.1128450314233347,,,,,,,,0.08590670532306537
66660.0,0.391305299557365,0.38980108532923424,0.3852869430915616,0.3777561593853008,0.3671916768379882,0.3535547051026732,0.3367651535372267,0.31666455437067964,0.2929432476620363,0.2649763833038445,0.2313795838367342,0.18832033747839164,0.11270650023445669,,,,,,,,0.08581341705792156
66720.0,0.3908314246005362,0.3893297764282333,0.38482330895077616,0.3773052457084624,0.366758421696185,0.3531439204161103,0.33638149948661444,0.3163125702091627,0.2926273893833482,0.26470119440121487,0.23114996141120608,0.1881420995204125,0.11256829393629152,,,,,,,,0.08572045764233883
66780.0,0.39035879768906917,0.38885970811188353,0.38436089311383115,0.3768555135158595,0.36632629716263615,0.3527342020113975,0.33599883470522024,0.3159614863875436,0.29231233138501717,0.26442669513231554,0.2309209077705737,0.1879643001729737,0.11243041137160392,,,,,,,,0.08562782577979855
66840.0,0.38988741447116676,0.38839087605524886,0.38389969133591967,0.3764069586947938,0.36589529930644726,0.3523255461860315,0.3356171557611685,0.31561129978169006,0.2919980708829184,0.26415288308559903,0.230692420916408,0.18778693788363296,0.11229285138189297,,,,,,,,0.08553552017174859
66900.0,0.3894172706127375,0.38792327595099085,0.38343969938950895,0.3759595771493043,0.36546542421271416,0.3519179492525417,0.33523645923647416,0.31526200728016357,0.29168460510467226,0.26387975586067325,0.23046449885995765,0.18761001110483885,0.11215561280810149,,,,,,,,0.08544353951843868
66960.0,0.38894836179731684,0.3874569035092908,0.38298091306426374,0.37551336480009345,0.36503666798244927,0.3515114075384203,0.3348567417269867,0.31491360578418726,0.2913719312896201,0.2636073110682022,0.2302371396219509,0.18743351829399613,0.11201869449123286,,,,,,,,0.08535188251964762
67020.0,0.38848068372599065,0.3869917544577725,0.38252332816697104,0.3750683175844513,0.36460902673250867,0.3511059173860552,0.33447799984233445,0.31456609220761234,0.2910600466887938,0.2633355463298047,0.2300103412324156,0.18725745791353057,0.11188209527289138,,,,,,,,0.08526054787531795
67080.0,0.3880142321173168,0.3865278245414255,0.38206694052146256,0.37462443145618113,0.36418249659552104,0.3507014751526624,0.33410023020586976,0.31421946347688295,0.2907489485648818,0.263064459277955,0.22978410173051636,0.18708180143261477,0.11174581399575359,,,,,,,,0.08516953428611143
67140.0,0.3875490027072493,0.38606510952252815,0.38161174596854,0.37418170238552567,0.3637570737198146,0.35029807721022,0.33372342945461586,0.31387371653100116,0.2904386341921905,0.26279404755588265,0.22955841916440622,0.18690653844020333,0.11160984950398635,,,,,,,,0.08507884045389744
67200.0,0.38708499124906126,0.3856036051805721,0.38115774036589967,0.37374012635909265,0.36333275426934614,0.34989571994540297,0.333347594239214,0.3135288483214902,0.29012910085660193,0.2625243088174729,0.22933329159109128,0.18673170338225917,0.11147420064360884,,,,,,,,0.08498846508218329
67260.0,0.3866221935132684,0.3851433073121852,0.3807049195880565,0.3732996993797815,0.36290953442363066,0.3494943997595177,0.33297272122387067,0.3131848558123563,0.28982034585552874,0.2622552407271699,0.22910871707630712,0.1865572947418369,0.11133886626281833,,,,,,,,0.08489840687649414
67320.0,0.3861606052875531,0.3846842117310564,0.3802532795262703,0.37286041746670967,0.3624874103776709,0.3490941130684388,0.332598807086306,0.3128417359800493,0.289512366497866,0.2619868289216498,0.2288846936944066,0.18638331100731695,0.11120384521227333,,,,,,,,0.0848086645447092
67380.0,0.385700222376689,0.3842263142678604,0.3798028160884704,0.372422276655141,0.3620663783418875,0.34869485630254615,0.3322258485177025,0.31249948581342313,0.2892051601039415,0.2617190824801435,0.22866121952825552,0.1862097506724571,0.1110691363453469,,,,,,,,0.08471923679735946
67440.0,0.38524104060246533,0.3837696107701822,0.3793535251991817,0.3719852729964111,0.36164643454204937,0.3482966259066614,0.331853842222653,0.3121581023136929,0.2888987240054626,0.2614519997675888,0.2284382926691373,0.18603661223644172,0.11093473851834934,,,,,,,,0.08463012234789212
67500.0,0.38478305580361133,0.3833140971024422,0.3789054027994512,0.3715494025578576,0.36122757521920623,0.3478994183399867,0.3314827849191107,0.31181758249439306,0.28859305554546394,0.26118557848966034,0.22821591121666504,0.18586389420392557,0.11080065059072707,,,,,,,,0.08454131991290581
67560.0,0.38432626383572244,0.3828597691458221,0.3784584448467733,0.37111466142274646,0.36080979662961893,0.3475032300760439,0.3311126733383368,0.3114779233813328,0.2882881520782505,0.2609198163621383,0.2279940732786999,0.18569159508507568,0.11066687142523804,,,,,,,,0.08445282821235998
67620.0,0.3838706605711842,0.38240662279819004,0.3780126473150179,0.3706810456902017,0.3603930950446932,0.3471080576026122,0.33074350422485066,0.3111391189415077,0.28798401096934284,0.2606547111108248,0.22777277697127496,0.18551971339560855,0.11053339988810768,,,,,,,,0.08436464596976154
67680.0,0.3834162418990999,0.38195465397402745,0.37756800619435643,0.37024855147513425,0.35997746675091136,0.34671389742166997,0.330375274336378,0.3108011659500405,0.28768062959542,0.2603902604714629,0.22755202041852482,0.18534824765682428,0.1104002348491688,,,,,,,,0.08427677191233131
67740.0,0.382963003725215,0.38150385860435426,0.37712451749118936,0.3698171749081711,0.35956290804976665,0.3463207460493331,0.33000798044379986,0.3104640648316201,0.2873780053442612,0.26012646218965785,0.22733180175261905,0.1851771963956371,0.11026737518198386,,,,,,,,0.0841892047711526
67800.0,0.3825109419718442,0.38105423263665694,0.3766821772280747,0.36938691213558544,0.35914941525769667,0.3459286000157965,0.3296416193311022,0.3101278126606369,0.2870761356146887,0.259863314020801,0.22711211911370038,0.1850065581446028,0.11013481976395453,,,,,,,,0.08410194328130405
67860.0,0.3820600525777976,0.38060577203481405,0.3762409814436548,0.36895775931922664,0.3587369847060172,0.34553745586527534,0.3292761877953234,0.3097924065235227,0.286775017816509,0.259600813729995,0.22689297064982564,0.18483633144194278,0.11000193111023226,,,,,,,,0.08401498618197825
67920.0,0.38161033149830875,0.3801584727790248,0.37580092619258587,0.3685297126364515,0.3583256127408584,0.34514731015594513,0.328911682646504,0.3094578435187007,0.28647464937045464,0.2593389590919827,0.22667435451691076,0.18466651483156601,0.1098682891472526,,,,,,,,0.08392833221658749
67980.0,0.38116177470496004,0.3797123308657355,0.3753620075454659,0.3681027682800547,0.35791529572309855,0.344758159459885,0.3285481007076342,0.3091241207565369,0.2861750277081257,0.25907774789107657,0.22645626887867776,0.18449710686308635,0.10973494609563145,,,,,,,,0.08384198013285867
68040.0,0.380714378185612,0.3792673423075681,0.3749242215887645,0.3676769224582006,0.357506030028301,0.34437000036301824,0.3281854388146028,0.3087912353592887,0.2858761502719317,0.2588171779210911,0.22623871190660508,0.1843281060918395,0.10960190087272721,,,,,,,,0.08375592868291762
68100.0,0.38026813794433023,0.37882350313324853,0.37448756442475145,0.367252171394355,0.35709781204664953,0.3439828294650552,0.3278236938161449,0.3084591844610553,0.2855780145150329,0.25855724698527666,0.22602168177987936,0.18415951107889533,0.10946915240002111,,,,,,,,0.08367017662336454
68160.0,0.3798230500013131,0.3783808093875344,0.3740520321714273,0.36682851132721755,0.35669063818288493,0.34359664337943596,0.32746286257379065,0.3081279652077256,0.285280617901283,0.2582979528962556,0.22580517668534958,0.18399132039106955,0.1093366996031716,,,,,,,,0.08358472271534093
68220.0,0.37937911039282385,0.37793925713114707,0.3736176209624553,0.36640593851065645,0.35628450485624436,0.34321143622331474,0.32710294196181355,0.3077975747569287,0.28498395790517245,0.25803929347596144,0.22558918049010468,0.18382353260093118,0.10920454141205728,,,,,,,,0.08349956572458796
68280.0,0.3789363151711104,0.37749884244069265,0.37318432694708414,0.36598444921363454,0.3558794085003915,0.3428272057225829,0.3267439288671742,0.3074680102779774,0.28468803201176607,0.25778126655557126,0.22537369756749823,0.18365614628681085,0.10907267676082189,,,,,,,,0.08341470442150571
68340.0,0.37849466040435004,0.37705956140860625,0.3727521462900943,0.36556403972015683,0.35547534556336763,0.3424439499678556,0.32638582018947704,0.3071392689518253,0.28439283771665685,0.25752386997545934,0.22515873432099673,0.18348916003280288,0.10894110458790028,,,,,,,,0.0833301375811882
68400.0,0.3780541421765594,0.3766214101430633,0.3723210751717097,0.3651447063291857,0.3550723125075126,0.3420616656268697,0.3260286128409061,0.3068113479710029,0.28409837252589537,0.25726710158512295,0.22494428896758006,0.18332257242877076,0.10880982383605872,,,,,,,,0.08324586398347919
68460.0,0.3776147565875346,0.37618438476791927,0.3718911097875395,0.3647264453545858,0.35467030580941167,0.3416803493808073,0.32567230374617795,0.3064842445395713,0.28380463395594074,0.2570109592431347,0.2247303597316852,0.18315638207034632,0.1086788334524156,,,,,,,,0.08316188241300064
68520.0,0.3771764997527822,0.37574848142264194,0.3714622463485118,0.36430925312505913,0.3542693219598371,0.3412999979242404,0.32531688984249113,0.30615795587307154,0.2835116195336068,0.25675544081708823,0.2245169448451678,0.1829905875589283,0.10854813238845934,,,,,,,,0.08307819165918355
68580.0,0.3767393678034499,0.3753136962622416,0.37103448108080456,0.36389312598408,0.35386935746368453,0.34092060796507423,0.3249623680794729,0.30583247919847134,0.2832193267960066,0.2565005441835436,0.22430404254726596,0.1828251875016812,0.10841771960006896,,,,,,,,0.0829947905162975
68640.0,0.3763033568862548,0.3748800254572004,0.3706078102257778,0.36347806028982843,0.3534704088399122,0.340542176224489,0.3246087354191251,0.30550781175411224,0.2829277532904956,0.2562462672279734,0.22409165108456275,0.18266018051153105,0.10828759404753173,,,,,,,,0.08291167778347595
68700.0,0.37586846316341416,0.3744474651934035,0.3701822300399043,0.3630640524151258,0.35307247262147945,0.3401646994368851,0.3242559888357716,0.30518395078965604,0.28263689632539923,0.2559926078447096,0.22387976871095036,0.18249556520716081,0.1081577546955519,,,,,,,,0.08282885226473598
68760.0,0.3754346828125767,0.37401601167207094,0.36975773679470564,0.36265109874737034,0.3526755453552869,0.33978817434982567,0.3239041253160054,0.30486089356603396,0.2823467455527983,0.2557395639368948,0.22366839368759608,0.18233134021300368,0.10802820051326165,,,,,,,,0.08274631276899594
68820.0,0.3750020120267565,0.3735856611096914,0.3693343267766846,0.3622391956884759,0.352279623602118,0.33941259772398286,0.3235531418586366,0.3045386373553938,0.28205730673382234,0.25548713341643137,0.22345752428290805,0.18216750415923522,0.1078989304742259,,,,,,,,0.08266405811009006
68880.0,0.37457044701426295,0.3731564097379538,0.36891199628726,0.36182833965480643,0.35188470393657806,0.33903796633308125,0.3232030354746393,0.30421717944104854,0.28176857745620165,0.25523531420393325,0.22324715877250165,0.18200405568176528,0.107769943556449,,,,,,,,0.08258208710677997
68940.0,0.37413998399863385,0.37272825380367947,0.36849074164270085,0.3614185270771145,0.35149078294703584,0.3386642769638425,0.3228538031870995,0.3038965171174233,0.28148055531764404,0.25498410422867773,0.2230372954391662,0.18184098600292703,0.1076412387423753,,,,,,,,0.08250039858276466
69000.0,0.37371061921856824,0.3723011895687565,0.36807055917406034,0.3610097544004772,0.3510978572355632,0.33829152641592986,0.3225054420311613,0.30357664769000503,0.2811932379257838,0.2547335014285576,0.22282793257283204,0.18167824618349818,0.10751281501889078,,,,,,,,0.0824189913666883
69060.0,0.3732823489278584,0.3718752133100725,0.3676514452271122,0.3606020180842353,0.3507059234178775,0.337919711501893,0.32215794905397543,0.3032575684752888,0.28090662289812995,0.2544835037500355,0.22261906847053803,0.18151588996721874,0.10738467137732127,,,,,,,,0.08233786429214457
69120.0,0.3728551693953248,0.37145032131944855,0.3672333961622845,0.36019531460192966,0.3503149781232822,0.33754882904711275,0.32181132131464596,0.30293927680072813,0.2806207078620159,0.25423410914809774,0.2224107014364,0.18135391601271558,0.10725680681343022,,,,,,,,0.08225701619768067
69180.0,0.37242907690474863,0.3710265099035739,0.36681640835459683,0.3597896404412413,0.34992501799460896,0.33717887588974715,0.3214655558841789,0.3026217700046833,0.2803354904545496,0.2539853155862098,0.22220282978157843,0.18119232298429078,0.10712922032741391,,,,,,,,0.08217644592679935
69240.0,0.3720040677548058,0.37060377538393974,0.36640047819359617,0.35938499210392844,0.3495360396881591,0.33680984888067494,0.3211206498454285,0.30230504543636944,0.280050968322563,0.2537371210362709,0.22199545182424718,0.1810311095519085,0.10700191092389603,,,,,,,,0.08209615232795806
69300.0,0.37158013825900255,0.37018211409677454,0.36598560208329206,0.3589813661057667,0.349148039873646,0.3364417448834425,0.3207766002930461,0.30198910045580674,0.279767139122564,0.2534895234785719,0.2217885658895623,0.1808702743911796,0.1068748776119212,,,,,,,,0.08201613425456837
69360.0,0.37115728474560816,0.3697615223929796,0.3655717764420945,0.35857875897648667,0.3487610152341373,0.33607456077420844,0.3204334043334281,0.30167393243376905,0.2794840005206869,0.25324252090175015,0.22158217030963134,0.18070981618334697,0.10674811940494776,,,,,,,,0.08193639056499344
69420.0,0.37073550355759166,0.36934199663806344,0.365158997702751,0.35817716725971516,0.34837496246599736,0.33570829344168945,0.3200910590846634,0.3013595387517342,0.27920155019264375,0.25299611130274885,0.2213762634234818,0.18054973361526944,0.10662163532083714,,,,,,,,0.0818569201225434
69480.0,0.37031479105255655,0.3689235332120787,0.3647472623122831,0.35777658751291364,0.34798987827883004,0.33534293978710583,0.31974956167648133,0.3010459168018326,0.27891978582367793,0.25275029268677324,0.2211708435770313,0.18039002537940482,0.10649542438184562,,,,,,,,0.08177772179547033
69540.0,0.3698951436026763,0.36850612850955783,0.3643365667319246,0.35737701630731883,0.3476057593954219,0.33497849672412855,0.31940890925020154,0.3007330639867994,0.27863870510851496,0.25250506306725046,0.22096590912305702,0.18023069017379395,0.10636948561461225,,,,,,,,0.081698794456963
69600.0,0.3694765575946307,0.36808977893945,0.36392690743705974,0.35697844870677853,0.3472226025516847,0.3346149611788232,0.31906909560731705,0.30042097771992204,0.278358305751317,0.2522604119293693,0.22076145842116526,0.18007172670204225,0.10624250002367575,,,,,,,,0.08162013698513888
69660.0,0.36905902942954166,0.3676744809250573,0.3635182809171605,0.35658088216614287,0.34684040449660003,0.3342523300895988,0.31873011979676347,0.30010965542499407,0.2780785854656348,0.25201634209536267,0.2205574898377617,0.1799131336733027,0.10611520182014174,,,,,,,,0.08154174826303572
69720.0,0.3686425555229106,0.36726023090397214,0.3631106836757265,0.35618431396930916,0.3464591619921616,0.33389060040715207,0.31839198047388567,0.2997990945362628,0.2777995419743632,0.25177285537038585,0.22035400174602132,0.1797549098022568,0.10598817088514731,,,,,,,,0.08146362717860396
69780.0,0.36822713230455517,0.3668470253280151,0.3627041122302228,0.35578874074199174,0.3460788718133197,0.33352976909441534,0.31805467482579763,0.2994892924983827,0.27752117300969353,0.25152994980027543,0.2201509925258587,0.17959705380909624,0.10586140628759778,,,,,,,,0.08138577262469637
69840.0,0.36781275621854553,0.3664348606631722,0.36229856311201947,0.35539415912338534,0.34569953074792553,0.3331698331265024,0.3177182000509469,0.2991802467663659,0.2772434763130695,0.2512876234388895,0.2199484605638983,0.1794395644195038,0.10573490710060361,,,,,,,,0.08130818349905669
69900.0,0.36739942372314377,0.3660237333895329,0.36189403286633154,0.35500056576610506,0.34532113559667466,0.33281078949065646,0.3173825533590635,0.29887195480553375,0.2769664496351415,0.25104587434806663,0.2197464042534454,0.17928244036463395,0.10560867240146547,,,,,,,,0.08123085870431024
69960.0,0.36698713129074045,0.36561364000122903,0.36149051805215726,0.35460795733612865,0.34494368317305235,0.33245263518619617,0.3170477319711094,0.29856441409146917,0.2766900907357226,0.25080470059758847,0.21954482199445596,0.1791256803810931,0.1054827012716579,,,,,,,,0.08115379714795191
70020.0,0.3665758754077933,0.365204577006373,0.3610880152422203,0.35421633051273976,0.34456717030327744,0.3320953672244635,0.31671373311922946,0.2982576221099678,0.27641439738374285,0.25056410026514064,0.21934371219350812,0.17896928321091973,0.10535699279681476,,,,,,,,0.08107699774233201
70080.0,0.36616565257476524,0.364796540926997,0.36068652102290794,0.35382568198846887,0.34419159382624764,0.33173898262877144,0.31638055404669957,0.297951576356992,0.2761393673572071,0.2503240714362755,0.2191430732637725,0.17881324760156384,0.10523154606671234,,,,,,,,0.08100045940464567
70140.0,0.3657564593060648,0.364389528298992,0.36028603199421333,0.3534360084690363,0.34381695059348477,0.33138347843435073,0.3160481920078778,0.2976462743386228,0.27586499844315004,0.2500846122043739,0.21894290362498364,0.1786575723058669,0.10510636017525474,,,,,,,,0.08092418105691981
70200.0,0.36534829212998265,0.3639835356720482,0.35988654476967485,0.35304730667329626,0.3434432374690796,0.3310288516882986,0.315716644268155,0.29734171357101147,0.2755912884375933,0.24984572067060812,0.21874320170341088,0.1785022560820406,0.10498143422045461,,,,,,,,0.0808481616259964
70260.0,0.3649411475886337,0.36357855960959345,0.3594880559763192,0.35265957333317766,0.3430704513296378,0.33067509944952633,0.3153859081039036,0.2970378915803355,0.2753182351455029,0.2496073949439048,0.2185439607811061,0.17834729769364632,0.1048567673044171,,,,,,,,0.08077240004352057
70320.0,0.3645350222378952,0.36317459668873464,0.3590905622546009,0.35227280519363,0.34269858906422523,0.3303222187887075,0.3150559808024307,0.2967348059027499,0.27504583638074587,0.24936963314090843,0.21834516757927128,0.178192695909574,0.10473235853332398,,,,,,,,0.08069689524592816
70380.0,0.3641299126473467,0.3627716435001983,0.3586940602583448,0.3518869990125651,0.342327647574314,0.32997020678822664,0.3147268596619272,0.296432454084342,0.2747740899660485,0.24913243338594437,0.21814683744840482,0.1780384495040208,0.10460820701741498,,,,,,,,0.08062164617442519
70440.0,0.3637258154002119,0.36236969664826957,0.3582985466546888,0.35150215156080145,0.3419576237737291,0.3296190605421274,0.31439854199141964,0.29613083368108506,0.27450299373295406,0.24889579381098315,0.2179489688405401,0.1778845572564693,0.10448431187096918,,,,,,,,0.0805466517749753
70500.0,0.3633227270932976,0.3619687527507357,0.3579040181240242,0.35111825962200943,0.34158851458859396,0.3292687771560617,0.31407102511072127,0.2958299422587926,0.27423254552178145,0.2486597125556045,0.2177515602141028,0.1777310179516665,0.10436067221228934,,,,,,,,0.08047191099828928
70560.0,0.36292064433693505,0.3615688084388253,0.3575104713599406,0.35073531999265345,0.3412203169572773,0.3289193537472385,0.313744306350384,0.29552977542479236,0.2739627431815829,0.24842418776696118,0.2175546100338815,0.17757783037960176,0.10423728716368147,,,,,,,,0.08039742279980053
70620.0,0.3625195637549222,0.3611698603571514,0.3571179030691661,0.3503533294819383,0.3408530278303402,0.3285707874443731,0.31341838305164954,0.2952303286417098,0.2736935845701039,0.24818921759974413,0.2173581167710002,0.177424993335485,0.10411415585143811,,,,,,,,0.08032318613964973
70680.0,0.3621194819844633,0.36077190516365204,0.3567263099715126,0.3499722849117536,0.34048664417048286,0.3282230753876367,0.31309325256640236,0.29493160361003756,0.27342506755374163,0.2479548002161471,0.21716207890288952,0.17727250561972463,0.10399127740581936,,,,,,,,0.08024919998268003
70740.0,0.3617203956761105,0.3603749395295317,0.35633568879981603,0.349592183116616,0.3401211629524896,0.3278762147286038,0.31276891225711934,0.2946335979344458,0.2731571900075034,0.24772093378583057,0.21696649491325856,0.17712036603790526,0.10386865096103384,,,,,,,,0.08017546329840786
70800.0,0.36132230149371086,0.359978960139209,0.3559460362998857,0.3492130209436217,0.33975658116318297,0.32753020263020766,0.31244535949682783,0.29433630922922494,0.2728899498149703,0.24748761648589052,0.21677136329206895,0.17696857340076727,0.10374627565522276,,,,,,,,0.08010197506100342
70860.0,0.36092519611433777,0.3595839636902485,0.3555573492304377,0.34883479525238026,0.33939289580135945,0.32718503626668083,0.31212259166904854,0.29403973511823056,0.2726233448682498,0.2472548465008175,0.21657668253550208,0.1768170730641322,0.10362415063043588,,,,,,,,0.08002873424928847
70920.0,0.3605290762282475,0.35918994689331746,0.3551696243630523,0.34845750291497374,0.3390301038777517,0.3268407128235169,0.31180060616776095,0.29374387323485174,0.27235737306794516,0.24702262202247038,0.21638245114593763,0.17666590885856145,0.10350227503261948,,,,,,,,0.07995573984671536
70980.0,0.3601339385388152,0.3587969064721217,0.3547828584821113,0.3480811408158961,0.3386682024149689,0.32649722949741505,0.31147940039734884,0.2934487212219613,0.2720920323231114,0.24679094125003811,0.21618866763192307,0.1765150881437584,0.1033806480115939,,,,,,,,0.07988299084133306
71040.0,0.35973977976247556,0.3584048391633486,0.3543970483847409,0.3477057058519977,0.3383071884474441,0.32615458349622906,0.311158971772554,0.29315427673187117,0.27182732055121456,0.24655980239000522,0.21599533050814462,0.1763646097507325,0.10325926872103415,,,,,,,,0.07981048622578717
71100.0,0.3593465966286681,0.3580137417166099,0.35401219088075764,0.34733119493243275,0.33794705902138356,0.32581277203891923,0.31083931771842965,0.29286053742629004,0.27156323567809343,0.2463292036561182,0.2158024382954005,0.17621447251553543,0.10313813631845112,,,,,,,,0.07973822499730535
71160.0,0.35895438587978123,0.3576236108943883,0.35362828279261416,0.34695760497860695,0.33758781119471565,0.3254717923555044,0.310520435670295,0.29256750097628137,0.2712997756379218,0.2460991432693531,0.21560998952057409,0.17606467527923914,0.10301724996517365,,,,,,,,0.07966620615765975
71220.0,0.3585631442710965,0.3572344434719814,0.35324532095534483,0.34658493292412385,0.33722944203704086,0.32513164168701253,0.3102023230736897,0.2922751650622199,0.2710369383731697,0.24586961945788194,0.21541798271660623,0.17591521688791342,0.10289660882632932,,,,,,,,0.07959442871315879
71280.0,0.3581728685707322,0.3568462362374454,0.3528633022165107,0.3462131757147324,0.33687194846793667,0.32479231728543295,0.30988497738432763,0.2919835273737501,0.27077472137683956,0.24564063045703977,0.21522641642246831,0.17576609619260364,0.10277609018822118,,,,,,,,0.07952289167464412
71340.0,0.35778355555958824,0.3564589859915403,0.3524822234361455,0.3458423303082741,0.33651532505889614,0.32445381641366716,0.3095683960680508,0.2916925856097431,0.27051311546488155,0.24541217450929156,0.21503528918313486,0.17561731204930772,0.10265378769431102,,,,,,,,0.0794515940574533
71400.0,0.35739520203129005,0.3560726895476749,0.35210208148670136,0.34547239367463,0.33615957160543825,0.3241161363454809,0.309252576600785,0.2914023374782546,0.2702521262220705,0.24518424986419965,0.21484459954955618,0.1754688633189542,0.10253172584352292,,,,,,,,0.07938053488139744
71460.0,0.3570078047921337,0.35568734373185146,0.3517228732529948,0.34510336279566856,0.33580468522330864,0.32377927436545656,0.3089375164684937,0.29111278069648355,0.2699917516236253,0.2449568547783908,0.21465434607863212,0.17532074886737947,0.10240990384240313,,,,,,,,0.07930971317076532
71520.0,0.3566213606610323,0.35530294538261226,0.35134459563215414,0.3447352346651944,0.3354506630396723,0.32344322776894513,0.30862321316713337,0.2908239129907305,0.26973198965287204,0.24472998751552438,0.21446452733318427,0.17517296756530545,0.10228832090107559,,,,,,,,0.07923912795429659
71580.0,0.35623586646945926,0.3549194913509843,0.3509672455335653,0.34436800628889586,0.33509750219306295,0.3231079938620185,0.308309664202609,0.29053573209635586,0.2694728383012065,0.24450364634625996,0.21427514188193011,0.17502551828831714,0.10216697623322248,,,,,,,,0.07916877826514444
71640.0,0.3558513190613955,0.35453697850042587,0.3505908198788186,0.3440016746842929,0.334745199833334,0.32277356996142315,0.30799686709073,0.2902482357577392,0.26921429556805754,0.24427782954822516,0.21408618829945567,0.17487839991684037,0.10204586905606475,,,,,,,,0.07909866314087724
71700.0,0.3554677152932753,0.35415540370677273,0.35021531560165725,0.3436362368806872,0.3343937531216091,0.3224399533945318,0.3076848193571645,0.2899614217282383,0.26895635946084995,0.24405253540598407,0.21389766516618902,0.17473161133611903,0.10192499859034339,,,,,,,,0.07902878162346891
71760.0,0.35508505203393176,0.35377476385818435,0.34984072964792284,0.3432716899191094,0.33404315923023264,0.32210714149929714,0.30737351853739675,0.2896752877701479,0.2686990279949681,0.24382776221100536,0.21370957106837427,0.174585151436193,0.10180436406030044,,,,,,,,0.07895913275925358
71820.0,0.3547033261645432,0.35339505585509073,0.3494670589755047,0.3429080308522695,0.3336934153427208,0.3217751316242055,0.3070629621766825,0.2893898316546604,0.26844229919371976,0.24360350826163085,0.21352190459804435,0.17443901911187573,0.10168396469365977,,,,,,,,0.07888971559891245
71880.0,0.3543225345785806,0.3530162766101394,0.3490943005542864,0.34254525674450514,0.33334451865371284,0.3214439211282299,0.3067531478300055,0.28910505116182456,0.26818617108829973,0.24337976565056413,0.21333466435299547,0.17429321326273212,0.10156379972160916,,,,,,,,0.07882052919748163
71940.0,0.35394267418175374,0.3526384230481425,0.3487224513660948,0.34218336467173177,0.3329964663689228,0.32111350738078376,0.3064440730620346,0.2888209440805055,0.2679306417177539,0.24315653320742553,0.21314784893676045,0.17414773279305581,0.10144386837878003,,,,,,,,0.07875157261431298
72000.0,0.35356374189195844,0.35226149210602403,0.3483515084046478,0.3418223517213922,0.3326492557050904,0.3207838877616754,0.306135735447079,0.28853750820834584,0.26767570912894356,0.24293381496764388,0.21296145695858273,0.17400257661184754,0.10132416990322958,,,,,,,,0.0786828449130372
72060.0,0.3531857346392243,0.3518854807327681,0.34798146867550284,0.3414622149924061,0.33230288388993345,0.3204550596610614,0.30582813256904734,0.2882547413517251,0.26742137137651,0.2427116092566794,0.21277548703339033,0.17385774363279227,0.10120470353642166,,,,,,,,0.07861434516157834
72120.0,0.3528086493656614,0.35151038588936606,0.3476123291960062,0.34110295159512094,0.3319573481620999,0.3201270204794019,0.3055212620214035,0.2879726413257205,0.26716762652283904,0.24248991440671036,0.21258993778177018,0.1737132327742378,0.1010854685232089,,,,,,,,0.07854607243213792
72180.0,0.35243248302540925,0.3511362045487648,0.3472440869952414,0.3407445586512619,0.3316126457711195,0.31979976762741463,0.305215121407124,0.2876912059540685,0.26691447263802554,0.2422687287566029,0.2124048078299419,0.17356904295917228,0.10096646411181391,,,,,,,,0.07847802580113696
72240.0,0.35205723258458377,0.3507629336958157,0.34687673911397837,0.3403870332938824,0.33126877397735727,0.31947329852602946,0.3049097083386564,0.2874104330691245,0.2666619077998392,0.24204805065188031,0.21222009580973214,0.17342517311520197,0.10084768955380854,,,,,,,,0.0784102043492151
72300.0,0.35168289502122607,0.3503905703272221,0.3465102826046235,0.340030372667315,0.33092573005196535,0.3191476106063443,0.30460502043787674,0.28713032051182535,0.266409930093689,0.24182787844469275,0.2120358003585496,0.17328162217452983,0.10072914410409993,,,,,,,,0.07834260716124807
72360.0,0.3513094673252515,0.350019111451489,0.34614471453116874,0.3396745739271228,0.33058351127683566,0.31882269809570574,0.3043010553360472,0.28685086613165006,0.2661585376125892,0.2416082104937875,0.21185190078258248,0.17313838907393334,0.10061082702090861,,,,,,,,0.07827523332628931
72420.0,0.3509369464983966,0.3496485540888719,0.34578003196914137,0.3393196342400499,0.33024211494455413,0.31849856129554976,0.30399781067377485,0.28657206778658123,0.2659077284571243,0.24138904516447882,0.21166841285589405,0.1729954727547424,0.10049273756575061,,,,,,,,0.07820808193752997
72480.0,0.35056532955417047,0.34927889527132544,0.3454162320055546,0.3389655507839735,0.3299015383583532,0.3181751980405942,0.30369528410097,0.2862939233430676,0.26565750073541555,0.24117038082861772,0.21148533747790527,0.172852872162818,0.10037487500342011,,,,,,,,0.07814115209233798
72540.0,0.3501946135178015,0.3489101320424536,0.3450533117388574,0.33861232074785524,0.3295617788320651,0.3178526058021243,0.30339347327680477,0.2860164306759856,0.2654078525630864,0.2409522158645631,0.2113026733080131,0.17271058624853003,0.10025723860197226,,,,,,,,0.07807444289223545
72600.0,0.34982479542618905,0.34854226145745903,0.3446912682788852,0.33825994133169324,0.3292228336900761,0.31753078206137064,0.30309237586967175,0.28573958766860125,0.2651587820632284,0.24073454865715171,0.21112041901106954,0.17256861396673606,0.10013982763270363,,,,,,,,0.07800795344281307
72660.0,0.34945587232785125,0.3481752805830927,0.34433009874681064,0.337908409746474,0.3288847002672804,0.3172097243094661,0.3027919895571431,0.2854633922125334,0.2649102873663682,0.24051737759766875,0.21093857325735663,0.1724269542767594,0.10002264137013314,,,,,,,,0.07794168285375037
72720.0,0.3490878412828757,0.3478091864976049,0.34396980027509444,0.33755772321412475,0.3285473759090336,0.31688943004740194,0.3024923120259303,0.2851878422077155,0.2646623666104337,0.2403007010838187,0.21075713472256183,0.17228556551460827,0.09990567909198698,,,,,,,,0.07787563023885874
72780.0,0.3487206993628694,0.34744397629069457,0.3436103700074366,0.3372078789674661,0.32821085797110805,0.31656989678598424,0.30219334097184325,0.2849129355623585,0.26441501794072036,0.24008451751969673,0.2105761020877528,0.17214446639521108,0.09978894007918149,,,,,,,,0.07780979471598534
72840.0,0.3483544436509091,0.3470796470634601,0.34325180509872766,0.3368588742501645,0.32787514381964644,0.31625112204579126,0.30189507409974914,0.28463867019291494,0.26416823950985846,0.2398688253157589,0.21039547403935285,0.17200367685359932,0.09967242361580056,,,,,,,,0.07774417540695736
72900.0,0.347989071241492,0.34671619592835096,0.34289410271500076,0.33651070631668534,0.327540230831117,0.31593310335713,0.3015975091235339,0.2843650440240401,0.2639220294777799,0.2396536228887938,0.21021524926911658,0.1718631958666114,0.09955612898908137,,,,,,,,0.07767877143767717
72960.0,0.34762457924048534,0.34635362000911724,0.34253726003338253,0.3361633724322459,0.32720611639226865,0.31561583825999356,0.30130064376606064,0.2840920549885572,0.2636763860116856,0.23943890866189416,0.210035426474105,0.1717230224154444,0.09944005548939899,,,,,,,,0.07761358193809578
73020.0,0.3472609647650789,0.345991916440762,0.34218127424204586,0.335816869872769,0.3268727979000853,0.31529932430401875,0.3010044736696404,0.2838197010274199,0.26343130728601205,0.23922468106442762,0.2098560043566612,0.17158315548563308,0.09932306300825805,,,,,,,,0.07754860604205642
73080.0,0.3468982249437352,0.34563108236949247,0.3418261425401622,0.335471195924836,0.3265402727617419,0.31498355904844333,0.3007089962644167,0.283547980089676,0.2631867914824002,0.23901093853200894,0.20967698162438633,0.1714435940670288,0.0992049754092281,,,,,,,,0.07748384288735183
73140.0,0.34653635691614126,0.3452711149526711,0.34147186213785335,0.33512634788564105,0.3262085383945604,0.31466854006206463,0.3004142117111322,0.2832768901324324,0.2629428367896615,0.2387976795064715,0.20949835699011504,0.1713043371537783,0.09908710463000243,,,,,,,,0.0774192916158449
73200.0,0.3461753578331596,0.3449120113587682,0.34111843025614436,0.33478232306294486,0.32587759222596413,0.31435426492319635,0.30012011776812564,0.28300642912081764,0.2626994414037468,0.23858490243583907,0.2093201291718917,0.17116538374430348,0.09896945000166113,,,,,,,,0.07735495137329004
73260.0,0.3458152248567809,0.34455376876731336,0.34076584412691674,0.33443911877502874,0.3255474316934348,0.3140407312196281,0.299826712202517,0.2827365950279473,0.2624566035277141,0.23837260577429814,0.20914229689294625,0.17102673284127953,0.09885201085819037,,,,,,,,0.07729082130921128
73320.0,0.34545595516007527,0.3441963843688481,0.3404141009928611,0.334096732350649,0.32521805424446837,0.3137279365485829,0.2995339927901685,0.2824673858348878,0.2622143213716965,0.23816078798216964,0.20896485888167018,0.1708883834516152,0.09873478653647141,,,,,,,,0.07722690057713721
73380.0,0.3450975459271445,0.3438398553648782,0.3400631981074304,0.3337551611289915,0.3248894573365314,0.31341587851667585,0.2992419573156458,0.28219879953062177,0.2619725931528703,0.23794944752588162,0.20878781387159304,0.17075033458643155,0.09861777637626838,,,,,,,,0.07716318833460303
73440.0,0.3447399943530753,0.34348417896782646,0.33971313273479375,0.3334144024596268,0.3245616384370176,0.31310455473987353,0.2989506035721802,0.2819308341120114,0.26173141709542436,0.23773858287794128,0.2086111606013586,0.1706125852610414,0.09850097972020404,,,,,,,,0.07709968374279481
73500.0,0.34438329764389103,0.3431293524009854,0.33936390214978984,0.3330744537024642,0.32423459502320434,0.3127939628434525,0.2986599293616294,0.2816634858382624,0.26149079143052767,0.2375281925169078,0.20843489781470112,0.17047513449492932,0.09838439591373972,,,,,,,,0.07703638596665419
73560.0,0.3440274530165042,0.34277537289847065,0.3390155036378805,0.3327353122277078,0.32390832458220997,0.3124841004619586,0.2983699324944401,0.28139675047280266,0.2612507143962982,0.237318274927365,0.2082590242604223,0.17033798131173059,0.0982680243051701,,,,,,,,0.07697329417525019
73620.0,0.34367245769867133,0.3424222377051738,0.3386679344951059,0.3323969754158116,0.3235828246109503,0.3121749652391664,0.2980806107896104,0.28113063004341443,0.261011184237773,0.23710882859989385,0.2080835386923674,0.17020112473921117,0.09815186424560697,,,,,,,,0.07691040754143133
73680.0,0.34331830892894444,0.3420699440767164,0.3383211920280374,0.33205944065743453,0.32325809261609717,0.3118665548280384,0.29779196207465125,0.2808651225780896,0.26077219920687583,0.23689985203104563,0.2079084398694024,0.17006456380924787,0.09803591508894806,,,,,,,,0.0768477252414311
73740.0,0.34296500395662466,0.34171848927940396,0.337975273553733,0.33172270535339715,0.3229341261140342,0.31155886689068535,0.29750398418554935,0.280600226112528,0.26053375756238684,0.2366913437233151,0.20773372655539066,0.1699282975578073,0.09792017619186479,,,,,,,,0.07678524645546853
73800.0,0.34261254004171704,0.3413678705901783,0.33763017639969134,0.3313867669146368,0.3226109226308161,0.31125189909832585,0.2972166749667298,0.28033593869010154,0.26029585756991264,0.2364833021851134,0.20755939751916958,0.16979232502492678,0.09780464691380689,,,,,,,,0.07672297036794166
73860.0,0.3422609144548835,0.3410180852965735,0.33728589790380775,0.33105162276216404,0.32228847970212576,0.3109456491312469,0.2969300322710191,0.2800722583618218,0.26005849606648235,0.2362757259307414,0.20738545153452811,0.16965664525469368,0.0976893266169705,,,,,,,,0.0766608961663736
73920.0,0.3419101244773965,0.34066913069666965,0.3369424354143279,0.33071727032701914,0.32196679487323243,0.31064011467876307,0.29664405395960775,0.2798091831863051,0.2598216664675038,0.23606861348036337,0.20721188738018378,0.16952125729522582,0.0975742146662709,,,,,,,,0.07659902304194463
73980.0,0.34156016740109485,0.3403210040990465,0.33659978628980364,0.3303837070502282,0.32164586569894993,0.31033529343917854,0.29635873790201356,0.27954671122973945,0.2595853733734879,0.2358619633599804,0.20703870383975964,0.1693861601986517,0.09745931042934566,,,,,,,,0.07653735019027176
74040.0,0.3412110405283367,0.3399737028227394,0.33625794789904917,0.3300509303827606,0.3213256897435956,0.31003118311974687,0.29607408197604546,0.2792848405658506,0.25934961507699295,0.23565577410140387,0.2068658997017618,0.1692513530210905,0.09734461327653093,,,,,,,,0.07647587681024205
74100.0,0.3408627411719545,0.3396272241971937,0.3359169176210958,0.3297189377854851,0.3210062645809484,0.3097277814366316,0.2957900840677664,0.279023569275869,0.25911438987725205,0.23545004424222968,0.20669347375955724,0.1691168348226332,0.09723012258084111,,,,,,,,0.07641460210373895
74160.0,0.3405152666552105,0.33928156556221967,0.3355766928451481,0.32938772672912753,0.32068758779420775,0.3094250861148686,0.29550674207145755,0.2787628954484965,0.25887969608014405,0.235244767370011,0.20652142481135072,0.16898260466732218,0.09711583771796647,,,,,,,,0.07635352527730103
74220.0,0.34016861431175166,0.33893672426794813,0.3352372709705402,0.32905729469422773,0.32036965697595354,0.30912309488832557,0.2952240538895819,0.27850281717987296,0.25864553199816326,0.2350399403843203,0.20634975166016273,0.16884866162313225,0.09700175806625576,,,,,,,,0.0762926455410944
74280.0,0.3398227814855641,0.3385926976747859,0.33489864940669173,0.32872763917109765,0.3200524697281037,0.3088218054996648,0.29494201743274834,0.27824333257354406,0.2584118959503906,0.23483556846561845,0.20617845311380745,0.16871500476195125,0.0968878830066823,,,,,,,,0.07623196210772892
74340.0,0.3394777655309294,0.3382494831533715,0.3345608255730644,0.3283987576597783,0.31973602366187526,0.30852121570030444,0.294660630619676,0.27798443974042836,0.2581787862624642,0.23463165017432167,0.20600752798487007,0.1685816331595607,0.09677421192284838,,,,,,,,0.07617147419440032
74400.0,0.3391335638123802,0.33790707808453074,0.3342237968991191,0.32807064766999816,0.31942031639774293,0.3082213232503798,0.2943798913771587,0.2777261367987841,0.2579462012665497,0.2344281840765015,0.2058369619002529,0.16844854589561684,0.09666074420097273,,,,,,,,0.0761111810222269
74460.0,0.33879017370465564,0.33756547985923385,0.33388756082427185,0.32774330672113094,0.319105345565399,0.3079221259187059,0.2940997976400294,0.27746842187417764,0.25771413930131204,0.2342251687438597,0.20566675892472275,0.16831574205363126,0.09654747922985785,,,,,,,,0.07605108181465126
74520.0,0.33844759259265766,0.33722468587855037,0.3335521147978518,0.327416732342154,0.31879110880371386,0.30762362148273914,0.29382034735112494,0.27721129309945086,0.25748259871188584,0.23402260275370237,0.20549692586534218,0.16818322072095207,0.09643441640087949,,,,,,,,0.07599117579930521
74580.0,0.33810581787140737,0.33688469355360673,0.3332174562790574,0.3270909220716072,0.31847760376069556,0.30732580772854,0.293541538461251,0.2769547486146892,0.2572515778498471,0.2338204846889153,0.20532746155348305,0.16805094973310056,0.09632155510798718,,,,,,,,0.07593146220793381
74640.0,0.33776484694600134,0.33654550030554237,0.332883582736915,0.3267658734575506,0.31816482809345037,0.3070286824507353,0.2932633689291472,0.27669878656718955,0.2570210750731845,0.23361881313793822,0.2051583648251795,0.16791892955847784,0.09620889474767877,,,,,,,,0.07587194027486963
74700.0,0.3374246772315683,0.3362071035654669,0.3325504916502356,0.3264415840575241,0.3178527794681432,0.3067322434524808,0.2929858367214522,0.27644340511142834,0.25679108874627077,0.23341758669474041,0.20498963452110655,0.16778718925758296,0.09609643471898494,,,,,,,,0.07581260923789454
74760.0,0.33708530615322563,0.33586950077441696,0.332218180507573,0.32611805143850614,0.3175414555599588,0.30643648854542427,0.2927089398126694,0.2761886024090306,0.25656161723983456,0.23321680395879582,0.20482126948655877,0.1676557279327832,0.09598157794171183,,,,,,,,0.07575346833929547
74820.0,0.33674673114603726,0.3355326893833139,0.33188664680718183,0.3257952731768732,0.31723085405306145,0.3061414155496683,0.2924326761851321,0.2759343766287376,0.256332658930932,0.2330164635350576,0.20465326857142832,0.1675245446901886,0.0958666841751707,,,,,,,,0.07569451682406848
74880.0,0.3364089496549695,0.33519666685292065,0.33155588805697556,0.3254732468583582,0.3169209726405576,0.3058470222937336,0.29215704382896973,0.2756807259463763,0.2561042122029191,0.23281656403393455,0.2044856306301846,0.16739363863963377,0.09575198657358765,,,,,,,,0.07563575394027379
74940.0,0.33607195913484994,0.3348614306537995,0.33122590177448474,0.32515197007801167,0.31661180902445574,0.30555330661452235,0.29188204074207313,0.27542764854482754,0.255876275445423,0.23261710407126585,0.20431835452185249,0.16726300889465912,0.09563748457694111,,,,,,,,0.0755771789401984
75000.0,0.3357357570503238,0.33452697826627054,0.33089668548681606,0.32483144044016005,0.31630336091562855,0.30526026635728143,0.29160766493006135,0.27517514261399567,0.25564884705431523,0.2324180822682968,0.20415143910999164,0.16713265457249313,0.09552317762751437,,,,,,,,0.07551879107954715
75060.0,0.3354003408758127,0.3341933071803689,0.33056823673061075,0.3245116555583666,0.3159956260337745,0.3049678993755666,0.2913339144062472,0.2749232063507769,0.25542192543168335,0.232219497251655,0.20398488326267517,0.16700257479403358,0.09540906516986676,,,,,,,,0.07546058961655863
75120.0,0.33506570809547204,0.33386041489580326,0.33024055305200306,0.3241926130553908,0.3156886021073789,0.3046762035312062,0.29106078719160405,0.27467183795902916,0.2551955089858031,0.23202134765332535,0.2038186858524693,0.16687276868383039,0.09529514665085449,,,,,,,,0.07540257381329633
75180.0,0.33473185620314866,0.3335282989219143,0.3299136320065809,0.3238743105631489,0.3153822868736771,0.30438517669426496,0.2907882813147322,0.2744210356495416,0.2549695961311122,0.2318236321106271,0.2036528457564123,0.1667432353700663,0.09518142151963568,,,,,,,,0.075344742935782
75240.0,0.334398782702341,0.3331969567776334,0.3295874711593428,0.32355674572267507,0.315076678078615,0.30409481674300803,0.2905163948118257,0.27417079764000346,0.254744185288182,0.23162634926618877,0.2034873618559939,0.16661397398454011,0.09506788922759944,,,,,,,,0.07528709625263487
75300.0,0.3340664851061551,0.3328663859914408,0.3292620680846597,0.32323991618408066,0.3147717734768128,0.30380512156386646,0.29024512572663863,0.2739211221549749,0.2545192748836905,0.23142949776792524,0.20332223303713493,0.1664849836626486,0.09495454922836218,,,,,,,,0.07522963303565192
75360.0,0.3337349609372655,0.33253658410132536,0.32893742036623275,0.3229238196065162,0.31446757083152693,0.30351608905140015,0.28997447211045346,0.27367200742585523,0.2542948633503961,0.23123307626901363,0.20315745819016653,0.16635626354336838,0.0948414009778021,,,,,,,,0.07517235256069789
75420.0,0.33340420772787316,0.33220754865474333,0.32861352559705453,0.322608453658132,0.3141640679146123,0.3032277171082638,0.2897044320220466,0.2734234516908548,0.2540709491271095,0.23103708342786963,0.20299303620981018,0.1662278127692386,0.0947284439340091,,,,,,,,0.07511525410679072
75480.0,0.3330742230196641,0.33187927720857735,0.3282903813793685,0.3222938160160394,0.31386126250648544,0.3029400036451711,0.28943500352765683,0.2731754531949638,0.25384753065866833,0.23084151790812452,0.20282896599515737,0.1660996304863437,0.09461567755725293,,,,,,,,0.07505833695526914
75540.0,0.33274500436376986,0.33155176732909597,0.3279679853246286,0.3219799043662722,0.31355915239608784,0.30265294658086017,0.28916618470095246,0.27292801018992296,0.25362460639590917,0.2306463783786011,0.20266524644964912,0.1659717158442954,0.09450310131002215,,,,,,,,0.0750016003916831
75600.0,0.3324165493207258,0.3312250165919145,0.3276463350534611,0.3216667164037476,0.31325773538084845,0.30236654384205824,0.28889797362299874,0.2726811209341941,0.2534021747956422,0.23045166351329113,0.2025018764810562,0.16584406799621562,0.09439071465698992,,,,,,,,0.07494504370518831
75660.0,0.33208885546043115,0.3308990225819534,0.3273254281956234,0.321354249832229,0.312957009266647,0.3020807933634477,0.28863036838222605,0.2724347836929305,0.25318023432062414,0.23025737199133148,0.20233885500145943,0.16571668609871903,0.09427851706496793,,,,,,,,0.07488866618686979
75720.0,0.33176192036210933,0.33057378289339834,0.32700526238996624,0.321042502364287,0.3126569718677786,0.3017956930876308,0.28836336707439725,0.2721889967379478,0.2529587834395321,0.23006350249698185,0.20217618092722936,0.1655895693118963,0.09416650800292471,,,,,,,,0.0748324671316309
75780.0,0.3314357416142673,0.33024929512966195,0.3266858352843941,0.3207314717212616,0.3123576210069157,0.301511240965096,0.28809696780257665,0.27194375834769446,0.25273782062693767,0.2298700537196013,0.20201385317900653,0.1654627167992964,0.09405468694200894,,,,,,,,0.07477644583834003
75840.0,0.33111031681465514,0.3299255569033425,0.3263671445358255,0.3204211556332249,0.3120589545150734,0.30122743495418375,0.28783116867709746,0.2716990668072235,0.2525173443632811,0.22967702435362575,0.2018518706816823,0.16533612772791,0.09394305335546695,,,,,,,,0.07472060160809917
75900.0,0.3307856435702284,0.32960256583618536,0.3260491878101556,0.32011155183894313,0.3117609702315723,0.3009442730210517,0.28756596781553034,0.27145492040816255,0.25229735313484464,0.2294844130985448,0.20169023236437872,0.16520980126815252,0.09383160671863569,,,,,,,,0.07466493374500953
75960.0,0.3304617194971061,0.32928031955904363,0.32573196278221667,0.31980265808583924,0.3114636660040038,0.30066175313964194,0.2873013633426521,0.27121131744868643,0.2520778454337277,0.22929221865887997,0.2015289371604292,0.16508373659384715,0.09372034650899858,,,,,,,,0.07460944155727577
76020.0,0.33013854222053357,0.3289588157118388,0.3254154671357403,0.3194944721299555,0.3111670396881931,0.30037987329164645,0.2870373533904146,0.2709682562334871,0.2518588197578206,0.22910043974416133,0.2013679840073596,0.16495793288220817,0.09360927220613484,,,,,,,,0.07455412435587887
76080.0,0.3298161093748419,0.3286380519435224,0.3250996985633186,0.3191869917359171,0.31087108914816475,0.3000986314664744,0.2867739360979132,0.2707257350737463,0.2516402746107796,0.2289090750689057,0.2012073718468679,0.16483238931382424,0.09349838329165931,,,,,,,,0.07449898145423707
76140.0,0.32949441860340956,0.3283180259120365,0.32478465476636675,0.3188802146768942,0.310575812256107,0.2998180256612177,0.28651110961135523,0.2704837522871071,0.2514222085020008,0.22871812335259412,0.20104709962480619,0.16470710507264197,0.0933876792492735,,,,,,,,0.07444401216958633
76200.0,0.32917346755862376,0.32799873528427564,0.32447033345508447,0.31857413873456597,0.31028120689233624,0.2995380538806188,0.28624887208403077,0.2702423061976445,0.25120461994659576,0.22852758331964979,0.20088716629116077,0.16458207934594932,0.0932771595647635,,,,,,,,0.07438921582254725
76260.0,0.3288532539018416,0.32768017773604863,0.3241567323484191,0.31826876169908375,0.3099872709452626,0.2992587141370369,0.2859872216762802,0.2700013951358393,0.2509875074653656,0.22833745369941585,0.2007275708000334,0.16445731132435895,0.09316682372592286,,,,,,,,0.074334591735942
76320.0,0.32853377530335137,0.3273623509520399,0.3238438491740274,0.31796408136903465,0.30969400231135447,0.29898000445041556,0.2857261565554643,0.269761017438549,0.2507708695847765,0.22814773322613374,0.20056831210962242,0.1643328002017925,0.09305667122257931,,,,,,,,0.07428013923571729
76380.0,0.32821502944233505,0.3270452526257715,0.32353168166823854,0.31766009555140534,0.3094013988951038,0.29870192284824953,0.28546567489593433,0.2695211714489793,0.25055470483693415,0.22795842063892094,0.20040938918220375,0.16420854517546402,0.09294670154661906,,,,,,,,0.07422585765210009
76440.0,0.3278970140068294,0.3267288802066506,0.3232202270671897,0.3173568012891061,0.30910945755644936,0.29842446599936007,0.2852057731316329,0.26928185324916826,0.2503390086675973,0.22776951001068463,0.20025079236059687,0.1640845201854768,0.09283554115345242,,,,,,,,0.07417174631702424
76500.0,0.32757972669368857,0.32641323130352434,0.32290948291872085,0.3170541960934136,0.30881817578995646,0.2981476313931513,0.2849464487428851,0.2690430602755409,0.2501237783652494,0.22758099819283095,0.20009251710935588,0.1639607141567752,0.09272262590856452,,,,,,,,0.07411780456551373
76560.0,0.3272631652085461,0.32609830399308454,0.3225994477029336,0.3167522788862073,0.3085275530090399,0.29787141900703995,0.28468770238986035,0.2688047940886487,0.24990901683974986,0.22739289052646539,0.19993457456321997,0.1638371619131504,0.09260988927499046,,,,,,,,0.07406403173655932
76620.0,0.32694732726577763,0.3257840960038209,0.3222901191904627,0.3164510475076933,0.3082375871499189,0.29759582689837194,0.2844295322745338,0.26856705305678097,0.2496947226454746,0.22720518576994153,0.19977696370051445,0.1637138626646842,0.0924973307872886,,,,,,,,0.07401042717157381
76680.0,0.326632210588463,0.32547060507287295,0.32198149516043145,0.3161504998062988,0.3079482761566652,0.2973208531318835,0.28417193660572115,0.2683298355544389,0.24948089434231688,0.2270178826863815,0.19961968350354928,0.1635908156246706,0.0923849499817895,,,,,,,,0.07395699021432756
76740.0,0.3263178129083496,0.32515782894599415,0.3216735734004143,0.31585063363863614,0.30765961798116953,0.29704649577966835,0.28391491359904764,0.268093139962309,0.24926753049566291,0.22683098004365496,0.19946273295860142,0.16346802000960065,0.09227274639661194,,,,,,,,0.0739037202124624
76800.0,0.3260041319658147,0.32484576537751353,0.32136635170640165,0.315551446869469,0.30737161058310775,0.2967727529211473,0.28365846147691964,0.26785696466723585,0.24905462967636816,0.226644476614358,0.19930611105589674,0.16334547503914654,0.09216071957169389,,,,,,,,0.07385061651661118
76860.0,0.3256911655098291,0.3245344121303,0.32105982788276344,0.3152529373716753,0.30708425192990835,0.29649962264303537,0.2834025784684957,0.2676213080621959,0.2488421904607331,0.22645837117579207,0.19914981678959137,0.16322317993614607,0.09204886904869282,,,,,,,,0.07379767847948057
76920.0,0.3253789112979202,0.32422376697572586,0.3207539997422129,0.31495510302621504,0.30679753999671766,0.2962271030393111,0.28314726280965585,0.26738616854626995,0.24863021143047945,0.22627266250994282,0.1989938491577541,0.16310113392658687,0.09193719437101902,,,,,,,,0.07374490545712366
76980.0,0.32506736709613504,0.32391382769362975,0.32044886510577125,0.3146579417220934,0.30651147276636814,0.2959551922111853,0.2828925127429742,0.26715154452461726,0.24841869117272636,0.22608734940345965,0.19883820716234854,0.1629793362395918,0.09182569508386394,,,,,,,,0.07369229680905781
77040.0,0.32475653067900434,0.3236045920722809,0.32014442180273245,0.31436145135632704,0.3062260482293444,0.29568388826706954,0.28263832651768905,0.26691743440844923,0.24820762827996692,0.22590243064763482,0.19868288980921497,0.16285778610740262,0.09171437073413208,,,,,,,,0.07363985189697132
77100.0,0.32444639982950635,0.32329605790834326,0.31984066767062713,0.3140656298339105,0.30594126438375063,0.2954131893225454,0.28238470238967417,0.26668383661500256,0.2479970213500444,0.22571790503838268,0.19852789610805271,0.1627364827653656,0.0916032208704248,,,,,,,,0.07358757008523784
77160.0,0.3241369723390305,0.3229882230068395,0.3195376005551876,0.31377047506778144,0.30565711923527855,0.29514309350033374,0.2821316386214107,0.2664507495675136,0.24778686898612912,0.22553377137621938,0.19837322507240263,0.162615425451916,0.09149224504309605,,,,,,,,0.073535450741996
77220.0,0.323828246007341,0.3226810851811148,0.3192352183103129,0.31347598497878615,0.30537361079717373,0.2948735989302635,0.28187913348195787,0.266218171695192,0.24757716979669506,0.22535002846624225,0.19821887571962926,0.16249461340856294,0.09138144280419677,,,,,,,,0.07348349323777477
77280.0,0.32352021864254255,0.3223746422528025,0.31893351879803433,0.31318215749564654,0.30509073709020385,0.29460470374924186,0.28162718524692576,0.26598610143319545,0.2473679223954964,0.22516667511810953,0.1980648470709038,0.16237404587987475,0.09127081370743854,,,,,,,,0.0734316969453667
77340.0,0.3232128880610428,0.322068892051787,0.3186324998884799,0.31288899055492597,0.3048084961426264,0.29433640610122347,0.28137579219844533,0.26575453722260267,0.24715912540154483,0.2249837101460204,0.19791113815118616,0.16225372211346376,0.09116035730823745,,,,,,,,0.07338006124122366
77400.0,0.3229062520875189,0.3217638324161704,0.31833215945984,0.3125964821009961,0.30452688599015704,0.2940687041371797,0.28112495262514214,0.2655234775103894,0.24695077743908656,0.2248011323686943,0.19775774798920814,0.16213364135997133,0.09105007316369669,,,,,,,,0.073328585504534
77460.0,0.3226003085548803,0.32145946119223606,0.3180324953983333,0.31230463008600284,0.3042459046759366,0.29380159601506955,0.2808746648221073,0.26529292074940125,0.24674287713757895,0.22461894060935128,0.19760467561745576,0.16201380287305372,0.09093996083255244,,,,,,,,0.07327726911659513
77520.0,0.3222950553042354,0.3211557762344144,0.317733505598172,0.3120134324698338,0.3039655502505,0.2935350798998087,0.2806249270908696,0.2650628653983293,0.24653542313166849,0.22443713369569193,0.1974519200721525,0.16189420590936662,0.090830019875196,,,,,,,,0.0732261114618633
77580.0,0.3219904901848556,0.3208527754052477,0.3174351879615281,0.3117228872200851,0.30368582077174466,0.29326915396324016,0.28037573773936825,0.2648333099216845,0.24632841406116748,0.2242557104598776,0.1972994803932422,0.1617748497285512,0.0907202498536939,,,,,,,,0.07317511192807394
77640.0,0.3216866110541399,0.320550456575356,0.31713754039849945,0.31143299231202776,0.3034067143048986,0.29300381638410433,0.280127095081925,0.26460425278977245,0.24612184857103206,0.2240746697385108,0.19714735562437175,0.16165573359321952,0.09061065033172169,,,,,,,,0.07312426990504588
77700.0,0.32138341577758234,0.32024881762340224,0.31684056082707535,0.3111437457285758,0.30312822892248914,0.2927390653480097,0.27987899743921696,0.26437569247866854,0.24591572531133946,0.22389401037261497,0.1969955448128746,0.16153685676893972,0.09050122087455371,,,,,,,,0.07307358478511652
77760.0,0.32108090222873525,0.31994785643605833,0.31654424717310375,0.31085514546025333,0.3028503627043121,0.29247489904740287,0.27963144313824884,0.2641476274701925,0.24571004293726553,0.22371373120761556,0.1968440470097539,0.16141821852422186,0.0903919610491236,,,,,,,,0.07302305596424474
77820.0,0.3207790682891764,0.3196475709079706,0.3162485973702571,0.31056718950516154,0.30257311373740053,0.2922113156815402,0.2793844305123259,0.2639200562518843,0.24550480010906303,0.2235338310933202,0.19669286126966556,0.16129981813050376,0.09028287042396199,,,,,,,,0.07297268284070417
77880.0,0.3204779118484737,0.31934795894172635,0.3159536093599992,0.3102798758689473,0.302296480115993,0.29194831345645705,0.27913795790102713,0.2636929773169788,0.24529999549203904,0.2233543088838995,0.1965419866509017,0.16118165486213684,0.0901739485691598,,,,,,,,0.07292246481482727
77940.0,0.3201774308041526,0.3190490184478197,0.3156592810915521,0.3099932025647701,0.3020204599415043,0.2916858905849409,0.2788920236501778,0.26346638916438164,0.2450956277565331,0.2231751634378675,0.19639142221537448,0.16106372799637161,0.09006519505642036,,,,,,,,0.07287240129045422
78000.0,0.3198776230616608,0.31875074734461795,0.31536561052186285,0.30970716761327055,0.3017450513224934,0.29142404528650023,0.2786466261118234,0.2632402902986442,0.24489169557789545,0.2229963936180629,0.19624116702859892,0.16094603681334393,0.08995660945904023,,,,,,,,0.07282249167413588
78060.0,0.31957848653433557,0.3184531435583281,0.31507259561557105,0.3094217690425382,0.30147025237463354,0.29116277578733724,0.2784017636442017,0.26301467922994004,0.24468819763646496,0.22281799829162957,0.19609122015967717,0.16082858059606128,0.08984819135185036,,,,,,,,0.07277273537428451
78120.0,0.3192800191433696,0.3181562050229636,0.3147802343449752,0.3091370048880801,0.3011960612206822,0.29090208032031895,0.2781574346117177,0.26278955447403973,0.24448513261754776,0.22263997632999788,0.195941580681282,0.1607113586303881,0.08973994031125382,,,,,,,,0.0727231318023902
78180.0,0.3189822188177776,0.3178599296803111,0.31448852469000127,0.30885287319278876,0.30092247599045024,0.2906419571249479,0.27791363738491576,0.26256491455228737,0.24428249921139528,0.22246232660886536,0.19579224766964035,0.16059437020503287,0.08962809232898555,,,,,,,,0.07267368037311266
78240.0,0.31868508349436353,0.31756431547989733,0.31419746463816917,0.30856937200691115,0.3006494948207721,0.2903824044473351,0.2776703703404543,0.26234075799157647,0.24408029611318302,0.22228504800817833,0.19564322020451733,0.16047761461153354,0.08951624071284965,,,,,,,,0.07262438050301963
78300.0,0.3183886111176869,0.317269360378956,0.3139070521845613,0.30828649938801705,0.30037711585547555,0.2901234205401704,0.2774276318610788,0.2621170833243258,0.2438785220229891,0.22210813941211283,0.19549449736920047,0.16036106857525612,0.08940455173698722,,,,,,,,0.07257523161108335
78360.0,0.3180927996400305,0.3169750623423958,0.31361728533178956,0.308004253400968,0.3001053372453528,0.2898650036626954,0.27718542033559646,0.2618938890884555,0.24367717564577288,0.22193159970905607,0.19534607825048325,0.16024471603617474,0.0892930250238469,,,,,,,,0.07252623311973203
78420.0,0.31779764702136665,0.31668141934276667,0.3133281620899642,0.3077226321178861,0.29983415714812933,0.28960715208067517,0.27694373415884965,0.2616711738273642,0.24347625569135384,0.22175542779158822,0.19519796193864944,0.1601285942960374,0.08918166019719503,,,,,,,,0.07247738445366504
78480.0,0.31750315122932576,0.3163884293602285,0.31303968047666153,0.3074416336181238,0.2995635737284359,0.28934986406637,0.27670257173169016,0.26144893608990405,0.24327576087439062,0.2215796225564633,0.19505014198742146,0.16001270265742404,0.08907045688207348,,,,,,,,0.07242868503945359
78540.0,0.31720931023916227,0.3160960903825175,0.3127518385168919,0.3071612559882321,0.2992935851577778,0.28909313789850827,0.27646193146095377,0.26122717443035876,0.24307568991435974,0.22140418290459127,0.19490260818324875,0.1598970404256766,0.08895941470486918,,,,,,,,0.0723801343069965
78600.0,0.31691612203372393,0.3158044004049157,0.31246463424306875,0.30688149732193054,0.29902418961450655,0.28883697186225843,0.27622181175943405,0.2610058874084193,0.24287604153553477,0.22122910774101973,0.1947553745071246,0.15978160690888593,0.08884853329330583,,,,,,,,0.07233173168887252
78660.0,0.3166235846034186,0.3155133574302174,0.3121780656949764,0.3066023557200769,0.2987553852837905,0.288581364249202,0.27598221104585796,0.2607850735891607,0.24267681446696585,0.22105439597491533,0.19460844006306519,0.15966640141787897,0.08873781227635347,,,,,,,,0.07228347661943303
78720.0,0.316331695946182,0.3152229594686981,0.3118921309197399,0.3063238292906365,0.29848717035758526,0.2883263133573055,0.27574312774485904,0.2605647315430193,0.24247800744245873,0.22088004124338068,0.1944618039584988,0.15955142326620486,0.08862725128429326,,,,,,,,0.07223536853565224
78780.0,0.3160404540674468,0.31493320453808255,0.3116068279717927,0.3060459161486522,0.2982195430346056,0.2880718174908939,0.27550456028695314,0.2603448598457693,0.24227961920055413,0.22070604207554306,0.19431546530425042,0.15943667177012238,0.08851684994872518,,,,,,,,0.07218740687812615
78840.0,0.31574985698010977,0.3146440906635131,0.31132215491284604,0.30576861441621417,0.29795250152029645,0.2878178749606233,0.27526650710851325,0.2601254570785006,0.2420816484845074,0.22053240307501765,0.19416942321452654,0.15932214624858673,0.08840660790246863,,,,,,,,0.07213959108854028
78900.0,0.3154599027045006,0.31435561587751876,0.31103810981185875,0.3054919222224302,0.29768604402680404,0.2875644840834535,0.27502896665174387,0.25990652182759455,0.24188409404226785,0.2203591231672199,0.19402367680689964,0.1592078460232366,0.0882965247796065,,,,,,,,0.07209192061169938
78960.0,0.31517058926835073,0.31406777821998283,0.3107546907450054,0.30521583770339583,0.29742016877294775,0.2873116431826224,0.27479193736465674,0.2596880526847031,0.2416869546264591,0.22018620128159544,0.19387822520229298,0.15909377041838124,0.08818660021551401,,,,,,,,0.07204439489492792
79020.0,0.3148819147067615,0.31378057573811297,0.31047189579564655,0.3049403590021645,0.29715487398419155,0.2870593505876178,0.2745554177010456,0.25947004824672426,0.24149022364138711,0.22001363635160165,0.19373306752496564,0.15897991876098766,0.08807683384681561,,,,,,,,0.07199701338782642
79080.0,0.31459387706217284,0.3134940064864094,0.31018972305429776,0.30466548426871853,0.2968901578926159,0.28680760463415167,0.27431940612046185,0.25925250711578135,0.24129390338674248,0.21984142731469059,0.1935882029024977,0.15886629038066835,0.08796722531136575,,,,,,,,0.07194977554250326
79140.0,0.3143064743843329,0.31320806852663413,0.3099081706186,0.30439121165993904,0.2966260187368897,0.2865564036641336,0.27408390108818986,0.2590354278991993,0.24109799445728358,0.2196695731122914,0.19344363046577462,0.1587528846096676,0.08785777424825474,,,,,,,,0.07190268081350593
79200.0,0.31401970476061447,0.3129227599579676,0.3096272366229934,0.3041175393684817,0.2963624547900307,0.28630574605200687,0.2738489010998519,0.2588188092320728,0.24090249564432215,0.21949807270732452,0.19329934936338158,0.1586397007934782,0.08774848023941592,,,,,,,,0.07185572550472476
79260.0,0.31373357409628394,0.31263814744047835,0.3093471699575704,0.30384502183885354,0.2961004533590998,0.28605718712196043,0.27361667981179005,0.2586058231332599,0.24071172564724866,0.21933276791125292,0.19316348909936085,0.15853948766480933,0.08770190533989772,,,,,,,,0.07180863285322546
79320.0,0.31344808831102194,0.3123541759150975,0.3090677326649781,0.3035731144523077,0.2958390354247616,0.2858091778751509,0.273384967506297,0.2583932986933897,0.24052136353004305,0.21916781066401053,0.19302790873174036,0.1584394767359214,0.08765537993945229,,,,,,,,0.07176155435777937
79380.0,0.3131632453973022,0.31207084338728197,0.30878892278943554,0.303301815317054,0.29557819918355654,0.2855617166196034,0.2731537626246263,0.2581812345071622,0.2403314080595998,0.21900319992231923,0.19289260742447553,0.1583396673918434,0.08760893680600496,,,,,,,,0.07171457468420413
79440.0,0.31287904332833366,0.31178814784331516,0.3085107383562639,0.3030311225228648,0.29531794281423174,0.2853148016463814,0.27292306359209423,0.2579696291545624,0.24014185798953597,0.21883893463131343,0.19275758433194765,0.15824005898535765,0.08756259032945507,,,,,,,,0.07166771337516234
79500.0,0.3125954800915347,0.3115060872836042,0.30823317740465134,0.302761034172954,0.29505826450838873,0.28506843125865955,0.27269286884523536,0.25775848122576267,0.23995271208249383,0.21867501374386128,0.19262283861476776,0.15814065082321,0.08751634675690932,,,,,,,,0.07162097849449446
79560.0,0.3123125536844999,0.3112246597186691,0.30795623798370847,0.3024915483801454,0.2947991624668067,0.28482260376824425,0.2724631768285645,0.25754778931816436,0.2397639691075007,0.2185114362182865,0.19248836943767245,0.15804144217383548,0.08747021004129933,,,,,,,,0.07157437494405874
79620.0,0.3120302621124826,0.31094386316663647,0.3076799181500004,0.3022226632644645,0.2945406348971192,0.28457731749336024,0.27223398599249693,0.25733755203447806,0.23957562783823874,0.21834820101685587,0.19235417596773466,0.15794243228656937,0.08742418230020504,,,,,,,,0.07152790518133488
79680.0,0.3117486033884161,0.3106636956532619,0.30740421596756523,0.3019543769531546,0.294282680013826,0.2843325707586573,0.2720052947933496,0.2571277679827199,0.2393876870530354,0.21818530710575543,0.19222025737330325,0.15784362042449293,0.08737826475022337,,,,,,,,0.07148157057871357
79740.0,0.31146757553178067,0.3103841552108038,0.3071291295068144,0.3016866875796184,0.29402529603729277,0.28408836189428144,0.2717771016924965,0.25691843577546075,0.23920014553421556,0.21802275345452887,0.19208661282319742,0.15774500587556667,0.08733245827808661,,,,,,,,0.07143537213532342
79800.0,0.31118717657000244,0.31010523987941363,0.30685465684589563,0.30141959328473555,0.2937684811950046,0.28384468923704964,0.27154940515744946,0.2567095540307998,0.2390130020689548,0.21786053903675828,0.19195324148662574,0.1576465879560498,0.0872867633949532,,,,,,,,0.07138931040926655
79860.0,0.3109074045382629,0.30982694770694735,0.30658079607050653,0.30115309221668324,0.2935122337213962,0.28360155113029023,0.2713222036617111,0.2565011213722323,0.238826255449162,0.21769866282989955,0.19182014253317536,0.15754836600860478,0.08724118036574476,,,,,,,,0.07134338567004948
79920.0,0.31062825747931666,0.3095492767487833,0.30630754527371806,0.30088718253076374,0.29325655185768673,0.2833589459236887,0.2710954956846329,0.256293136428521,0.23863990447136305,0.2175371238151014,0.19168731513324788,0.1574503393984547,0.08719570929457204,,,,,,,,0.07129759800180045
79980.0,0.31034973344339123,0.30927222506772284,0.3060349025558756,0.30062186238931043,0.2930014338517908,0.2831168719732029,0.2708692797113366,0.2560855978336253,0.23845394793663274,0.21737592097706315,0.19155475845875802,0.15735250750960386,0.08715035017725445,,,,,,,,0.07125194736743695
80040.0,0.31007183048815795,0.3089957907339625,0.3057628660245719,0.3003571299616604,0.29274687795829163,0.28287532764103923,0.27064355423269243,0.2558785042266802,0.23826838465056902,0.21721505330394275,0.19142247168386403,0.15725486974154498,0.08710510292892784,,,,,,,,0.07120643364050085
80100.0,0.30979454667871914,0.30871997182507926,0.3054914337946336,0.300092983424142,0.29249288243842964,0.2826343112956407,0.27041831774530806,0.2556718542519877,0.23808321342327268,0.21705451978729878,0.19129045398558536,0.15715742550642064,0.08705996740107404,,,,,,,,0.07116105662359629
80160.0,0.3095178800875824,0.3084447664260074,0.305220603988097,0.2998294209600514,0.29223944556008025,0.282393821311667,0.27019356875151024,0.25546564655899734,0.23789843306931832,0.21689431942205833,0.1911587045442804,0.15706017422662122,0.08701494339523716,,,,,,,,0.0711158160636572
80220.0,0.30924182879462947,0.3081701726290053,0.30495037473417685,0.29956644075962235,0.29198656559772473,0.2821538560699667,0.26996930575931904,0.25525987980228326,0.2377140424077183,0.21673445120650975,0.19102722254400642,0.15696311533282015,0.0869700306744259,,,,,,,,0.07107071166501076
80280.0,0.30896639088708117,0.30789618853362233,0.30468074416923313,0.29930404101999386,0.2917342408324196,0.2819144139575486,0.26974552728242157,0.25505455264151766,0.23753004026188582,0.21657491414231655,0.19089600717278454,0.15686624826240433,0.08692522897175506,,,,,,,,0.07102574309918368
80340.0,0.30869156445946416,0.3076228122466647,0.30441171043673815,0.29904221994517893,0.29148246955176665,0.2816754933675541,0.26952223184014584,0.2548496637414446,0.23734642545959975,0.2164157072345475,0.19076505762277934,0.15676957245823075,0.08688053799665275,,,,,,,,0.0709809100117776
80400.0,0.3084173476135795,0.3073500418821652,0.30414327168724603,0.29878097574603435,0.2912312500498845,0.2814370926992295,0.26929941795743595,0.2546452117718556,0.23716319683297288,0.21625682949171685,0.19063437309040282,0.15667308736764857,0.08683595743945179,,,,,,,,0.07093621202749927
80460.0,0.3081437384584707,0.3070778755613503,0.30387542607836165,0.29852030664023105,0.29098058062738025,0.2811992103579006,0.26907708416482695,0.2544411954075629,0.2369803532184235,0.21609827992582925,0.19050395277635682,0.15657679244173703,0.08679148697499642,,,,,,,,0.0708916487541223
80520.0,0.30787073511039237,0.30680631141261006,0.30360817177470995,0.29826021085222476,0.2907304595913211,0.28096184475494496,0.26885522899842,0.2542376133283739,0.23679789345665042,0.21594005755242698,0.19037379588562942,0.15648068713471697,0.08674712626555596,,,,,,,,0.07084721978569343
80580.0,0.30759833569275574,0.3065353475714435,0.30334150694788325,0.2980006866132044,0.29048088525518573,0.2807249943077471,0.26863385099983994,0.2540344642190491,0.23661581639259743,0.21578216139062378,0.19024390162744512,0.15638477090348893,0.08670287496320593,,,,,,,,0.07080292470514236
80640.0,0.3073265383358726,0.3062649821802044,0.3030754297761917,0.29774173216085115,0.29023185593863476,0.28048865743948287,0.2684129487160364,0.25383174676912124,0.2364341208753015,0.2156245904630282,0.1901142692150778,0.15628904320723333,0.08665873271185932,,,,,,,,0.0707587630864866
80700.0,0.30705534117739125,0.30599521338853386,0.30280993844508725,0.2974833457397489,0.2899833699679012,0.28025283257948524,0.26819252069961874,0.25362945967319184,0.23625280575815386,0.21546734379602095,0.18998489786604927,0.1561935035072687,0.08661469914838968,,,,,,,,0.07071473449606917
80760.0,0.30678474236233,0.3057260393533948,0.3025450311471975,0.29722552560141546,0.28973542567582067,0.2800175181632726,0.26797256550888193,0.2534276016309518,0.23607186989892562,0.2153104204198211,0.18985578680207985,0.15609815126686427,0.0865707739038426,,,,,,,,0.07067083849388116
80820.0,0.3065147400426881,0.3054574582386842,0.3022807060819458,0.2969682700039367,0.2894880214014826,0.2797827126322213,0.2677530817075036,0.2532261713469082,0.23589131215954467,0.21515381936832934,0.18972693524878562,0.15600298595097428,0.08652695660489043,,,,,,,,0.07062707463511823
80880.0,0.3062453323773348,0.3051894682151229,0.3020169614554435,0.2967115772118622,0.28924115549013085,0.27954841443347295,0.267534067864458,0.2530251675303057,0.23571113140603833,0.21499753967910396,0.18959834243554108,0.1559080070261128,0.08648324687473997,,,,,,,,0.0705834424711576
80940.0,0.30597651753207955,0.30492206746032674,0.3017537954805584,0.2964554454962708,0.2889948262932265,0.2793146220199926,0.26731552255406815,0.2528245888951731,0.23553132650858546,0.21484158039342263,0.18947000759544994,0.1558132139603119,0.08643964433370974,,,,,,,,0.07053994155019075
81000.0,0.30570829359329504,0.30465525407288224,0.30149120629235177,0.29619987305246664,0.28874903208929087,0.27908133377543715,0.26709744428577026,0.25262443409585744,0.23535189628373296,0.21468594050617254,0.1893419299240279,0.15571860619259772,0.08639614898353332,,,,,,,,0.07049657455905914
81060.0,0.30544065153477795,0.3043889607198183,0.3012289516228056,0.29594432412722915,0.288502821006861,0.27884705114544706,0.266877642103332,0.2524216445929186,0.23516867218301377,0.21452497296459794,0.18920623442346243,0.1556117924281561,0.08629084110800656,,,,,,,,0.07045360610550688
81120.0,0.30517358211058004,0.3041232367146601,0.3009672564748096,0.2956893184579551,0.28825713063646957,0.27861326061474667,0.26665829757765036,0.2522192727110663,0.23498582026338372,0.21436432674561814,0.18907080362235665,0.15550518018753623,0.08618574317670392,,,,,,,,0.07041088725830173
81180.0,0.3049070836198335,0.3038580803669783,0.30070611918911183,0.29543485443688117,0.28801195944146085,0.27837996073647137,0.26643940936916893,0.2520173139104268,0.23480333944628573,0.21420400092176414,0.18893563676256317,0.15539876891389603,0.08608082355634566,,,,,,,,0.0703683364191489
81240.0,0.3046411543586199,0.30359348998330293,0.30044553810344876,0.2951809304532825,0.28776730588228994,0.2781471500609636,0.2662209761356563,0.25181576857767773,0.23462122865085483,0.2140439945637641,0.18880073308481626,0.15529255806707862,0.08597606888213452,,,,,,,,0.07032593493245855
81300.0,0.3043757926281324,0.3033294638752425,0.30018551156053613,0.29492754490125034,0.28752316842400283,0.27791482714287175,0.26600299653884124,0.2516146372257186,0.23443948679938817,0.21388430674528391,0.1886660918326168,0.15518654714856192,0.08587147214831939,,,,,,,,0.0702836737192595
81360.0,0.3041109967365472,0.3030660003613446,0.29992603790989875,0.2946746961814702,0.2872795455379437,0.2776829905427666,0.26578546924591884,0.251413918644293,0.23425811281858544,0.21372493654400462,0.18853171225328894,0.15508073570238165,0.08576702937244371,,,,,,,,0.070241547962998
81420.0,0.3038467649977526,0.3028030977658336,0.2996671155066318,0.2944223827000222,0.28703643570060805,0.27745163882606205,0.2655683929285544,0.25121361162718525,0.2340771056387595,0.21356588304091267,0.18839759359769767,0.1549751232902447,0.08566273778016166,,,,,,,,0.07019955434463451
81480.0,0.3035830957316785,0.30254075441893713,0.29940874271171974,0.29417060286868885,0.2867938373939357,0.2772207705632881,0.26535176626313145,0.25101371497244346,0.2338964641940386,0.21340714532048272,0.18826373512097264,0.15486970947275516,0.08555859535379129,,,,,,,,0.07015769044239734
81540.0,0.30331998726462106,0.30227896865720916,0.2991509178923541,0.2939193551052614,0.28655174910560177,0.2769903843303634,0.26513558793100367,0.2508142274826075,0.2337161874225733,0.2132487224708685,0.18813013608329424,0.1547644937965055,0.08545460064020613,,,,,,,,0.07011595452082417
81600.0,0.30305743792907125,0.3020177388233593,0.2988936394217655,0.29366863783337865,0.2863101693288634,0.27676047870845094,0.26491985661836165,0.25061514796459416,0.23353627426643972,0.2130906135838335,0.18799679575024303,0.15465947578765166,0.08535075250111537,,,,,,,,0.07007434521622297
81660.0,0.30279544606358205,0.30175706326612123,0.29863690567909473,0.2934184494824015,0.28606909656244023,0.27653105228384683,0.264704568930054,0.25041647522960786,0.23335672367156518,0.21293281775472048,0.187863713392786,0.15455465495255166,0.08524442640448048,,,,,,,,0.07003286136609048
81720.0,0.30253401001273034,0.30149694034021457,0.2983807150493555,0.2931687884873769,0.28582852931047964,0.2763021036479465,0.264489723910589,0.2502182080931167,0.233177534587711,0.21277533408248744,0.18773088828691523,0.15445003078126157,0.0851360501247918,,,,,,,,0.0699915019530386
81780.0,0.3022731281268644,0.30123736840609405,0.29812506592318816,0.2929196532888002,0.28558846608233024,0.2760736313970329,0.26427532200532344,0.25002034537467976,0.23299870596832414,0.21261816166962444,0.18759831971289415,0.1543456027514767,0.08502781489256954,,,,,,,,0.0699502660771712
81840.0,0.30201279876296394,0.300978345830804,0.297869956697698,0.2926710423334246,0.28534890539331215,0.27584563413299684,0.26406136191954627,0.24982288589854462,0.23282023677107613,0.21246129962271537,0.18746600695524415,0.1542413703292755,0.08491972012490709,,,,,,,,0.06990915294824608
81900.0,0.301753020283117,0.3007198709864652,0.29761538577497126,0.29242295407282715,0.2851098457633519,0.27561811046205986,0.2638478423625474,0.24962582849259626,0.23264212595693431,0.21230474705159275,0.18733394930111788,0.15413733297463186,0.0848117652859817,,,,,,,,0.06986816182869371
81960.0,0.30149379105609814,0.3004619422518422,0.2973613515636116,0.29217538696489337,0.2848712857183956,0.27539105899609584,0.26363476204883196,0.2494291719894515,0.23246437249114962,0.21214850307028982,0.1872021460408553,0.1540334674536518,0.08470394989599751,,,,,,,,0.06982729204284056
82020.0,0.30123510945656473,0.3002045580115461,0.2971078524779586,0.291928339473062,0.28463322378968886,0.27516447835195784,0.2634221196975026,0.24923291522590688,0.23228697534277548,0.2119925667965612,0.18707059646712199,0.15392975949015078,0.08459627350934074,,,,,,,,0.06978654295284464
82080.0,0.30097697386493155,0.29994771665590875,0.29685488693796447,0.2916818100662056,0.2843956585136644,0.27493836715137215,0.2632099140321636,0.24903705704285428,0.2321099334846037,0.2118369373517781,0.18693929987458455,0.15382624501311334,0.08448873570787631,,,,,,,,0.0697459139517204
82140.0,0.3007193826674273,0.2996914165810392,0.2966024533692492,0.2914357972186842,0.2841585884319915,0.27471272402098507,0.26299814378096414,0.248841596285324,0.231933245893213,0.2116816138609214,0.18680825555975586,0.1537229234674311,0.08438133609735826,,,,,,,,0.06970540445937755
82200.0,0.30046233425615726,0.2994356561888863,0.2963505502031621,0.2911902994104036,0.28392201209163265,0.2744875475924161,0.2627868076766486,0.24864653180253227,0.23175691154901867,0.21152659545257185,0.18667746282089254,0.15361979429726536,0.08427407430385292,,,,,,,,0.06966501391856744
82260.0,0.3002058270290915,0.2991804338872267,0.29609917587676987,0.2909453151268046,0.2836859280448321,0.2742628365022466,0.26257590445654655,0.24845186244787715,0.23158092943627334,0.21137188125885092,0.18654692095789818,0.1535168569467551,0.08416694996999649,,,,,,,,0.06962474179078182
82320.0,0.29994985939001534,0.2989257480896155,0.29584832883280776,0.2907008428588159,0.2834503348490716,0.2740385888278197,0.2623654328625365,0.24825758707890883,0.231405298543043,0.21121747041533645,0.186416625499648,0.15341411086063958,0.0840599627519691,,,,,,,,0.06958458755301984
82380.0,0.2996944297484907,0.298671597215348,0.29559800751964294,0.29045688110281753,0.28321523106703494,0.2738148014107863,0.2621553916410174,0.24806370455730775,0.23123001786118594,0.21106336206098214,0.18628656367061364,0.153311555484724,0.0839531123173935,,,,,,,,0.0695445506955439
82440.0,0.2994395365198357,0.2984179796894396,0.29534821039125353,0.29021342836062125,0.2829806152665898,0.2735914752778166,0.2619457795428933,0.24787021374887425,0.23105508638634034,0.2109095553380507,0.18615675065328965,0.15320919026620416,0.08384639834377416,,,,,,,,0.06950463072019242
82500.0,0.2991851781251072,0.2981648939426077,0.2950989359072119,0.2899704831394543,0.2827464860207717,0.2733686090850069,0.26173659532356164,0.24767711352352115,0.23088050311791147,0.2107560493920523,0.18602718575377444,0.1531070146539083,0.0837398205171676,,,,,,,,0.06946482713893894
82560.0,0.2989313529910781,0.2979123384112506,0.2948501825326634,0.28972804395193824,0.2825128419077638,0.2731462014932919,0.26152783774289795,0.2474844027552621,0.23070626705905356,0.2106028433716857,0.18589786827977756,0.15300502809849306,0.08363337853101666,,,,,,,,0.06942513947264582
82620.0,0.29867805955021326,0.29766031153742145,0.2946019487383006,0.2894861093160649,0.2822796815108745,0.2729242511684232,0.2613195055652373,0.24729208032219724,0.23053237721664724,0.2104499364287812,0.1857687975406584,0.15290323005260031,0.08352707208518435,,,,,,,,0.06938556725003478
82680.0,0.29842529624064296,0.2974088117688039,0.29435423300034,0.2892446777551724,0.28204700341851463,0.2727027567809484,0.26111159755935676,0.2471001451064988,0.2303588326012763,0.2102973277182492,0.1856399728474695,0.15280161997097333,0.08342090088517375,,,,,,,,0.06934611000685385
82740.0,0.29817306150614076,0.2971578375586887,0.29410703380049824,0.2890037477979234,0.28181480622417543,0.2724817170061922,0.26090411249845913,0.24690859599439716,0.2301856322272043,0.2101450163980345,0.18551139351300341,0.15270019731053758,0.0833148646414829,,,,,,,,0.06930676728519053
82800.0,0.2979213537997363,0.2969073873695689,0.29386034962953156,0.28876331798175003,0.2815830885297444,0.27226113052740364,0.2606970491631177,0.24671743187888595,0.23001277511479007,0.2099929950893068,0.18538305885357687,0.15259896153174013,0.08320896305713851,,,,,,,,0.06926753825951122
82860.0,0.2976701784918723,0.29665752274028206,0.2936144105896172,0.2885239013528258,0.2813527648761053,0.27204244284627155,0.2604925236594771,0.2465296107449858,0.22984429232491663,0.20984674751665966,0.18526263483591976,0.1525100440354396,0.0831693623264579,,,,,,,,0.06922816008875247
82920.0,0.29741954096135303,0.2964081926860668,0.2933689965499959,0.2882849938703593,0.281122928383712,0.27182421439789234,0.26028842372216004,0.24634217595670252,0.22967615120045792,0.20970079134423675,0.18514244567345475,0.15242129598566181,0.08312978987662728,,,,,,,,0.06918878433182778
82980.0,0.29716943957808895,0.29615939558728327,0.29312410592223376,0.2880465939974492,0.28089357758682704,0.2716064438064047,0.26008474808287274,0.2461551263701663,0.2295083507386347,0.20955512572697724,0.18502249069137636,0.152332716877659,0.08309028039102948,,,,,,,,0.06914948563393167
83040.0,0.29691987271895925,0.2959111298312162,0.2928797371246863,0.28780870020376104,0.28066471102597296,0.27138912970182544,0.25988149547875483,0.24596846084645363,0.22934088994104532,0.20940974982335975,0.1849027692173367,0.15224430619477053,0.08305084692680233,,,,,,,,0.06911028101112035
83100.0,0.29667083877732675,0.2956633938215377,0.2926358885918105,0.2875713109745879,0.2804363272566433,0.2711722707283128,0.25967866466010253,0.24578217825867216,0.22917376782000443,0.20926466280087497,0.18478328058592197,0.15215606338959273,0.08301149513115944,,,,,,,,0.06907117721781651
83160.0,0.29642233614966884,0.29541618596501057,0.2923925587610826,0.2873344247981246,0.28020842483707376,0.27095586553257045,0.25947625437953825,0.24559627748202348,0.22900698338963632,0.20911986382835415,0.18466402413234514,0.15206798788663276,0.08297222852455116,,,,,,,,0.06903217835553371
83220.0,0.29617436323799895,0.29516950467389597,0.29214974607536415,0.2870980401677648,0.2799810023304426,0.27073991276592907,0.2592742633939483,0.24541075739557366,0.2288405356674456,0.20897535207729526,0.18454499919322587,0.1519800790925331,0.08293304906155864,,,,,,,,0.06899328662068302
83280.0,0.295926918450737,0.29492334836681894,0.2919074489837534,0.28686215558292955,0.279754058305668,0.2705244110851009,0.259072690465188,0.24522561688289712,0.22867442367488525,0.20883112672235082,0.18442620510653449,0.1518923364153901,0.08289395782433417,,,,,,,,0.06895450316808627
83340.0,0.29568000020240487,0.29467771546846566,0.29166566594128857,0.2866267695487799,0.2795275913371338,0.2703093591519244,0.2588715343598459,0.2450408548318597,0.22850864643715904,0.20868718694116425,0.18430764121097568,0.15180475927973416,0.08285495550502556,,,,,,,,0.06891582871906278
83400.0,0.2954336069132959,0.29443260440925517,0.2914243954086253,0.28639188057590437,0.27930160000439147,0.27009475563308316,0.258670793848983,0.24485647013437747,0.22834320298300242,0.20854353191417196,0.184189306845485,0.1517173471313686,0.08281604256898656,,,,,,,,0.06887726374940306
83460.0,0.29518773700944806,0.294188013625313,0.29118363585201096,0.28615748718029405,0.2790760828921353,0.2698805992000828,0.2584704677081104,0.24467246168639467,0.22817809234465672,0.2084001608245553,0.18407120134912291,0.15163009943606381,0.08277721928883688,,,,,,,,0.06883880851847236
83520.0,0.2949423889231571,0.29394394155898007,0.29094338574378337,0.28592358788382455,0.27885103859066274,0.269666888529682,0.25827055471758786,0.2444888283882408,0.22801331355817517,0.20825707285843728,0.18395332406128884,0.15154301567847794,0.08273848577640557,,,,,,,,0.06880046310495294
83580.0,0.2946975610918218,0.29370038665766623,0.290703643561247,0.2856901812131702,0.27862646569483984,0.26945362230292547,0.25807105366172983,0.24430556914381935,0.22784886566271184,0.20811426720428527,0.18383567432208592,0.15145609535598992,0.08269984206025029,,,,,,,,0.0687622274965682
83640.0,0.2944532519591889,0.2934573473750872,0.29046440778788535,0.2854572657009759,0.27840236280521835,0.269240799206189,0.25787196332977125,0.24412268286147898,0.22768474770127123,0.2079717430534391,0.18371825147293147,0.15136933798020608,0.0826612880887172,,,,,,,,0.06872410159459867
83700.0,0.2942094599748542,0.293214822170768,0.29022567691287493,0.2852248398853873,0.2781787285275879,0.26902841793076177,0.25767328251547955,0.2439401684536599,0.22752095872039352,0.20782949959982894,0.18360105485703473,0.15128274307352232,0.08262282375978648,,,,,,,,0.0686860852467052
83760.0,0.2939661835941831,0.292972809509965,0.28998744943100796,0.2849929023099768,0.2779555614729062,0.26881647717278034,0.2574750100170953,0.24375802483683617,0.22735749777009268,0.20768753603991075,0.18348408381980932,0.15119631016699536,0.0825844489324943,,,,,,,,0.06864817825861745
83820.0,0.29372342127778167,0.29273130786314033,0.2897497238421779,0.28476145152324556,0.27773286025682503,0.26860497563278424,0.2572771446369199,0.2435762509311427,0.22719436390352607,0.2075458515724336,0.18336733770893676,0.15111003879810977,0.08254616343713744,,,,,,,,0.06861038040511179
83880.0,0.29348117149260156,0.2924903157070586,0.2895124986524544,0.2845304860796633,0.27751062350068056,0.2683939120166454,0.2570796851821726,0.24339484566114358,0.22703155617764353,0.2074044453989403,0.18325081587503625,0.15102392851111263,0.08250796707508266,,,,,,,,0.06857269143012938
83940.0,0.2932394327107201,0.2922498315235763,0.2892757723728963,0.2843000045385214,0.27728884983040114,0.26818328503454325,0.25688263046404486,0.24321380795497743,0.22686907365244524,0.20726331672325748,0.18313451767131178,0.1509379788546544,0.08246985963055407,,,,,,,,0.06853511105954545
84000.0,0.2929982034097227,0.292009853800021,0.28903954351992417,0.28407000546429173,0.27706753787684985,0.2679730934012861,0.2566859792979958,0.24303313674462046,0.2267069153911994,0.20712246475168924,0.18301844245385324,0.15085218938151973,0.08243184087217903,,,,,,,,0.06849763900272254
84060.0,0.2927574820733013,0.2917703810297861,0.28880381061590243,0.2838404874271911,0.27684668627636155,0.2677633358368158,0.2564897305042157,0.2428528309662995,0.22654508046078825,0.20698188869332237,0.18290258958205394,0.1507665596483809,0.08239391055438686,,,,,,,,0.06846027495401291
84120.0,0.2925172671901104,0.291531411711194,0.28856857218802584,0.28361144900210383,0.27662629366971725,0.2675540110652442,0.2562938829067386,0.24267288955969063,0.22638356793102066,0.20684158775954753,0.1827869584180561,0.15068108921448978,0.08235606842269717,,,,,,,,0.06842301859837788
84180.0,0.29227755725493226,0.29129294434865444,0.2883338267694543,0.28338288876967976,0.2764063587031903,0.26734511781583536,0.2560984353343445,0.2424933114687265,0.22622237687531635,0.2067015611646388,0.18267154832741556,0.15059577764195733,0.08231831421319051,,,,,,,,0.06838586961086623
84240.0,0.292038350768168,0.29105497745215786,0.28809957289881705,0.2831548053158541,0.27618688002808855,0.2671366548225758,0.2559033866201635,0.24231409564123602,0.2260615063703993,0.20656180812556718,0.1825563586788247,0.15051062449511354,0.08228064765523828,,,,,,,,0.06834882765951249
84300.0,0.2917996462356263,0.29081750953706703,0.2878658091200076,0.28292719723165016,0.27596785630056725,0.26692862082399926,0.25570873560151225,0.24213524102879466,0.2259009554961728,0.20642232786194498,0.18244138884397693,0.15042562934017958,0.08224306847301265,,,,,,,,0.06831189240690326
84360.0,0.2915614421685185,0.29058053912411047,0.28763253398217814,0.28270006311317414,0.2757492861816239,0.26672101456318026,0.25551448111988695,0.24195674658671562,0.22574072333571718,0.20628311959605874,0.18232663819753192,0.15034079174510678,0.08220557638636404,,,,,,,,0.06827506351110771
84420.0,0.2913237370835242,0.29034406473944885,0.28739974603980467,0.2824734015616774,0.27553116833715763,0.2665138347877914,0.255320622021015,0.24177861127409286,0.22558080897533128,0.20614418255293315,0.1822121061171178,0.15025611127947938,0.08216817111146468,,,,,,,,0.06823834062636466
84480.0,0.29108652950280733,0.2901080849146908,0.28716744385270176,0.2822472111835715,0.27531350143798383,0.26630708025011485,0.2551271571548643,0.24160083405380806,0.2254212115045449,0.20600551596036787,0.18209779198330153,0.15017158751441084,0.08213085236146558,,,,,,,,0.06820172340377549
84540.0,0.29084981795397785,0.2898725981868541,0.2869356259859857,0.28202149059039233,0.27509628415979953,0.26610074970701164,0.2549340853756129,0.24142341389250122,0.22526193001610142,0.20586711904894806,0.1819836951795264,0.1500872200224387,0.08209361984713436,,,,,,,,0.06816521149197312
84600.0,0.29061360096995104,0.289637603098227,0.28670429100993694,0.28179623839866735,0.2748795151830562,0.2658948419197991,0.2547414055415348,0.24124634976046513,0.22510296360587204,0.20572899105198905,0.18186981509200117,0.1500030083774142,0.08205647327768985,,,,,,,,0.06812880454751942
84660.0,0.29037787060562664,0.2894030376517022,0.2864732146739798,0.28157095786397546,0.27466231078991776,0.26568796084841473,0.25454707363384343,0.24106678272318527,0.2249404123895911,0.20558582185110383,0.18174871028107514,0.14990713986959558,0.08195390440017467,,,,,,,,0.06809275519898708
84720.0,0.29014261888988885,0.2891689481458547,0.2862426061801942,0.28134613175973144,0.2744455422254721,0.2654814919793949,0.2543531254474221,0.24088756625214544,0.2247781740341562,0.2054429232426565,0.1816278288392529,0.14981144172144392,0.08185152367344599,,,,,,,,0.06805691402395299
84780.0,0.28990784446691614,0.2889353332331166,0.28601246420566856,0.28112175880376367,0.2742292082638687,0.2652754341581185,0.2541595599130342,0.2407086993766041,0.2246162476789268,0.2053002944862607,0.18150717015962559,0.14971591348533678,0.08174929863366606,,,,,,,,0.0680212097278234
84840.0,0.28967354598274375,0.288702191567762,0.2857827874292896,0.28089783771562843,0.27401330768088955,0.265069786231479,0.2539663759628112,0.24053018112700264,0.22445463246424927,0.20515793484248213,0.18138673363641133,0.14962055472470132,0.08164721635691527,,,,,,,,0.06798562552662686
84900.0,0.28943972207308755,0.2884695217937932,0.2855535745198145,0.28067436720499184,0.2737978392427635,0.26486454703725154,0.2537735725202925,0.24035201052580007,0.2242933275232231,0.20501584356569547,0.18126651865908,0.14952536502848335,0.08154527114111587,,,,,,,,0.06795015452784278
84960.0,0.2892063713811601,0.2882373225626659,0.2853248241533252,0.28045134598863164,0.27358280172253774,0.26465971541965555,0.25358114851500385,0.24017418660089332,0.2241323319937791,0.20487401991456614,0.18114652462098746,0.14943034401394456,0.08144345918426182,,,,,,,,0.06791479226765812
85020.0,0.28897349255555366,0.28800559253118246,0.2850965350111521,0.28022877278841213,0.2733681938981228,0.26445529022749104,0.25338910288070365,0.2399967083839948,0.2239716450172161,0.2047324631507867,0.18102675091854128,0.1493354913188727,0.08134177807601008,,,,,,,,0.06787953593079771
85080.0,0.288741084249683,0.2877743303609369,0.2848687057793262,0.28000664633074984,0.27315401455177646,0.26425127031364554,0.2531974345549182,0.23981957491020234,0.22381126573781737,0.20459117253874673,0.18090719695126456,0.14924080658683989,0.08124022625697079,,,,,,,,0.06784438371250014
85140.0,0.28850914512160897,0.2875435347181408,0.28464133514840867,0.2797849653464474,0.27294026209411065,0.2640476545349441,0.25300614247880204,0.23964278521787555,0.22365119214041837,0.20445014734544623,0.1807878621221456,0.14914628945302022,0.08113773528724595,,,,,,,,0.06780933425404821
85200.0,0.2882776738339769,0.28731320427356105,0.28441442181343063,0.27956372857063694,0.2727269339404272,0.2638444417521014,0.25281522559709657,0.23946633834860345,0.2234914191194843,0.2043093868404857,0.18066874583794826,0.14905193953802703,0.08103038906139308,,,,,,,,0.06777438640859205
85260.0,0.28804666905416965,0.2870833377026722,0.28418796447404265,0.27934293474292543,0.27251403064141594,0.2636416308298522,0.25262468285825007,0.2392902333473155,0.22333195125661237,0.20416889029617602,0.18054984750946718,0.14895775644773188,0.08092316618289694,,,,,,,,0.06773953920906257
85320.0,0.2878161294541789,0.28685393368552914,0.28396196183439026,0.27912258260727363,0.27230155099607795,0.2634392206368422,0.25243451321431837,0.23911446926219368,0.2231727877076568,0.20402865698750328,0.1804311665513261,0.14886373977599562,0.08081606603464689,,,,,,,,0.06770479183736897
85380.0,0.2875860537108618,0.28662499090702204,0.28373641260336324,0.2789026709122371,0.2720894938078034,0.26323721004584305,0.25224471562116063,0.23893904514484962,0.22301392763152347,0.20388868619230893,0.1803127023819078,0.14876988910608388,0.0807090881085721,,,,,,,,0.0676701435957315
85440.0,0.2873564405054574,0.28639650805639527,0.28351131549412456,0.2786831984105111,0.2718778578839367,0.2630355979333446,0.25205528903806496,0.23876396004999137,0.22285537018988266,0.20374897719107185,0.18019445442253662,0.14867620401393106,0.08060223195570634,,,,,,,,0.06763559384978311
85500.0,0.28712728852422464,0.28616848382788207,0.28328666922473206,0.2784641638595309,0.27166664203634877,0.2628343831800897,0.25186623242824013,0.23858921303586444,0.22269711454756308,0.20360952926730483,0.1800764220975463,0.14858268406798952,0.08049549718309423,,,,,,,,0.06760114202518681
85560.0,0.28689859645798416,0.2859409169202484,0.2830624725176915,0.27824556602104006,0.2714558450810253,0.26263356467068916,0.25167754475846144,0.23841480316393768,0.2225391598722831,0.20347034170732656,0.1799586048335836,0.1484893288317728,0.08038888343344465,,,,,,,,0.0675667875861507
85620.0,0.2866703630021554,0.285713806036831,0.28283872409999405,0.27802740366112644,0.27124546583810116,0.2624331412936524,0.25148922499909965,0.238240729498931,0.22238150533468448,0.20333141380029437,0.17984100205934908,0.14839611196753102,0.080282390379643,,,,,,,,0.06753253002992946
85680.0,0.28644258685656016,0.2854871498853407,0.2826154227029233,0.2778096755500355,0.2710355031316817,0.2622331119412218,0.25130127212396886,0.23806699110868101,0.22222415010822155,0.20319274483807784,0.17972361320531008,0.14830302699024397,0.08017601771824916,,,,,,,,0.06749836887974744
85740.0,0.286215266725787,0.28526094717822625,0.28239256706241156,0.277592380462515,0.27082595579017116,0.2620334755096781,0.2511136851106075,0.23789358706439484,0.22206709336939387,0.20305433411545779,0.17960643770371454,0.1482101054623848,0.08006976516782346,,,,,,,,0.067464303682836
85800.0,0.2859884013186905,0.2850351966321754,0.28217015591855155,0.277375517177342,0.27061682264582254,0.2618342308989196,0.25092646293989224,0.23772051644030642,0.22191033429744778,0.20291618092981012,0.17948947498823892,0.1481173469389234,0.07996363246160583,,,,,,,,0.06743033400273203
85860.0,0.2857619893486121,0.28480989696833464,0.281948188015811,0.277159084477531,0.27040810253493497,0.26163537701264683,0.250739604596208,0.23754777816203815,0.22175387207451933,0.2027782845812106,0.17937272449397873,0.14802475097446044,0.07985761934636072,,,,,,,,0.06739645941811821
85920.0,0.28553602953364005,0.28458504691256814,0.2817266621032868,0.2769430811505795,0.27019979429808694,0.2614369127585802,0.2505531090676477,0.23737536691269936,0.22159770588580313,0.20264064437255477,0.1792561856574556,0.14793231712367985,0.07975172558116146,,,,,,,,0.06736267952152661
85980.0,0.2853105205961112,0.284360645194962,0.2815055769342189,0.2767275059879974,0.2699918967796891,0.2612388370480417,0.2503669753456298,0.2372032863339144,0.221441834919249,0.2025032596092323,0.17913985791642636,0.14784004494188038,0.07964595093362545,,,,,,,,0.06732899391539997
86040.0,0.28508546126320333,0.28413669055041274,0.2812849312665674,0.27651235778586525,0.2697844088285145,0.2610411487964508,0.2501812024253534,0.2370315355128966,0.2212862583659345,0.2023661295994261,0.1790237407100306,0.14774793398524422,0.07954029518026774,,,,,,,,0.06729540221243756
86100.0,0.28486085026648317,0.2839131817181787,0.2810647238625722,0.2762976353444083,0.2695773292972935,0.26084384692294554,0.24999578930545158,0.23686011353998523,0.22113097541978524,0.20222925365381916,0.17890783347867337,0.14765598381107228,0.07943475810410477,,,,,,,,0.06726190403309946
86160.0,0.2846366863418448,0.28369011744181877,0.2808449534886935,0.2760833374679387,0.2693706570426584,0.2606469303503307,0.24981073498794434,0.23668901950860605,0.2209759852775365,0.20209263108552708,0.17879213231256572,0.14756419397793596,0.07932933949372008,,,,,,,,0.06722849900465572
86220.0,0.284412968229566,0.2834674964692481,0.280625618915666,0.27586946296490794,0.26916439092519334,0.2604503980051242,0.24962603847828266,0.2365182525153123,0.22082128713876617,0.2019562612101007,0.17867662442192672,0.14747256404580678,0.07922403914274463,,,,,,,,0.06719518676063987
86280.0,0.2841896946743466,0.28324531755277604,0.2804067189185363,0.27565601064794326,0.2689585298094683,0.26025424881758946,0.24944169878537836,0.23634781165981403,0.22066688020591588,0.2018201433455196,0.17856132485961868,0.14738109357616896,0.07911885684933381,,,,,,,,0.06716196694029845
86340.0,0.28396686442529,0.28302357944908824,0.2801882522766449,0.2754429793338296,0.2687530725640229,0.2600584817217197,0.2492577149215907,0.23617769604496727,0.2205127636842761,0.2016842768121562,0.17844623307127375,0.14728978213210694,0.079013792415581,,,,,,,,0.06712883918798168
86400.0,0.2837444762485882,0.2828022809318665,0.2799702177860516,0.27523036785561067,0.2685480180730139,0.2598630956663069,0.2490740859130908,0.23600790478630504,0.22035893679054236,0.201548660940198,0.17833134851006566,0.14719862928291177,0.0789088455749892,,,,,,,,0.06709580185444756
86460.0,0.28352253498672497,0.28258147904470354,0.2797528292260794,0.2750186533492418,0.26834421983119744,0.25966943809655,0.24889278741499976,0.23584120957141474,0.2202091859292543,0.20141845121499122,0.17822393016810079,0.1471192217789386,0.0788749963732962,,,,,,,,0.06706261505649687
86520.0,0.2833010455532387,0.282361126329105,0.2795358818920262,0.274807366906363,0.2681408313869849,0.259476167098483,0.2487118474560275,0.23567484018530763,0.22005972355186043,0.2012884878299128,0.17811671053247907,0.1470399573962365,0.07884115886081156,,,,,,,,0.06702942013472098
86580.0,0.28308000662957167,0.28214122147489873,0.27931937449876926,0.2745965072832504,0.26793785155388555,0.2592832815579919,0.24853126500877917,0.2355087957009444,0.2199105488451434,0.20115877009936783,0.1780096890566474,0.1469608357291354,0.07880736949877386,,,,,,,,0.0669962853699399
86640.0,0.28285941690029137,0.28192176317501494,0.2791033057642206,0.2743860732391017,0.267735279148175,0.25909078036353494,0.24835103904820727,0.23534307519339692,0.21976166099773634,0.20102929733918948,0.1779028651948454,0.14688185636453419,0.07877364074728486,,,,,,,,0.06696322575364717
86700.0,0.28263927507149,0.2817027501437905,0.2788876744273448,0.2741760635535801,0.26753311300577637,0.25889866242217474,0.2481711685666146,0.23517767775363463,0.21961305921249474,0.20090006887736642,0.17779623841092856,0.14680301887233438,0.0787399776400855,,,,,,,,0.06693024701165898
86760.0,0.28241957985017424,0.2814841810964655,0.27867247922797755,0.2739664770071663,0.2673313519633579,0.25870692664163153,0.2479916525568656,0.23501260247309924,0.21946474269264543,0.2007710840420396,0.1776898081685142,0.1467243227998987,0.07870638328997348,,,,,,,,0.0668973525553857
86820.0,0.2822003299473404,0.28126605475224276,0.2784577189098353,0.273757312384087,0.2671299948611472,0.25851557193295094,0.24781249001487965,0.2348478484459912,0.21931671064382946,0.20064234216325874,0.177583573932269,0.14664576767896956,0.07867285952156942,,,,,,,,0.066864544348924
86880.0,0.28198152407894755,0.28104836983525505,0.2782433922214666,0.2735485684732392,0.26692904054381833,0.25832459721134443,0.24763367994041421,0.23468341476998583,0.21916896227473762,0.2005138425735222,0.17747753516808695,0.1465673530376429,0.07863940732074143,,,,,,,,0.06683182340718717
86940.0,0.28176316096587056,0.2808311250745182,0.27802949791620685,0.2733402440681467,0.2667284878604519,0.25813400139615306,0.24745522133703374,0.23451930054620534,0.21902149679708077,0.20038558460775488,0.17737169134274908,0.1464890784128033,0.0786060272832796,,,,,,,,0.06679919031441191
87000.0,0.28154523933363373,0.2806143192036673,0.27781603475191846,0.2731323379667087,0.26652833566429357,0.25794378341062074,0.24727711321189913,0.23435550487902468,0.2188743134254133,0.20025756760315122,0.1772660419234922,0.14641094335652582,0.07857271981600751,,,,,,,,0.06676664546007205
87060.0,0.28132775791228953,0.28039795096083514,0.27760300149087197,0.27292484897108377,0.2663285828126438,0.25775394218178926,0.2470993545756701,0.23419202687598115,0.21872741137704751,0.2001297908990884,0.1771605863777786,0.14633294743663008,0.07853948518373143,,,,,,,,0.06673418908435737
87120.0,0.28111071543622784,0.28018201908846335,0.2773903968995601,0.27271777588751,0.2661292281666861,0.2575644766403384,0.246921944442358,0.23402886564763956,0.21858078987193244,0.20000225383700765,0.17705532417331815,0.1462550902340998,0.07850632353175911,,,,,,,,0.06670182129800083
87180.0,0.28089411064481873,0.27996652233394065,0.2771782197493243,0.27251111752691104,0.26593027059206403,0.25737538572112645,0.2467448818298242,0.23386602030804132,0.21843444813304153,0.19987495576068984,0.17695025477832171,0.14617737134294223,0.07847323489736756,,,,,,,,0.06666954209577496
87240.0,0.28067794228133053,0.27975145944852775,0.2769664688153003,0.27230487270387704,0.26573170895791226,0.25718666836228293,0.2465681657589439,0.23370348997394777,0.21828838538570916,0.19974789601570286,0.17684537766177064,0.14609979036530388,0.07844021927085017,,,,,,,,0.06663735142383499
87300.0,0.28046220909407626,0.279536829188497,0.27675514287753533,0.2720990402377444,0.26553354213788316,0.2569983235061712,0.24639179525449362,0.23354127376563957,0.2181426008583215,0.19962107394990797,0.17674069229386002,0.14602234691347504,0.07840727658848046,,,,,,,,0.06660524917221287
87360.0,0.2802469098358119,0.27932263031453386,0.2765442407204018,0.2718936189520282,0.26533576900960837,0.2568103500988835,0.24621576934468525,0.233379370806495,0.21799709378194276,0.19949448891314783,0.17663619814624862,0.14594504060700203,0.07837440675536993,,,,,,,,0.06657323519878912
87420.0,0.2800320432638198,0.27910886159182036,0.2763337611326786,0.2716886076745027,0.265138388454774,0.2566227470903118,0.24604008706123137,0.23321778022304634,0.21785186339035686,0.19936814025726882,0.1765318946923411,0.14586787107149174,0.07834160965035111,,,,,,,,0.06654130933405202
87480.0,0.27981760813936846,0.2788955217894977,0.2761237029070247,0.27148400523669136,0.2649413993586359,0.2564355134336942,0.24586474743892686,0.23305650114460125,0.2177069089197337,0.19924202733588403,0.1764277814072544,0.14579083793689193,0.07830888513334983,,,,,,,,0.0665094713888826
87540.0,0.2796036032287116,0.2786826096816598,0.27591406484095277,0.2712798104748076,0.2647448006109154,0.2562486480864543,0.245689749516422,0.2328955327039378,0.21756222960922164,0.1991161495048266,0.17632385776833936,0.14571394083817568,0.07827623304378664,,,,,,,,0.0664777211530563
87600.0,0.2793900273020687,0.2784701240463395,0.2757048457358354,0.27107602222879507,0.2645485911048864,0.25606215000934474,0.24551509233543348,0.23273487403659152,0.21741782470032686,0.19899050612171185,0.1762201232549049,0.14563717941342483,0.0782436532098258,,,,,,,,0.0664460584048664
87660.0,0.27917687913393574,0.27825806366581773,0.27549604439720876,0.27087263934262135,0.2643527697376535,0.2558760181667094,0.24534077494098494,0.23257452428107,0.21727369343709368,0.1988650965460914,0.17611657734842767,0.14556055330374496,0.07821114544889593,,,,,,,,0.0664144829116117
87720.0,0.2789641575036967,0.27804642732723117,0.2752876596353676,0.270669660664852,0.26415733541069975,0.2556902515269965,0.24516679638187922,0.2324144825792756,0.21712983506646039,0.1987399201397525,0.1760132195329299,0.14548406215323817,0.07817870956814227,,,,,,,,0.06638299443008695
87780.0,0.27875186119449996,0.27783521382145554,0.27507969026427076,0.2704670850475942,0.263962287028881,0.2555048490618153,0.24499315570982955,0.23225474807572133,0.21698624883758616,0.19861497626623753,0.17591004929445625,0.14540770560781646,0.0781463453689986,,,,,,,,0.06635159271128369
87840.0,0.27853998899435184,0.2776244219441921,0.27487213510260644,0.2702649113475249,0.2637676235014052,0.2553198097468546,0.24481985198030418,0.23209531991828775,0.21684293400249452,0.19849026429137212,0.17580706612165853,0.14533148331562584,0.07811405264604906,,,,,,,,0.06632027749925212
87900.0,0.2783285396955259,0.2774140504953818,0.27466499297321756,0.2700631384253365,0.2635733437413035,0.2551351325613872,0.24464688425206968,0.23193619725781028,0.216699889815721,0.19836578358302648,0.17570426950549278,0.14525539492646422,0.07808183118932764,,,,,,,,0.06628904853345874
87960.0,0.27811751209448404,0.27720409827912484,0.27445826270302337,0.26986176514566146,0.2633794466653595,0.25495081648820345,0.24447425158712896,0.23177737924802086,0.21655711553426485,0.19824153351110438,0.17560165893916568,0.14517944009159234,0.07804968078520137,,,,,,,,0.06625790554967625
88020.0,0.2779069049919248,0.2769945641037309,0.27425194312306866,0.2696607903771184,0.2631859311941535,0.25476686051365177,0.2443019530507581,0.23161886504557977,0.21641461041761803,0.19811751344759126,0.1754992339181436,0.1451036184636444,0.07801760121689454,,,,,,,,0.06622684828053223
88080.0,0.27769671719282846,0.27678544678176253,0.27404603306856556,0.2694602129923543,0.2629927962521016,0.25458326362767675,0.24412998771154032,0.23146065381010386,0.21627237372779273,0.19799372276659682,0.1753969939401555,0.1450279296965495,0.07798559226496668,,,,,,,,0.06619587645600317
88140.0,0.27748694750644437,0.27657674513002267,0.27384053137888287,0.2692600318680329,0.2628000407674462,0.2544000248238086,0.24395835464135548,0.23130274470415563,0.2161304047293158,0.19787016084437148,0.17529493850516326,0.1449523734454412,0.07795365370782005,,,,,,,,0.06616498980393315
88200.0,0.27727759471819,0.27636845794159765,0.2736354368700159,0.2690602458580179,0.2626076636464323,0.25421714307461524,0.24378705289238642,0.2311451368720868,0.2159887026702122,0.19774682704277136,0.1751930671016618,0.14487694935646986,0.07792178545991686,,,,,,,,0.06613419122500173
88260.0,0.27706865192887725,0.276160527957952,0.27343054104143755,0.2688603922126381,0.26241483852268754,0.25403331430030734,0.24361417002375502,0.23098514570717077,0.2158435966872819,0.19761871667050326,0.17508432004649638,0.14479035636784304,0.0778196802487451,,,,,,,,0.06610370530218071
88320.0,0.2768601121920441,0.27595299878020024,0.27322603929854467,0.26866092151920834,0.26222238090304845,0.25384983338328115,0.24344161130621292,0.2308254510636672,0.2156987557380918,0.1974908359370559,0.1749757629833501,0.14470390862293384,0.07771774709711562,,,,,,,,0.0660733982468066
88380.0,0.27665197439719164,0.2757458693045302,0.2730219305575036,0.2684618327269206,0.26203028978237597,0.25366669937622766,0.24326937586183067,0.2306660521438041,0.2155541791147332,0.19736318423284555,0.17486739541162663,0.1446176057526675,0.07761595273278918,,,,,,,,0.06604320361208747
88440.0,0.2764442374442069,0.27553913843745753,0.2728182137446374,0.26826312479483977,0.26183856416501144,0.25348391134081727,0.24309746282104758,0.23050694815744752,0.21540986611609214,0.19723576095425033,0.17475921683595338,0.14453144739793916,0.07751428480401194,,,,,,,,0.06601310681207583
88500.0,0.27623690023773945,0.27533280509023184,0.27261488779091625,0.26806479668653527,0.26164720305960243,0.25330146834277695,0.24292587131805474,0.23034813831784612,0.21526581604401968,0.19710856550028666,0.1746512267634359,0.14444543322062717,0.0774127382246711,,,,,,,,0.06598310197902751
88560.0,0.2760299616822127,0.275126868173874,0.272411951627074,0.26786684736532845,0.26145620547453624,0.25311936944755886,0.2427546004867498,0.23018962183792654,0.2151220282000262,0.19698159726972955,0.17454342470124562,0.14435956290238358,0.0773113095868921,,,,,,,,0.0659531852200276
88620.0,0.2758234206853573,0.27492132660269014,0.2722094041870661,0.26766927579765787,0.261265570421173,0.2529376137234063,0.2425836494635987,0.23003139793291477,0.21497850188762843,0.19685485566316138,0.1744358101584325,0.144273836143227,0.07720999685298786,,,,,,,,0.06592335425017187
88680.0,0.2756172761594037,0.2747161792954596,0.2720072444092393,0.2674720797155282,0.26107529691494197,0.25275620024239426,0.24241301447608102,0.22987346582123114,0.2148352364131581,0.19672833177818727,0.1743283826467092,0.14418825265055907,0.0771020949004526,,,,,,,,0.06589360759259924
88740.0,0.27541152702054156,0.27451142517489596,0.27180547123580123,0.2672752591209343,0.2608853839748483,0.2525751280799643,0.24224269708239862,0.22971582472409835,0.2146922310854193,0.19660203190288458,0.1742211416804547,0.14410281212777276,0.0769931451798619,,,,,,,,0.06586394409241922
88800.0,0.275206172188564,0.2743070631672937,0.27160408361247373,0.2670788132059743,0.2606958306231478,0.2523943963146147,0.24207269693220143,0.22955847386527628,0.21454948521545483,0.19647595688068145,0.17411408677681495,0.1440175142687436,0.07688430508006548,,,,,,,,0.06583436279289971
88860.0,0.2750012105869206,0.27410309220258094,0.2714030804885435,0.2668827409519292,0.2605066358853937,0.2522140040279435,0.24190301317426485,0.22940141247109588,0.21440699811657837,0.19635010612093654,0.17400721745591766,0.14393235875693702,0.07677557401676494,,,,,,,,0.06580486291501932
88920.0,0.2747966411427164,0.273899511214318,0.2712024608168611,0.2666870413435314,0.2603177987904348,0.252033950304647,0.24173364496022187,0.2292446397704607,0.2142647691043801,0.19622447903508977,0.17390053324088448,0.14384734526641682,0.07666695152796134,,,,,,,,0.06577544381080858
88980.0,0.2745924627867054,0.27369631913969195,0.2710022235538362,0.2664917133689594,0.26012931837041225,0.25185423423251674,0.24156459144455908,0.22908815499484564,0.2141227974967298,0.19609907503668872,0.17379403365767873,0.14376247346324103,0.07655843723221743,,,,,,,,0.06574610491758105
89040.0,0.27438867445327947,0.27349351491950485,0.2708023676594251,0.26629675601982816,0.25994119366074836,0.25167485490242875,0.24139585178460707,0.2289319573782897,0.21398108261377438,0.19597389354141342,0.173687718234851,0.14367774300670388,0.07645003080284678,,,,,,,,0.06571684572964327
89100.0,0.2741852750804538,0.2732910974981588,0.2706028920971169,0.26610216829117317,0.2597534237001329,0.25149581140833027,0.24122742514052878,0.22877604615738603,0.21383962377793336,0.19584893396709796,0.1735815865032581,0.14359315355050056,0.07634173195483321,,,,,,,,0.06568766578489414
89160.0,0.27398226360985056,0.273089065823641,0.270403795833919,0.26590794918143745,0.25956600753050924,0.25131710284722686,0.24105931067530686,0.22862042057127235,0.21369842031389533,0.19572419573374608,0.1734756379958021,0.1435087047438922,0.0762335404367012,,,,,,,,0.06565856465678538
89220.0,0.2737796389866856,0.27288741884750983,0.2702050778403421,0.2657140976924572,0.2593789441970615,0.25113872831916983,0.2408915075547321,0.22846507986162182,0.21355747154861504,0.19559967826353933,0.17336987224720363,0.14342439623280132,0.07612545602363624,,,,,,,,0.06562954194719095
89280.0,0.27357740015975385,0.27268615552488024,0.2700067370903873,0.2655206128294487,0.2591922327482017,0.25096068692724355,0.24072401494739254,0.22831002327263414,0.21341677681131227,0.19547538098083567,0.1732642887938074,0.14334019564421407,0.07601747851168757,,,,,,,,0.0656005972803043
89340.0,0.2733755460814151,0.27248527481440976,0.26980877256153213,0.26532749360099556,0.25900587223555654,0.25078297777755343,0.24055683202466205,0.2281552500510275,0.21327633543346974,0.1953513033121593,0.17315888717341824,0.1432561099448218,0.07590960771342496,,,,,,,,0.06557173029814417
89400.0,0.27317407570758073,0.27228477567828524,0.2696111832347168,0.2651347390190343,0.2588198617139551,0.2506055999792143,0.2403899579606897,0.22800075944603015,0.21313614674883274,0.19522744468618378,0.1730536669251693,0.14317216352888446,0.07580184345483117,,,,,,,,0.06554294065738897
89460.0,0.2729729879976987,0.27208465708220847,0.2694139680943306,0.26494234809884204,0.2586342002414157,0.2504285526443377,0.24022339193238862,0.2278465507093722,0.21299621009340616,0.19510380453370907,0.1729486275894212,0.1430883560365918,0.07569418557295832,,,,,,,,0.0655142280269971
89520.0,0.27277228191474057,0.27188491799538234,0.2692171261281985,0.26475031985902303,0.2584488868791336,0.25025183488801994,0.2400571331194252,0.22769262309527796,0.21285652039395825,0.1949803822876348,0.17284376870769014,0.14300468710800723,0.07558663391405862,,,,,,,,0.06548559208629665
89580.0,0.27257195642507354,0.2716855573903844,0.26902065632745703,0.2645586533213888,0.2582639206913662,0.2500754458282352,0.23989118070412138,0.2275389758603796,0.2127170795857826,0.19485717738286748,0.17273908982256772,0.14292115638338726,0.0754791883318105,,,,,,,,0.06545703252317547
89640.0,0.2723720104988726,0.27148657424357653,0.26882455768695523,0.2643673475113454,0.2580793007458027,0.24989938458618047,0.2397255338717712,0.22738560826400414,0.21257788883781276,0.19473418925652713,0.1726345904778065,0.1428377635034658,0.07537184868710513,,,,,,,,0.06542854903386602
89700.0,0.27217244310929917,0.2712879675342879,0.26862882920445497,0.26417640145712074,0.2578950261128267,0.24972365028558627,0.23956019181000957,0.2272325195676072,0.21243894749485087,0.19461141734746648,0.17253027021808146,0.14275450810960283,0.07526461484523567,,,,,,,,0.06540014132008835
89760.0,0.2719732532333674,0.2710897362456765,0.26843346988147415,0.26398581419057954,0.25771109586629326,0.24954824205344348,0.2393951537094783,0.22707970903537456,0.21230025490417564,0.19448886109672633,0.1724261285892223,0.14267138984404115,0.07515748667695703,,,,,,,,0.06537180909013
89820.0,0.2717744398515722,0.2708918793643595,0.2682384787229252,0.26379558474687326,0.257527509083195,0.24937315901969032,0.23923041876354081,0.22692717593396688,0.21216181041531226,0.19436651994730594,0.17232216513811913,0.14258840835000539,0.07505046405701882,,,,,,,,0.06534355205734278
89880.0,0.2715760019477739,0.27069439588029837,0.2680438547370024,0.26360571216433115,0.2573442648435584,0.24919840031711632,0.23906598616819355,0.22677491953244244,0.2120236133799606,0.1942443933440785,0.17221837941270582,0.14250556327178368,0.07494354686345113,,,,,,,,0.06531536993943304
89940.0,0.27137793850920433,0.2704972847868049,0.26784959693518673,0.2634161954844664,0.25716136223044916,0.24902396508136634,0.23890185512207104,0.22662293910226175,0.21188566315199706,0.19412248073377472,0.17211477096197775,0.14242285425480034,0.074836734977182,,,,,,,,0.06528726245807435
90000.0,0.27118024856317385,0.27030054511706336,0.2676557043682137,0.26322703378701695,0.256978800363723,0.24884985190230496,0.23873802485652176,0.22647123394497518,0.21174795911237865,0.19400078158665923,0.17201133521914602,0.14234028095893492,0.0747300278902229,,,,,,,,0.06525922607821069
90060.0,0.2709829365086176,0.2701042300161259,0.26746237661170646,0.2630386743401526,0.2567973775543306,0.24867732375747312,0.23857635153496157,0.2263224081818708,0.21161407298401383,0.1938841741139111,0.17191496183714877,0.14226894746123978,0.07470100935723765,,,,,,,,0.0652310447464136
90120.0,0.27078600675964104,0.26990829500176583,0.2672694223040591,0.262850677341428,0.25661630191665713,0.24850512334124517,0.23841498244533396,0.22617385918785882,0.21148043220142204,0.193767776416316,0.17181875784441994,0.14219773585076903,0.07467199027776165,,,,,,,,0.06520284809253299
90180.0,0.27058945828826014,0.26971273905253673,0.2670768404433568,0.2626630418212134,0.2564355725257193,0.24833324978511684,0.23825391678682717,0.22602558624047156,0.21134703613101677,0.1936515879602535,0.17172272281708326,0.142126645815101,0.07464300793228316,,,,,,,,0.06517469828373293
90240.0,0.2703932900272714,0.2695175611079657,0.26688462998923584,0.2624757667723907,0.25625518842038714,0.2481617021861615,0.2380931537263206,0.2258775885874567,0.21121388411238406,0.1935356081886098,0.17162685631150323,0.14205567702217212,0.074614074563158,,,,,,,,0.06514660875455391
90300.0,0.27019750092137385,0.26932276011941597,0.26669278991297085,0.26228885119915224,0.256075148650385,0.2479904796517252,0.23793269244026619,0.2257298654853288,0.2110809754929576,0.19341983655096912,0.1715311578892588,0.14198482912893287,0.0745851951103448,,,,,,,,0.06511858483160878
90360.0,0.27000208992171953,0.26912833504466566,0.26650131919213577,0.26210229411179775,0.2558954522712783,0.24781958129465712,0.23777253211021718,0.22558241619525096,0.21094830962430725,0.1933042725003704,0.17143562711443722,0.14191410177394656,0.07455637206819386,,,,,,,,0.06509062912107255
90420.0,0.2698070559817151,0.2689342848437301,0.266310216806492,0.2619160945227321,0.255716098340624,0.24764900622965574,0.23761267191941196,0.2254352399798963,0.2108158858593179,0.19318891549086628,0.17134026355159654,0.1418434945832916,0.07452760703189383,,,,,,,,0.06506274324716939
90480.0,0.26961239805785925,0.26874060847969605,0.26611948173880834,0.26173025144726264,0.25553708591873564,0.24747875357399352,0.23745311105345018,0.22528833610406734,0.21068370355273963,0.1930737649779911,0.1712450667659898,0.141773007178617,0.07449890101344232,,,,,,,,0.06503492823258025
90540.0,0.26941811511048325,0.2685473049194572,0.265929112975585,0.2615447639043025,0.25535841406935983,0.24730882244815805,0.23729384870089207,0.2251417038352445,0.21055176206167553,0.19295882041917642,0.17115003632367962,0.1417026391853194,0.07447025459004722,,,,,,,,0.06500718463472821
90600.0,0.26922420610370845,0.2683543731336723,0.26573910950701307,0.26135963091633235,0.25518008185964003,0.24713921197581948,0.23713488405322905,0.22499534244356048,0.21042006074555591,0.19284408127372774,0.1710551717912989,0.14163239023846547,0.07444166811012132,,,,,,,,0.0649795127695555
90660.0,0.2690306700052832,0.2681618120966033,0.265549470326815,0.26117485150924574,0.2550020883599686,0.24696992128369094,0.236976216304755,0.2248492512016814,0.21028859896602928,0.19272954700272424,0.17096047273581447,0.14156225998460265,0.07441314179973017,,,,,,,,0.06495191283009728
90720.0,0.26883750578650834,0.2679696207860408,0.2653601944321708,0.2609904247122777,0.25482443264391824,0.24680094950146403,0.23681784465250605,0.22470342938475094,0.21015737608690915,0.19261521706895957,0.17086593872445244,0.14149224808103253,0.07438467579660855,,,,,,,,0.06492438491983243
90780.0,0.2686447124220821,0.2677777981831508,0.26517128082356894,0.26080634955785925,0.25464711378810356,0.24663229576167947,0.23665976829614188,0.22455787627028218,0.2100263914740764,0.1925010909368464,0.1707715693247723,0.14142235419405477,0.07435627016740022,,,,,,,,0.06489692906878294
90840.0,0.2684522888906186,0.26758634327298836,0.2649827285053094,0.2606226250821046,0.25447013087264564,0.2464639592001617,0.23650198643834608,0.2244125911385184,0.20989564449579115,0.19238716807264028,0.1706773641048996,0.14135257799915535,0.07432792491300506,,,,,,,,0.0648695452394482
90900.0,0.26826023417375583,0.2673952550436128,0.26479453648463613,0.2604392503239734,0.2542934829803732,0.24629593895527216,0.2363444982841384,0.22426757327181154,0.20976513452214715,0.19227344794398962,0.17058332263366188,0.14128291917764205,0.07429964000351418,,,,,,,,0.06484223336325003
90960.0,0.2680685472570888,0.2672045324870141,0.2646067037726451,0.2602562243261471,0.25411716919765837,0.24612823416869176,0.2361873030415959,0.2241228219552714,0.20963486092563402,0.1921599300203538,0.1704894444809287,0.14121337741799372,0.07427141537305185,,,,,,,,0.0648149933352456
91020.0,0.2678772271296938,0.2670141745986407,0.26441922938382206,0.26007354613458217,0.2539411886139915,0.2459608439850224,0.2360303999214859,0.22397833647643375,0.20950482308084273,0.19204661377276183,0.17039572921774457,0.1411439524137643,0.0742432509344744,,,,,,,,0.06478782502912528
91080.0,0.26768627278419455,0.2668241803774645,0.26423211233610505,0.2598912147985724,0.253765540322039,0.24579376755184223,0.23587378813731633,0.22383411612530482,0.20937502036449898,0.19193349867383253,0.17030217641652484,0.14107464386278282,0.0742151465830431,,,,,,,,0.06476072830084907
91140.0,0.26749568321631756,0.26663454882553966,0.2640453516504536,0.2597092293703303,0.25359022341724663,0.24562700401933354,0.2357174669049937,0.22369016019405077,0.2092454521551897,0.19182058419757728,0.170208785651007,0.14100545146600793,0.07418710220134059,,,,,,,,0.06473370299362982
91200.0,0.26730545742571765,0.26644527894882236,0.263858946351651,0.2595275889057637,0.25341523699857815,0.24546055254097504,0.23556143544345984,0.22354646797757138,0.20911611783385403,0.19170786981977658,0.1701155564966649,0.14093637492807545,0.0741591176577927,,,,,,,,0.06470674893649749
91260.0,0.26711559441514215,0.2662563697563413,0.2636728954674915,0.25934629246368995,0.25324058016776746,0.24529441227284124,0.2354056929740471,0.22340303877291717,0.20898701678327544,0.19159535501761418,0.17002248853046104,0.14086741395590707,0.07413119281294653,,,,,,,,0.06467986595063997
91320.0,0.2669260931906832,0.26606782026044745,0.2634871980290253,0.2591653391060731,0.25306625202954414,0.24512858237381416,0.23525023872067255,0.2232598718794632,0.20885814838822847,0.19148303926980073,0.16992958133100486,0.14079856825865894,0.07410332751984439,,,,,,,,0.06465305384977488
91380.0,0.26673695276227755,0.26587962947731036,0.263301853071045,0.2589847278984934,0.2528922516920811,0.24496306200600249,0.2350950719102243,0.22311696659925476,0.20872951203577114,0.19137092205681727,0.16983683447884873,0.14072983754773763,0.07407552162428056,,,,,,,,0.06462631244042888
91440.0,0.26654817214278764,0.2656917964260066,0.26311685963119213,0.2588044579092842,0.2527185782661727,0.24479785033397183,0.23494019177185202,0.22297432223636798,0.20860110711469443,0.1912590028605142,0.16974424755606934,0.1406612215359245,0.0740477749680236,,,,,,,,0.06459964152515338
91500.0,0.26635975034889126,0.26550432012940245,0.26293221675082207,0.25862452821036797,0.2525452308660308,0.2446329465254905,0.23478559753765327,0.22283193809752483,0.2084729330160468,0.19114728116453902,0.1696518201467312,0.14059271993771913,0.07402008738794402,,,,,,,,0.06457304090167319
91560.0,0.2661716864006143,0.26531719961368977,0.2627479234745491,0.25844493787681655,0.25237220860886617,0.2444683497511375,0.23463128844231262,0.22268981349176714,0.20834498913285443,0.19103575645414247,0.1695595518366559,0.14052433246890617,0.07399245871763359,,,,,,,,0.06454651036450709
91620.0,0.26598397932126366,0.26513043390832,0.26256397885018273,0.2582656859867898,0.2521995106148297,0.24430405918424739,0.23447726372304994,0.22254794773040865,0.2082172748600808,0.19092442821616548,0.1694674422133829,0.1404560588464122,0.07396488878804026,,,,,,,,0.06452004970559455
91680.0,0.26579662813746535,0.2649440220460412,0.2623803819287626,0.2580867716215692,0.2520271360070454,0.24414007400094143,0.23432352261964884,0.22240634012705907,0.20808978959464816,0.19081329593907365,0.1693754908661792,0.14038789878823993,0.07393737742784358,,,,,,,,0.0644936587146798
91740.0,0.26560963187919984,0.26475796306293425,0.2621971317645948,0.25790819386559255,0.25185508391164296,0.24397639338015745,0.23417006437448395,0.22226498999764732,0.20796253273545928,0.1907023591129897,0.16928369738604562,0.14031985201341202,0.0739099244637898,,,,,,,,0.0644673371796494
91800.0,0.2654229895797943,0.26457225599840395,0.26201422741524333,0.2577299518064467,0.2516833534577509,0.2438130165036438,0.2340168882325144,0.22212389666041468,0.20783550368339354,0.19059161722970538,0.1691920613656986,0.14025191824190375,0.07388252972104976,,,,,,,,0.0644410848868897
91860.0,0.2652367002758946,0.2643868998951516,0.26183166794150226,0.25755204453484054,0.25151194377747044,0.24364994255593522,0.23386399344126135,0.22198305943589317,0.2077087018412914,0.1904810697826822,0.16910058239953854,0.14018409719458155,0.07385519302354734,,,,,,,,0.06441490162161548
91920.0,0.2650507630074424,0.2642018937991534,0.2616494524073757,0.2573744711445847,0.25134085400585776,0.24348717072433526,0.23371137925079113,0.22184247764688966,0.20758212661394407,0.19037071626705346,0.16900926008362063,0.1401163885931584,0.0738279141942204,,,,,,,,0.06438878716813144
91980.0,0.264865176817667,0.26401723675964955,0.2614675798800669,0.2571972307325822,0.25117008328091295,0.24332470019890648,0.23355904491370608,0.22170215061847742,0.2074557774080889,0.19026055617962992,0.1689180940156299,0.14004879216016455,0.07380069305522646,,,,,,,,0.06436274131003768
92040.0,0.26467994075307244,0.26383292782913553,0.2612860494299686,0.2570203223988185,0.25099963074357234,0.2431625301724631,0.2334069896851367,0.2215620776779881,0.207329653632407,0.19015058901890466,0.16882708379485772,0.13998130761892477,0.0737735294281182,,,,,,,,0.06433676383040549
92100.0,0.26449505386342803,0.26364896606334853,0.26110486013065154,0.2568437452463506,0.25082949553769773,0.24300065984056038,0.23325521282273154,0.22142225815500285,0.20720375469751837,0.190040814285055,0.16873622902217725,0.1399139346935396,0.07374642313400119,,,,,,,,0.06431085451193508
92160.0,0.2643105152017527,0.26346535052125464,0.26092401105885066,0.25666749838129377,0.2506596768100629,0.24283908840148224,0.233103713586646,0.22128269138134157,0.2070780800159766,0.1899312314799426,0.16864552930001828,0.13984667310887,0.0737193739936727,,,,,,,,0.06428501313709428
92220.0,0.2641263238243012,0.26328208026503436,0.2607435012944508,0.2564915809128081,0.25049017371034216,0.24267781505623018,0.23295249123953052,0.22114337669105313,0.20695262900226422,0.1898218401071124,0.16855498423234289,0.1397795225905259,0.07369238182774045,,,,,,,,0.06425923948823713
92280.0,0.2639424787905515,0.26309915436006953,0.2605633299204755,0.256315991953087,0.25032098539109804,0.24251683900851181,0.23280154504652054,0.22100431342040583,0.20682740107278724,0.1897126396717911,0.16846459342462272,0.13971248286485902,0.07366544645672413,,,,,,,,0.06423353334770543
92340.0,0.2637589791631919,0.26291657187493167,0.26038349602307365,0.25614073061734455,0.25015211100777074,0.24235615946473033,0.2326508742752261,0.22086550090787893,0.20670239564587164,0.1896036296808848,0.16837435648381727,0.1396455536589576,0.07363856770114359,,,,,,,,0.0642078944979168
92400.0,0.26357582400810875,0.26273433188136847,0.260203998691507,0.2559657960238045,0.24998354971866596,0.24219577563397363,0.23250047819572156,0.22072693849415367,0.20657761214175852,0.1894948096429752,0.1682842730183529,0.13957873470064283,0.07361174538159662,,,,,,,,0.06418232272144232
92460.0,0.2633930123943726,0.26255243345429136,0.2600248370181387,0.25579118729368705,0.24981530068494395,0.24203568672800324,0.23235035608053503,0.22058862552210434,0.20645304998259906,0.189386179068316,0.16819434263810293,0.13951202571846658,0.07358497931882735,,,,,,,,0.0641568178010749
92520.0,0.26321054339422634,0.26237087567176254,0.2598460100984198,0.25561690355119804,0.2496473630706078,0.2418758919612435,0.23220050720463833,0.2204505613367899,0.2063287085924502,0.18927773746882778,0.1681045649543688,0.13944542644171062,0.07355826933378609,,,,,,,,0.06413137951988922
92580.0,0.26302841608307165,0.2621896576149825,0.2596675170308769,0.25544294392351596,0.2494797360424918,0.2417163905507704,0.23205093084543657,0.22031274528544548,0.20620458739726952,0.1891694843580927,0.16801493957986222,0.13937893660038633,0.07353161524768197,,,,,,,,0.06410600766129401
92640.0,0.2628466295394568,0.26200877836827724,0.25948935691710046,0.2552693075407806,0.24931241877025054,0.24155718171630147,0.2319016262827583,0.2201751767174739,0.20608068582491032,0.189061419251349,0.1679254661286878,0.1393125559252353,0.07350501688202912,,,,,,,,0.06408070200907844
92700.0,0.262665182845064,0.26182823701908625,0.25931152886173237,0.2550959935360811,0.2491454104263474,0.24139826468018422,0.23175259279884544,0.22003785498443798,0.20595700330511651,0.1889535416654846,0.16783614421632762,0.13924628414773058,0.07347847405868774,,,,,,,,0.06405546234745309
92760.0,0.26248407508469696,0.26164803265794945,0.25913403197245316,0.2549230010454442,0.2489787101860432,0.24123963866738582,0.2316038296783432,0.21990077944005187,0.2058335392695174,0.18884585111903054,0.16774697345962558,0.13918012100007787,0.07345198659990013,,,,,,,,0.06403028846108598
92820.0,0.262303305346268,0.261468164378495,0.25895686535997064,0.25475032920782265,0.24881231722738514,0.24108130290548263,0.2314553362082907,0.21976394944017344,0.20571029315162223,0.1887383471321547,0.16765795347677315,0.13911406621521719,0.07342555432832285,,,,,,,,0.0640051801351348
92880.0,0.262122872720786,0.26128863127742724,0.25878002813800743,0.2545779771650831,0.24864623073119546,0.24092325662464942,0.23130711167811083,0.2196273643427963,0.20558726438681482,0.18863102922665428,0.1675690838872955,0.13904811952682472,0.07339917706705519,,,,,,,,0.06398013715527508
92940.0,0.2619427763023435,0.26110943245451385,0.25860351942328913,0.254405944061995,0.24848044988106044,0.2407654990576486,0.23115915537960074,0.219491023508042,0.2054644524123478,0.18852389692594881,0.16748036431203922,0.13898228066931462,0.07337285463966414,,,,,,,,0.06395515930772563
93000.0,0.26176301518810546,0.26093056701257417,0.2584273383355318,0.25423422904621873,0.24831497386331927,0.24060802943981993,0.23101146660692234,0.21935492629815187,0.20534185666733665,0.18841694975507295,0.1673917943731591,0.13891654937784093,0.07334658687020686,,,,,,,,0.06393024637927085
93060.0,0.2615835884782956,0.2607520340574666,0.25825148399743064,0.2540628312682941,0.24814980186705313,0.24045084700907035,0.23086404465659277,0.21921907207747993,0.20521947659275452,0.18831018724066872,0.1673033736941074,0.13885092538829932,0.0733203735832505,,,,,,,,0.06390539815728037
93120.0,0.2614044952761851,0.2605738326980767,0.258075955534648,0.2538917498816285,0.24798493308407382,0.24029395100586312,0.230716888827475,0.21908346021248473,0.20509731163142536,0.18820360891097862,0.16721510189962202,0.13878540843732903,0.07329421460388982,,,,,,,,0.06388061442972703
93180.0,0.26122573468808025,0.2603959620463051,0.25790075207580127,0.2537209840424865,0.24782036670891328,0.24013734067320772,0.23056999842076847,0.21894809007172178,0.20497536122801838,0.18809721429583734,0.16712697861571688,0.13871999826231457,0.0732681097577628,,,,,,,,0.06385589498520244
93240.0,0.26104730582331037,0.26021842121705524,0.2577258727524514,0.25355053290997737,0.24765610193881235,0.23998101525664953,0.2304233727399998,0.21881296102583594,0.20485362482904165,0.18799100292666465,0.16703900346967065,0.138654694601387,0.07324205887106444,,,,,,,,0.06383123961293097
93300.0,0.26086920779421535,0.2600412093282217,0.2575513166990908,0.253380395646044,0.24749213797371017,0.23982497400425984,0.23027701109101387,0.21867807244755408,0.2047321018828359,0.18788497433645748,0.1669511760900184,0.13858949719342586,0.07321606177055937,,,,,,,,0.06380664810278186
93360.0,0.26069143971613434,0.2598643255006783,0.25737708305313234,0.25321057141545217,0.2473284740162332,0.23966921616662534,0.23013091278196418,0.21854342371167718,0.204610791839568,0.18777912805978264,0.16686349610654155,0.13852440577806027,0.07319011828359227,,,,,,,,0.06378212024528054
93420.0,0.2605140007073935,0.259687768858266,0.2572031709548972,0.25304105938577853,0.24716510927168442,0.23951374099683828,0.22998507712330438,0.21840901419507275,0.2044896941512247,0.18767346363276893,0.16677596315025983,0.13845942009566997,0.07316422823809793,,,,,,,,0.06375765583161823
93480.0,0.2603368898892937,0.2595115385277813,0.257029579547603,0.2528718587274003,0.2470020429480328,0.23935854775048632,0.22983950342777884,0.2182748432766676,0.20436880827160592,0.18756798059309962,0.16668857685342203,0.13839453988738687,0.07313839146260956,,,,,,,,0.0637332546536604
93540.0,0.26016010638609954,0.2593356336389644,0.2568563079773534,0.2527029686134828,0.2468392742559026,0.23920363568564262,0.2296941910104138,0.21814091033744012,0.2042481336563183,0.18746267848000514,0.16660133684949877,0.13832976489509524,0.07311260778626627,,,,,,,,0.06370891650395441
93600.0,0.2599836493250267,0.25916005332448744,0.2566833553931253,0.2525343882199699,0.24667680240856263,0.2390490040628559,0.22954913918850858,0.21800721476041288,0.20412766976276864,0.18735755683425517,0.16651424277317445,0.13826509486143324,0.07308687703881976,,,,,,,,0.06368464117573631
93660.0,0.25980751783623096,0.2589847967199429,0.2565107209467586,0.25236611672557163,0.2465146266219158,0.2388946521451404,0.2294043472816268,0.21787375593064476,0.20400741605015693,0.18725261519815173,0.16642729426033942,0.13820052952979286,0.07306119905063996,,,,,,,,0.06366042846293646
93720.0,0.259631711052796,0.2588098629638324,0.256338403792944,0.25219815331175405,0.24635274611448865,0.23874057919796646,0.2292598146115874,0.2177405332352241,0.20388737197946982,0.1871478531155212,0.16634049094808334,0.13813606864432093,0.07303557365272013,,,,,,,,0.06363627816018479
93780.0,0.25945622811072205,0.2586352511975544,0.25616640308921174,0.2520304971627281,0.2461911601074208,0.23858678448925036,0.229115540502456,0.21760754606326074,0.20376753701347422,0.1870432701317076,0.1662538324746878,0.13807171194991905,0.07301000067668115,,,,,,,,0.06361219006281515
93840.0,0.2592810681489141,0.25846096056539314,0.2559947179959213,0.2518631474654381,0.2460298678244545,0.23843326728934486,0.2289715242805363,0.21747479380587856,0.20364791061670964,0.1869388657935649,0.16616731847961988,0.13800745919224394,0.07298447995477521,,,,,,,,0.06358816396686914
93900.0,0.2591062303091709,0.2582869902145073,0.2558233476762487,0.2516961034095518,0.24586886849192446,0.23828002687102937,0.2288277652743613,0.21734227585620822,0.20352849225548228,0.1868346396494499,0.16608094860352546,0.13794331011770752,0.07295901131988908,,,,,,,,0.06356419966909939
93960.0,0.2589317137361726,0.25811333929491836,0.2556522912961765,0.2515293641874491,0.24570816133874732,0.23812706250950072,0.2286842628146847,0.21720999160937965,0.2034092813978578,0.1867305912492153,0.1659947224882229,0.13787926447347687,0.07293359460554666,,,,,,,,0.0635402969669723
94020.0,0.25875751757746995,0.25794000695949953,0.2554815480244821,0.2513629289942109,0.24554774559641146,0.2379743734823629,0.22854101623447262,0.21707794046251447,0.20329027751365444,0.1866267201442024,0.16590863977669687,0.1378153220074739,0.07290822964591137,,,,,,,,0.06351645565867034
94080.0,0.2585836409834735,0.25776699236396405,0.25531111703272685,0.25119679702760933,0.24538762049896704,0.23782195906961845,0.22839802486889463,0.2169461218147187,0.20317148007443644,0.18652302588723443,0.16582270011309255,0.137751482468375,0.0728829162757877,,,,,,,,0.063492675543094
94140.0,0.2584100831074404,0.2575942946668545,0.255140997495245,0.2510309674880964,0.24522778528301534,0.23766981855365846,0.22825528805531575,0.21681453506707518,0.20305288855350684,0.1864195080326091,0.16573690314270959,0.13768774560561092,0.07285765433062287,,,,,,,,0.0634689564198632
94200.0,0.2582368431054656,0.2574219130295308,0.25497118858913265,0.25086543957879315,0.2450682391876991,0.23751795121925315,0.22811280513328758,0.21668317962263636,0.202934502425901,0.18631616613609236,0.16565124851199645,0.13762411116936585,0.07283244364650776,,,,,,,,0.06344529808931858
94260.0,0.25806392013646867,0.25724984661616024,0.25480168949423704,0.25070021250547986,0.24490898145469217,0.23736635635354275,0.22797057544454014,0.21655205488641655,0.2028163211683796,0.1862129997549114,0.16556573586854484,0.137560578910577,0.07280728406017781,,,,,,,,0.06342170035252222
94320.0,0.2578913133621833,0.2570780945937051,0.2546324993931455,0.250535285476585,0.24475001132818971,0.2372150332460283,0.22782859833297353,0.21642116026538485,0.2026983442594216,0.18611000844774755,0.16548036486108436,0.13749714858093387,0.07278217540901322,,,,,,,,0.06339816301125838
94380.0,0.2577190219471468,0.25690665613191255,0.25446361747117435,0.25037065770317474,0.24459132805489803,0.23706398118856206,0.2276868731446496,0.21629049516845777,0.20258057117921788,0.1860071917747304,0.16539513513947723,0.13743381993287715,0.07275711753103954,,,,,,,,0.06337468586803356
94440.0,0.25754704505868786,0.25673553040330327,0.2542950429163586,0.25020632839894275,0.24443293088402485,0.23691319947533845,0.22754539922778336,0.21616005900649135,0.20246300140966397,0.18590454929743053,0.16531004635471278,0.13737059271959823,0.07273211026492733,,,,,,,,0.06335126872607678
94500.0,0.2573753818669163,0.2565647165831604,0.2541267749194413,0.2500422967801998,0.24427481906726925,0.236762687402885,0.2274041759327351,0.2160298511922744,0.20234563443435363,0.1858020805788535,0.16522509815890268,0.1373074666950377,0.0727071534499921,,,,,,,,0.06332791138933938
94560.0,0.2572040315447121,0.2563942138495188,0.25395881267386206,0.2498785620658629,0.24411699185881192,0.23661244427005315,0.22726320261200203,0.21589987114052092,0.20222846973857161,0.1856997851834331,0.16514029020527557,0.13724444161388458,0.07268224692619375,,,,,,,,0.06330461366249444
94620.0,0.25703299326771445,0.2562240213831546,0.25379115537574704,0.24971512347744604,0.24395944851530563,0.2364624693780091,0.22712247862020993,0.21577011826786258,0.2021115068092874,0.1855976626770252,0.16505562214817254,0.13718151723157518,0.07265739053413602,,,,,,,,0.06328137535093666
94680.0,0.25686226621431013,0.2560541383675732,0.2536238022238984,0.24955198023904893,0.24380218829586495,0.23631276203022503,0.22698200331410526,0.21564059199284183,0.20199474513514817,0.18549571262690132,0.16497109364304186,0.1371186933042914,0.07263258411506564,,,,,,,,0.06325819626078112
94740.0,0.2566918495656236,0.25588456398900006,0.25345675241978344,0.24938913157734713,0.24364521046205714,0.23616332153246974,0.22684177605254674,0.21551129173590394,0.20187818420647202,0.1853939346017423,0.16488670434643438,0.13705596958896007,0.07260782751087137,,,,,,,,0.06323507619886283
94800.0,0.2565217425055062,0.2557152974363688,0.25329000516752415,0.24922657672158233,0.24348851427789225,0.23601414719280014,0.2267017961964974,0.21538221691939044,0.20176182351524136,0.18529232817163244,0.16480245391599882,0.13699334584325107,0.07258312056408293,,,,,,,,0.06321201497273557
94860.0,0.25635194422052465,0.2555463379013107,0.25312355967388694,0.24906431490355171,0.2433320990098134,0.23586523832155204,0.22656206310901655,0.2152533669675313,0.20164566255509642,0.18519089290805305,0.16471834201047708,0.13693082182557606,0.07255846311786979,,,,,,,,0.06318901239067061
94920.0,0.2561824538999509,0.2553776845781452,0.25295741514827197,0.24890234535759803,0.2431759639266875,0.23571659423133132,0.22642257615525171,0.21512474130643808,0.2015297008213282,0.18508962838387638,0.16463436828969977,0.13686839729508699,0.07253385501603972,,,,,,,,0.06316606826165562
94980.0,0.256013270735752,0.2552093366638674,0.25279157080270326,0.24874066732059974,0.2430201082997957,0.23556821423700525,0.2262833347024304,0.21499633936409637,0.2014139378108722,0.18498853417335992,0.16455053241458129,0.13680607201167452,0.07250929610303748,,,,,,,,0.06314318239539317
95040.0,0.25584439392257774,0.25504129335813924,0.25262602585181765,0.2485792800319609,0.2428645314028238,0.23542009765569372,0.22614433811985246,0.21486816057035868,0.20129837302230158,0.18488760985214028,0.16446683404711585,0.13674384573596643,0.07248478622394318,,,,,,,,0.06312035460229934
95100.0,0.2556758226577526,0.2548735538632783,0.25246077951285495,0.24841818273360125,0.24270923251185292,0.23527224380676037,0.22600558577888197,0.21474020435693736,0.20118300595582064,0.18478685499722705,0.1643832728503727,0.13668171822932593,0.07246032522447055,,,,,,,,0.06309758469350202
95160.0,0.2555075561412629,0.25470611738424725,0.252295831005648,0.24825737466994652,0.24255421090535012,0.2351246520118039,0.22586707705293915,0.21461247015739734,0.20106783611325846,0.1846862691869973,0.16429984848849208,0.13661968925385,0.07243591295096535,,,,,,,,0.06307487248083939
95220.0,0.25533959357574815,0.2545389831286437,0.252131179552612,0.24809685508791832,0.24239946586415917,0.23497732159464957,0.22572881131749278,0.21448495740714907,0.20095286299806223,0.18458585200118965,0.16421656062668036,0.13655775857236757,0.0724115492504035,,,,,,,,0.06305221777685799
95280.0,0.2551719341664892,0.25437215030668997,0.25196682437873436,0.24793662323692459,0.24224499667149113,0.2348302518813404,0.22559078795005225,0.21435766554344113,0.2008380861152905,0.18448560302089848,0.16413340893120634,0.1364959259484378,0.07238723397038918,,,,,,,,0.06302962039481105
95340.0,0.25500457712139896,0.25420561813122255,0.25180276471156504,0.24777667836884967,0.24209080261291524,0.23468344220012866,0.22545300633015944,0.21423059400535355,0.20072350497160735,0.18438552182856832,0.16405039306939653,0.13643419114634822,0.07236296695915287,,,,,,,,0.06300708014865658
95400.0,0.254837521621938,0.2540393857887514,0.25163899975270526,0.24761701971025835,0.24193688294956175,0.2345368918559619,0.22531546581544354,0.2141037422117125,0.2006091190553668,0.18428560799059793,0.16396751269520532,0.13637255392038414,0.07233874835768782,,,,,,,,0.06298459937203961
95460.0,0.2546707623502958,0.2538734037348844,0.25147534701742985,0.24745723960507518,0.24178251025971131,0.2343894476980036,0.22517647079378972,0.21397472590127628,0.20049164842744507,0.18418136463548387,0.16387837436855185,0.13630064387295143,0.07223914925931955,,,,,,,,0.06296236995076397
95520.0,0.2545042938661343,0.2537077108993305,0.2513119788046537,0.24729773623853998,0.24162840348927975,0.23424225568204718,0.22503771124692196,0.21384592557552612,0.20037437150098036,0.18407728981803045,0.16378937628081092,0.1362288420076376,0.07213969899593003,,,,,,,,0.06294027306604456
95580.0,0.254338115406024,0.2535423065231648,0.25114889436891435,0.24713850888744873,0.24147456194588007,0.2340953151547365,0.22489918656837718,0.21371734068238096,0.2002572877854682,0.18397338311644726,0.16370051808618047,0.13615714806263812,0.07204036482365785,,,,,,,,0.06291825320841317
95640.0,0.2541722262727103,0.25337718991323854,0.2509860930293353,0.2469795568912137,0.2413209849970113,0.23394862551913748,0.22476089620394393,0.21358897071715843,0.20014039683227489,0.18386964414458548,0.1636117994674721,0.13608556179958972,0.07194113716968474,,,,,,,,0.06289630022543093
95700.0,0.2540066257538396,0.25321236036137856,0.2508235740902385,0.24682087957481605,0.24116767199626055,0.23380218616507098,0.22462283958698367,0.21346081516372156,0.20002369818244917,0.18376607250729793,0.16352322010005413,0.13601408298278853,0.07184201160281528,,,,,,,,0.06287440940302746
95760.0,0.253841313155239,0.25304781717748037,0.25066133687367864,0.246662476280415,0.2410146223136246,0.23365599649779534,0.2244850161651274,0.21333287351884925,0.199907191388419,0.18366266781909307,0.16343477966703499,0.13594271139126415,0.0717367894530631,,,,,,,,0.06285257795171614
95820.0,0.25367628773356454,0.25288355962257536,0.25049938065376526,0.2465043463037436,0.24086183527477714,0.23351005588091037,0.2243474253475512,0.21320514524458492,0.19979087597209866,0.18355942966869274,0.16334647783106854,0.13587144680126226,0.07162705115001718,,,,,,,,0.06283080407836855
95880.0,0.2535115487538638,0.252719586966034,0.25033770471279043,0.24634648894845892,0.24070931021295822,0.23336436368513064,0.2242100665500049,0.21307762980892017,0.19967475146064212,0.18345635764926405,0.16325831425848195,0.13580028899965502,0.07151740872050959,,,,,,,,0.06280908672106478
95940.0,0.2533470954939433,0.2525558984899066,0.2501763083454876,0.24618890353026565,0.24055704647291087,0.2332189192919852,0.22407293919822668,0.2129503266888792,0.1995588173891527,0.18335345136071005,0.1631702886212096,0.13572923777926602,0.07140786153423158,,,,,,,,0.06278742511406601
96000.0,0.253182927238411,0.2523924934830021,0.25001519085322216,0.24603158937129055,0.2404050434055109,0.23307372208876934,0.22393604272328368,0.21282323316595217,0.1994430732969831,0.18325071040654298,0.16308240059444817,0.13565829293176293,0.07129840909046345,,,,,,,,0.06276581861756333
96060.0,0.2530190432741497,0.25222937123638983,0.24985435153957766,0.24587454579580947,0.2402533003636867,0.2329287714647107,0.22379937655803134,0.2126963490308464,0.19932751872492477,0.18314813439151154,0.16299464985490805,0.13558745424349197,0.0711890509872266,,,,,,,,0.06274426669096704
96120.0,0.25285544288925216,0.252066531042342,0.24969378970931835,0.24571777212924156,0.24010181670145994,0.23278406681006733,0.22366294013628177,0.21256967566711174,0.19921215321454783,0.18304572292104812,0.1629070360804428,0.13551672149499097,0.07107978690869993,,,,,,,,0.0627227688807484
96180.0,0.2526921253737217,0.25190397219502925,0.24953350466907095,0.2455612676988101,0.23995059177457534,0.23263960751671858,0.22352673289334846,0.21244321256043944,0.19909697630863163,0.18294347560164168,0.1628195589504549,0.13544609446095288,0.07097061661671354,,,,,,,,0.06270132481090562
96240.0,0.25252909001960044,0.25174169399064883,0.24937349572745124,0.2454050318336654,0.23979962494061952,0.23249539297827895,0.2233907542661522,0.21231695919798213,0.19898198755125163,0.18284139204092123,0.16273221814575406,0.13537557291279936,0.07086153990623802,,,,,,,,0.06267993413798713
96300.0,0.2523663361215212,0.2515796957279718,0.24921376219560085,0.24524906386540374,0.23964891555951465,0.23235142259055994,0.22325500369364645,0.21219091506873575,0.19886718648811447,0.18273947043980496,0.1626450133488485,0.1353051566177662,0.07075255661143841,,,,,,,,0.06265859655736931
96360.0,0.25220386297640573,0.25141797670804455,0.2490543033868938,0.24509336312778365,0.239498462993249,0.23220769575131764,0.22311948061658457,0.2120650796633301,0.1987525726663746,0.18263770423789827,0.16255794424361647,0.1352348453400423,0.07064366658972616,,,,,,,,0.06263731178777521
96420.0,0.25204166988341314,0.25125653623413635,0.24889511861688546,0.2449379289566764,0.23934826660582892,0.2320642118602077,0.22298418447747856,0.2119394524739916,0.1986381456346029,0.1825361006366836,0.16247101051515647,0.1351646388412713,0.07053486971763168,,,,,,,,0.06261607956735672
96480.0,0.2518797561436367,0.25109537361143913,0.2487362072030183,0.24478276068978194,0.23919832576300862,0.23192097031853207,0.22284911472036553,0.2118140329943329,0.19852390494260372,0.1824346592489213,0.16238421184954085,0.13509453688145312,0.07042616588517941,,,,,,,,0.06259489964810275
96540.0,0.251718121060685,0.25093448814764435,0.24857756846518733,0.24462785766717488,0.23904863983281,0.2317779705297259,0.22271427079125605,0.21168882071975648,0.19840985014177015,0.1823333796888236,0.16229754793402026,0.13502449960683865,0.07031755499779704,,,,,,,,0.06257377179771904
96600.0,0.25155676394012866,0.25077387915239313,0.2484192017252011,0.2444732192307839,0.23889920818502722,0.2316352118988937,0.22257965213770733,0.21156381514707032,0.19829598078474936,0.18223226157175523,0.16221101845668148,0.13495455204544365,0.07020903696937376,,,,,,,,0.06255269579288401
96660.0,0.25139568408966334,0.25061354593743856,0.24826110630694065,0.2443188447245455,0.23875003019137273,0.23149269383294585,0.2224452582089487,0.2114390157746011,0.19818229642554325,0.1821313045143218,0.16212462310646278,0.13488470834858304,0.07010061172198434,,,,,,,,0.06253167141901368
96720.0,0.25123488081943746,0.2504534878169712,0.24810328153667877,0.24416473349471224,0.23860110522577108,0.23135041574087392,0.22231108845613468,0.21131442210242252,0.19806879661971183,0.18203050813454957,0.1620383615732097,0.1348149682723488,0.0699922791857781,,,,,,,,0.06251069847015828
96780.0,0.2510743534414403,0.25029370410701124,0.24794572674248425,0.24401088488927686,0.23845243266381047,0.23120837703323702,0.22217714233187266,0.21119003363192942,0.19795548092400048,0.18192987205154226,0.16195223354741362,0.13474533157277488,0.06988403929531749,,,,,,,,0.06248977674543865
96840.0,0.25091410127009345,0.2501341941259957,0.24778844125479693,0.24385729825852873,0.23830401188327263,0.23106657712265774,0.22204341929067925,0.21106584986624963,0.19784234889670427,0.18182939588579966,0.161866238720377,0.13467579800590668,0.06977589199080056,,,,,,,,0.06246890605025599
96900.0,0.25075412362196303,0.24997495719449314,0.24763142440614883,0.2437039729547836,0.23815584226387504,0.23092501542358143,0.22190991878875813,0.2109418703100443,0.19772940009749435,0.1817290792590504,0.1617803767840957,0.1346063673280394,0.06966783721628064,,,,,,,,0.062448086194557634
96960.0,0.25059441981570707,0.24981599263515084,0.24747467553111183,0.2435509083323335,0.23800792318722397,0.2307836913522313,0.22177664028395985,0.21081809446947172,0.1976166340873861,0.18162892179421272,0.16169464743123063,0.13453703929584215,0.0695598749189774,,,,,,,,0.06242731699218748
97020.0,0.25043498917209317,0.24965729977271256,0.24731819396631533,0.2433981037474633,0.23786025403683003,0.2306426043266236,0.22164358323579464,0.21069452185219972,0.19750405042875166,0.18152892311539406,0.16160905035510784,0.1344678136664493,0.06945200504890633,,,,,,,,0.06240659826052702
97080.0,0.2502758310140237,0.2494988779340436,0.24716197905047066,0.2432455585584749,0.2377128341981307,0.2305017537665884,0.22151074710545263,0.21057115196742412,0.19739164868533524,0.18142908284789577,0.16152358524972507,0.1343986901975426,0.06934422755856344,,,,,,,,0.06238592982019141
97140.0,0.25011694466653434,0.24934072644812977,0.24700603012437,0.24309327212568618,0.23756566305848978,0.23036113909376946,0.22137813135580264,0.2104479843258681,0.1972794284222534,0.18132940061820202,0.16143825180975319,0.1343296686474259,0.0692365424025764,,,,,,,,0.06236531149469023
97200.0,0.2499583294660918,0.2491828446553285,0.2468503465400016,0.24294124382031831,0.2374187400157676,0.230220759739786,0.2212457354590567,0.2103250184468548,0.19716738921237537,0.18122987605954793,0.16135304973517017,0.1342607487785262,0.0691289493758105,,,,,,,,0.06234474249593165
97260.0,0.24979998910038556,0.24902527922609,0.2466951041953199,0.2427898685120794,0.23727277109392142,0.23008173634564377,0.22111520893282718,0.2102045801933868,0.1970587287401123,0.18113490802793789,0.161274231139527,0.1342021506967813,0.06910701284319569,,,,,,,,0.062324032021282554
97320.0,0.2496419272690103,0.24886799075901914,0.24654013410791722,0.24263875765657467,0.23712705577181242,0.2299429527113007,0.22098490539898255,0.21008434527175696,0.19695024901290867,0.18104009503792567,0.16119553818235471,0.13414364321204233,0.06908506167133091,,,,,,,,0.062303301741205616
97380.0,0.24948414326037271,0.2487109785469131,0.24638543558371306,0.24248791058143443,0.2369815934071426,0.22980440823260137,0.22085482429926404,0.20996431317709008,0.19684194958674267,0.1809454367143086,0.16111697056490146,0.1340852261039962,0.06906313319376785,,,,,,,,0.06228260066846413
97440.0,0.2493266363865481,0.24855424190609615,0.24623100795173042,0.24233732663669172,0.2368363833790451,0.22966610232558832,0.22072496509412476,0.20984448342149514,0.196733830032608,0.1808509326946195,0.16103852799843973,0.13402689915749114,0.06904123692988826,,,,,,,,0.06226193869670267
97500.0,0.2491694059381156,0.2483977801315308,0.24607685052003272,0.24218700515208477,0.23669142504727916,0.22952803438809755,0.22059532722721653,0.20972485550191647,0.19662588990820223,0.18075658260516098,0.1609602101851713,0.1339686621451886,0.06901937774187906,,,,,,,,0.06224132074464368
97560.0,0.2490124512012365,0.24824159251378866,0.24592296259237253,0.2420369454531733,0.23654671776760966,0.2293902038142052,0.22046591013871528,0.20960542891215875,0.19651812876847052,0.18066238606986992,0.16088201682522213,0.13391051482898125,0.06899755761998379,,,,,,,,0.0622207487378245
97620.0,0.24885577146921578,0.24808567835053952,0.24576934347946547,0.2418871468722575,0.23640226090223349,0.22925261000402916,0.2203367132743721,0.2094862031510649,0.19641054617278808,0.18056834271637326,0.16080394762144595,0.13385245696242987,0.06897577751220113,,,,,,,,0.06220022356638766
97680.0,0.24869936604152187,0.24793003694557783,0.24561599249803492,0.24173760874745212,0.2362580538188952,0.2291152523628982,0.22020773608474528,0.2093671777218217,0.19630314168434684,0.18047445217546826,0.16072600227898062,0.13379448829348686,0.06895403814254734,,,,,,,,0.06217974592062933
97740.0,0.2485432342207263,0.24777466760578082,0.2454629089678273,0.2415883304197959,0.2361140958881271,0.2289781302987563,0.22007897802280413,0.20924835212979412,0.1961959148682506,0.18038071407951406,0.16064818050389978,0.13373660856921854,0.06893234007056911,,,,,,,,0.062159316328175965
97800.0,0.24838737531123234,0.2476195696398454,0.24531009221037228,0.24143931123205115,0.23597038648210256,0.22884124322108534,0.21995043854293392,0.20912972588162593,0.19608886529072345,0.18028712806176217,0.1605704820025803,0.13367881754030986,0.06891068365058925,,,,,,,,0.062138935106712014
97860.0,0.24823178861937978,0.24746474235839216,0.24515754154908487,0.24129055052880222,0.23582692497473,0.22870459054099312,0.21982211710101685,0.2090112984853127,0.1959819925191718,0.18019369375640282,0.16049290648159925,0.13362111496390439,0.06888906907433193,,,,,,,,0.06211860241155171
97920.0,0.24807647345347264,0.24731018507399297,0.24500525630929285,0.24114204765648264,0.23568371074167946,0.228568171671239,0.21969401315445664,0.20889306945022407,0.19587529612220295,0.1801004107985841,0.16041545364774226,0.13356350060305594,0.06886749646252109,,,,,,,,0.062098318330244526
97980.0,0.24792142912425982,0.24715589710164848,0.244853235818705,0.24099380196382814,0.23554074316081455,0.22843198602663897,0.21956612616255222,0.20877503828744037,0.19576877566991835,0.1800072788246433,0.1603381232080667,0.13350597422707844,0.06884596588181915,,,,,,,,0.062078082898795135
98040.0,0.2477666549448207,0.24700187775867463,0.24470147940729958,0.24084581280176873,0.23539802161208936,0.22829603302396978,0.21943845558640904,0.2086572045096727,0.19566243073384168,0.17991429747204077,0.16026091486992777,0.1334485356104203,0.06882447736255934,,,,,,,,0.0620578961177467
98100.0,0.24761215023045555,0.24684812636459377,0.24454998640721792,0.24069807952332578,0.23525554547745087,0.22816031208187681,0.21931100088885425,0.2085395676311858,0.19555626088685013,0.1798214663792913,0.1601838283410502,0.13339118453216722,0.06880303090489588,,,,,,,,0.06203775795792717
98160.0,0.2474579142985248,0.24669464224097457,0.2443987561526075,0.24055060148346014,0.23511331414069392,0.22802482262073823,0.21918376153431196,0.2084221271676847,0.1954502657030732,0.17972878518587418,0.16010686332960603,0.13333392077552475,0.068781626487091,,,,,,,,0.062017668369035106
98220.0,0.24730394646877232,0.24654142471175391,0.24424778797993701,0.24040337803937736,0.23497132698775197,0.22788956406293784,0.21905673698905417,0.2083048826365413,0.19534444475808818,0.17963625353237384,0.16003001954438686,0.13327674412792154,0.06876026406804006,,,,,,,,0.06199762728224611
98280.0,0.24715024606295732,0.24638847310287054,0.24409708122763799,0.24025640855018038,0.23482958340636642,0.22775453583255525,0.21892992672091535,0.20818783355653575,0.19523879762869378,0.1795438710603005,0.15995329669479832,0.13321965437966604,0.0687389435943887,,,,,,,,0.06197763461693347
98340.0,0.24699681240501253,0.2462357867424225,0.2439466352362584,0.2401096923770189,0.23468808278622905,0.22761973735549873,0.2188033301994153,0.20807097944796732,0.19513332389300353,0.1794516374121584,0.1598766944909784,0.1331626513238086,0.06871766500158885,,,,,,,,0.06195769028166919
98400.0,0.24684364482107793,0.24608336496070077,0.2437964493484962,0.2399632288831212,0.23454682451901196,0.2274851680595344,0.2186769468957855,0.20795431983267748,0.19502802313046363,0.1793595522314574,0.15980021264388836,0.13310573475587373,0.06869642821587621,,,,,,,,0.06193779417619265
98460.0,0.24669074263948182,0.24593120709017022,0.2436465229091805,0.23981701743377623,0.23440580799835117,0.22735082737426993,0.2185507762829543,0.20783785423403567,0.19492289492183823,0.17926761516270334,0.15972385086538118,0.13304890447352338,0.06867523315621367,,,,,,,,0.06191794619330378
98520.0,0.24653810519071429,0.24577931246544318,0.24349685526524562,0.23967105739630837,0.23426503261982212,0.22721671473113242,0.21842481783552614,0.20772158217692044,0.1948179388491903,0.1791758258513873,0.15964760886825305,0.13299216027622496,0.06865407973580351,,,,,,,,0.0618981462203206
98580.0,0.2463857318073787,0.24562768042323183,0.2433474457656841,0.23952534814003262,0.234124497780897,0.2270828295633278,0.21829907102974463,0.20760550318768517,0.19471315449584964,0.17908418394396786,0.1595714863662668,0.1329355019649652,0.06863296786322705,,,,,,,,0.061878394140176596
98640.0,0.24623362182430816,0.2454763103024632,0.24319829376166033,0.23937988903636348,0.23398420288104899,0.2269491713059389,0.21817353534358236,0.20748961679423808,0.19460854144648,0.17899268908793034,0.15949548307424005,0.13287892934213819,0.06861189744300583,,,,,,,,0.06185868983196844
98700.0,0.24608177457826766,0.2453252014439836,0.2430493986062198,0.2392346794585348,0.23384414732148479,0.2268157393956747,0.21804821025650975,0.207373922525834,0.19450409928689816,0.1789013409316567,0.15941959870792816,0.1328224422112154,0.06859086837676541,,,,,,,,0.06183903317207178
98760.0,0.24593018940831116,0.24517435319091324,0.2429007596546377,0.23908971878193608,0.23370433050546555,0.22668253327117124,0.2179230952497723,0.20725841991332264,0.1943998276042853,0.17881013912459956,0.1593438329842151,0.1327660403768325,0.06856988056318174,,,,,,,,0.06181942403409892
98820.0,0.24577886565565593,0.2450237648885218,0.24275237626429583,0.23894500638399435,0.23356475183819406,0.22654955237288574,0.217798189806293,0.2071431084890597,0.19429572598710998,0.1787190833172334,0.15926818562106645,0.13270972364460046,0.06854893389866237,,,,,,,,0.06179986228955488
98880.0,0.2456278026635932,0.24487343588413912,0.24260424779459638,0.23880054164408987,0.2334254107267347,0.22641679614302165,0.21767349341060277,0.20702798778684423,0.19419179402507356,0.178628173161023,0.15919265633749202,0.13265349182096847,0.0685280282778417,,,,,,,,0.06178034780830975
98940.0,0.24547699977747298,0.24472336552714044,0.2424563736069463,0.23865632394354183,0.2332863065799995,0.22628426402551557,0.21754900554882836,0.20691305734190643,0.1940880313090996,0.17853740830842524,0.15911724485353984,0.13259734471315146,0.06850716359388408,,,,,,,,0.06176088045889232
99000.0,0.24532645634472822,0.24457355316897028,0.24230875306478158,0.2385123526656312,0.23314743880877029,0.22615195546605815,0.21742472570871155,0.20679831669092424,0.19398443743134844,0.17844678841290898,0.1590419508903065,0.13254128212909153,0.06848633973868225,,,,,,,,0.061741460108682485
99060.0,0.24517617171488598,0.2444239981631536,0.24216138553357755,0.23836862719561144,0.2330088068257089,0.22601986991210316,0.21730065337961701,0.20668376537202993,0.19388101198522315,0.1783563131289689,0.15896677416994,0.13248530387741878,0.06846555660304977,,,,,,,,0.06172208662409636
99120.0,0.24502614523955663,0.24427469986528516,0.2420142703808388,0.23822514692069807,0.23287041004534703,0.22588800681285848,0.2171767880525239,0.2065694029248017,0.19377775456536334,0.17826598211212893,0.15889171441562916,0.13242940976740666,0.06844481407691917,,,,,,,,0.061702759870776794
99180.0,0.24487637627241776,0.24412565763301344,0.2418674069760835,0.23808191123005398,0.23273224788407218,0.22575636561927284,0.21705312922001352,0.20645522889025186,0.1936746647676357,0.17817579501894204,0.15881677135158986,0.13237359960893363,0.0684241120495161,,,,,,,,0.06168347971376096
99240.0,0.2447268641692045,0.24397687082603084,0.24172079469083374,0.2379389195147797,0.23259431976011902,0.2256249457840273,0.21692967637626087,0.20634124281081936,0.1935717421891293,0.17808575150699282,0.1587419447030527,0.13231787321245464,0.06840345040949754,,,,,,,,0.06166424601761317
99300.0,0.2445776082877036,0.2438283388060682,0.24157443289860978,0.23779617116790858,0.23245662509356416,0.22549374676153044,0.21680642901703034,0.20622744423036465,0.19346898642815233,0.17799585123490114,0.15866723419625164,0.13226223038898152,0.06838282904506383,,,,,,,,0.06164505864653247
99360.0,0.24442860798774735,0.24368006093688835,0.24142832097492467,0.23765366558440063,0.23231916330632035,0.22536276800791347,0.2166833866396706,0.20611383269416522,0.1933663970842301,0.17790609386232456,0.1585926395584132,0.13220667095006555,0.06836224784405695,,,,,,,,0.06162591746444722
99420.0,0.24427986263120557,0.24353203658427874,0.2412824582972757,0.2375114021611353,0.23218193382213015,0.22523200898102322,0.21656054874310815,0.20600040774890951,0.19326397375810125,0.17781647904996029,0.15851816051774378,0.13215119470778314,0.06834170669404893,,,,,,,,0.06160682233510003
99480.0,0.24413137158197776,0.24338426511604294,0.2411368442451374,0.23736938029690383,0.23204493606655818,0.2251014691404153,0.21643791482784072,0.20588716894269063,0.19316171605171437,0.1777270064595451,0.15844379680341714,0.13209580147472336,0.06832120548241964,,,,,,,,0.061587773122122214
99540.0,0.2439831342059848,0.2432367459019927,0.240991478199953,0.2372275993924016,0.23190816946698375,0.22497114794734757,0.21631548439593073,0.2057741158250006,0.19305962356822456,0.17763767575385606,0.15836954814556242,0.1320404910639788,0.06830074409642287,,,,,,,,0.0615687696890976
99600.0,0.2438351498711614,0.24308947831394087,0.24084635954512748,0.23708605885022116,0.23177163345259463,0.22484104486477338,0.2161932569509993,0.20566124794672475,0.1929576959119904,0.17754848659671,0.15829541427525212,0.1319852632891383,0.06828032242324425,,,,,,,,0.061549811899617606
99660.0,0.24368741794744897,0.24294246172569342,0.24070148766602043,0.23694475807484539,0.23163532745438023,0.22471115935733554,0.21607123199822006,0.20554856486013612,0.19285593268857126,0.1774594386529629,0.15822139492449058,0.13193011796428097,0.06825994035005153,,,,,,,,0.06153089961732993
99720.0,0.2435399378067876,0.24279569551304245,0.24055686194993828,0.23680369647264013,0.2314992509051246,0.22458149089135987,0.21594940904431323,0.20543606611889056,0.19275433350472393,0.17737053158850882,0.15814748982620302,0.1318750549039722,0.06823959776403941,,,,,,,,0.061512032705981205
99780.0,0.24339270882310907,0.2426491790537584,0.24041248178612745,0.23666287345184733,0.2313634032394001,0.22445203893484858,0.2158277875975393,0.20532375127802086,0.19265289796840007,0.17728176507027824,0.1580736987142247,0.13182007392325953,0.06821929455246893,,,,,,,,0.061493211029454806
99840.0,0.24324573037232874,0.24250291172758268,0.2402683465657668,0.2365222884225778,0.23122778389356022,0.2243228029574738,0.21570636716769295,0.20521161989393194,0.19255162568874304,0.17719313876623596,0.15800002132329038,0.13176517483767025,0.0681990306027022,,,,,,,,0.06147443445180424
99900.0,0.2430990018323383,0.2423568929162201,0.24012445568196003,0.23638194079680436,0.23109239230573297,0.22419378243057167,0.21558514726609723,0.20509967152439526,0.19245051627608478,0.17710465234537937,0.15792645738902458,0.1317103574632098,0.06817880580223315,,,,,,,,0.06145570283728245
99960.0,0.24295252258299843,0.2422111220033316,0.23998080852972895,0.23624182998835463,0.23095722791581455,0.22406497682713547,0.21546412740559734,0.20498790572854417,0.19234956934194325,0.17701630547773517,0.15785300664793175,0.13165562161635963,0.06815862003871456,,,,,,,,0.061437016050367686
100020.0,0.24280629200613152,0.242065598374527,0.2398374045060063,0.23610195541290424,0.2308222901654623,0.2239363856218095,0.21534330710055496,0.20487632206686873,0.19224878449901883,0.17692809783435712,0.15777966883738764,0.13160096711407682,0.06813847319998213,,,,,,,,0.06141837395578668
100080.0,0.2426603094855137,0.2419203214173575,0.23969424300962802,0.23596231648797,0.2306875784980881,0.22380800829088288,0.21522268586684223,0.20476492010121067,0.19214816136119167,0.1768400290873228,0.15770644369563003,0.13154639377379335,0.06811836517407623,,,,,,,,0.06139977641853516
100140.0,0.2425145744068682,0.2417752905213083,0.2395513234413268,0.23582291263290275,0.2305530923588521,0.2236798443122831,0.21510226322183573,0.20465369939475878,0.1920476995435185,0.1767520989097306,0.15763333096175067,0.13149190141341555,0.06809829584926072,,,,,,,,0.06138122330389606
100200.0,0.24236908615785757,0.2416305050777917,0.23940864520372424,0.2356837432688806,0.23041883119465592,0.2235518931655699,0.2149820386844111,0.20454265951204387,0.19194739866222935,0.1766643069756959,0.15756033037568723,0.1314374898513241,0.06807826511403996,,,,,,,,0.06136271447745562
100260.0,0.2422238441280766,0.24148596448013962,0.23926620770132465,0.23554480781890216,0.23028479445413585,0.22342415433192883,0.21486201177493677,0.2044318000189341,0.19184725833472435,0.1765766529603479,0.15748744167821593,0.13138315890637403,0.06805827285717399,,,,,,,,0.06134424980511803
100320.0,0.24207884770904503,0.24134166812359623,0.23912401034050695,0.2354061057077796,0.23015098158765696,0.22329662729416547,0.2147421820152688,0.20432112048263018,0.19174727817957057,0.17648913653982612,0.15741466461094378,0.1313289083978948,0.0680383189676921,,,,,,,,0.06132582915311811
100380.0,0.2419340962942003,0.24119761540531118,0.23898205252951857,0.23526763636213188,0.2300173920473058,0.2231693115366988,0.21462254892874477,0.20421062047166094,0.19164745781649858,0.176401757391276,0.15734199891630188,0.13127473814569057,0.0680184033349047,,,,,,,,0.061307452388032826
100440.0,0.24178958927889035,0.2410538057243321,0.23884033367846816,0.235129399210378,0.22988402528688479,0.22304220654555537,0.21450311204017836,0.2041002995558783,0.19154779686639922,0.17631451519284577,0.1572694443375391,0.13122064797004043,0.06799852584841437,,,,,,,,0.06128911937679166
100500.0,0.24164532606036654,0.24091023848159787,0.23869885319931822,0.2349913936827304,0.22975088076190475,0.22291531180836302,0.2143838708758536,0.20399015730645298,0.19144829495132007,0.1762274096236821,0.15719700061871508,0.13116663769169853,0.06797868639812508,,,,,,,,0.06127082998668551
100560.0,0.24150130603777653,0.2407669130799311,0.2385576105058787,0.23485361921118802,0.2296179579295797,0.22278862681434491,0.21426482496351967,0.2038801932958698,0.19134895169446192,0.17614044036392626,0.15712466750469445,0.1311127071318947,0.06795888487425121,,,,,,,,0.061252584085375046
100620.0,0.24135752861215695,0.24062382892403145,0.2384166050138,0.23471607522952972,0.22948525624881919,0.2226621510543135,0.21414597383238498,0.2037704070979231,0.1912497667201756,0.17605360709471005,0.1570524447411411,0.13105885611233434,0.0679391211673248,,,,,,,,0.06123438154089784
100680.0,0.24121399318642672,0.24048098542046836,0.23827583614056566,0.23457876117330764,0.229352775180223,0.22253588402066427,0.21402731701311195,0.20366079828771222,0.19115073965395799,0.17596690949815189,0.1569803320745122,0.131005084455199,0.06791939516820263,,,,,,,,0.061216222221674804
100740.0,0.24107069916537974,0.24033838197767435,0.2381353033054862,0.23444167647984057,0.22922051418607398,0.2224098252073701,0.21390885403781162,0.20355136644163724,0.19105187012244856,0.1758803472573526,0.1569083292520532,0.13095139198314623,0.06789970676807217,,,,,,,,0.06119810599651602
100800.0,0.24092764595567792,0.2401960180059376,0.2379950059296917,0.23430482058820723,0.22908847273033234,0.2222839741099752,0.21379058444003807,0.20344211113739397,0.19095315775342608,0.17579392005639133,0.15683643602179226,0.13089777851931028,0.06788005585845718,,,,,,,,0.061180032734625786
100860.0,0.24078483296584421,0.24005389291739562,0.23785494343612537,0.23416819293923993,0.22895665027862883,0.2221583302255888,0.21367250775478325,0.20333303195396993,0.19085460217580447,0.17570762758032152,0.1567646521325355,0.13084424388730181,0.06786044233122225,,,,,,,,0.06116200230560716
100920.0,0.24064225960625588,0.23991200612602787,0.2377151152495366,0.23403179297551782,0.22882504629825884,0.2220328930528799,0.2135546235184715,0.20322412847163995,0.19075620301962926,0.17562146951516683,0.1566929773338622,0.13079078791120816,0.0678408660785773,,,,,,,,0.06114401457946589
100980.0,0.24049992528913713,0.23977035704764899,0.2375755207964743,0.2338956201413604,0.22869366025817617,0.221907662092071,0.2134369312689543,0.20311540027196115,0.19065795991607407,0.17553544554791678,0.1566214113761199,0.13073741041559336,0.06782132699308117,,,,,,,,0.06112606942661407
101040.0,0.24035782942855272,0.2396289450999022,0.23743615950528027,0.23375967388282107,0.2285624916289865,0.22178263684493218,0.2133194305455052,0.20300684693776924,0.19055987249743658,0.17544955536652304,0.15654995401042013,0.1306841112254982,0.06780182496764518,,,,,,,,0.06110816671787308
101100.0,0.24021597144040063,0.23948776970225225,0.23729703080608225,0.23362395364768063,0.22843153988294132,0.22165781681477567,0.21320212088881438,0.20289846805317363,0.19046194039713493,0.17536379865989518,0.15647860498863392,0.13063089016644008,0.06778235989553573,,,,,,,,0.06109030632447644
101160.0,0.24007435074240585,0.23934683027597856,0.23715813413078762,0.23348845888544087,0.22830080449393206,0.2215332015064497,0.2130850018409835,0.20279026320355312,0.19036416324970387,0.17527817511789637,0.15640736406338768,0.13057774706441294,0.06776293167037716,,,,,,,,0.06107248811807207
101220.0,0.23993296675411283,0.2392061262441688,0.23701946891307657,0.23335318904731805,0.22817028493748362,0.221408790426333,0.21296807294552061,0.20268223197555169,0.19026654069079085,0.17519268443133978,0.1563362309880591,0.13052468174588713,0.06774354018615383,,,,,,,,0.06105471197072431
101280.0,0.23979181889687926,0.23906565703171193,0.23688103458839543,0.23321814358623671,0.22803998069074824,0.221284583082329,0.2128513337473349,0.20257437395707387,0.19016907235715236,0.17510732629198428,0.15626520551677306,0.13047169403780906,0.06772418533721203,,,,,,,,0.06103697775491578
101340.0,0.23965090659386917,0.2389254220652914,0.23674283059395024,0.23308332195682302,0.22790989123249963,0.22116057898386016,0.21273478379273184,0.2024666887372805,0.19007175788664987,0.17502210039253033,0.15619428740439803,0.13041878376760108,0.06770486701826166,,,,,,,,0.061019285343548765
101400.0,0.23951022927004617,0.23878542077337886,0.2366048563687003,0.2329487236153987,0.22778001604312695,0.2210367776418622,0.21261842262940772,0.20235917590658437,0.18997459691824625,0.17493700642661636,0.15612347640654184,0.13036595076316096,0.06768558512437764,,,,,,,,0.061001634609946453
101460.0,0.2393697863521667,0.23864565258622703,0.2364671113533514,0.2328143480199746,0.22765035460462846,0.22091317856877868,0.21250224980644494,0.20225183505664582,0.18987758909200156,0.1748520440888145,0.15605277227954858,0.13031319485286183,0.06766633955100099,,,,,,,,0.06098402542785393
101520.0,0.23922957726877375,0.23850611693586343,0.2363295949903495,0.23268019463024434,0.22752090640060582,0.2207897812785553,0.21238626487430665,0.20214466578036838,0.1897807340490695,0.17476721307462678,0.15598217478049478,0.13026051586555146,0.06764713019393982,,,,,,,,0.06096645767143912
101580.0,0.2390896014501895,0.23836681325608378,0.23619230672387417,0.23254626290757816,0.22739167091625795,0.22066658528663427,0.21227046738483218,0.20203766767189457,0.18968403143169338,0.17468251308048127,0.15591168366718555,0.13020791363055176,0.06762795694937022,,,,,,,,0.06094893121529327
101640.0,0.23894985832850957,0.23822774098244517,0.23605524599983227,0.23241255231501673,0.22726264763837514,0.22054359010994878,0.2121548568912316,0.2019308403266012,0.18958748088320218,0.1745979438037282,0.15584129869815203,0.13015538797765858,0.06760881971383659,,,,,,,,0.06093144593443146
101700.0,0.2388103473375959,0.23808889955225995,0.23591841226585145,0.23227906231726475,0.2271338360553332,0.2204207952669176,0.21203943294808109,0.2018241833410956,0.18949108204800677,0.1745135049426359,0.15577101963264714,0.1301029387371408,0.06758971838425222,,,,,,,,0.06091400170429291
101760.0,0.23867106791307025,0.2379502884045887,0.2357818049712737,0.2321457923806849,0.2270052356570875,0.22029820027743946,0.21192419511131783,0.20171769631321074,0.1893948345715959,0.1744291961963874,0.155700846230643,0.13005056573973992,0.0675706528578996,,,,,,,,0.060896598400741166
101820.0,0.23853201949230785,0.23781190698023427,0.23564542356714926,0.23201274197329172,0.226876845935167,0.22017580466288775,0.21180914293823516,0.20161137884200145,0.18929873810053255,0.17434501726507629,0.15563077825282728,0.12999826881666926,0.06755162303243045,,,,,,,,0.06087923590006409
101880.0,0.23839320151443077,0.23767375472173496,0.23550926750622997,0.23187991056474536,0.22674866638266855,0.22005360794610487,0.21169427598747748,0.20150523052773964,0.18920279228244977,0.17426096784970319,0.15556081546060033,0.1299460477996134,0.06753262880586573,,,,,,,,0.06086191407897378
101940.0,0.23825461342030166,0.23753583107335824,0.23537333624296317,0.2317472976263455,0.2266206964942511,0.2199316096513969,0.21157959381903588,0.20139925097191033,0.18910699676604703,0.17417704765217185,0.155490957616072,0.1298939025207275,0.06751367007659578,,,,,,,,0.06084463281460641
102000.0,0.23811625465251693,0.23739813548109437,0.23523762923348532,0.23161490263102552,0.22649293576612978,0.2198098093045284,0.21146509599424268,0.20129343977720715,0.189011351201086,0.17409325637528572,0.1554212044820585,0.12984183281263625,0.0674947467433797,,,,,,,,0.06082739198452188
102060.0,0.2379781246554008,0.23726066739265,0.2351021459356158,0.231482725053346,0.2263653836960702,0.2196882064327168,0.21135078207576716,0.20118779654752839,0.18891585523838728,0.17400959372274394,0.15535155582207952,0.12978983850843334,0.06747585870534531,,,,,,,,0.060810191466703405
102120.0,0.23784022287499856,0.23712342625744187,0.23496688580885072,0.23135076436948898,0.22623803978338283,0.21956680056462707,0.21123665162761004,0.20108232088797243,0.18882050852982601,0.17392605939913813,0.15528201140035552,0.12973791944168053,0.06745700586198888,,,,,,,,0.06079303113955715
102180.0,0.2377025487590703,0.23698641152659022,0.23483184831435658,0.23121902005725198,0.226110903528917,0.21944559123036678,0.21112270421509963,0.20097701240483348,0.18872531072832804,0.17384265310994831,0.1552125709818044,0.1296860754464068,0.06743818811317438,,,,,,,,0.06077591088191157
102240.0,0.23756510175708467,0.23684962265291296,0.23469703291496427,0.23108749159604197,0.22598397443505552,0.2193245779614803,0.21100893940488608,0.20087187070559764,0.1886302614878666,0.17375937456153986,0.15514323433203892,0.12963430635710743,0.06741940535913303,,,,,,,,0.060758830573016814
102300.0,0.23742788132021245,0.23671305909091897,0.23456243907516272,0.2309561784668694,0.22585725200570894,0.2192037602909439,0.21089535676493731,0.2007668953989383,0.18853536046345767,0.17367622346115935,0.15507400121736392,0.12958261200874305,0.06740065750046279,,,,,,,,0.06074179009254403
102360.0,0.23729088690132047,0.23657672029680218,0.23442806626109305,0.23082508015234207,0.2257307357463097,0.21908313775316038,0.21078195586453408,0.20066208609471228,0.18844060731115692,0.17359319951693156,0.15500487140477326,0.1295309922367388,0.06738194443812759,,,,,,,,0.060724789320584546
102420.0,0.23715411795496497,0.23644060572843512,0.23429391394054214,0.23069419613665978,0.2256044251638069,0.218962709883954,0.21066873627426505,0.2005574424039553,0.1883460016880554,0.1735103024378559,0.1549358446619475,0.12947944687698318,0.06736326607345651,,,,,,,,0.060707828137649224
102480.0,0.2370175739373858,0.23630471484536297,0.23415998158293683,0.23056352590560783,0.22547831976666044,0.21884247622056494,0.21055569756602255,0.2004529639388779,0.18825154325227594,0.17342753193380261,0.15486692075725092,0.12942797576582726,0.06734462230814317,,,,,,,,0.060690906424667436
102540.0,0.23688125430650003,0.2361690471087971,0.23402626865933782,0.23043306894655172,0.22535241906483547,0.21872243630164453,0.21044283931299723,0.2003486503128613,0.18815723166296944,0.17334488771550974,0.15479809945972886,0.12937657874008346,0.06732601304424479,,,,,,,,0.06067402406298614
102600.0,0.2367451585218957,0.236033601981609,0.23389277464243347,0.2303028247484308,0.22522672256979703,0.21860258966725005,0.21033016108967414,0.2002445011404533,0.18806306658031066,0.17326236949457946,0.15472938053910515,0.1293252556370246,0.06730743818418128,,,,,,,,0.06065718093436908
102660.0,0.23660928604482573,0.23589837892832455,0.23375949900653392,0.23017279280175298,0.22510122979450445,0.21848293585883932,0.21021766247182747,0.20014051603736382,0.1879690476654951,0.17317997698347473,0.15466076376577945,0.1292740062943829,0.06728889763073434,,,,,,,,0.06064037692099563
102720.0,0.23647363633820173,0.23576337741511735,0.23362644122756537,0.23004297259858864,0.22497594025340567,0.2183634744192659,0.21010534303651643,0.20003669462046103,0.18787517458073477,0.17309770989551615,0.1545922489108247,0.12922283055034864,0.06727039128704652,,,,,,,,0.06062361190545979
102780.0,0.2363382088665882,0.23562859690980312,0.23349360078306367,0.22991336363256484,0.22485085346243233,0.21824420489277394,0.20999320236207994,0.19993303650776703,0.18778144698925459,0.1730155679448783,0.1545238357459845,0.12917172824356946,0.06725191905662013,,,,,,,,0.06060688577076917
102840.0,0.23620300309619605,0.2354940368818333,0.23336097715216855,0.22978396539885987,0.2247259689389936,0.21812512682499305,0.20988124002813296,0.1998295413184539,0.1876878645552886,0.17293355084658663,0.15445552404367077,0.12912069921314878,0.06723348084331633,,,,,,,,0.0605901984003439
102900.0,0.23606801849487669,0.23535969680228935,0.2332285698156181,0.2296547773941974,0.2246012862019714,0.21800623976293337,0.20976945561556118,0.1997262086728394,0.18759442694407652,0.17285165831651422,0.15438731357696087,0.1290697432986451,0.06721507655135395,,,,,,,,0.06057354967801537
102960.0,0.2359332545321162,0.2352255761438766,0.23309637825574242,0.22952579911684065,0.2244768047717146,0.21788754325498047,0.2096578487065166,0.19962303819238297,0.18750113382185965,0.1727698900713783,0.15431920411959538,0.12901886034007046,0.0671967060853084,,,,,,,,0.060556939488025145
103020.0,0.23579871067902877,0.2350916743809183,0.23296440195645776,0.2293970300665871,0.22435252417003398,0.21776903685089047,0.20954641888441328,0.19952002949968156,0.18740798485587748,0.1726882458287372,0.15425119544597557,0.12896805017788962,0.06717836935011065,,,,,,,,0.06054036771502387
103080.0,0.23566438640835166,0.2349579909893496,0.23283264040326132,0.22926846974476262,0.2242284439201965,0.21765072010178493,0.20943516573392265,0.19941718221846572,0.187314979714364,0.17260672530698715,0.15418328733116096,0.1289173126530185,0.06716006625104601,,,,,,,,0.06052383424406988
103140.0,0.2355302811944383,0.23482452544671187,0.23270109308322454,0.2291401176542157,0.22410456354692052,0.2175325925601461,0.2093240888409688,0.19931449597359527,0.1872221180665438,0.17252532822535882,0.15411547955086674,0.1288666476068235,0.0671417966937529,,,,,,,,0.060507338960628106
103200.0,0.23539639451325287,0.23469127723214664,0.2325697594849882,0.22901197329931242,0.2239808825763699,0.21741465377981184,0.20921318779272421,0.19921197039105554,0.18712939958262875,0.17244405430391446,0.15404777188146163,0.12881605488111975,0.06712356058422181,,,,,,,,0.06049088175056878
103260.0,0.23526272584236432,0.23455824582638965,0.2324386390987561,0.22888403618593028,0.22385740053614922,0.2172969033159707,0.20910246217760534,0.19910960509795309,0.18703682393381435,0.17236290326354467,0.15398016409996532,0.1287655343181703,0.06710535782879405,,,,,,,,0.060474462500166186
103320.0,0.2351292746609404,0.23442543071176522,0.23230773141628938,0.22875630582145315,0.22373411695529832,0.21717934072515724,0.2089919115852679,0.19900739972251189,0.18694439079227568,0.17228187482596508,0.15391265598404602,0.12871508576068458,0.06708718833416039,,,,,,,,0.06045808109609734
103380.0,0.23499604044974193,0.23429283137218035,0.23217703593090114,0.22862878171476544,0.22361103136428698,0.21706196556524687,0.20888153560660266,0.198905353894069,0.1868520998311644,0.1722009687137135,0.15384524731201815,0.12866470905181746,0.06706905200736002,,,,,,,,0.060441737425440734
103440.0,0.2348630226911168,0.23416044729311888,0.23204655213745054,0.22850146337624688,0.22348814329500993,0.21694477739545123,0.20877133383373078,0.19880346724307102,0.18675995072460497,0.17212018465014653,0.15377793786284025,0.1286144040351678,0.06705094875577917,,,,,,,,0.06042543137567501
103500.0,0.2347302208689944,0.2340282779616356,0.23191627953233707,0.2283743503177667,0.22336545228078167,0.21682777577631338,0.2086613058599998,0.19870173940106978,0.1866679431476908,0.17203952235943687,0.1537107274161122,0.12856417055477742,0.06703287848714998,,,,,,,,0.060409162834677566
103560.0,0.23459763446887955,0.23389632286635098,0.23178621761349516,0.22824744205267875,0.223242957856331,0.21671096026970282,0.20855145127997882,0.19860017000071833,0.18657607677648116,0.17195898156656997,0.1536436157520732,0.12851400845512942,0.0670148411095491,,,,,,,,0.06039293169072339
103620.0,0.23446526297784706,0.23376458149744486,0.23165636588038827,0.2281207380958155,0.22312065955779625,0.21659433043881088,0.2084417696894542,0.19849875867576733,0.18648435128799723,0.17187856199734103,0.15357660265159936,0.12846391758114742,0.06699683653139635,,,,,,,,0.060376737832483596
103680.0,0.2343331058845356,0.23363305334665113,0.23152672383400374,0.227994237963483,0.2229985569227201,0.21647788584814576,0.20833226068542549,0.1983975050610607,0.1863927663602189,0.17179826337835205,0.15350968789620162,0.12841389777819393,0.06697886466145365,,,,,,,,0.06036058114902401
103740.0,0.23420116267914243,0.23350173790725193,0.23139729097684664,0.22786794117345552,0.22287664949004424,0.21636162606352807,0.2082229238661008,0.1982964087925321,0.18630132167208133,0.17171808543700892,0.15344287126802306,0.12836394889206926,0.0669609254088236,,,,,,,,0.06034446152980394
103800.0,0.23406943285341753,0.23337063467407201,0.23126806681293485,0.22774184724496999,0.22275493680010444,0.21624555065208595,0.20811375883089245,0.19819546950720054,0.18621001690347103,0.17163802790151825,0.15337615254983714,0.1283140707690102,0.06694301868294812,,,,,,,,0.06032837886467475
103860.0,0.23393791590065768,0.23323974314347312,0.23113905084779307,0.2276159556987209,0.22263341839462578,0.2161296591822501,0.20800476518041305,0.19809468684316694,0.18611885173522266,0.17155809050088455,0.153309531525045,0.12826426325568854,0.0669251443936072,,,,,,,,0.06031233304387853
103920.0,0.23380661131570116,0.23310906281334845,0.23101024258844774,0.22749026605685488,0.22251209381671722,0.21601395122374972,0.20789594251647064,0.19799406043961007,0.18602782584911576,0.1714782729649071,0.1532430079776736,0.12821452619921014,0.06690730245091754,,,,,,,,0.06029632395804657
103980.0,0.2336755185949221,0.2329785931831169,0.23088164154342108,0.2273647778429654,0.2223909626108667,0.21589842634760717,0.20778729044206481,0.19789358993678255,0.18593693892787094,0.1713985750241774,0.15317658169237322,0.12816485944711334,0.0668894927653313,,,,,,,,0.060280351498198145
104040.0,0.23354463723622476,0.23284833375371763,0.23075324722272608,0.22723949058208773,0.22227002432293635,0.21578308412613392,0.20767880856138246,0.19779327497600718,0.18584619065514688,0.17131899641007578,0.1531102524544153,0.12811526284736766,0.06687171524763473,,,,,,,,0.060264415555739054
104100.0,0.23341396673903791,0.2327182840276047,0.2306250591378609,0.2271144038006934,0.2221492785001573,0.21566792413292532,0.2075704964797931,0.19769311519967314,0.18575558071553647,0.17123953685476886,0.15304402004969048,0.12806573624837284,0.0668539698089468,,,,,,,,0.060248516022460175
104160.0,0.23328350660430963,0.23258844350874122,0.23049707680180365,0.22698951702668527,0.22202872469112475,0.21555294594285654,0.20746235380384517,0.1975931102512319,0.18566510879456377,0.17116019609120656,0.15297788426470604,0.12801627949895697,0.0668362563607179,,,,,,,,0.060232652790536155
104220.0,0.23315325633450118,0.23245881170259397,0.23036929972900658,0.22686482978939215,0.22190836244579323,0.2154381491320777,0.20735438014126165,0.19749325977519364,0.18557477457868038,0.17108097385311913,0.1529118448865841,0.1279668924483757,0.06681857481472848,,,,,,,,0.060216825752523975
104280.0,0.23302321543358212,0.23232938811612824,0.23024172743539123,0.22674034161956372,0.2217881913154717,0.21532353327800927,0.20724657510093555,0.1973935634171235,0.18548457775526236,0.1710018698750145,0.15284590170305914,0.1279175749463107,0.06680092508308777,,,,,,,,0.06020103480136151
104340.0,0.23289338340702453,0.23220017225780196,0.23011435943834277,0.22661605204936547,0.2216682108528182,0.21520909795933757,0.2071389382929263,0.19729402082363753,0.18539451801260667,0.17092288389217536,0.15278005450247595,0.12786832684286834,0.06678330707823234,,,,,,,,0.060185279830366124
104400.0,0.2327637597187488,0.2320711635947158,0.22998719521447278,0.22649196057116153,0.22154842057205207,0.2150948427180646,0.20703146929276264,0.19719463160938988,0.1853045950100619,0.17084401561446133,0.15271430305194866,0.1278191479722432,0.0667657214660716,,,,,,,,0.06016956512027814
104460.0,0.2326343403918006,0.2319423197574454,0.2298600768811979,0.22636771327049326,0.2214281873579464,0.2149797612151571,0.20692268375570616,0.1970932970321057,0.18521191325904407,0.1707612639665599,0.1526429268605041,0.12776060293745414,0.06666589194372627,,,,,,,,0.060154042930026456
104520.0,0.2325051213055687,0.23181367512335468,0.22973315464469043,0.2262436569125469,0.22130813791197437,0.21486485432615685,0.20681406172950018,0.1969921129453044,0.1851193670444459,0.17067863090071847,0.15257165005736234,0.1277021354748243,0.06656619568363978,,,,,,,,0.06013861600904912
104580.0,0.23237610200848882,0.23168522924345078,0.22960642806364584,0.22611979106874122,0.22118827182319717,0.21475012166251453,0.20670560285256762,0.19689107901877495,0.18502695607171224,0.17059611616228482,0.15250047243223874,0.1276437454232266,0.06646660275957976,,,,,,,,0.060123240449319694
104640.0,0.23224728200925757,0.231556981629239,0.2294798964105655,0.22599611527288171,0.22106858811568322,0.21463556280177634,0.20659730580248692,0.19679019489382704,0.18493467824367543,0.1705137194752257,0.15242938832063674,0.12758543261046576,0.06636175275312703,,,,,,,,0.0601079075552712
104700.0,0.2321186608934058,0.2314289318685933,0.2293535590440564,0.2258726291314439,0.22094908590666357,0.21452117738690446,0.2064891693586632,0.1966894602666028,0.1848425315897218,0.17043144060454363,0.15235839232786658,0.1275271968905379,0.06624651767045868,,,,,,,,0.06009261439429094
104760.0,0.2319902382122439,0.23130107951537013,0.22922741601049074,0.22574933221849858,0.220829765824475,0.2144069650316266,0.20638119498298071,0.19658887480865309,0.18475051929967795,0.17034927929673851,0.15228749489727272,0.12746903811217242,0.06613137636355483,,,,,,,,0.06007735902655502
104820.0,0.23186201355359842,0.23117342415972134,0.22910146690697084,0.22562622414265968,0.22071062749368528,0.2142929253807758,0.20627338234467552,0.19648843821761797,0.18465864110345453,0.17026723531785923,0.15221669583503,0.12741095613930148,0.06601632773996832,,,,,,,,0.060062140299648736
104880.0,0.23173398645662907,0.2310459653434276,0.2289757112831117,0.22550330446651679,0.22059167049486653,0.21417905803776593,0.20616573107466937,0.19638815015644087,0.18456689670038803,0.17018530840802412,0.15214599492665076,0.12735295082750014,0.06590137100452612,,,,,,,,0.06004695734773781
104940.0,0.2316061564583817,0.2309187026061683,0.22885014868646542,0.22538057275066042,0.22047289440668041,0.21406536260421322,0.2060582408022234,0.1962880102865647,0.18447528578849787,0.17010349830624172,0.1520753919568358,0.12729502203557985,0.06578650566173651,,,,,,,,0.06003180958740849
105000.0,0.23147852310660122,0.23079163549825735,0.22872477867502422,0.22525802856579963,0.22035429881746146,0.21395183869084144,0.20595091116502592,0.1961880182770679,0.18438380807253754,0.17002180475724096,0.1520048867149779,0.1272371696264125,0.06567173139181348,,,,,,,,0.06001669659858178
105060.0,0.2313510859569092,0.2306647635778371,0.2285996008144659,0.22513567149009223,0.2202358833226654,0.21383848591507978,0.20584374180697027,0.19608817380265187,0.18429246326222157,0.16994022750996773,0.15193447899402454,0.12717939346370413,0.06555704796537642,,,,,,,,0.060001618044940766
105120.0,0.23122384456760062,0.23053808640570728,0.22847461467307717,0.22501350110422486,0.22011764752016558,0.21372530389663494,0.2057367323740587,0.19598847653993182,0.18420125106895632,0.16985876631481314,0.15186416858832813,0.12712169340918322,0.06544245520685026,,,,,,,,0.059986573640267576
105180.0,0.23109679849748863,0.23041160354318246,0.22834981981965,0.22489151698937432,0.2199995910083048,0.21361229225565664,0.205629882512706,0.1958889261659,0.18411017120448586,0.16977742092246734,0.15179395529277745,0.12706406932163863,0.06532795298155056,,,,,,,,0.059971563136668675
105240.0,0.23096994730599033,0.23028531455217774,0.22822521582356634,0.22476971872728915,0.2198817133859731,0.213499450612811,0.20552319186980653,0.1957895223579868,0.18401922338094587,0.16969619108396775,0.15172383890285693,0.12700652105710875,0.06521354118762897,,,,,,,,0.05995658631712547
105300.0,0.2308432905536531,0.23015921899573155,0.22810080225531087,0.22464810590078702,0.2197640142530829,0.21338677858972804,0.2054166600931488,0.19569026479443555,0.18392840731119384,0.16961507655098396,0.15165381921486412,0.12694904846931945,0.0650992197483051,,,,,,,,0.05994164298825802
105360.0,0.23071682780238367,0.23003331643823335,0.22797657868669471,0.22452667809397145,0.2196464932107765,0.21327427580919683,0.20531028683159555,0.1955911531544663,0.18383772270895338,0.16953407707594534,0.15158389602597833,0.12689165141001107,0.06498498860542419,,,,,,,,0.05992673297438339
105420.0,0.23059055861543096,0.22990760644540675,0.22785254469083888,0.22440543489221576,0.21952914986141062,0.21316194189515095,0.2052040717350705,0.19549218711826297,0.18374716928880344,0.1694531924120378,0.15151406913421028,0.1268343297291786,0.06487084771497512,,,,,,,,0.05991185611341727
105480.0,0.23046448255731922,0.22978208858424304,0.22772869984210892,0.22428437588209948,0.2194119838084958,0.21304977647261134,0.20509801445450543,0.1953933663669265,0.1836567467661367,0.1693724223131744,0.15144433833832524,0.1267770832753167,0.06475679704406365,,,,,,,,0.05989701225411706
105540.0,0.23033859919381527,0.2296567624229683,0.2276050437160829,0.2241635006513779,0.21929499465666696,0.21293777916765894,0.2049921146418149,0.1952946905824508,0.18356645485713963,0.1692917665339836,0.15137470343777995,0.12671991189568899,0.06464283656870881,,,,,,,,0.05988220125407279
105600.0,0.23021290809192518,0.22953162753104064,0.22748157588954823,0.22404280878897853,0.21917818201168032,0.2128259496074315,0.2048863719498934,0.19519615944772079,0.18347629327879078,0.16921122482981202,0.15130516423267457,0.12666276673136018,0.06452896627213124,,,,,,,,0.059867422978141446
105660.0,0.2300874088198968,0.22940668347915233,0.22735829594050436,0.2239222998850037,0.2190615454804159,0.21271428742012605,0.20478078603261712,0.19509777264651437,0.18338626174886327,0.16913079695672917,0.15123572052371023,0.12660569411539388,0.06441518614338834,,,,,,,,0.05985267729720747
105720.0,0.2299621009472191,0.22928192983922913,0.2272352034481616,0.22380197353072992,0.21894508467087656,0.21260279223499792,0.20467535654484398,0.19499952986350136,0.1832963599859252,0.16905048267152906,0.15116637211215003,0.1265486961550492,0.06430149617630022,,,,,,,,0.059837964087204494
105780.0,0.22983698404461764,0.229157366184426,0.22711229799293725,0.22368182931860345,0.21882879919218445,0.21249146368235752,0.2045700831424095,0.19490143078424105,0.18320658770933773,0.16897027729077402,0.15109711879978327,0.12649177269491266,0.06418789636859865,,,,,,,,0.05982328322834124
105840.0,0.22971205768404954,0.22903299208912212,0.22698957915645043,0.223561866842236,0.21871268865457605,0.2123803013935656,0.2044649654821235,0.19480347509517834,0.18311694463925318,0.16889018122361263,0.15102796038889546,0.12643492357934488,0.06407438672124555,,,,,,,,0.0598086346044827
105900.0,0.2295873214386798,0.2289088071288971,0.22686704652149914,0.22344208569638194,0.21859675266938106,0.21226930500101343,0.2043600032217511,0.19470566248362736,0.18302743049660125,0.1688101980276858,0.15095889668223758,0.12637814865260508,0.06396096723783544,,,,,,,,0.059794018102605005
105960.0,0.22946277488295028,0.22878481088059985,0.22674469967212738,0.22332248547700348,0.21848099084908454,0.21215847413818115,0.2042551960200667,0.1946079926378198,0.18293804500313238,0.16873032746265862,0.15088992748303043,0.12632144775894905,0.06384763792432772,,,,,,,,0.05977943361256106
106020.0,0.2293384175924055,0.22866100292217498,0.22662253819345515,0.22320306578110646,0.21836540280716982,0.21204780843949034,0.20415054353671824,0.19451046524678284,0.1828487878813115,0.16865056928883895,0.15082105259489462,0.12626482074272022,0.06373439878828827,,,,,,,,0.05976488102637436
106080.0,0.22921424914389968,0.22853738283286903,0.22650056167188068,0.2230838262069356,0.21824998815830535,0.21193730754047924,0.20404604543238852,0.1944130793741281,0.18275965885444634,0.16857092326728654,0.15075227182190656,0.12620826744842334,0.06362124983903729,,,,,,,,0.059750360238389325
106140.0,0.22909026911552374,0.22841395019315813,0.22637876969500947,0.22296476635390575,0.2181347465182785,0.21182697107774084,0.2039417013687381,0.1943158323156452,0.18267065764664336,0.16849138915976913,0.15068358496856724,0.12615178772078964,0.06350819108721052,,,,,,,,0.059735871144865824
106200.0,0.2289664770926859,0.22829070459079895,0.2262571618576194,0.22284588582842474,0.2180196775096188,0.21171679869428817,0.20383751101345454,0.19421872679378674,0.1825817839870381,0.16841196673246983,0.15061499184290064,0.12609538140715482,0.06339522228204159,,,,,,,,0.05972141282582511
106260.0,0.22884287606040032,0.2281676864777122,0.2261358920755827,0.22272752923552172,0.21790540002644515,0.2116077726231644,0.20373492704137933,0.1941238183237256,0.18249587652861193,0.1683365839826013,0.15055212060198012,0.12604837553536297,0.06337959905822452,,,,,,,,0.05970682820187902
106320.0,0.22871946902266052,0.22804486130108403,0.22601481206192994,0.22260935715037555,0.21779129972402023,0.21149891436899534,0.20363249950940177,0.1940290529051105,0.1824100966674542,0.1682613111325156,0.15048933883774923,0.12600143446450193,0.06336395402013492,,,,,,,,0.05969222135031157
106380.0,0.22859625552060872,0.22792222860479908,0.22589392136874686,0.22249136913865533,0.21767737618685903,0.21139022354025355,0.203530228054905,0.19393443020906345,0.18232444411328966,0.16818614793591233,0.15042664635380643,0.12595455805008318,0.06334832185476402,,,,,,,,0.05967763089239922
106440.0,0.228473235118783,0.22779978795600886,0.22577321957099966,0.22237356478826958,0.21756362902082407,0.21128169976562147,0.20342811233410202,0.19383994992391734,0.18223891859119332,0.16811109415969094,0.15036404296434144,0.1259077461546794,0.06333271033515672,,,,,,,,0.05966306421940189
106500.0,0.22835040738874196,0.22767753892884202,0.2256527062505023,0.22225594369376023,0.2174500578381144,0.21117334267974122,0.2033261520087123,0.19374561174298544,0.18215351983062622,0.1680361495744505,0.1503015284863762,0.12586099864089065,0.0633171230340582,,,,,,,,0.05964852474514
106560.0,0.22822777187579846,0.22755548107133924,0.2255323809634522,0.22213850542483393,0.2173366622271775,0.2110651518948809,0.2032243467197436,0.193651415340811,0.1820682475445054,0.16796131393676317,0.15023910272564198,0.125814315359005,0.06330156175632552,,,,,,,,0.05963401417374189
106620.0,0.22810532812919934,0.22743361393545114,0.22541224326988504,0.2220212495549167,0.2172234417800155,0.21095712702665434,0.20312269611129827,0.19355736039474156,0.18198310144822652,0.16788658700528902,0.15017676548940445,0.12576769615499317,0.06328602727463972,,,,,,,,0.059619533217369396
106680.0,0.22798307570494214,0.22731193707983782,0.22529229273642282,0.22190417566381707,0.21711039609473073,0.2108492676964172,0.20302119983278896,0.19346344658693468,0.18189808126142834,0.16781196854226568,0.15011451658764535,0.12572114087159356,0.06327052007888632,,,,,,,,0.05960508232430108
106740.0,0.2278610141628233,0.22719045006693483,0.2251725289333929,0.22178728333493314,0.21699752477285458,0.21074157352875061,0.20291985753660963,0.19336967360224733,0.18181318670613036,0.167737458311927,0.15005235583178891,0.12567464934938274,0.0632550405644238,,,,,,,,0.059590661855157136
106800.0,0.2277391430640203,0.22706915246055,0.2250529514324687,0.2216705721529653,0.2168848274171605,0.21063404414940176,0.20281866887622924,0.1932760411265084,0.18172841750520957,0.16766305607921125,0.14999028303363957,0.1256282214287885,0.06323958901302802,,,,,,,,0.05957627206135363
106860.0,0.2276174619704661,0.22694804382524142,0.2249335598060586,0.22155404170332435,0.21677230363109806,0.21052667918475085,0.20271763350569913,0.19318254884607255,0.18164377338200619,0.16758876160942626,0.14992829800507748,0.1255818569520298,0.06322416560098255,,,,,,,,0.059561913093329893
106920.0,0.22749597044520806,0.2268271237266746,0.22481435362765684,0.22143769157247079,0.2166599530191172,0.21041947826211616,0.20261675107993454,0.19308919644807523,0.1815592540605478,0.16751457466843372,0.1498664005581216,0.1255355557645675,0.06320877042367497,,,,,,,,0.05954758502494679
106980.0,0.22737466805244902,0.2267063917316628,0.22469533247188334,0.22132152134795458,0.21654777518670684,0.21031244100979113,0.2025160212547503,0.19299598362046533,0.18147485926557752,0.16744049502267672,0.14980459050497527,0.1254893177147143,0.06319340355141113,,,,,,,,0.05953328790674944
107040.0,0.22725355435787487,0.2265858474084931,0.22457649591480322,0.22120553061872383,0.21643576974068923,0.21020556705732113,0.2024154436871157,0.1929029100522355,0.18139058872275607,0.1673665224393412,0.14974286765806416,0.1254431426541456,0.06317806502088757,,,,,,,,0.05951902175758107
107100.0,0.22713262892849143,0.22646549032676386,0.2244578435337679,0.22108971897497134,0.21632393628907395,0.21009885603536563,0.20231501803502766,0.19280997543330783,0.18130644215855996,0.16729265668626792,0.1496812318300097,0.12539703043732398,0.06316275484799373,,,,,,,,0.059504786576605226
107160.0,0.2270118913325928,0.22634532005735364,0.22433937490738423,0.22097408600810436,0.21621227444102825,0.20999230757567125,0.20221474395748587,0.19271717945451064,0.1812224193002604,0.16721889753192948,0.14961968283364563,0.12535098092140948,0.0631474730316548,,,,,,,,0.05949058234696736
107220.0,0.22689134113959122,0.22622533617225168,0.22422108961534823,0.22085863131058422,0.216100783806725,0.20988592131092812,0.2021146211143601,0.19262452180745893,0.18113851987581767,0.16714524474534048,0.149558220482032,0.12530499396578626,0.06313221955971186,,,,,,,,0.059476409041419265
107280.0,0.226770977920345,0.22610553824488425,0.22410298723876534,0.22074335447623572,0.21598946399763722,0.20977969687504708,0.20201464916664616,0.19253200218478544,0.18105474361408247,0.1670716980962126,0.14949684458855714,0.12525906943245826,0.06311699440771537,,,,,,,,0.059462266621177706
107340.0,0.2266508012468425,0.22598592584980043,0.22398506735984208,0.22062825509994904,0.2158783146262538,0.20967363390289256,0.20191482777621955,0.1924396202799179,0.18097109024460012,0.16699825735479615,0.14943555496691904,0.12521320718511036,0.06310179754443176,,,,,,,,0.05944815504109542
107400.0,0.22653081069234518,0.22586649856281413,0.2238673295620255,0.22051333277781462,0.21576733530620854,0.20956773203040382,0.2018151566059474,0.19234737578717975,0.18088755949769786,0.16692492229194505,0.1493743514311933,0.12516740708917445,0.06308662893187755,,,,,,,,0.05943407424969787
107460.0,0.22641100583139112,0.22574725596100764,0.22374977343000668,0.22039858710712665,0.2156565256522832,0.20946199089459783,0.20171563531969075,0.19225526840179266,0.18080415110448542,0.16685169267911473,0.14931323379587544,0.12512166901165211,0.0630714885266024,,,,,,,,0.05942002419040424
107520.0,0.22629138623977835,0.22562819762271533,0.22363239854970443,0.22028401768636718,0.21554588528039237,0.20935641013355516,0.20161626358229195,0.19216329781986452,0.18072086479684354,0.1667785682883517,0.14925220187591673,0.12507599282091117,0.06305637628081862,,,,,,,,0.05940600480259111
107580.0,0.2261719514945512,0.2255093231275098,0.2235152045082521,0.22016962411519347,0.2154354138075715,0.20925098938640857,0.2015170410595643,0.19207146373837986,0.1806377003074144,0.16670554889228573,0.14919125548675544,0.12503037838649936,0.06304129214323874,,,,,,,,0.05939201602238083
107640.0,0.2260527011739939,0.22539063205619547,0.22339819089399132,0.22005540599443177,0.215325110851971,0.20914572829333783,0.2014179674182867,0.19197976585519477,0.18055465736959614,0.16663263426412667,0.1491303944443432,0.12498482557899541,0.06302623605968333,,,,,,,,0.059378057783214755
107700.0,0.2259336348576271,0.22527212399080554,0.22328135729646847,0.2199413629260742,0.21521497603285325,0.20904062649556665,0.20131904232620132,0.19188820386903482,0.18047173571753908,0.16655982417766393,0.14906961856516684,0.12493933426989173,0.06301120797355382,,,,,,,,0.059364130016298915
107760.0,0.2258147521262047,0.22515379851459824,0.22316470330643168,0.2198274945132755,0.21510500897058957,0.20893568363536014,0.20122026545201097,0.19179677747949214,0.18038893508614282,0.16648711840726663,0.14900892766626678,0.12489390433149777,0.0629962078262228,,,,,,,,0.059350232650972015
107820.0,0.22569605256170924,0.2250356552120528,0.22304822851582648,0.21971380036034935,0.2149952092866565,0.2088308993560209,0.20112163646537576,0.19170548638702195,0.1803062552110521,0.16641451672788407,0.14894832156525006,0.12484853563685636,0.06298123555736132,,,,,,,,0.05933636561501401
107880.0,0.22557753574730105,0.2249176936688187,0.2229319325177462,0.21960028007271973,0.21488557660358973,0.20872627330184648,0.20102315503687346,0.19161433029290695,0.18022369582862466,0.1663420189150246,0.14888780008027927,0.12480322805964682,0.06296629110526215,,,,,,,,0.059322528834948866
107940.0,0.2254592012674869,0.22479991347188316,0.22281581490659616,0.21948693325708035,0.2147761105451362,0.2086218051182714,0.20092482083813074,0.1915233088993749,0.18014125667603237,0.16626962474483928,0.14882736303016106,0.12475798147421503,0.06295137440686968,,,,,,,,0.05930872223607917
108000.0,0.225341048707801,0.22468231420925433,0.22269987527778298,0.21937375952109367,0.2146668107359666,0.2085174944515979,0.20082663354157476,0.19143242190937462,0.18005893749106736,0.16619733399397366,0.14876701023420177,0.12471279575535793,0.0629364853983168,,,,,,,,0.059294945742981435
108060.0,0.2252230776551355,0.22456489547028946,0.22258411322803648,0.21926075847370263,0.21455767680197338,0.20841334094927538,0.20072859282069067,0.19134166902680733,0.17997673801234074,0.16612514643972964,0.14870674151236943,0.12466767077844675,0.0629216240147399,,,,,,,,0.05928119927934025
108120.0,0.2251052876975909,0.22444765684554677,0.2224685283552643,0.21914792972499003,0.21444870837013583,0.20830934425977404,0.2006306983499053,0.19125104995642192,0.179894657979192,0.16605306185999852,0.14864655668522506,0.12462260641931741,0.06290679019056436,,,,,,,,0.05926748276821416
108180.0,0.22498767842444248,0.2243305979267514,0.22235312025851878,0.21903527288614605,0.21433990506849007,0.20820550403255628,0.20053294980456035,0.19116056440379012,0.1798126971316679,0.16598108003324835,0.14858645557390726,0.12457760255422715,0.06289198385964462,,,,,,,,0.059253796132166775
108240.0,0.22487024942614667,0.22421371830680223,0.2222378885380033,0.218922787569475,0.2142312665261346,0.20810181991808246,0.20043534686091796,0.1910702120753113,0.17973085521052629,0.16590920073853108,0.14852643800013468,0.12453265905983542,0.06287720495534879,,,,,,,,0.0592401392933471
108300.0,0.22475300029435555,0.2240970175797862,0.2221228327950864,0.21881047338840848,0.2141227923732437,0.20799829156782293,0.20033788919617151,0.1909799926782218,0.17964913195724433,0.1658374237554934,0.14846650378621223,0.12448777581319162,0.06286245341062405,,,,,,,,0.05922651217355098
108360.0,0.22463593062191778,0.2239804953409792,0.22200795263230302,0.21869832995750707,0.21401448224106817,0.20789491863425918,0.20024057648844673,0.1908899059205958,0.17956752711401966,0.16576574886438025,0.1484066527550295,0.12444295269171858,0.06284772915806558,,,,,,,,0.059212914694286176
108420.0,0.22451904000287054,0.22386415118683786,0.22189324765334623,0.21858635689245173,0.2139063357619279,0.20779170077087672,0.2001434084167948,0.1907999515113387,0.17948604042376498,0.16569417584603488,0.14834688473005453,0.12439818957319485,0.06283303212998607,,,,,,,,0.05919934677683724
108480.0,0.22440232803243154,0.22374798471499205,0.2217787174630593,0.2184745538100369,0.21379835256920507,0.20768863763215847,0.2000463846611865,0.19071012916018137,0.17940467163010362,0.1656227044818977,0.14828719953532735,0.12435348633574014,0.06281836225847467,,,,,,,,0.059185808342321365
108540.0,0.22428579430699488,0.2236319955242404,0.2216643616674325,0.2183629203281666,0.21369053229734022,0.20758572887358137,0.1999495049025087,0.19062043857767733,0.1793234204773676,0.16555133455400764,0.14822759699545485,0.1243088428578049,0.06280371947544469,,,,,,,,0.05917229931173298
108600.0,0.22416943842412848,0.22351618321454791,0.22155017987359965,0.218251456065852,0.21358287458182998,0.20748297415161424,0.19985276882256237,0.19053087947520034,0.17924228671059608,0.16548006584500322,0.14816807693560596,0.12426425901816186,0.06278910371267431,,,,,,,,0.059158819605981905
108660.0,0.22405325998257067,0.2234005473870424,0.22143617168983537,0.2181401606432076,0.21347537905922415,0.2073803731237147,0.19975617610405955,0.19044145156494144,0.17916127007553379,0.1654088981381234,0.14810863918150663,0.12421973469589899,0.0627745149018431,,,,,,,,0.059145369145927884
108720.0,0.22393725858222524,0.22328508764401,0.22132233672555035,0.21802903368144808,0.21336804536712134,0.2072779254483253,0.19965972643061997,0.19035215455990617,0.17908037031862903,0.16533783121720763,0.14804928355943456,0.12417526977041293,0.06275995297456519,,,,,,,,0.059131947852411514
108780.0,0.22382143382415787,0.22316980358889096,0.2212086745912872,0.217918074802883,0.21326087314416534,0.2071756307848702,0.19956341948676753,0.19026298817391085,0.17899958718703138,0.1652668648666958,0.14799000989621303,0.12413086412140364,0.06274541786241854,,,,,,,,0.05911855564628183
108840.0,0.22370578531059124,0.2230546948262755,0.22109518489871666,0.21780728363091392,0.21315386203004144,0.2070734887937515,0.19946725495792691,0.19017395212157992,0.17891892042858978,0.16519599887162773,0.14793081801920585,0.12408651762887014,0.06273090949697038,,,,,,,,0.05910519244842009
108900.0,0.22359031264490184,0.22293976096190007,0.22098186726063346,0.21769665979003033,0.21304701166547296,0.20697149913634574,0.19937123253042038,0.19008504611834268,0.1788383697918512,0.16512523301764317,0.14787170775631236,0.12404223017310698,0.06271642780979962,,,,,,,,0.05909185817976081
108960.0,0.22347501543161527,0.22282500160264304,0.22086872129095275,0.21758620290580571,0.21294032169221747,0.20686966147500097,0.19927535189146495,0.18999626988043067,0.17875793502605816,0.16505456709098093,0.1478126789359617,0.12399800163470134,0.06270197273251688,,,,,,,,0.059078552761310535
109020.0,0.22335989327640288,0.22271041635652114,0.22075574660470612,0.21747591260489427,0.21283379175306336,0.20676797547303297,0.19917961272916856,0.1899076231248749,0.17867761588114783,0.16498400087847845,0.1477537313871082,0.12395383189453067,0.06268754419678242,,,,,,,,0.05906527611416464
109080.0,0.2232449457860774,0.22259600483268535,0.22064294281803745,0.2173657885150268,0.2127274214918264,0.20666644079472218,0.19908401473252754,0.18981910556950266,0.17859741210774951,0.16491353416757057,0.14769486493922615,0.12390972083376056,0.06267314213432214,,,,,,,,0.05905202815952215
109140.0,0.22313017256858894,0.22248176664141656,0.22053030954819952,0.217255830265007,0.21262121055334596,0.20656505710530987,0.1989885575914228,0.18973071693293475,0.17851732345718327,0.1648431667462885,0.14763607942230536,0.12386566833384322,0.06265876647694155,,,,,,,,0.05903880881869907
109200.0,0.22301557323302112,0.2223677013941223,0.2204178464135497,0.21714603748470784,0.21251515858348147,0.2064638240709953,0.19889324099661704,0.18964245693458304,0.17843734968145808,0.16477289840325895,0.14757737466684603,0.12382167427651618,0.06264441715653882,,,,,,,,0.05902561801314039
109260.0,0.22290114738958738,0.2222538087033324,0.22030555303354635,0.21703640980506786,0.212409265229109,0.206362741358932,0.19879806463975155,0.18955432529464758,0.1783574905332703,0.1647027289277025,0.14751875050385496,0.12377773854380131,0.0626300941051159,,,,,,,,0.05901245566443044
109320.0,0.22278689464962656,0.222140088182695,0.22019342902874495,0.21692694685808753,0.2123035301381177,0.2062618086372246,0.19870302821334299,0.1894663217341134,0.17827774576600144,0.1646326581094321,0.14746020676484053,0.12373386101800371,0.06261579725478873,,,,,,,,0.058999321694302574
109380.0,0.22267281462559932,0.2220265394469733,0.2200814740207945,0.21681764827682531,0.21219795295940633,0.2061610255749255,0.19860813141078026,0.18937844597474898,0.178198115133717,0.16456268573885208,0.14740174328180902,0.12369004158171139,0.06260152653779655,,,,,,,,0.05898621602464769
109440.0,0.22255890693108438,0.2219131621120408,0.2199696876324333,0.21670851369539437,0.21209253334287967,0.20606039184203148,0.19851337392632157,0.18929069773910234,0.17811859839116428,0.16449281160695584,0.14734335988726033,0.12364628011779442,0.06258728188650997,,,,,,,,0.058973138577521775
109500.0,0.22244517118077403,0.22179995579487813,0.21985806948748557,0.21659954274895873,0.21198727093944514,0.2059599071094805,0.19841875545509122,0.1892030767504993,0.17803919529377063,0.16442303550532486,0.1472850564141843,0.12360257650940475,0.06257306323343839,,,,,,,,0.058960089275152866
109560.0,0.22233160699047114,0.2216869201135691,0.2197466192108576,0.21649073507372954,0.21188216540100932,0.20585957104914837,0.19832427569307656,0.18911558273304038,0.17795990559764208,0.16435335722612646,0.14722683269605688,0.12355893063997572,0.06255887051123664,,,,,,,,0.058947068039947134
109620.0,0.2222182139770845,0.22157405468729652,0.2196353364285339,0.21638209030696184,0.2117772163804744,0.20575938333384544,0.19822993433712502,0.18902821541159864,0.17788072905956076,0.1642837765621122,0.14716868856683635,0.12351534239322183,0.06254470365271105,,,,,,,,0.05893407479449451
109680.0,0.22210499175862558,0.22146135913633885,0.2195242207675735,0.21627360808695048,0.21167242353173485,0.20565934363731328,0.19813573108494106,0.1889409745118169,0.17780166543698395,0.16421429330661616,0.14711062386096024,0.12347181165313857,0.0625305625908246,,,,,,,,0.05892110946157354
109740.0,0.22199193995420446,0.22134883308206615,0.21941327185610626,0.21616528805302687,0.21156778650967387,0.20555945163422162,0.19804166563508305,0.18885385976010508,0.17772271448804156,0.16414490725355269,0.1470526384133417,0.12342833830400221,0.06251644725870198,,,,,,,,0.05890817196415595
109800.0,0.22187905818402592,0.22123647614693634,0.21930248932332938,0.21605712984555528,0.2114633049701602,0.20545970700016508,0.1979477376869606,0.188766870883638,0.17764387597153453,0.16407561819741473,0.14699473205936633,0.1233849222303697,0.06250235758963386,,,,,,,,0.05889526222541061
109860.0,0.2217663460693858,0.2211242879544915,0.21919187279950336,0.2159491331059293,0.21135897857004443,0.20536010941165966,0.19785394694083128,0.18868000761035264,0.1775651496469331,0.164006425933272,0.1469369046348891,0.12334156331707852,0.062488293517080795,,,,,,,,0.058882380168707116
109920.0,0.22165380323266745,0.2210122681293541,0.21908142191594857,0.21584129747656827,0.2112548069671557,0.20526065854614003,0.19776029309779777,0.18859326966894596,0.17748653527437472,0.16393733025676863,0.1468791559762313,0.1232982614492466,0.06247425497467679,,,,,,,,0.05886952571761908
109980.0,0.22154142929733758,0.2209004162972233,0.2189711363050415,0.21573362260091383,0.21115078982029853,0.2051613540819558,0.19766677585980505,0.18850665678887185,0.17740803261466206,0.16386833096412126,0.1468214859201778,0.12325501651227223,0.062460241896232414,,,,,,,,0.05885669879592701
110040.0,0.2214292238879426,0.22078873208487118,0.2188610156002111,0.2156261081234263,0.2110469267892491,0.20506219569836873,0.19757339492963732,0.18842016870033967,0.17732964142926141,0.16379942785211726,0.14676389430397385,0.12321182839183388,0.06244625421573765,,,,,,,,0.058843899327620824
110100.0,0.2213171866301052,0.22067721512013905,0.21875105943593537,0.21551875368958104,0.2109432175347522,0.20496318307554945,0.1974801500109154,0.18833380513431058,0.1772513614803005,0.16373062071811237,0.14670638096532287,0.1231686969738902,0.062432291867364605,,,,,,,,0.05883112723690226
110160.0,0.22120531715052025,0.22056586503193387,0.21864126744773743,0.21541155894586542,0.21083966171851765,0.20486431589457424,0.19738704080809333,0.1882475658224961,0.17717319253056657,0.16366190936002872,0.1466489457423834,0.12312562214467991,0.06241835478546951,,,,,,,,0.05881838244818689
110220.0,0.22109361507695133,0.22045468145022437,0.2185316392721822,0.21530452353977483,0.21073625900321716,0.20476559383742196,0.19729406702645616,0.18816145049735544,0.17709513434350457,0.16359329357635294,0.1465915884737669,0.12308260379072165,0.062404442904594994,,,,,,,,0.05880566488610599
110280.0,0.22098208003822722,0.22034366400603764,0.2184221745468726,0.21519764711980957,0.21063300905248086,0.20466701658697084,0.1972012283721166,0.1880754588920926,0.17701718668321506,0.1635247731661338,0.1465343089985348,0.12303964179881374,0.0623905561594719,,,,,,,,0.05879297447550818
110340.0,0.22087071166423775,0.22023281233145536,0.2183128729104461,0.21509092933547105,0.21052991153089426,0.20456858382699566,0.19710852455201242,0.1879895907406548,0.17693934931445215,0.16345634792898048,0.1464771071561967,0.12299673605603427,0.062376694485020756,,,,,,,,0.05878031114146076
110400.0,0.22075950958593038,0.2201221260596101,0.21820373400257112,0.2149843698372589,0.21042696610399442,0.20447029524216417,0.1970159552739037,0.18790384577772948,0.17686162200262176,0.1633880176650602,0.1464199827867076,0.12295388644974072,0.06236285781635331,,,,,,,,0.05876767480925109
110460.0,0.22064847343530689,0.22001160482468193,0.2180947574639437,0.21487796827666678,0.21032417243826734,0.20437215051803428,0.19692352024636983,0.18781822373874205,0.17678400451377937,0.16331978217509602,0.14636293573046563,0.1229110928675699,0.06234904608877389,,,,,,,,0.058755065404387734
110520.0,0.22053760284541934,0.21990124826189453,0.21798594293628357,0.21477172430617958,0.21022153020114426,0.2042741493410514,0.19683121917880697,0.18773272435985364,0.1767064966146282,0.16325164126036543,0.14630596582831024,0.12286835519743773,0.062335259237780355,,,,,,,,0.05874248285260129
110580.0,0.22042689745036653,0.21979105600751195,0.21787729006233097,0.21466563757926987,0.21011903906099852,0.2041762913985444,0.19673905178142506,0.1876473473779588,0.17662909807251698,0.1631835947226976,0.1462490729215195,0.12282567332753898,0.062321497199065205,,,,,,,,0.05872992707984528
110640.0,0.22031635688529053,0.21968102769883466,0.21776879848584293,0.21455970775039432,0.2100166986871423,0.20407857637872343,0.1966470177652452,0.1875620925306829,0.17655180865543824,0.16311564236447157,0.14619225685180853,0.12278304714634711,0.06230775990851635,,,,,,,,0.05871739801229697
110700.0,0.22020598078637307,0.2195711629741964,0.21766046785159004,0.2144539344749907,0.2099145087498234,0.20398100397067676,0.19655511684209695,0.18747695955637983,0.17647462813202597,0.16304778398861422,0.1461355174613272,0.12274047654261394,0.06229404730221789,,,,,,,,0.0587048955763578
110760.0,0.22009576879083192,0.21946146147296025,0.21755229780535273,0.21434831740947388,0.20981246892022215,0.20388357386436734,0.19646334872461552,0.18739194819412983,0.17639755627155376,0.1629800193985982,0.14607885459265776,0.12269796140536943,0.06228035931645075,,,,,,,,0.05869241969865401
110820.0,0.21998572053691745,0.21935192283551544,0.2174442879939179,0.21424285621123326,0.20971057887044797,0.20378628575063026,0.19637171312623913,0.18730705818373716,0.17632059284393276,0.16291234839843996,0.14602226808881372,0.12265550162392135,0.06226669588769315,,,,,,,,0.05867997030603702
110880.0,0.21987583566390886,0.21924254670327356,0.21733643806507555,0.21413755053862882,0.2096088382735364,0.20368913932116936,0.19628020976120608,0.1872222892657274,0.17624373761970957,0.1628447707926976,0.14596575779323717,0.12261309708785498,0.06225305695262111,,,,,,,,0.05866754732558368
110940.0,0.2197661138121111,0.2191333327186653,0.2172287476676153,0.2140324000509881,0.20950724680344582,0.20359213426855485,0.19618883834455256,0.18713764118134568,0.17616699037006417,0.16277728638646882,0.14590932354979746,0.12257074768703288,0.062239442448108716,,,,,,,,0.05865515068459663
111000.0,0.2196565546228507,0.21902428052513673,0.2171212164513228,0.21392740440860283,0.20940580413505433,0.2034952702862197,0.19609759859210954,0.18705311367255373,0.17609035086680824,0.16270989498538907,0.14585296520278893,0.12252845331159433,0.06222585231122848,,,,,,,,0.05864278031060439
111060.0,0.21954715773847303,0.21891538976714603,0.21701384406697657,0.2138225632727257,0.20930450994415653,0.20339854706845714,0.1960064902205001,0.1869687064820281,0.17601381888238243,0.1626425963956296,0.1457966825969294,0.12248621385195517,0.062212286479251484,,,,,,,,0.05863043613136147
111120.0,0.21943792280233812,0.2188066600901599,0.21690663016634465,0.21371787630556674,0.20920336390746042,0.20330196431041742,0.19591551294713727,0.18688441935315775,0.17593739418985496,0.1625753904238951,0.1457404755773582,0.1224440291988073,0.06219874488964755,,,,,,,,0.05861811807484846
111180.0,0.2193288494588177,0.2186980911406502,0.21679957440218073,0.21361334317029057,0.20910236570258434,0.20320552170810535,0.19582466649022076,0.1868002520300414,0.17586107656291924,0.16250827687742225,0.14568434398963467,0.12240189924311833,0.062185227480085245,,,,,,,,0.0586058260692719
111240.0,0.2192199373532916,0.2185896825660904,0.21669267642822157,0.21350896353101265,0.2090015150080539,0.20310921895837677,0.1957339505687348,0.1867162042574857,0.17578486577589195,0.1624412555639772,0.14562828767973626,0.12235982387613117,0.06217173418843199,,,,,,,,0.058593560043064374
111300.0,0.21911118613214414,0.2184814340149524,0.21658593589918293,0.2134047370527964,0.2089008115032985,0.20301305575893608,0.19564336490244524,0.18663227578100253,0.17570876160371093,0.16237432629185414,0.1455723064940569,0.12231780298936354,0.06215826495275399,,,,,,,,0.05858131992488425
111360.0,0.2190025954427608,0.21837334513670278,0.21647935247075648,0.2133006634016498,0.2088002548686489,0.2029170318083335,0.1955529092118972,0.18654846634680702,0.17563276382193316,0.16230748886987312,0.14551640027940546,0.12227583647460764,0.06214481971131612,,,,,,,,0.05856910564361556
111420.0,0.21889416493352512,0.21826541558179985,0.21637292579960676,0.21319674224452204,0.20869984478533352,0.20282114680596172,0.19546258321841217,0.1864647757018151,0.17555687220673274,0.1622407431073778,0.145460568883004,0.1222339242239296,0.06213139840258184,,,,,,,,0.058556917128367816
111480.0,0.21878589425381464,0.21815764500168966,0.2162666555433673,0.21309297324930068,0.2085995809354758,0.2027254004520533,0.1953723866440859,0.18638120359364124,0.17548108653489883,0.1621740888142343,0.14540481215248602,0.12219206612966899,0.062118000965213,,,,,,,,0.05854475430847578
111540.0,0.2186777830539982,0.21805003304880327,0.21616054136063798,0.2129893560848081,0.2084994630020909,0.20262979244767798,0.19528231921178524,0.18629774977059643,0.17540540658383375,0.16210752580082866,0.14534912993589538,0.12215026208443837,0.062104627338069644,,,,,,,,0.05853261711349908
111600.0,0.21856983098543215,0.21794257937655304,0.21605458291098106,0.2128858904207983,0.20839949066908287,0.20253432249473968,0.19519238064514588,0.18621441398168528,0.17532983213155057,0.16204105387806508,0.14529352208168425,0.12210851198112291,0.06209127746020977,,,,,,,,0.05852050547322205
111660.0,0.2184620377004571,0.21783528363932936,0.2159487798549183,0.2127825759279542,0.20829966362124144,0.20243899029597365,0.19510257066857004,0.18613119597660457,0.1752543629566716,0.16197467285736428,0.14523798843871175,0.12206681571287961,0.062077951270889095,,,,,,,,0.058508419317653285
111720.0,0.21835440285239444,0.21772814549249733,0.2158431318539279,0.21267941227788392,0.2081999815442391,0.20234379555494367,0.1950128890072235,0.1860480955057404,0.17517899883842603,0.16190838255066128,0.14518252885624253,0.12202517317313699,0.06206464870956068,,,,,,,,0.05849635857702523
111780.0,0.21824692609554336,0.21762116459239345,0.21573763857044062,0.21257639914311785,0.20810044412462816,0.20224873797603937,0.1949233353870332,0.18596511232016616,0.17510373955664796,0.161842182770404,0.14512714318394512,0.12198358425559455,0.062051369715874605,,,,,,,,0.05848432318179392
111840.0,0.21813960708517724,0.21751434059632227,0.21563229966783706,0.21247353619710574,0.20800105104983768,0.20215381726447357,0.19483390953468482,0.18588224617164031,0.1750285848917744,0.1617760733295508,0.14507183127189052,0.1219420488542221,0.062038114229677685,,,,,,,,0.058472313062638455
111900.0,0.2180324454775402,0.2174076731625533,0.21552711481044437,0.2123708231142131,0.20790180200817054,0.20205903312627904,0.19474461117762035,0.1857994968126041,0.17495353462484337,0.1617100540415693,0.14501659297055072,0.1219005668632593,0.06202488219101303,,,,,,,,0.05846032815046054
111960.0,0.21792544092984445,0.21730116195031737,0.21542208366353263,0.2122682595697185,0.20780269668880036,0.20196438526830623,0.1946554400440352,0.18571686399617926,0.17487858853749172,0.16164412472043413,0.14496142813079727,0.12185913817721515,0.06201167354011965,,,,,,,,0.05844836837638413
112020.0,0.21781859310026602,0.21719480661980375,0.21531720589331238,0.2121658452398104,0.20770373478176887,0.20186987339822018,0.19456639586287622,0.18563434747616606,0.17480374641195334,0.16157828518062523,0.14490633660389984,0.1218177626908672,0.06199848821743201,,,,,,,,0.0584364336717548
112080.0,0.2177119016479425,0.2170886068321567,0.21521248116693062,0.21206357980158388,0.20760491597798256,0.2017754972244981,0.19447747836383858,0.18555194700704064,0.17472900803105695,0.16151253523712614,0.14485131824152486,0.12177644029926118,0.06198532616357968,,,,,,,,0.05842452396813935
112140.0,0.21760536623296892,0.21698256224947216,0.2151079091524683,0.21196146293303775,0.2075062399692101,0.20168125645642646,0.19438868727736416,0.18546966234395326,0.1746543731782242,0.1614468747054221,0.1447963728957339,0.12173517089771037,0.06197218731938675,,,,,,,,0.05841263919732528
112200.0,0.2174989865163953,0.21687667253479467,0.21500348951893677,0.21185949431307138,0.20740770644807913,0.20158715080409811,0.19430002233463817,0.18538749324272566,0.17457984163746776,0.16138130340149845,0.1447415004189826,0.12169395438179491,0.06195907162587141,,,,,,,,0.058400779291320135
112260.0,0.21739276216022266,0.2167709373521143,0.2148992219362747,0.2117576736214817,0.20730931510807368,0.20149317997841007,0.19421148326758728,0.18530543945984926,0.17450541319338939,0.16131582114183857,0.14468670066411896,0.12165279064736131,0.06194597902424546,,,,,,,,0.05838894418235111
112320.0,0.21728669282740046,0.21666535636636297,0.21479510607534502,0.21165600053896025,0.20721106564353103,0.20139934369106033,0.19412306980887709,0.1852235007524828,0.17443108763117765,0.16125042774342244,0.14463197348438236,0.12161167959052174,0.06193290945591382,,,,,,,,0.05837713380286442
112380.0,0.21718077818182283,0.2165599292434117,0.21469114160793173,0.21155447474708997,0.2071129577496391,0.20130564165454543,0.19403478169190935,0.18514167687844998,0.17435686473660622,0.16118512302372465,0.1445773187334018,0.1215706211076534,0.06191986286247398,,,,,,,,0.058365348085524724
112440.0,0.21707501788832576,0.2164546556500673,0.2145873282067369,0.21145309592834222,0.20701499112243313,0.2012120735821578,0.1939466186508201,0.18505996759623747,0.1742827442960321,0.161119906800713,0.14452273626519474,0.1215296150953981,0.06190683918571545,,,,,,,,0.058353586963214465
112500.0,0.2169694116126838,0.21634953525406922,0.2144836655453773,0.21135186376607412,0.2069171654587932,0.201118639187983,0.19385858042047666,0.18497837266499287,0.1742087260963932,0.16105477889284633,0.14446822593416592,0.12148866145066133,0.061893838367619296,,,,,,,,0.058341850369033436
112560.0,0.21686395902160674,0.21624456772408626,0.21438015329838173,0.211250777944525,0.2068194804564415,0.2010253381868971,0.1937706667364756,0.18489689184452224,0.17413480992520666,0.16098973911907308,0.14441378759510567,0.12144776007061181,0.0618808603503575,,,,,,,,0.05833013823629811
112620.0,0.2167586597827368,0.2161397527297136,0.21427679114118736,0.21114983814881372,0.20672193581393908,0.2009321702945642,0.19368287733514022,0.18481552489528802,0.174060995570567,0.16092478729882975,0.14435942110318903,0.12140691085268082,0.06186790507629246,,,,,,,,0.058318450498540904
112680.0,0.21665351356464518,0.21603508994146975,0.21417357875013734,0.2110490440649359,0.2066245312306833,0.2008391352274335,0.1935952119535182,0.18473427157840702,0.17398728282114412,0.16085992325203885,0.1443051263139741,0.12136611369456156,0.06185497248797635,,,,,,,,0.05830678708950972
112740.0,0.21654852003682895,0.21593057903079307,0.2140705158024772,0.2109483953797608,0.20652726640690505,0.20074623270273698,0.19350767032937904,0.18465313165564815,0.17391367146618122,0.16079514679910728,0.1442509030834009,0.1213253684942084,0.06184206252815064,,,,,,,,0.058295147943167196
112800.0,0.21644367886970795,0.2158262196700391,0.2139676019763521,0.2108478917810279,0.2064301410436658,0.20065346243848653,0.19342025220121198,0.18457210488943043,0.1738401612954931,0.16073045776092518,0.1441967512677901,0.12128467514983636,0.06182917513974544,,,,,,,,0.05828353299369018
112860.0,0.216338989734622,0.21572201153247703,0.21386483695080358,0.21074753295734489,0.20633315484285497,0.2005608241534717,0.1933329573082233,0.18449119104282036,0.17376675209946413,0.16066585595886332,0.14414267072384157,0.12124403355992033,0.061816310265878895,,,,,,,,0.05827194217546902
112920.0,0.21623445230382704,0.21561795429228725,0.21376222040576687,0.2106473185981841,0.20623630750718694,0.20046831756725672,0.1932457853903342,0.18441038987953065,0.17369344366904632,0.1606013412147724,0.14408866130863343,0.12120344362319456,0.06180346784985664,,,,,,,,0.05826037542310686
112980.0,0.21613006625049314,0.2155140476245575,0.21365975202206747,0.2105472483938797,0.20613959874019863,0.2003759424001783,0.1931587361881783,0.1843297011639173,0.1736202357957577,0.16053691335098083,0.1440347228796205,0.1211629052386518,0.06179064783517116,,,,,,,,0.05824883267141912
113040.0,0.21602583124870028,0.21541029120528035,0.21355743148141862,0.21044732203562497,0.20604302824624646,0.2002836983733427,0.19307180944309957,0.1842491246609779,0.17354712827167998,0.1604725721902932,0.14398085529463317,0.12112241830554274,0.06177785016550118,,,,,,,,0.05823731385543271
113100.0,0.2159217469734361,0.21530668471135017,0.21345525846641775,0.21034753921546925,0.2059465957305037,0.2001915852086234,0.19298500489714937,0.1841686601363494,0.17347412088945713,0.16040831755598894,0.14392705841187617,0.12108198272337535,0.06176507478471108,,,,,,,,0.05822581891038544
113160.0,0.21581781310059242,0.21520322782055976,0.21335323266054418,0.21024789962631527,0.20585030089895762,0.20009960262865867,0.19289832229308487,0.18408830735630607,0.17340121344229317,0.1603441492718203,0.1438733320899272,0.1210415983919142,0.06175232163685023,,,,,,,,0.05821434777172533
113220.0,0.21571402930696254,0.21509992021159743,0.2132513537481554,0.21014840296191598,0.20575414345840712,0.20000775035684867,0.19281176137436631,0.18400806608775727,0.17332840572395034,0.16028006716201088,0.14381967618773592,0.12100126521117964,0.061739590666152415,,,,,,,,0.058202900375109945
113280.0,0.2156103952702378,0.21499676156404438,0.2131496214144849,0.2100490489168721,0.20565812311645978,0.1999160281173533,0.1927253218851548,0.18392793609824556,0.17325569752874762,0.16021607105125424,0.14376609056462256,0.12096098308144736,0.06172688181703514,,,,,,,,0.058191476656405686
113340.0,0.21550691066900485,0.2148937515583712,0.2130480353456386,0.20994983718662874,0.20556223958152892,0.19982443563508945,0.19263900357030983,0.18384791715594453,0.17318308865155832,0.16015216076471206,0.1437125750802768,0.1209207519032475,0.061714195034099126,,,,,,,,0.05818007655168716
113400.0,0.21540357518274267,0.214790889875935,0.21294659522859244,0.20985076746747325,0.2054664925628314,0.19973297263572842,0.19255280617538725,0.18376800902965668,0.17311057888780862,0.16008833612801274,0.14365912959475635,0.12088057157736405,0.06170153026212749,,,,,,,,0.05816869999723649
113460.0,0.21530038849181946,0.21468817619897673,0.21284530075118874,0.20975183945653186,0.2053708817703848,0.19964163884569383,0.19246672944663687,0.18368821148881137,0.1730381680334757,0.16002459696724955,0.14360575396848613,0.12084044200483417,0.06168888744608528,,,,,,,,0.05815734692954262
113520.0,0.21519735027748954,0.21458561021061787,0.2127441516021343,0.20965305285176705,0.20527540691500445,0.1995504339921588,0.1923807731310001,0.1836085243034629,0.17296585588508562,0.1599609431089795,0.14355244806225673,0.12080036308694747,0.061676266531118795,,,,,,,,0.05814601728530057
113580.0,0.21509446022189074,0.21448319159485768,0.2126431474709967,0.20955440735197492,0.2051800677083011,0.1994593578030433,0.19229493697610783,0.1835289472442882,0.17289364223971196,0.15989737438022128,0.1434992117372234,0.12076033472524535,0.061663667462554896,,,,,,,,0.05813471100141092
113640.0,0.2149917180080409,0.2143809200365701,0.21254228804820152,0.209455902656782,0.20508486386267816,0.19936841000701228,0.19220922073027805,0.18344948008258505,0.17282152689497352,0.1598338906084542,0.14344604485490473,0.12072035682152023,0.06165109018590035,,,,,,,,0.05812342801497892
113700.0,0.21488912331983576,0.21427879522150106,0.21244157302503003,0.20935753846664304,0.20498979509132914,0.19927759033347262,0.19212362414251355,0.18337012259026989,0.17274950964903305,0.15977049162161627,0.14339294727718155,0.12068042927781496,0.0616385346468413,,,,,,,,0.05811216826331394
113760.0,0.21478667584204506,0.2141768168362654,0.21234100209361564,0.20925931448283774,0.20489486110823502,0.19918689851257093,0.19203814696249993,0.18329087453987578,0.17267759030059482,0.15970717724810288,0.14333991886629585,0.12064055199642208,0.06162600079124254,,,,,,,,0.05810093168392871
113820.0,0.21468437526031012,0.21407498456834387,0.21224057494694157,0.20916123040746828,0.2048000616281614,0.19909633427519122,0.19195278894060303,0.1832117357045506,0.17260576864890345,0.15964394731676518,0.14328695948484949,0.12060072487988316,0.06161348856514685,,,,,,,,0.05808971821453869
113880.0,0.21458222126114115,0.21397329810608046,0.2121402912788376,0.20906328594345655,0.2047053963666562,0.19900589735295232,0.19186754982786688,0.18313270585805463,0.17253404449374163,0.15958080165690863,0.14323406899580302,0.12056094783098795,0.06160099791477439,,,,,,,,0.05807852779306125
113940.0,0.21448021353191385,0.21387175713867937,0.2120401507839775,0.2089654807945414,0.20461086504004697,0.1989155874782053,0.19178242937601153,0.18305378477475892,0.17246241763542872,0.1595177400982914,0.14318124726247455,0.1205212207527739,0.06158852878652211,,,,,,,,0.05806736035761523
114000.0,0.21437835176086684,0.2137703613562022,0.21194015315787623,0.20886781466527563,0.20451646736543827,0.1988254043840316,0.19169742733743073,0.18297497222964312,0.1723908878748186,0.15945476247112292,0.14312849414853873,0.12048154354852533,0.06157608112696295,,,,,,,,0.05805621584651993
114060.0,0.21427663563709837,0.21366911044956516,0.211840298096887,0.20877028726102398,0.20442220306070916,0.19873534780423982,0.1916125434651897,0.18289626799829348,0.17231945501329832,0.15939186860606244,0.1430758095180253,0.12044191612177274,0.06156365488284535,,,,,,,,0.05804509419829462
114120.0,0.21417506485056437,0.2135680041105359,0.21174058529819859,0.2086728982879597,0.20432807184451046,0.19864541747336417,0.1915277775130229,0.182817671856901,0.17224811885278601,0.15932905833421745,0.14302319323531842,0.12040233837629222,0.06155125000109251,,,,,,,,0.05803399535165782
114180.0,0.21407363909207455,0.21346704203173109,0.21164101445983247,0.20857564745306237,0.20423407343626254,0.19855561312666145,0.19144312923533222,0.18273918358225905,0.17217687919572927,0.15926633148714214,0.14297064516515506,0.12036281021610452,0.0615388664288018,,,,,,,,0.05802291924552659
114240.0,0.2139723580532899,0.2133662239066134,0.21154158528064013,0.20847853446411482,0.2041402075561523,0.19846593450010913,0.19135859838718416,0.18266080295176218,0.17210573584510355,0.15920368789683623,0.142918165172624,0.12032333154547466,0.06152650411324404,,,,,,,,0.05801186581901584
114300.0,0.2138712214267204,0.21326554942948855,0.21144229746030024,0.2083815590297009,0.20404647392513126,0.19837638133040253,0.1912741847243082,0.1825825297434032,0.17203468860441007,0.15914112739574315,0.14286575312316507,0.12028390226891093,0.06151416300186294,,,,,,,,0.05800083501143757
114360.0,0.21377022890572123,0.21316501829550286,0.21134315069931586,0.20828472085920238,0.20395287226491227,0.19828695335495272,0.19118988800309433,0.1825043637357719,0.17196373727767442,0.15907864981674857,0.14281340888256744,0.1202445222911644,0.0615018430422744,,,,,,,,0.057989826762300266
114420.0,0.213669380184491,0.21306463020064006,0.21124414469901195,0.2081880196627968,0.20385940229796784,0.19819765031188444,0.19110570798059107,0.18242630470805302,0.1718928816694447,0.15901625499317945,0.14276113231696885,0.12020519151722818,0.06148954418226587,,,,,,,,0.05797884101130824
114480.0,0.21356867495806786,0.2129643848417187,0.21114527916153242,0.20809145515145425,0.20376606374752687,0.19810847194003317,0.1910216444145031,0.18234835244002393,0.17182212158478982,0.15895394275880198,0.1427089232928546,0.1201659098523366,0.06147726636979574,,,,,,,,0.05796787769836087
114540.0,0.21346811292232762,0.21286428191638945,0.21104655378983725,0.20799502703693526,0.2036728563375727,0.19801941797894307,0.19093769706318936,0.18227050671205308,0.17175145682929782,0.15889171294782037,0.14265678167705612,0.1201266772019647,0.061465009552992646,,,,,,,,0.057956936763551826
114600.0,0.21336769377398057,0.21276432112313223,0.21094796828770027,0.207898735031788,0.20357977979284028,0.19793048816886505,0.19085386568566073,0.18219276730509787,0.1716808872090741,0.15882956539487555,0.14260470733675015,0.12008749347182737,0.06145277368015484,,,,,,,,0.05794601814716859
114660.0,0.21326741721056863,0.21266450216125338,0.21084952235970608,0.20780257884934553,0.2034868338388139,0.19784168225075363,0.19077015004157807,0.18211513400070278,0.17161041253073978,0.1587674999350437,0.1425527001394574,0.1200483585678788,0.0614405586997496,,,,,,,,0.05793512178969163
114720.0,0.2131672829304628,0.2125648247308831,0.21075121571124733,0.20770655820372336,0.20339401820172467,0.19775299996626536,0.19068654989125,0.1820376065809976,0.17154003260143005,0.1587055164038346,0.14250075995304165,0.12000927239631158,0.06142836456041252,,,,,,,,0.057924247631793685
114780.0,0.21306729063286037,0.2124652885329727,0.2106530480485225,0.20761067280981702,0.20330133260854813,0.19766444105775627,0.19060306499563062,0.1819601848286953,0.17146974722879238,0.15864361463719034,0.14244888664570868,0.11997023486355625,0.06141619121094691,,,,,,,,0.05791339561433921
114840.0,0.212967440017782,0.21236589326929156,0.2105550190785326,0.20751492238329908,0.20320877678700147,0.19757600526827945,0.19051969511631778,0.18188286852709018,0.17139955622098496,0.15858179447148413,0.142397080086005,0.11993124587628047,0.061404038600323146,,,,,,,,0.05790256567838359
114900.0,0.21286773078606927,0.21226663864242507,0.210457128509079,0.207419306640617,0.20311635046554158,0.19748769234158295,0.19043644001555068,0.1818056574600559,0.171329459386675,0.15852005574351866,0.1423453401428169,0.11989230534138827,0.061391906677678035,,,,,,,,0.05789175776517247
114960.0,0.21276816263938161,0.21216752435577113,0.21035937604876065,0.2073238252989902,0.20302405337336232,0.1973995020221074,0.1903532994562079,0.1817285514120441,0.1712594565350369,0.1584583982905246,0.14229366668536933,0.11985341316601944,0.06137979539231419,,,,,,,,0.05788097181614108
115020.0,0.2126687352801941,0.21206855011353817,0.21026176140697125,0.2072284780764079,0.20293188524039218,0.19731143405498383,0.19027027320180528,0.1816515501680818,0.17118954747575094,0.15839682195015953,0.14224205958322494,0.11981456925754896,0.06136770469369933,,,,,,,,0.057870207772913615
115080.0,0.21256944841179412,0.21196971562074202,0.210164284293897,0.20713326469162638,0.20283984579729186,0.19722348818603147,0.19018736101649394,0.18157465351376992,0.17111973201900135,0.15833532656050642,0.1421905187062828,0.119775773523586,0.061355634531465794,,,,,,,,0.05785946557730247
115140.0,0.21247030173827947,0.2118710205832033,0.21006694442051368,0.20703818486416628,0.2027479347754518,0.19713566416175518,0.19010456266505799,0.18149786123528136,0.17105000997547473,0.15827391196007196,0.14213904392477747,0.11973702587197348,0.06134358485540975,,,,,,,,0.05784874517130756
115200.0,0.21237129496455479,0.2117724647075452,0.20996974149858416,0.20694323831431052,0.20265615190699005,0.1970479617293436,0.19002187791291278,0.18142117311935907,0.17098038115635852,0.15821257798778574,0.14208763510927802,0.11969832621078734,0.06133155561549062,,,,,,,,0.05783804649711576
115260.0,0.21227242779632952,0.21167404770119014,0.20987267524065564,0.2068484247631014,0.20256449692474943,0.19696038063666685,0.1899393065261026,0.18134458895331454,0.1709108453733393,0.15815132448299837,0.14203629213068683,0.11965967444833572,0.061319546761830504,,,,,,,,0.05782736949710012
115320.0,0.21217369994011523,0.21157576927235755,0.20977574536005747,0.20675374393233822,0.2024729695622956,0.19687292063227402,0.18985684827129878,0.18126810852502523,0.17084140243860102,0.15809015128548046,0.14198501486023857,0.1196210704931585,0.06130755824471353,,,,,,,,0.057816714113819195
115380.0,0.21207511110322266,0.2114776291300613,0.20967895157089825,0.2066591955445751,0.20238156955391456,0.1967855814653912,0.1897745029157975,0.18119173162293353,0.17077205216482372,0.15802905823542115,0.14193380316949916,0.11958251425402637,0.06129559001458517,,,,,,,,0.05780608029001645
115440.0,0.21197666099375917,0.21137962698410684,0.20958229358806324,0.2065647793231179,0.20229029663461012,0.19669836288591946,0.18969227022751792,0.18111545803604445,0.17070279436518168,0.15796804517342675,0.1418826569303649,0.11954400563994033,0.06128364202205166,,,,,,,,0.05779546796861954
115500.0,0.21187834932062638,0.21128176254508876,0.20948577112721192,0.20647049499202227,0.2021991505401017,0.19661126464443213,0.1896101499750001,0.18103928755392398,0.17063362885334177,0.15790711194051926,0.14183157601506113,0.11950554456013093,0.06127171421787938,,,,,,,,0.05778487709273961
115560.0,0.2117801757935172,0.21118403552438808,0.20938938390477552,0.20637634227609106,0.20210813100682212,0.19652428649217302,0.18952814192740297,0.18096321996669698,0.17056455544346202,0.15784625837813532,0.1417805602961413,0.11946713092405756,0.061259806552994296,,,,,,,,0.05777430760567069
115620.0,0.21168214012291348,0.21108644563416973,0.2092931316379544,0.20628232090087162,0.20201723777191494,0.1964374281810542,0.18944624585450234,0.18088725506504597,0.1704955739501901,0.15778548432812464,0.14172960964648618,0.11942876464140784,0.0612479189784812,,,,,,,,0.05776375945088908
115680.0,0.2115842420200833,0.21098899258738008,0.20919701404471536,0.2061884305926537,0.20192647057323254,0.1963506894636537,0.1893644615266889,0.1808113926402087,0.17042668418866136,0.15772478963274883,0.14167872393930248,0.11939044562209684,0.06123605144558318,,,,,,,,0.057753232572052525
115740.0,0.21148648119707836,0.21089167609774415,0.20910103084378956,0.20609467107846702,0.2018358291493334,0.19626407009321334,0.1892827887149662,0.18073563248397675,0.17035788597449772,0.15766417413467987,0.14162790304812198,0.11935217377626661,0.061224203905701054,,,,,,,,0.05774272691299968
115800.0,0.2113888573667316,0.21079449587976315,0.20900518175466945,0.20600104208607842,0.20174531323948008,0.19617756982363685,0.18920122719094873,0.18065997438869347,0.1702891791238057,0.1576036376769991,0.14157714684680067,0.11931394901428523,0.061212376310392703,,,,,,,,0.05773224241774946
115860.0,0.21129137024265432,0.21069745164871204,0.20890946649760672,0.20590754334398995,0.201654922583637,0.19609118840948717,0.18911977672685984,0.18058441814725243,0.17022056345317516,0.15754318010319568,0.1415264552095174,0.1192757712467463,0.0612005686113724,,,,,,,,0.05772177903050031
115920.0,0.21119401953923378,0.2106005431206367,0.20881388479360968,0.20581417458143614,0.2015646569224676,0.19600492560598498,0.1890384370955299,0.18050896355309548,0.17015203877967755,0.15748280125716518,0.14147582801077313,0.11923764038446824,0.06118878076051029,,,,,,,,0.05771133669562959
115980.0,0.21109680497163083,0.21050377001235182,0.20871843636444057,0.205720935528382,0.2014745159973329,0.1959187811690061,0.18895720807039426,0.1804336104002112,0.1700836049208644,0.1574225009832087,0.14142526512538986,0.11919955633849365,0.06117701270983182,,,,,,,,0.057700915357692964
116040.0,0.21099972625577715,0.21040713204143804,0.2086231209326136,0.20562782591552,0.20138449955028856,0.1958327548550794,0.1888760894254912,0.18035835848313275,0.17001526169476597,0.15736227912603115,0.1413747664285096,0.11916151902008855,0.061165264411516984,,,,,,,,0.05769051496142367
116100.0,0.21090278310837274,0.2103106289262396,0.2085279382213919,0.20553484547426826,0.2012946073240829,0.19574684642138493,0.1887950809354603,0.18028320759693645,0.16994700891988923,0.1573021355307401,0.14132433179559337,0.11912352834074177,0.0611535358178999,,,,,,,,0.05768013545173191
116160.0,0.21080597524688338,0.21021426038586177,0.20843288795478548,0.205441993936768,0.20120483906215467,0.19566105562575167,0.18871418237554002,0.18020815753724004,0.16987884641521697,0.15724207004284466,0.1412739611024202,0.11908558421216436,0.06114182688146807,,,,,,,,0.057669776773704245
116220.0,0.21070930238953853,0.21011802614016836,0.2083379698575486,0.20534927103588105,0.20111519450863055,0.19557538222665533,0.1886333935215663,0.18013320810020064,0.16981077400020567,0.1571820825082539,0.14122365422508615,0.11904768654628867,0.06113013755486181,,,,,,,,0.05765943887260288
116280.0,0.21061276425532802,0.21002192590977933,0.20824318365517747,0.20525667650518784,0.2010256734083233,0.19548982598321646,0.18855271414997016,0.1800583590825132,0.16974279149478427,0.15712217277327584,0.14117341104000333,0.11900983525526804,0.06111846779087377,,,,,,,,0.0576491216938651
116340.0,0.21051636056400033,0.20992595941606823,0.2081485290739077,0.2051642100789846,0.20093627550672938,0.19540438665519813,0.18847214403777604,0.1799836102814088,0.16967489871935287,0.15706234068461608,0.14112323142389893,0.11897203025147583,0.0611068175424482,,,,,,,,0.05763882518310252
116400.0,0.2104200910360598,0.20983012638115978,0.20805400584071185,0.20507187149228145,0.20084700055002644,0.19531906400300417,0.18839168296259995,0.1799089614946531,0.16960709549478079,0.15700258608937637,0.14107311525381425,0.11893427144750492,0.061095186762680394,,,,,,,,0.05762854928610057
116460.0,0.2103239553927642,0.2097344265279274,0.20795961368329735,0.20497966048079985,0.20075784828507157,0.19523385778767666,0.18831133070264727,0.1798344125205442,0.16953938164240517,0.15694290883505368,0.14102306240710355,0.1188965587561671,0.061083575404816154,,,,,,,,0.0576182939488178
116520.0,0.210227953356122,0.20963885957999073,0.2078653523301037,0.20488757678097025,0.2006688184593989,0.19514876777089432,0.18823108703671107,0.1797599631579109,0.16947175698402975,0.15688330876953877,0.1409730727614333,0.11885889209049215,0.06107198342225117,,,,,,,,0.05760805911738526
116580.0,0.21013208464889052,0.2095434252617133,0.2077712215103003,0.2047956201299301,0.20057991082121734,0.19506379371497026,0.18815095174417035,0.17968561320611165,0.16940422134192304,0.15682378574111486,0.14092314619478125,0.11882127136372753,0.061060410768530374,,,,,,,,0.0575978447381058
116640.0,0.21003634899457305,0.20944812329820003,0.20767722095378405,0.20470379026552113,0.2004911251194084,0.19497893538284986,0.18807092460498775,0.17961136246503245,0.16933677453881704,0.15676433959845643,0.140873282585435,0.11878369648933752,0.0610488573973475,,,,,,,,0.05758765075745363
116700.0,0.2099407461174163,0.2093529534152948,0.20758335039117706,0.20461208692628735,0.2004024611035242,0.19489419253810877,0.18799100539970803,0.17953721073508472,0.16926941639790566,0.15670497019062812,0.1408234818119918,0.11874616738100255,0.061037323262544387,,,,,,,,0.057577477122073464
116760.0,0.20984527574240833,0.20925791533957808,0.20748960955382403,0.20452050985147263,0.20031391852378502,0.19480956494495094,0.18791119390945615,0.1794631578172044,0.16920214674284337,0.15664567736708346,0.14077374375335677,0.11870868395261865,0.06102580831811043,,,,,,,,0.05756732377878003
116820.0,0.20974993759527616,0.20916300879836458,0.20739599817379017,0.20442905878101866,0.20022549713107754,0.19472505236820656,0.18783148991593512,0.17938920351284987,0.16913496539774348,0.15658646097766332,0.1407240682887426,0.11867124611829677,0.061014312518182,,,,,,,,0.057557190674557425
116880.0,0.20965473140248297,0.20906823351970072,0.2073025159838589,0.2043377334555624,0.2001371966769522,0.19464065457333013,0.18775189320142455,0.17931534762400014,0.16906787218717698,0.15652732087259513,0.1406744552976682,0.1186338537923621,0.06100283581704191,,,,,,,,0.05754707775655855
116940.0,0.20955965689122596,0.20897358923236242,0.2072091627175291,0.20424653361643383,0.20004901691362134,0.19455637132639828,0.18767240354877848,0.17924158995315362,0.1690008669361709,0.15646825690249155,0.1406249046599579,0.1185965068893535,0.060991378169118836,,,,,,,,0.0575369849721043
117000.0,0.20946471378943404,0.20887907566585262,0.20711593810901327,0.2041554590056541,0.19996095759395716,0.1944722023941079,0.1875930207414238,0.17916793030332592,0.16893394947020676,0.15640926891834886,0.14057541625574055,0.1185592053240227,0.06097993952898664,,,,,,,,0.05752691226868319
117060.0,0.20936990182576537,0.2087846925503989,0.20702284189323508,0.2040645093659328,0.19987301847148933,0.19438814754377398,0.18751374456335818,0.17909436847804874,0.1688671196152195,0.15635035677154638,0.1405259899654484,0.11852194901133391,0.06096851985136398,,,,,,,,0.057516859593950656
117120.0,0.20927522072960478,0.2086904396169513,0.20692987380582684,0.20397368444066608,0.199785199300403,0.19430420654332803,0.18743457479914832,0.17902090428136777,0.16880037719759566,0.1562915203138446,0.1404766256698164,0.1184847378664629,0.06095711909111363,,,,,,,,0.0575068268957283
117180.0,0.2091806702310618,0.20859631659717973,0.20683703358312733,0.20388298397393423,0.19969749983553678,0.1942203791613155,0.1873555112339282,0.1789475375178413,0.16873372204417206,0.15623275939738476,0.1404273232498811,0.11844757180479659,0.0609457372032419,,,,,,,,0.057496814122003526
117240.0,0.20908625006096815,0.2085023232234718,0.20674432096217987,0.20379240771049964,0.19960991983238038,0.19413666516689435,0.18727655365339727,0.17887426799253853,0.1686671539822344,0.15617407387468696,0.14037808258697965,0.1184104507419323,0.06093437414289819,,,,,,,,0.05748682122092876
117300.0,0.20899195995087522,0.2084084592289306,0.20665173568072953,0.20370195539580438,0.1995224590470729,0.1940530643298327,0.18719770184381848,0.17880109551103796,0.16860067283951585,0.156115463598649,0.14032890356274902,0.11837337459367707,0.06092302986537436,,,,,,,,0.057476848140820914
117360.0,0.20889779963305194,0.208314724347372,0.20655927747722086,0.20361162677596825,0.19943511723640023,0.19396957642050722,0.18711895559201655,0.17872801987942577,0.1685342784441957,0.15605692842254593,0.1402797860591252,0.11833634327604724,0.06091170432610411,,,,,,,,0.05746689483016077
117420.0,0.2088037688404824,0.20822111831332268,0.20646694609079616,0.20352142159778647,0.19934789415779344,0.19388620120990085,0.18704031468537635,0.17865504090429402,0.16846797062489755,0.15599846820002783,0.14023072995834188,0.1182993567052676,0.060900397480662526,,,,,,,,0.05745696123759233
117480.0,0.2087098673068637,0.20812764086201788,0.20637474126129277,0.20343133960872736,0.19926078956932655,0.19380293846960092,0.18696177891184093,0.17858215839273922,0.16840174921068854,0.15594008278511953,0.14018173514292984,0.11826241479777078,0.06088910928476555,,,,,,,,0.05744704731192234
117540.0,0.20861609476660317,0.20803429172939872,0.20628266272924092,0.20334138055693057,0.1991738032297143,0.19371978797179765,0.18688334805990958,0.17850937215236096,0.16833561403107752,0.1558817720322188,0.140132801495716,0.11822551747019681,0.06087783969426933,,,,,,,,0.05743715300211962
117600.0,0.20852245095481658,0.20794107065211037,0.20619071023586147,0.20325154419120442,0.19908693489831036,0.19363674948928145,0.1868050219186366,0.17843668199125973,0.16826956491601355,0.1558235357960956,0.14008392889982235,0.11818866463939226,0.060866588665169696,,,,,,,,0.05742727825731446
117660.0,0.20842893560732578,0.2078479773674994,0.2060988835230639,0.20316183026102422,0.199000184335105,0.19355382279544162,0.18672680027762886,0.17836408771803583,0.16820360169588489,0.1557653739318906,0.14003511723866527,0.11815185622240978,0.06085535615360171,,,,,,,,0.05741742302679798
117720.0,0.20833554846065608,0.20775501161361185,0.20600718233344384,0.20307223851652972,0.19891355130072327,0.1934710076642643,0.18664868292704453,0.17829158914178742,0.16813772420151735,0.15570728629511435,0.13998636639595435,0.11811509213650746,0.060844142115839016,,,,,,,,0.05740758726002174
117780.0,0.2082422892520342,0.20766217312919077,0.2059156064102808,0.20298276870852333,0.19882703555642298,0.19338830387033026,0.18657066965759106,0.17821918607210935,0.16807193226417305,0.15564927274164572,0.13993767625569184,0.11807837229914812,0.06083294650829334,,,,,,,,0.05739777090659689
117840.0,0.2081491577193862,0.20756946165367385,0.2058241554975365,0.20289342058846768,0.1987406368640924,0.1933057111888135,0.1864927602605237,0.17814687831909118,0.16800622571554888,0.15559133312773116,0.1398890467021714,0.11804169662799875,0.06082176928751395,,,,,,,,0.0573879739162938
117900.0,0.20805615360133486,0.20747687692719158,0.2057328293398518,0.20280419390848367,0.19865435498624864,0.1932232293954789,0.18641495452764326,0.17807466569331587,0.16794060438777522,0.15553346730998327,0.13984047761997734,0.11800506504092993,0.06081061041018716,,,,,,,,0.057378196239041356
117960.0,0.2079632766371977,0.2073844186905646,0.20564162768254543,0.20271508842134833,0.19856818968603512,0.19314085826668057,0.18633725225129497,0.178002548005858,0.16787506811341463,0.15547567514537963,0.1397919688939838,0.1179684774560152,0.06079946983313573,,,,,,,,0.05736843782492645
118020.0,0.20787052656698463,0.20729208668530175,0.2055505502716112,0.20262610388049282,0.19848214072722023,0.19305859757935992,0.1862596532243665,0.17793052506828252,0.16780961672546035,0.15541795649126203,0.1397435204093539,0.11793193379153039,0.060788347513318366,,,,,,,,0.057358698624193356
118080.0,0.20777790313139569,0.20719988065359785,0.20545959685371581,0.2025372400400001,0.1983962078741947,0.19297644711104386,0.18618215724028592,0.17785859669264298,0.16774425005733512,0.1553603112053349,0.13969513205153847,0.11789543396595305,0.06077724340782922,,,,,,,,0.057348978587243145
118140.0,0.207685406071819,0.20710780033833115,0.20536876717619743,0.202448496654603,0.19831039089196997,0.1928944066398428,0.1861047640930205,0.1777867626914798,0.16767896794288972,0.15530273914566423,0.13964680370627566,0.11785897789796189,0.06076615747389731,,,,,,,,0.05733927766463318
118200.0,0.20759303513032826,0.20701584548306173,0.20527806098706253,0.20235987347968204,0.1982246895461761,0.1928124759444488,0.1860274735770748,0.17771502287781926,0.1676137702164015,0.15524524017067692,0.13959853525958996,0.11782256550643612,0.06075508966888602,,,,,,,,0.05732959580707651
118260.0,0.2075007900496808,0.20692401583202874,0.2051874780349843,0.20227137027126352,0.19813910360305984,0.19273065480413396,0.18595028548748876,0.1776433770651715,0.16754865671257343,0.1551878141391591,0.13955032659779082,0.11778619671045484,0.060744039950292573,,,,,,,,0.05731993296544126
118320.0,0.20740867057331544,0.2068323111301485,0.20509701806930067,0.2021829867860174,0.19805363282948255,0.1926489429987482,0.1858731996198363,0.17757182506752922,0.16748362726653218,0.15513046091025512,0.13950217760747252,0.11774987142929648,0.060733008275747555,,,,,,,,0.05731028909075011
118380.0,0.20731667644534993,0.20674073112301242,0.20500668084001167,0.20209472278125507,0.19796827699291852,0.19256734030871767,0.1857962157702235,0.1775003666993659,0.16741868171382737,0.1550731803434667,0.13945408817551294,0.11771358958243813,0.06072199460301433,,,,,,,,0.057300664134179724
118440.0,0.2072248074105791,0.20664927555688448,0.20491646609777783,0.2020065780149274,0.19788303586145253,0.1924858465150429,0.1857193337352869,0.17742900177563467,0.16735381989042994,0.15501597229865166,0.13940605818907234,0.11767735108955507,0.06071099888998853,,,,,,,,0.0572910580470602
118500.0,0.20713306321447267,0.20655794417869935,0.2048263735939176,0.20191855224562283,0.19779790920377846,0.19240446139929693,0.18564255331219184,0.1773577301117666,0.16728904163273076,0.15495883663602258,0.13935808753559317,0.11764115587052003,0.06070002109469766,,,,,,,,0.05728147078087452
118560.0,0.20704144360317295,0.20646673673606042,0.20473640308040542,0.20183064523256528,0.19771289678919685,0.19232318474362348,0.18556587429863064,0.177286551523669,0.16722434677753967,0.15490177321614618,0.1393101761027989,0.11760500384540265,0.060689061175300395,,,,,,,,0.05727190228725789
118620.0,0.20694994832349267,0.20637565297723715,0.20464655430986994,0.2017428567356119,0.19762799838761347,0.19224201633073512,0.18548929649282148,0.17721546582772435,0.16715973516208366,0.154844781899942,0.13926232377869296,0.11756889493446898,0.06067811909008617,,,,,,,,0.05726235251799731
118680.0,0.2068585771229131,0.20628469265116323,0.20455682703559153,0.2016551865152513,0.19754321376953685,0.19216095594391153,0.1854128196935059,0.1771444728407884,0.16709520662400593,0.1547878625486809,0.13921453045155818,0.11753282905818073,0.060667194797474774,,,,,,,,0.057252821425031
118740.0,0.2067673297495815,0.20619385550743458,0.20446722101150006,0.20156763433260141,0.19745854270607677,0.19208000336699768,0.1853364436999478,0.1770735723801888,0.16703076100136469,0.15473101502398473,0.13916679600995582,0.11749680613719476,0.06065628825601569,,,,,,,,0.057243308960447804
118800.0,0.20667620595230932,0.20610314129630708,0.20437773599217343,0.20148019994940775,0.1973739849689423,0.19199915838440212,0.18526016831193157,0.1770027642637238,0.1669663981326314,0.15467423918782472,0.13911912034272478,0.11746082609236261,0.060645399424387576,,,,,,,,0.057233815076486644
118860.0,0.20658520548057005,0.2060125497686943,0.20428837173283507,0.20139288312804068,0.19728954033043958,0.19191842078109492,0.18518399332976043,0.17693204830966064,0.16690211785668976,0.15461753490252053,0.13907150333898055,0.1174248888447296,0.06063452826139791,,,,,,,,0.05722433972553597
118920.0,0.20649432808449678,0.20592208067616574,0.20419912798935191,0.2013056836314946,0.19720520856347049,0.19183779034260617,0.1851079185542548,0.17686142433673388,0.16683792001283468,0.15456090203073905,0.13902394488811473,0.11738899431553461,0.060623674725982464,,,,,,,,0.05721488286013333
118980.0,0.2064035735148807,0.2058317337709445,0.20411000451823227,0.20121860122338484,0.1971209894415301,0.19175726685502423,0.1850319437867506,0.17679089216414431,0.1667738044407704,0.15450434043549377,0.13897644487979385,0.11735314242620931,0.06061283877720467,,,,,,,,0.05720544443296464
119040.0,0.2063129415231684,0.20574150880590522,0.20402100107662435,0.2011316356679462,0.19703688273870532,0.1916768501049936,0.1849560688290979,0.17672045161155728,0.16670977098060974,0.15444784998014302,0.13892900320395862,0.11731733309837755,0.06060202037425523,,,,,,,,0.05719602439686377
119100.0,0.2062224318614599,0.20565140553457223,0.20393211742231326,0.2010447867300311,0.19695288822967272,0.19159653987971373,0.18488029348365898,0.17665010249910112,0.16664581947287258,0.15439143052838955,0.1388816197508232,0.1172815662538549,0.06059121947645168,,,,,,,,0.057186622704811944
119160.0,0.20613204428250692,0.20556142371111705,0.2038433533137198,0.20095805417510726,0.1968690056896968,0.19151633596693668,0.18480461755330693,0.17657984464736592,0.16658194975848453,0.1543350819442791,0.13883429441087441,0.11724584181464796,0.06058043604323776,,,,,,,,0.05717723930993731
119220.0,0.20604177853971056,0.20547156309035672,0.20375470850989813,0.20087143776925598,0.19678523489462812,0.19143623815496577,0.18472904084142378,0.17650967787740202,0.166518161678776,0.15427880409219952,0.13878702707487064,0.11721015970295391,0.06056967003418305,,,,,,,,0.05716787416551429
119280.0,0.2059516343871191,0.2053818234277516,0.20366618277053378,0.20078493727917027,0.19670157562090126,0.19135624623265368,0.18465356315189926,0.1764396020107185,0.16645445507548043,0.15422259683687942,0.13873981763384108,0.11717451984115984,0.060558921408982426,,,,,,,,0.05715852722496302
119340.0,0.20586161157942606,0.20529220447940325,0.2035777758559415,0.20069855247215254,0.1966180276455335,0.19127635998940082,0.18457818428912906,0.17636961686928185,0.1663908297907336,0.15416646004338747,0.13869266597908533,0.11713892215184218,0.060548190127455576,,,,,,,,0.057149198441848986
119400.0,0.2057717098719684,0.2052027060020525,0.20348948752706353,0.20061228311611312,0.19653459074612212,0.19119657921515346,0.18450290405801295,0.17629972227551433,0.1663272856670719,0.15411039357713133,0.13864557200217204,0.11710336655776626,0.0605374761495465,,,,,,,,0.05713988776988237
119460.0,0.20568192902072405,0.2051133277530774,0.20340131754546745,0.20052612897956804,0.19645126470084331,0.19111690370040213,0.1844277222639537,0.17622991805229285,0.16626382254743127,0.15405439730385626,0.13859853559493818,0.11706785298188553,0.060526779435323134,,,,,,,,0.05713059516291751
119520.0,0.20559226878231002,0.20502406949049115,0.20331326567334412,0.2004400898316372,0.1963680492884501,0.19103733323617983,0.18435263871285515,0.17616020402294735,0.16620044027514633,0.15399847108964448,0.13855155664948862,0.1170323813473412,0.06051609994497671,,,,,,,,0.057121320574952505
119580.0,0.20550272891398058,0.20493493097294016,0.20322533167350607,0.20035416544204235,0.19628494428827048,0.1909578676140603,0.18427765321112075,0.17609058001125935,0.16613713869394822,0.15394261480091398,0.13850463505819485,0.11699695157746161,0.06050543763882145,,,,,,,,0.05711206396012852
119640.0,0.205413309173625,0.20484591195970195,0.20313751530938495,0.20026835558110548,0.19620194948020564,0.19087850662615655,0.18420276556565204,0.17602104584146067,0.1660739176479644,0.15388682830441727,0.13845777071369442,0.11696156359576158,0.06049479247729399,,,,,,,,0.05710282527272937
119700.0,0.2053240093197655,0.20475701221068315,0.20304981634503,0.20018266001974663,0.19611906464472803,0.1907992500651188,0.18412797558384691,0.17595160133823196,0.1660107769817168,0.15383111146724082,0.13841096350889,0.11692621732594195,0.06048416442095287,,,,,,,,0.057093604467181085
119760.0,0.2052348291115555,0.2046682314864176,0.2029622345451061,0.20009707852948205,0.19603628956287983,0.19072009772413315,0.18405328307359825,0.17588224632670132,0.16594771654012072,0.15377546415680357,0.13836421333694887,0.1168909126918891,0.06047355343047823,,,,,,,,0.05708440149805116
119820.0,0.20514576830877745,0.2045795695480643,0.20287476967489157,0.2000116108824225,0.1959536240162709,0.19064104939691956,0.18397868784329238,0.17581298063244302,0.16588473616848368,0.15371988624085625,0.13831752009130166,0.11685564961767415,0.060462959466671164,,,,,,,,0.057075216320048285
119880.0,0.20505682667184083,0.2044910261574055,0.20278742150027637,0.19992625685127108,0.19587106778707716,0.1905621048777304,0.18390418970180733,0.17574380408147577,0.16582183571250425,0.15366437758748028,0.13827088366564189,0.11682042802755267,0.06045238249045338,,,,,,,,0.05706604888802167
119940.0,0.20496800396178008,0.20440260107684458,0.2027001897877602,0.19984101620932165,0.1957886206580387,0.19048326396134882,0.18382978845851147,0.17567471650026165,0.16575901501827067,0.15360893806508646,0.13822430395392515,0.11678524784596393,0.060441822462866654,,,,,,,,0.05705689915696065
120000.0,0.2048792999402529,0.20431429406940407,0.20261307430445047,0.19975588873045674,0.19570628241245805,0.19040452644308675,0.1837554839232619,0.1756057177157048,0.16569627393225977,0.15355356754241442,0.1381777808503682,0.11675010899753051,0.06043127934507242,,,,,,,,0.05704776708199402
120060.0,0.2047907143695381,0.20422610489872406,0.2025260748180605,0.19967087418914592,0.19562405283419845,0.1903258921187837,0.18368127590640307,0.1755368075551495,0.16563361230133578,0.15349826588853135,0.1381313142494481,0.11671501140705764,0.06042075309835131,,,,,,,,0.05703865261838976
120120.0,0.20470224701253348,0.20413803332905986,0.20243919109690744,0.19958597236044368,0.19554193170768197,0.19024736078480484,0.18360716421876497,0.1754679858463796,0.1655710299727491,0.15344303297283107,0.1380849040459017,0.11667995499953267,0.06041024368410267,,,,,,,,0.05702955572155437
120180.0,0.20461389763275417,0.20405007912528006,0.2023524229099107,0.1995011830199878,0.1954599188178879,0.19016893223803932,0.18353314867166182,0.17539925241761653,0.16550852679413508,0.15338786866503287,0.13803855013472469,0.1166449397001246,0.06039975106384412,,,,,,,,0.05702047634703233
120240.0,0.20452566599433067,0.20396224205286478,0.20226577002658955,0.19941650594399743,0.19537801395035087,0.19009060627589866,0.1834592290768907,0.1753306070975182,0.1654461026135129,0.15333277283518087,0.13799225241117075,0.1166099654341835,0.06038927519921109,,,,,,,,0.05701141445050574
120300.0,0.20443755186200652,0.20387452187790384,0.2021792322170617,0.1993319409092713,0.19529621689115925,0.19001238269631537,0.1833854052467296,0.1752620497151775,0.16538375727928425,0.15327774535364275,0.13794601077075083,0.11657503212723991,0.06037881605195643,,,,,,,,0.05700236998779379
120360.0,0.2043495550011368,0.20378691836709442,0.2020928092520411,0.19924748769318587,0.19521452742695317,0.18993426129774088,0.18331167699393638,0.1751935801001213,0.16532149064023233,0.15322278609110868,0.13789982510923257,0.11654013970500436,0.06036837358394986,,,,,,,,0.056993342914852155
120420.0,0.20426167517768604,0.2036994312877395,0.2020065009028362,0.19916314607369348,0.19513294534492312,0.1898562418791443,0.18323804413174705,0.17512519808230853,0.16525930254552065,0.15316789491859065,0.13785369532263927,0.11650528809336687,0.06035794775717757,,,,,,,,0.056984333187772636
120480.0,0.20417391215822622,0.20361206040774602,0.20192030694134816,0.19907891582932052,0.19505147043280802,0.18977832424001062,0.18316450647387425,0.17505690349212952,0.16519719284469173,0.15311307170742128,0.13780762130724902,0.1164704772183963,0.06034753853374184,,,,,,,,0.05697534076278259
120540.0,0.20408626570993502,0.20352480549562252,0.20183422714006877,0.19899479673916587,0.19497010247889346,0.1897005081803391,0.18309106383450593,0.17498869616040394,0.165135161387666,0.15305831632925287,0.13776160295959436,0.11643570700634,0.06033714587586047,,,,,,,,0.05696636559624451
120600.0,0.20399873560059376,0.2034376663204776,0.20174826127207862,0.19891078858289876,0.19488884127201014,0.18962279350064168,0.18301771602830372,0.1749205759183802,0.1650732080247407,0.1530036286560565,0.13771564017646132,0.11640097738362307,0.06032676974586646,,,,,,,,0.05695740764465541
120660.0,0.20391132159858563,0.20335064265201816,0.2016624091110458,0.19882689114075724,0.19480768660153208,0.18954518000194154,0.1829444628704015,0.17485254259773356,0.16501133260658862,0.15294900856012084,0.13766973285488826,0.11636628827684792,0.06031641010620748,,,,,,,,0.0569484668646465
120720.0,0.20382402347289375,0.20326373426054706,0.20157667043122296,0.19874310419354613,0.19472663825737488,0.18946766748577107,0.18287130417640407,0.17478459603056495,0.16494953498425707,0.15289445591405162,0.1376238808921658,0.11633163961279384,0.060306066919445483,,,,,,,,0.05693954321298261
120780.0,0.20373684099309908,0.20317694091696176,0.20149104500744636,0.19865942752263563,0.1946456960299941,0.18939025575417096,0.18279823976238538,0.17471673604940008,0.16488781500916663,0.15283997059077015,0.1375780841858357,0.11629703131841639,0.0602957401482563,,,,,,,,0.05693063664656172
120840.0,0.2036497739293789,0.20309026239275205,0.20140553261513408,0.19857586090995927,0.19456485971038365,0.18931294460968798,0.18272526944488743,0.17464896248718736,0.16482617253310994,0.15278555246351272,0.13753234263368996,0.11626246332084678,0.06028542975542908,,,,,,,,0.056921747122414434
120900.0,0.2035628220525049,0.20300369845999824,0.20132013303028357,0.19849240413801206,0.1944841290900739,0.18923573385537362,0.18265239304091857,0.17458127517729732,0.16476460740825086,0.15273120140582958,0.13748665613377029,0.11622793554739146,0.06027513570386602,,,,,,,,0.05691287459770363
120960.0,0.20347598513384085,0.20291724889136972,0.20123484602947012,0.198409056989849,0.1944035039611301,0.18915862329478278,0.1825796103679521,0.17451367395352083,0.164703119487123,0.15267691729158375,0.13744102458436744,0.11619344792553174,0.060264857956581826,,,,,,,,0.056904019029723925
121020.0,0.20338926294534124,0.20283091346012264,0.20114967138984544,0.19832581924908327,0.1943229841161508,0.18908161273197185,0.1825069212439251,0.174446158650068,0.1646417086226286,0.15262269999495046,0.1373954478840202,0.11615900038292294,0.06025459647670331,,,,,,,,0.0568951803759011
121080.0,0.20330265525954944,0.20274469194009806,0.20106460888913516,0.19824269069988432,0.19424256934826611,0.1890047019714972,0.18243432548723637,0.1743787291015669,0.16458037466803788,0.15256854939041592,0.13734992593151482,0.11612459284739404,0.06024435122746898,,,,,,,,0.056886358593791715
121140.0,0.20321616184959534,0.20265858410572063,0.2009796583056376,0.19815967112697622,0.19416225945113605,0.188927890818414,0.18236182291674566,0.17431138514306227,0.1645191174769872,0.15251446535277635,0.1373044586258843,0.11609022524694733,0.06023412217222865,,,,,,,,0.05687755364108278
121200.0,0.20312978248919406,0.20257258973199624,0.20089481941822163,0.1980767603156361,0.19408205421894886,0.188851179078274,0.18228941335177207,0.17424412661001412,0.16445793690347843,0.1524604477571374,0.13725904586640744,0.11605589750975764,0.06022390927444289,,,,,,,,0.05686876547559099
121260.0,0.20304351695264386,0.20248670859451032,0.20081009200632513,0.1979939580516921,0.1940019534464194,0.18877456655712468,0.18221709661209226,0.1741769533382966,0.1643968328018778,0.15240649647891286,0.13721368755260843,0.11602160956417193,0.06021371249768277,,,,,,,,0.056859994055262444
121320.0,0.20295736501482445,0.20240094046942628,0.2007254758499531,0.1979112641215219,0.1939219569287876,0.1886980530615073,0.18214487251793945,0.1741098651641966,0.16433580502691447,0.1523526113938236,0.1371683835842558,0.11598736133870878,0.06020353180562937,,,,,,,,0.05685123933817224
121380.0,0.20287132645119485,0.20231528513348337,0.20064097072967585,0.19782867831205092,0.19384206446181662,0.18862163839845536,0.18207274089000194,0.17404286192441273,0.1642748534336798,0.15229879237789729,0.13712313386136182,0.11595315276205798,0.060193367162073304,,,,,,,,0.056842501282523855
121440.0,0.20278540103779216,0.2022297423639951,0.20055657642662728,0.19774620041075064,0.19376227584179134,0.18854532237549343,0.18200070154942155,0.1739759434560536,0.16421397787762615,0.1522450393074667,0.13707793828418188,0.11591898376307976,0.060183218530914365,,,,,,,,0.05683377984664873
121500.0,0.20269958855122913,0.2021443119388474,0.20047229272250308,0.19766383020563685,0.19368259086551684,0.18846910480063525,0.18192875431779232,0.17390910959663702,0.16415317821456551,0.15219135205916934,0.13703279675321367,0.11588485427080458,0.06017308587616115,,,,,,,,0.05682507498900587
121560.0,0.2026138887686927,0.20205899363649674,0.20038811939955917,0.19758156748526803,0.19360300933031657,0.18839298548238223,0.18185689901715912,0.17384236018408858,0.16409245430066877,0.15213773050994633,0.13698770916919628,0.11585076421443251,0.06016296916193058,,,,,,,,0.0568163866681814
121620.0,0.20252830146794223,0.20197378723596843,0.20030405624060957,0.1974994120387436,0.19352353103403097,0.18831696422972236,0.1817851354700163,0.17377569505674026,0.16403180599246442,0.15208417453704137,0.13694267543310992,0.11581671352333264,0.06015286835244751,,,,,,,,0.05680771484288798
121680.0,0.20244282642730763,0.20188869251685482,0.20022010302902515,0.1974173636557022,0.1934441557750156,0.18824104085212823,0.18171346349930614,0.17370911405332942,0.1639712331468375,0.15203068401800007,0.1368976954461746,0.11578270212704275,0.060142783412044355,,,,,,,,0.05679905947196446
121740.0,0.20235746342568744,0.2018037092593137,0.2001362595487315,0.19733542212632016,0.1933648833521399,0.18816521515955556,0.18164188292841774,0.17364261701299738,0.16391073562102854,0.15197725883066884,0.13685276910985006,0.11574872995526858,0.060132714305160644,,,,,,,,0.05679042051437547
121800.0,0.20227221224254735,0.20171883724406625,0.20005252558420736,0.19725358724130973,0.19328571356478516,0.18808948696244232,0.18157039358118535,0.17357620377528815,0.16385031327263244,0.15192389885319407,0.13680789632583457,0.11571479693788367,0.060122660996342614,,,,,,,,0.056781797929210794
121860.0,0.2021870726579183,0.2016340762523953,0.19996890092048283,0.19717185879191734,0.19320664621284325,0.18801385607170631,0.1814989952818872,0.17350987418014754,0.16378996595959755,0.15187060396402136,0.13676307699606444,0.11568090300492855,0.06011262345024284,,,,,,,,0.0567731916756851
121920.0,0.2021020444523946,0.201549426066144,0.19988538534313788,0.19709023656992222,0.19312768109671513,0.18793832229874444,0.18142768785524416,0.17344362806792157,0.1637296935402243,0.1518173740418943,0.13671831102271328,0.1156470480866104,0.06010260163161984,,,,,,,,0.05676460171313746
121980.0,0.20201712740713232,0.20146488646771363,0.19980197863830032,0.1970087203676343,0.19304881801730892,0.18786288545543084,0.1813564711264181,0.17337746527935533,0.16366949587316434,0.1517642089658538,0.13667359830819129,0.11561323211330254,0.060092595505337625,,,,,,,,0.056756028001030766
122040.0,0.20193232130384775,0.20138045724006193,0.19971868059264433,0.19692730997789304,0.19297005677603835,0.18778754535411551,0.18128534492101095,0.1733113856555918,0.16360937281741952,0.15171110861523726,0.13662893875514448,0.11557945501554395,0.060082605036365325,,,,,,,,0.0567474704989515
122100.0,0.20184762592481487,0.20129613816670164,0.19963549099338865,0.19684600519406548,0.19289139717482182,0.18771230180762302,0.18121430906506308,0.17324538903817074,0.16354932423234064,0.15165807286967736,0.13658433226645408,0.11554571672403874,0.06007263018977682,,,,,,,,0.05673892916660913
122160.0,0.20176304105286458,0.2012119290316985,0.19955240962829482,0.19676480581004474,0.19281283901607996,0.18763715462925074,0.18114336338505183,0.17317947526902724,0.16348934997762662,0.15160510160910165,0.13653977874523587,0.11551201716965567,0.06006267093075037,,,,,,,,0.056730403963835774
122220.0,0.20167856647138271,0.20112782961966952,0.19946943628566588,0.19668371162024822,0.19273438210273458,0.18756210363276735,0.18107250770789057,0.17311364419049072,0.16342944991332314,0.15155219471373121,0.13649527809483927,0.11547835628342777,0.06005272722456812,,,,,,,,0.05672189485058566
122280.0,0.2015942019643076,0.20104383971578169,0.1993865707543443,0.1966027224196163,0.19265602623820735,0.1874871486324121,0.18100174186092716,0.17304789564528367,0.16336962389982196,0.15149935206408,0.13645083021884696,0.1154447339965517,0.06004279903661574,,,,,,,,0.0567134017869348
122340.0,0.20150994731612937,0.20095995910574965,0.19930381282371015,0.19652183800361042,0.1925777712264176,0.18741228944289234,0.18093106567194242,0.1729822294765204,0.16330987179785958,0.15144657354095398,0.13640643502107397,0.11541115024038734,0.06003288633238218,,,,,,,,0.05670492473308049
122400.0,0.20142580231188772,0.20087618757583442,0.19922116228368014,0.19644105816821164,0.19249961687178124,0.18733752587938274,0.1808604789691491,0.17291664552770591,0.16325019346851632,0.1513938590254502,0.13636209240556685,0.1153776049464574,0.06002298907745914,,,,,,,,0.05669646364934087
122460.0,0.20134176673717002,0.20079252491284175,0.1991386189247053,0.19636038270991893,0.19242156297920918,0.1872628577575238,0.18078998158119047,0.17285114364273468,0.16319058877321527,0.1513412083989558,0.13631780227660345,0.11534409804644673,0.06001310723754061,,,,,,,,0.056688018496154596
122520.0,0.20125784037811015,0.20070897090411996,0.19905618253776952,0.1962798114257476,0.1923436093541057,0.1871882848934202,0.18071957333713898,0.17278572366588948,0.16313105757372132,0.15128862154314748,0.1362735645386919,0.11531062947220207,0.060003240778422694,,,,,,,,0.05667958923408021
122580.0,0.20117402302138634,0.20062552533755876,0.19897385291438816,0.19619934411322779,0.19226575580236696,0.1871138071036395,0.1806492540664949,0.17272038544184026,0.16307159973213992,0.15123609833999024,0.13622937909656982,0.11527719915573147,0.05999338966600318,,,,,,,,0.05667117582379596
122640.0,0.20109031445421982,0.20054218800158752,0.19889162984660597,0.19611898057040275,0.19218800213037968,0.1870394242052108,0.1805790235991851,0.17265512881564263,0.16301221511091635,0.15118363867173695,0.13618524585520406,0.11524380702920375,0.05998355386628098,,,,,,,,0.05666277822609922
122700.0,0.20100671446437296,0.20045895868517327,0.19880951312699566,0.19603872059582747,0.1921103481450193,0.186965136015623,0.1805088817655617,0.1725899536327374,0.16295290357283435,0.15113124242092688,0.1361411647197896,0.11521045302494823,0.05997373334535594,,,,,,,,0.056654396401906004
122760.0,0.20092322284014755,0.20037583717781926,0.1987275025486565,0.19595856398856668,0.19203279365364861,0.18689094235282389,0.1804388283964009,0.17252485973894885,0.1628936649810155,0.15107890947038533,0.1360971355957491,0.11517713707545402,0.05996392806942844,,,,,,,,0.056646030312250795
122820.0,0.20083983937038333,0.20029282326956346,0.19864559790521236,0.19587851054819377,0.19195533846411642,0.18681684303521837,0.1803688633229013,0.17245984698048336,0.16283449919891788,0.15102663970322297,0.13605315838873216,0.1151438591133697,0.05995413800479893,,,,,,,,0.05663767991828587
122880.0,0.20075656384445606,0.2002099167509766,0.19856379899081011,0.19579856007478919,0.19187798238475587,0.18674283788166723,0.18029898637668318,0.17239491520392897,0.16277540609033506,0.15097443300283422,0.13600923300461484,0.11511061907150287,0.059944363117867626,,,,,,,,0.05662934518128099
122940.0,0.2006733960522762,0.2001271174131607,0.1984821056001183,0.19571871236893826,0.19180072522438296,0.1866689267114855,0.1802291973897869,0.17233006425625372,0.1627163855193955,0.15092228925289713,0.13596535934949852,0.11507741688281958,0.05993460337513415,,,,,,,,0.05662102606262301
123000.0,0.20059033578428706,0.20004442504774733,0.19840051752832533,0.1956389672317303,0.1917235667922952,0.18659510934444143,0.1801594961946713,0.17226529398480464,0.16265743735056087,0.15087020833737216,0.1359215373297098,0.11504425248044398,0.05992485874319709,,,,,,,,0.056612722523815405
123060.0,0.2005073828314629,0.19996183944689622,0.1983190345711377,0.195559324464757,0.19164650689827004,0.18652138560075496,0.18008988262421327,0.1722006042373065,0.1625985614486257,0.15081819014050143,0.13587776685179953,0.1150111257976577,0.05991512918875372,,,,,,,,0.05660443452647794
123120.0,0.20042453698530804,0.19987936040329324,0.19823765652477884,0.1954797838701105,0.19156954535256335,0.18644775530109609,0.18002035651170564,0.17213599486186087,0.1625397576787161,0.150766234546808,0.13583404782254208,0.1149780367678996,0.059905414678599556,,,,,,,,0.056596162032346076
123180.0,0.20034179803785454,0.19979698771014917,0.19815638318598713,0.19540034525038222,0.191492681965908,0.18637421826658387,0.17995091769085633,0.17207146570694484,0.16248102590628852,0.15071434144109483,0.13579038014893485,0.11494498532476517,0.05989571517962803,,,,,,,,0.05658790500327082
123240.0,0.20025916578166056,0.1997147211611979,0.19807521435201458,0.19532100840866118,0.19141591654951243,0.18630077431878495,0.17988156599578703,0.17200701662140974,0.1624223659971292,0.15066251070844397,0.13574676373819763,0.1149119714020061,0.05988603065883015,,,,,,,,0.05657966340121814
123300.0,0.20017664000980928,0.19963256055069475,0.19799414982062497,0.1952417731485324,0.1913392489150594,0.186227423279712,0.179812301261032,0.17194264745448057,0.162363777817353,0.15061074223421594,0.13570319849777182,0.11487899493352982,0.05987636108329404,,,,,,,,0.056571437188268535
123360.0,0.2000942205159071,0.19955050567341492,0.19791318939009267,0.19516263927407543,0.19126267887470397,0.18615416497182258,0.17974312332153666,0.1718783580557541,0.16230526123340241,0.15055903590404882,0.13565968433531994,0.1148460558533991,0.05986670642020473,,,,,,,,0.056563226326616776
123420.0,0.20001190709408156,0.19946855632465219,0.1978323328592007,0.19508360658986318,0.19118620624107246,0.18608099921801768,0.17967403201265636,0.17181414827519817,0.16224681611204633,0.15050739160385712,0.1356162211587246,0.11481315409583155,0.059857066636843655,,,,,,,,0.05655503077857139
123480.0,0.19992969953898015,0.1993867123002167,0.19775158002723928,0.1950046749009597,0.1911098308272613,0.18600792584164047,0.1796050271701555,0.1717500179631508,0.16218844232037966,0.15045580921983148,0.13557280887608852,0.1147802895951991,0.05984744170058838,,,,,,,,0.05654685050655433
123540.0,0.199847597645769,0.19930497339643397,0.19767093069400452,0.19492584401291926,0.19103355244683484,0.18593494466647464,0.17953610863020564,0.17168596697031854,0.16213013972582166,0.15040428863843736,0.13552944739573322,0.11474746228602775,0.05983783157891222,,,,,,,,0.05653868547310045
123600.0,0.19976560121013062,0.19922333941014303,0.19759038465979653,0.19484711373178484,0.19095737091382453,0.18586205551674354,0.1794672762293848,0.17162199514777582,0.1620719081961156,0.1503528297464147,0.13548613662619874,0.11471467210299695,0.05982823623938388,,,,,,,,0.05653053564085726
123660.0,0.19968371002826263,0.1991418101386949,0.1975099417254179,0.1947684838640861,0.19088128604272725,0.18578925821710857,0.17939852980467613,0.17155810234696348,0.16201374759932732,0.15030143243077662,0.13544287647624298,0.11468191898093914,0.05981865564966715,,,,,,,,0.0565224009725845
123720.0,0.19960192389687648,0.1990603853799509,0.19742960169217252,0.19468995421683843,0.19080529764850404,0.18571655259266784,0.1793298691934664,0.17149428841968792,0.16195565780384452,0.15025009657880886,0.13539966685484087,0.11464920285483948,0.059809089777520454,,,,,,,,0.0565142814311536
123780.0,0.1995202426131954,0.19897906493228132,0.19734936436186368,0.1946115245975414,0.1907294055465784,0.18564393846895477,0.17926129423354517,0.17143055321811992,0.16189763867837564,0.15019882207806926,0.13535650767118396,0.11461652365983524,0.059799538590796585,,,,,,,,0.05650617697954744
123840.0,0.19943866597495294,0.1988978485945638,0.19726922953679263,0.19453319481417713,0.19065360955283522,0.18557141567193713,0.17919280476310337,0.17136689659479362,0.1618396900919491,0.15014760881638634,0.13531339883467955,0.11458388133121537,0.05979000205744236,,,,,,,,0.05649808758085999
123900.0,0.1993571937803916,0.19881673616618156,0.19718919701975715,0.19445496467520862,0.1905779094836192,0.18549898402801518,0.17912440062073204,0.17130331840260515,0.16178181191391217,0.15009645668185878,0.13527034025495058,0.11455127580442025,0.05978048014549821,,,,,,,,0.05649001319829569
123960.0,0.19927582582826125,0.19873572744702206,0.19710926661404993,0.19437683398957886,0.19050230515573335,0.18542664336402095,0.1790560816454212,0.17123981849481185,0.16172400401393008,0.15004536556285497,0.13522733184183408,0.11451870701504097,0.05977097282309789,,,,,,,,0.056481953795169314
124020.0,0.1991945619178173,0.19865482223747552,0.1970294381234571,0.1942988025667088,0.19042679638643784,0.18535439350721655,0.17898784767655865,0.17117639672503115,0.1616662662619851,0.14999433534801165,0.13518437350538137,0.11448617489881907,0.05976148005846809,,,,,,,,0.05647390933490548
124080.0,0.19911340184881957,0.19857402033843322,0.19694971135225686,0.19422087021649626,0.19035138299344856,0.18528223428529272,0.17891969855392884,0.17111305294723944,0.1616085985283755,0.14994336592623342,0.13514146515585732,0.11445367939164611,0.059752001819928194,,,,,,,,0.05646587978103823
124140.0,0.1990323454215303,0.19849332155128593,0.19687008610521764,0.19414303674931432,0.19027606479493547,0.18521016552636804,0.17885163411771143,0.1710497870157708,0.16155100068371483,0.14989245718669195,0.1350986067037392,0.11442122042956314,0.0597425380758898,,,,,,,,0.05645786509721069
124200.0,0.19895139240905715,0.1984127256503887,0.19679056216042917,0.19406530194945312,0.1902008415838228,0.18513818703439686,0.1787836541852558,0.17098659876372835,0.16149347257927635,0.14984160900145257,0.13505579804509038,0.1143887979376824,0.059733089817485804,,,,,,,,0.05644986806924442
124260.0,0.1988705404615115,0.198332200408724,0.19671101667700658,0.19398739023487113,0.1901252170674932,0.1850655083440542,0.17871458435222276,0.17092181693311118,0.16143368996267524,0.149787576305129,0.13500833510261281,0.11434848013514866,0.05963682233245682,,,,,,,,0.056441993362550735
124320.0,0.19878978700423044,0.19825177318880965,0.19663156781197913,0.1939095728044683,0.19004968357944,0.18499291650966332,0.1786455962947432,0.17085711088511063,0.16137397619868768,0.14973360454564583,0.13496092406576363,0.11430820398552327,0.059537164147875195,,,,,,,,0.05643416883392305
124380.0,0.1987091319805874,0.19817144393442565,0.19655221551033786,0.1938318496052288,0.18997424106937913,0.18492041148435892,0.17857668996997433,0.17079248058141558,0.1613143312539171,0.14967969369469056,0.13491356491110396,0.11426796946864805,0.059417249276046365,,,,,,,,0.05642636819365222
124440.0,0.1986285751415867,0.19809121239785107,0.196472959528178,0.1937542203995873,0.18989888930857257,0.18484799305068586,0.1785078651741603,0.17072792583437402,0.16125475495926112,0.14962584360428527,0.13486625751475517,0.11422777648873131,0.05929744958672126,,,,,,,,0.05641858657812007
124500.0,0.19854811633155112,0.19801107842421395,0.19639379971303653,0.1936766850390789,0.18982362815411252,0.18477566107282456,0.17843912178005766,0.17066344652677767,0.16119524720899642,0.1495720541816476,0.13481900179842732,0.11418762498399526,0.05917776308910486,,,,,,,,0.05641082226717427
124560.0,0.19846775536994987,0.19793104183393118,0.19631473588816586,0.193599243351662,0.18974845744049887,0.18470341539361812,0.1783704596406059,0.1705990425233834,0.1611358078814118,0.14951832532033657,0.13477179767284017,0.11414751488574648,0.059058188418299025,,,,,,,,0.05640307405723562
124620.0,0.1983874920962409,0.19785110246729434,0.19623576789635205,0.19352189518426238,0.18967337702041165,0.1846312558730854,0.17830187862470415,0.1705347137034818,0.16107643686769169,0.14946465692494326,0.1347246450576119,0.11410744613256897,0.05893872487618098,,,,,,,,0.05639534131850318
124680.0,0.19830732632585743,0.197771260140707,0.19615689555690147,0.19344464036100442,0.18959838672467258,0.18455918149244932,0.1782333785820551,0.17047045992887805,0.16101713404350224,0.1494110488867817,0.13467753669302313,0.11406741865734608,0.058819371984978185,,,,,,,,0.056387623609648795
124740.0,0.19822725787184106,0.19769151466819446,0.19607811868678282,0.19336747870374155,0.1895234863819258,0.18448719213739012,0.17816495936044757,0.17040628105963312,0.16095789928296136,0.14935750109584192,0.13463047288723237,0.11402743239416349,0.0587001294272424,,,,,,,,0.056379920626130293
124800.0,0.1981472865523901,0.19761186586890925,0.19599943710800422,0.19329041003922104,0.18944867582550626,0.1844152884612534,0.178096620811789,0.1703421769595599,0.16089873246351727,0.14930401344496505,0.13458346032910445,0.11398748728034483,0.05858099698501553,,,,,,,,0.05637223214736841
124860.0,0.19806741218976293,0.19753231356604115,0.19592085064654163,0.19321343419804296,0.18937395489244258,0.1843434703092637,0.17802836279123144,0.17027814749542705,0.16083963346524316,0.14925058582924114,0.1345364989306224,0.11394758325546774,0.05846197450288631,,,,,,,,0.05636455800608462
124920.0,0.19798763460751848,0.19745285758407286,0.19584235912964199,0.1931365510120423,0.18929932342094724,0.18427173752776468,0.17796018515496773,0.1702141925349529,0.16078060216905676,0.14919721814448597,0.13448958860438706,0.11390772025980085,0.05834306186336533,,,,,,,,0.05635689806742828
124980.0,0.1979079536292728,0.19737349774754415,0.19576396238460855,0.19305976031310845,0.18922478124928543,0.18420008996315046,0.17789208775923834,0.1701503119459001,0.16072163845591755,0.14914391028655438,0.13444272926307713,0.11386789823336999,0.058224258972915346,,,,,,,,0.056349252216821834
125040.0,0.19782836907869353,0.1972942338810458,0.19568566023879472,0.19298306193317993,0.18915032821576966,0.1841285274618601,0.1778240704603265,0.17008650559607172,0.1606627422068221,0.1490906621513368,0.13439592081946067,0.11382811711563591,0.0581055657557518,,,,,,,,0.056341620354739656
125100.0,0.1977488807797771,0.19721506580949585,0.19560745251987555,0.19290645570450796,0.1890759641590123,0.18405704987061672,0.17775613311477986,0.1700227733535126,0.16060391330298399,0.14903747363491252,0.1343491631865328,0.1137883768454353,0.05798698215051881,,,,,,,,0.056334002394066475
125160.0,0.1976694885569828,0.19713599335827248,0.1955293390559785,0.19282994145978283,0.1890016889180472,0.18398565703654207,0.17768827557951744,0.169959115086607,0.1605451513269639,0.14898434463362434,0.13430245627758536,0.11374867736096736,0.05786850810723983,,,,,,,,0.05632639825760273
125220.0,0.1975901922352305,0.1970570163532117,0.19545131967568127,0.19275351903213245,0.18892750233232772,0.1839143488071547,0.17762049771182764,0.16989553066407698,0.16048645236384912,0.14893127504407794,0.13425580000621148,0.1137090185997774,0.05775014358455403,,,,,,,,0.05631880787573736
125280.0,0.19751099163986663,0.19697813462057392,0.19537339420797856,0.19267718825508973,0.1888534042416959,0.18384312503034103,0.1775527993693415,0.16983201995495778,0.16042782039529285,0.14887826476312382,0.13420919428629213,0.11366940049875575,0.057631888547674225,,,,,,,,0.05631123118473252
125340.0,0.19743188659664673,0.19689934798702624,0.19529556248226496,0.19260094896257623,0.1887793944863666,0.18377198555434004,0.17748518041001857,0.16976858282858487,0.1603692553036547,0.14882531368784896,0.13416263903198458,0.11362982299416503,0.05751374296700864,,,,,,,,0.05630366812557929
125400.0,0.19735287693173423,0.19682065627964124,0.1952178243283337,0.19252480098890074,0.1887054729069261,0.18370093022774234,0.17741764069214566,0.16970521915459316,0.16031075697156189,0.14877242171557709,0.13411613415771614,0.11359027561589827,0.05739570681715921,,,,,,,,0.05629611864317335
125460.0,0.1972739624717023,0.19674205932589933,0.19514017957637889,0.19244874416876143,0.18863163934433433,0.18362995889949194,0.17735018007433906,0.16964192880291876,0.1602523252819107,0.14871958874387145,0.13406967957817714,0.11355073392235641,0.057277780076118195,,,,,,,,0.056288582685656015
125520.0,0.19719514304353541,0.19666355695368942,0.19506262805699634,0.19237277833724684,0.18855789363992567,0.18355907141888714,0.17728279841554484,0.16957871164379937,0.1601939601178673,0.14866681467053633,0.13402327520831142,0.11351123266176473,0.05715996272462246,,,,,,,,0.05628106020387693
125580.0,0.19711641847462769,0.19658514899130797,0.19498516960118248,0.19229690332983462,0.18848423563540778,0.18348826763557963,0.1772154955750382,0.16951556754777358,0.16013566136286705,0.1486140993936181,0.13397692096330593,0.11347177176844583,0.057042254745630426,,,,,,,,0.05627355115096343
125640.0,0.1970377885927812,0.19650683526745727,0.19490780404033264,0.19222111898238994,0.18841066517286026,0.18341754739957272,0.17714827141242215,0.1694524963856798,0.16007742890061355,0.1485614428114051,0.13393061675857948,0.11343235117640697,0.05692465612390688,,,,,,,,0.056266055481977904
125700.0,0.196959253226205,0.19642861561124408,0.19483053120623992,0.1921454251311647,0.1883371820947333,0.1833469105612207,0.1770811257876262,0.16938949802865508,0.16001926261507773,0.14850884482242802,0.1338843625097719,0.11339297081939548,0.05680716684568935,,,,,,,,0.05625857315364215
125760.0,0.19688081220351375,0.19635048985217862,0.19475335093109386,0.1920698216127956,0.18826378624384682,0.18327635697122738,0.17701405856090585,0.16932657234813434,0.15996116239049765,0.14845630532546025,0.13383815813273373,0.11335363063095065,0.056689786898413426,,,,,,,,0.056251104124111766
125820.0,0.19680246535372653,0.1962724578201731,0.1946762630474795,0.1919943082643036,0.18819047746338904,0.18320588648064542,0.17694706959284118,0.16926371921584962,0.15990312811137755,0.14840382421951775,0.13379200354351653,0.11331433054445052,0.05657251627048697,,,,,,,,0.05624364835278973
125880.0,0.1967242125062658,0.196194519345541,0.1945992673883761,0.19191888492309303,0.188117255596916,0.18313549894087514,0.1768801587443365,0.1692009385038293,0.15984515966248755,0.14835140140385863,0.13374589865836461,0.1132750704931539,0.056455354951102286,,,,,,,,0.056236205800171093
125940.0,0.19664605349095193,0.19611667425899149,0.19452236378715204,0.1918435514269459,0.1880441204883462,0.18306519420366016,0.1768133258766156,0.16913823008439408,0.15978725692886045,0.1482990367779806,0.13369984339370525,0.1132358504102383,0.05633830293006864,,,,,,,,0.05622877642770395
126000.0,0.19656798815154364,0.19603892240511014,0.19444555209086697,0.19176830762702643,0.18797107199454646,0.18299497213313184,0.17674657086259982,0.16907559384073553,0.1597294198054251,0.1482467302501379,0.13365383767331307,0.11319667023425149,0.056221358343168076,,,,,,,,0.056221358343168076
126060.0,0.19649001845320907,0.19596129509651225,0.19436895263074944,0.19169342394465796,0.187898597500521,0.18292561109317781,0.17668104828882172,0.16901467376647278,0.15967394048994532,0.14819767858087005,0.13361253408617443,0.1131654081353848,0.0562138482030641,,,,,,,,0.0562138482030641
126120.0,0.19641214640243562,0.1958837649387791,0.19429244883287322,0.19161863344786154,0.18782621273225433,0.18285633533929652,0.1766156055781572,0.16895382712986556,0.15961852713099398,0.1481486842036298,0.13357127763556248,0.11313418062558893,0.056206316494229906,,,,,,,,0.056206316494229906
126180.0,0.19633437178881294,0.19580633172267248,0.19421604049150926,0.19154393593673283,0.18775391749795015,0.18278714469004517,0.17655024256172877,0.16889305377680366,0.15956317959148847,0.14809974700093434,0.1335300682270975,0.11310298763536508,0.056198789592185355,,,,,,,,0.056198789592185355
126240.0,0.19625669445071778,0.19572899528748283,0.19413972744868288,0.19146933125783513,0.1876817116504859,0.18271803900635838,0.17648495911024134,0.16883235358946105,0.15950789776681001,0.148050866883349,0.13348890578917347,0.11307182911196201,0.05619127126198056,,,,,,,,0.05619127126198056
126300.0,0.1961791142056804,0.19565175545176486,0.19406350952601523,0.1913948192378788,0.18760959502365418,0.18264901813106943,0.1764197550774952,0.16877172643451943,0.15945268153848588,0.14800204374948614,0.13344779024043565,0.11304070499503363,0.05618376350083648,,,,,,,,0.05618376350083648
126360.0,0.19610163087950336,0.19557461204229978,0.19398738655321704,0.19132039971143655,0.18753756745879369,0.1825800819141535,0.17635463032394205,0.16871117218473522,0.1593975307934544,0.14795327750260745,0.13340672150324376,0.11300961522632252,0.056176267304370815,,,,,,,,0.056176267304370815
126420.0,0.19602424428262039,0.1954975648705864,0.19391135834497522,0.19124607249848605,0.18746562878324496,0.18251123019234947,0.17628958469772152,0.1686506907016388,0.1593424454086818,0.14790456803744906,0.13336569949307725,0.11297855974124286,0.05616878322877798,,,,,,,,0.05616878322877798
126480.0,0.19594695422848396,0.19542061375112496,0.19383542471892665,0.1911718374218696,0.18739377882709454,0.18244246280499093,0.17622461804938463,0.168590281848957,0.15928742526308598,0.14785591525041977,0.13332472412671034,0.1129475384744718,0.05616131156054019,,,,,,,,0.05616131156054019
126540.0,0.1958697605344654,0.19534375850231242,0.19375958549653804,0.19109769430814905,0.18732201742399454,0.1823737795947808,0.17615973023261394,0.16852994549326958,0.1592324702381192,0.14780731904009806,0.13328379532261014,0.11291655136012901,0.05615385249303626,,,,,,,,0.05615385249303626
126600.0,0.195792663019755,0.19526699894435418,0.1936838405010537,0.19102364298561159,0.18725034440925056,0.18230518040598373,0.17609492110254238,0.16846968150247682,0.15917758021640732,0.14775877930606668,0.13324291300000102,0.11288559833140675,0.056146406172544815,,,,,,,,0.056146406172544815
126660.0,0.19571566150392852,0.1951903348978388,0.19360818955609377,0.19094968328290896,0.18717875961851654,0.18223666508319208,0.17603019051460606,0.1684094897447539,0.15912275508082072,0.1477102959481175,0.13320207707822226,0.11285467932072546,0.05613897270290054,,,,,,,,0.05613897270290054
126720.0,0.19563875580667736,0.19511376618346968,0.19353263248539082,0.19087581502880102,0.18710726288754886,0.18216823347109357,0.17596553832432804,0.16834937008835366,0.1590679947142993,0.14766186886610091,0.13316128747659875,0.11282379426031545,0.056131552153266866,,,,,,,,0.056131552153266866
126780.0,0.19556194574799574,0.19503729262225097,0.19345716911297262,0.19080203805233356,0.1870358540523769,0.18209988541463254,0.1759009643874682,0.16828932240174335,0.15901329899997385,0.14761349796002865,0.133120544114512,0.11279294308277907,0.05612414456930648,,,,,,,,0.05612414456930648
126840.0,0.19548523114833072,0.19496091403563723,0.19338179926330903,0.190728352182981,0.18696453294943977,0.18203162075913912,0.17583646856014337,0.16822934655371435,0.15895866782126336,0.1475651831301557,0.13307984691145439,0.11276212572141593,0.05611674998124975,,,,,,,,0.05611674998124975
126900.0,0.19540861182860958,0.19488463024556002,0.19330652276133836,0.19065475725067163,0.1868932994156108,0.1819634393503524,0.17577205069884924,0.1681694424134018,0.15890410106189243,0.1475169242769951,0.13303919578702966,0.11273134211035278,0.056109368408157896,,,,,,,,0.056109368408157896
126960.0,0.19533208761021575,0.1948084410744045,0.19323133943244428,0.1905812530857657,0.18682215328817617,0.1818953410344002,0.17570771066044114,0.1681096098502674,0.15884959860587575,0.14746872130130287,0.1329985906609336,0.11270059218459051,0.05610199986031985,,,,,,,,0.05610199986031985
127020.0,0.19525565831496935,0.19473234634498995,0.19315624910243648,0.1905078395190365,0.186751094404817,0.18182732565778234,0.17564344830211853,0.1680498487340854,0.15879516033750593,0.14742057410406675,0.132958031452941,0.11266987588002819,0.05609464434104958,,,,,,,,0.05609464434104958
127080.0,0.19517932376512254,0.19465634588056482,0.19308125159754638,0.19043451638166567,0.1866801226036048,0.18175939306736635,0.17557926348142147,0.16799015893493915,0.1587407861413499,0.14737248258650193,0.1329175180829032,0.11263919313346746,0.056087301848169034,,,,,,,,0.056087301848169034
127140.0,0.19510308378336044,0.19458043950480808,0.19300634674442785,0.19036128350524467,0.18660923772300303,0.18169154311038851,0.17551515605623114,0.1679305403232218,0.15868647590224944,0.14732444665004998,0.13287705047075188,0.11260854388258744,0.05607997237515992,,,,,,,,0.05607997237515992
127200.0,0.1950269381928019,0.19450462704182978,0.19293153437015795,0.1902881407217752,0.18653843960186708,0.18162377563445437,0.17545112588477063,0.16787099276963705,0.1586322295053219,0.14727646619637833,0.13283662853650577,0.1125779280658947,0.056072655912019057,,,,,,,,0.056072655912019057
127260.0,0.19495088681699868,0.1944289083161703,0.1928568143022364,0.19021508786366845,0.18646772807944414,0.18155609048753843,0.1753871728256045,0.16781151614519857,0.1585780468359595,0.1472285411273776,0.1327962522002779,0.11254734562266189,0.05606535244590283,,,,,,,,0.05606535244590283
127320.0,0.19487492947993407,0.19435328315279873,0.1927821863685838,0.19014212476374362,0.18639710299537146,0.1814884875179825,0.17532329673763725,0.16775211032122905,0.15852392777982785,0.14718067134515964,0.13275592138228445,0.11251679649286564,0.05605806196163112,,,,,,,,0.05605806196163112
127380.0,0.19479906600602098,0.19427775137711153,0.19270765039754023,0.19006925125522672,0.18632656418967508,0.18142096657449447,0.17525949748011255,0.16769277516935896,0.15846987222286515,0.1471328567520548,0.13271563600285424,0.11248628061712783,0.05605078444208993,,,,,,,,0.05605078444208993
127440.0,0.19472329622010098,0.19420231281493097,0.19263320621786403,0.18999646717174906,0.18625611150276858,0.18135352750614722,0.1751957749126119,0.16763351056152573,0.1584158800512811,0.14708509725061022,0.13267539598243835,0.1124557979366598,0.05604351986855474,,,,,,,,0.05604351986855474
127500.0,0.1946476199474429,0.19412696729250414,0.1925588536587305,0.18992377234734592,0.18618574477545213,0.18128617016237775,0.1751321288950537,0.16757431636997294,0.15836195115155552,0.14703739274358746,0.1326352012416201,0.1124253483932094,0.0560362682209516,,,,,,,,0.0560362682209516
127560.0,0.19457203701374148,0.19405171463650137,0.19248459254973058,0.1898511666164559,0.18611546384891106,0.1812188943929857,0.1750685592876926,0.16751519246724933,0.15830808541043778,0.1469897431339612,0.13259505170112432,0.11239493192901187,0.056029029478069745,,,,,,,,0.056029029478069745
127620.0,0.19449654724511647,0.19397655467401537,0.19241042272086986,0.18977864981391926,0.186045268564715,0.1811517000481328,0.17500506595111803,0.167456138726208,0.15825428271494535,0.14694214832491764,0.13255494728182618,0.11236454848674507,0.0560218036177362,,,,,,,,0.0560218036177362
127680.0,0.19442115046811087,0.19390148723255984,0.19233634400256713,0.18970622177497695,0.1859751587648168,0.1810845869783415,0.17494164874625398,0.1673971550200055,0.1582005429523629,0.14689460821985306,0.13251488790475904,0.11233419800948968,0.05601459061696029,,,,,,,,0.05601459061696029
127740.0,0.19434584650969006,0.193826512140068,0.1922623562256534,0.18963388233526934,0.1859051342915509,0.18101755503449396,0.17487830753435712,0.1673382412221009,0.15814686601024108,0.14684712272237282,0.1324748734911217,0.11230388044069324,0.0560073904520545,,,,,,,,0.0560073904520545
127800.0,0.19427063519724036,0.19375162922489156,0.1921884592213705,0.18956163133083515,0.18583519498763296,0.18095060406783106,0.17481504217701657,0.16727939720625495,0.1580932517763954,0.14679969173629057,0.1324349039622847,0.11227359572413857,0.05600020309873546,,,,,,,,0.05600020309873546
127860.0,0.19419551635856777,0.1936768383157995,0.19211465282136977,0.18948946859811014,0.185765340696158,0.18088373392995125,0.1747518525361527,0.16722062284652917,0.15803970013890534,0.14675231516562764,0.13239497923979585,0.11224334380391547,0.055993028532209436,,,,,,,,0.055993028532209436
127920.0,0.19412048982187954,0.19360213924195957,0.19204093685769405,0.1894173939739094,0.1856955712605841,0.18081694447279492,0.17468873847400224,0.16716191801727232,0.1579862109861018,0.14670499291460373,0.13235509924537736,0.11221312462438443,0.05598586672726188,,,,,,,,0.05598586672726188
127980.0,0.1940455554158452,0.19352753183299884,0.1919673111628375,0.18934540729548566,0.1856258865247877,0.18075023554869635,0.17462569985316717,0.1671032825931646,0.15793278420660584,0.1466577248876678,0.13231526390095677,0.11218293813019702,0.05597871765825369,,,,,,,,0.05597871765825369
128040.0,0.1939707129694859,0.1934530159188941,0.1918937755696374,0.18927350840042434,0.18555628633296303,0.18068360701028938,0.17456273653652668,0.16704471644913785,0.15787941968925848,0.14661051098944333,0.13227547312862262,0.11215278426620338,0.055971581299287324,,,,,,,,0.055971581299287324
128100.0,0.19389596231228923,0.19337859133008561,0.19182032991138612,0.18920169712675178,0.1854867705297264,0.18061705871060538,0.17449984838732832,0.166986219460458,0.15782611732319252,0.14656335112478597,0.13223572685067816,0.11212266297750968,0.05596445762413895,,,,,,,,0.05596445762413895
128160.0,0.1938213032741539,0.1933042578974225,0.19174697402177746,0.1891299733128837,0.1854173389600663,0.1805505905030264,0.1744370352691442,0.16692779150268566,0.15777287699779755,0.1465162451987569,0.13219602498961985,0.1120925742094283,0.055957346606350544,,,,,,,,0.055957346606350544
128220.0,0.19374673568538092,0.19323001545215354,0.1916737077348978,0.18905833679761633,0.18534799146933495,0.180484202241277,0.1743742970458641,0.1668694324516691,0.15771969860271418,0.14646919311661893,0.13215636746813514,0.11206251790746052,0.055950248219270714,,,,,,,,0.055950248219270714
128280.0,0.19367225937667726,0.19315586382593103,0.19160053088522952,0.1889867874201297,0.18527872790325187,0.1804178937794279,0.17431163358169813,0.16681114218354737,0.15766658202783612,0.14642219478383892,0.13211675420910557,0.11203249401728883,0.05594316243607859,,,,,,,,0.05594316243607859
128340.0,0.19359787417916055,0.19308180285081566,0.19152744330765603,0.18891532501999284,0.18520954810790835,0.18035166497189983,0.17424904474118083,0.1667529205747534,0.157613527163313,0.14637525010609134,0.13207718513561043,0.11200250248477066,0.05593608922980334,,,,,,,,0.05593608922980334
128400.0,0.1935235799243594,0.1930078323592764,0.19145444483746174,0.18884394943716318,0.18514045192976725,0.18028551567346396,0.17418653038917106,0.16669476750201415,0.15756053389955013,0.14632835898925914,0.13203766017092738,0.11197254325593001,0.05592902857334643,,,,,,,,0.05592902857334643
128460.0,0.1934493764442104,0.19293395218418777,0.19138153531032923,0.18877266051198444,0.18507143921566074,0.1802194457392391,0.17412409039085008,0.1666366828423484,0.1575076021272067,0.14628152133943262,0.1319981792385323,0.11194261627694871,0.05592198043950364,,,,,,,,0.05592198043950364
128520.0,0.19337526357105567,0.1928601621588276,0.19130871456233692,0.1887014580851841,0.1850025098127879,0.18015345502468993,0.17406172461171915,0.166578666473065,0.15745473173719418,0.14623473706290968,0.13195874226209817,0.11191272149415878,0.05591494480098368,,,,,,,,0.05591494480098368
128580.0,0.19330124113764222,0.19278646211687595,0.19123598242995832,0.18863034199787243,0.1849336635687143,0.18008754338562621,0.17399943291759937,0.16652071827176224,0.1574019226206755,0.1461880060661958,0.1319193491654951,0.11188285885403679,0.055907921630423824,,,,,,,,0.055907921630423824
128640.0,0.19322730897712076,0.19271285189241422,0.19116333875006106,0.1885593120915418,0.18486490033137065,0.18002171067820188,0.17393721517463065,0.166462838116327,0.15734917466906467,0.14614132825600473,0.13187999987278973,0.11185302830319886,0.055900910900403,,,,,,,,0.055900910900403
128700.0,0.19315346692304505,0.19263933131992436,0.191090783359906,0.1884883682080662,0.18479621994905235,0.17995595675891465,0.17387507124927104,0.1664050258849342,0.15729648777402586,0.1460947035392585,0.13184069430824466,0.11182322978839616,0.05589391258345413,,,,,,,,0.05589391258345413
128760.0,0.19307971480937053,0.19256590023428768,0.19101831609714592,0.18841751018969916,0.1847276222704184,0.17989028148460445,0.17381300100829586,0.1663472814560455,0.15724386182747271,0.14604813182308754,0.1318014323963178,0.11179346325651097,0.05588692665207531,,,,,,,,0.05588692665207531
128820.0,0.1930060524704525,0.19249255847078303,0.19094593679982447,0.18834673787907322,0.1846591071444898,0.1798246847124526,0.17375100431879623,0.16628960470840862,0.15719129672156756,0.14600161301483103,0.131762214061661,0.11176372865455292,0.05587995307873974,,,,,,,,0.05587995307873974
128880.0,0.1929324797410458,0.1924193058650861,0.19087364530637452,0.18827605111919843,0.18459067442064891,0.17975916629998084,0.17368908104817876,0.1662319955210562,0.15713879234872058,0.1459551470220366,0.13172303922911918,0.11173402592965592,0.0558729918359044,,,,,,,,0.0558729918359044
128940.0,0.19285899645630322,0.1923461422532684,0.19080144145561764,0.1882054497534616,0.18452232394863818,0.1796937261050501,0.17362723106416408,0.16617445377330514,0.15708634860158924,0.14590873375246077,0.13168390782372974,0.11170435502907566,0.055866042896018035,,,,,,,,0.055866042896018035
129000.0,0.1927856024517741,0.19227306747179565,0.19072932508676257,0.18813493362562494,0.18445405557855932,0.17962836398585988,0.17356545423478648,0.1661169793447554,0.1570339653730775,0.14586237311406877,0.13164481977072048,0.11167471590018707,0.055859106231528025,,,,,,,,0.055859106231528025
129060.0,0.19271229756340372,0.1922000813575268,0.19065729603940437,0.1880645025798251,0.184385869160872,0.1795630798009471,0.17350375042839222,0.16605957211528938,0.1569816425563353,0.14581606501503447,0.13160577499550946,0.11164510849048229,0.05585218181488687,,,,,,,,0.05585218181488687
129120.0,0.1926390816275318,0.19212718374771318,0.19058535415352293,0.18799415646057197,0.18431776454639298,0.17949787340918508,0.1734421195136393,0.16600223196507094,0.15692938004475773,0.14576980936374062,0.13156677342370315,0.1116155327475689,0.055845269618557916,,,,,,,,0.055845269618557916
129180.0,0.1925659544808912,0.19205437447999685,0.1905134992694822,0.18792389511274768,0.18424974158629512,0.17943274466978248,0.1733805613594964,0.16594495877454452,0.15687717773198465,0.14572360606877843,0.13152781498109542,0.11158598861916832,0.05583836961502049,,,,,,,,0.05583836961502049
129240.0,0.19249291596060722,0.19198165339240983,0.1904417312280289,0.18785371838160558,0.18418180013210622,0.17936769344228276,0.17331907583524145,0.16588775242443443,0.15682503551189972,0.1456774550389475,0.13148889959366655,0.11155647605311428,0.055831481776774605,,,,,,,,0.055831481776774605
129300.0,0.19241996590419602,0.19190902032337273,0.19037004987029138,0.18778362611276891,0.18411394003570783,0.17930271958656246,0.17325766281046148,0.16583061279574357,0.15677295327863008,0.14563135618325615,0.1314500271875817,0.11152699499735175,0.055824606076345096,,,,,,,,0.055824606076345096
129360.0,0.1923471041495638,0.19183647511169374,0.19029845503777842,0.18771361815222987,0.18404616114933478,0.17923782296283108,0.17319632215505107,0.16577353976975298,0.15672093092654568,0.1455853094109204,0.13141119768918988,0.11149754539993569,0.05581774248628552,,,,,,,,0.05581774248628552
129420.0,0.1922743305350053,0.19176401759656758,0.19022694657237857,0.18764369434634873,0.18397846332557347,0.1791730034316294,0.17313505373921165,0.16571653322802088,0.1566689683502587,0.14553931463136446,0.13137241102502287,0.11146812720903032,0.055810890979181633,,,,,,,,0.055810890979181633
129480.0,0.19220164489920302,0.19169164761757404,0.19015552431635827,0.1875738545418525,0.18391084641736127,0.17910826085382894,0.1730738574334509,0.16565959305238198,0.15661706544462273,0.14549337175422014,0.13133366712179373,0.11143874037290809,0.05580405152765449,,,,,,,,0.05580405152765449
129540.0,0.19212904708122597,0.19161936501467733,0.19008418811236144,0.1875040985858337,0.18384331027798548,0.1790435950906309,0.1730127331085812,0.16560271912494612,0.15656522210473267,0.1454474806893267,0.13129496590639597,0.11140938483994894,0.05579722410436336,,,,,,,,0.05579722410436336
129600.0,0.1920565369205283,0.19154716962822432,0.1900129378034082,0.18743442632574991,0.18377585476108216,0.1789790060035651,0.17295168063571942,0.16554591132809804,0.15651343822592362,0.14540164134673036,0.13125630730590226,0.11138006055863983,0.05579040868200823,,,,,,,,0.05579040868200823
129660.0,0.1919841142569486,0.19147506129894415,0.18994177323289352,0.18736483760942213,0.18370847972063528,0.178914493454489,0.17289069988628536,0.16548916954449636,0.1564617137037708,0.1453558536366843,0.13121769124756333,0.11135076747757403,0.055783605233332256,,,,,,,,0.055783605233332256
129720.0,0.19191177893070838,0.19140303986794666,0.1898706942445863,0.187295332285034,0.18364118501097543,0.17885005730558712,0.17282979073200133,0.1654324936570727,0.15641004843408848,0.14531011746964798,0.1311791176588068,0.11132150554545052,0.055776813731123934,,,,,,,,0.055776813731123934
129780.0,0.1918395307824113,0.1913311051767212,0.18979970068262844,0.18722591020113052,0.18357397048677923,0.17878569741936956,0.17276895304489118,0.16537588354903096,0.15635844231293006,0.14526443275628698,0.1311405864672362,0.11129227471107381,0.055770034148219,,,,,,,,0.055770034148219
129840.0,0.19176736965304184,0.19125925706713598,0.1897287923915334,0.18715657120661733,0.18350683600306805,0.17872141365867136,0.1727081866972791,0.1653193391038464,0.15630689523658686,0.14521879940747245,0.13110209760062994,0.11126307492335324,0.05576326645750223,,,,,,,,0.05576326645750223
129900.0,0.19169529538396407,0.19118749538143648,0.18965796921618555,0.1870873151507595,0.183439781415207,0.1786572058866516,0.17264749156178916,0.16526286020526507,0.15625540710158792,0.14517321733428093,0.13106365098694014,0.11123390613130292,0.05575651063190908,,,,,,,,0.05575651063190908
129960.0,0.19162330781692086,0.1911158199622446,0.18958723100183866,0.18701814188318028,0.18337280657890404,0.1785930739667922,0.17258686751134408,0.1652064467373028,0.15620397780469933,0.1451276864479936,0.13102524655429168,0.1112047682840411,0.055749766644427205,,,,,,,,0.055749766644427205
130020.0,0.1915514067940326,0.1910442306525577,0.18951657759411503,0.18694905125386047,0.18330591135020902,0.17852901776289717,0.1725263144191645,0.16515009858424468,0.15615260724292382,0.14508220666009597,0.13098688423098137,0.11117566133079008,0.055743034468097814,,,,,,,,0.055743034468097814
130080.0,0.19147959215779625,0.19097272729574707,0.18944600883900467,0.18688004311313702,0.18323909558551243,0.17846503713909176,0.17246583215876823,0.16509381563064396,0.15610129531349998,0.14503677788227776,0.1309485639454767,0.11114658522087602,0.05573631407601684,,,,,,,,0.05573631407601684
130140.0,0.19140786375108376,0.19090130973555727,0.18937552458286358,0.18681111731170222,0.18317235914154498,0.1784011319598213,0.17240542060396896,0.16503759776132151,0.15605004191390176,0.14499140002643177,0.13091028562641507,0.11111753990372837,0.05572960544133615,,,,,,,,0.05572960544133615
130200.0,0.19133622141714174,0.19082997781610478,0.18930512467241337,0.18674227370060267,0.1831057018753758,0.17833730208985027,0.17234507962887602,0.1649814448613651,0.15599884694183808,0.1449460730046538,0.13087204920260304,0.11108852532888012,0.05572290853726455,,,,,,,,0.05572290853726455
130260.0,0.19126466499958988,0.19075873138187716,0.1892348089547399,0.18667351213123803,0.18303912364441224,0.1782735473942617,0.17228480910789293,0.16492535681612855,0.15594771029525217,0.14490079672924233,0.13083385460301494,0.11105954144596722,0.0557162233370687,,,,,,,,0.0557162233370687
130320.0,0.1911931943424196,0.19068757027773162,0.18916457727729205,0.18660483245536022,0.18297262430639835,0.17820986773845587,0.17222460891571675,0.16486933351123087,0.1558966318723208,0.14485557111269748,0.13079570175679264,0.11103058820472854,0.05570954981407403,,,,,,,,0.05570954981407403
130380.0,0.1911218092899939,0.19061649434889433,0.18909442948788102,0.18653623452507234,0.18290620371941418,0.1781462629881495,0.17216447892733736,0.1648133748325557,0.15584561157145396,0.14481039606772098,0.13075759059324407,0.11100166555500578,0.05570288794166546,,,,,,,,0.05570288794166546
130440.0,0.1910505096870452,0.19054550344095922,0.18902436543467907,0.18646771819282765,0.18283986174187483,0.17808273300937502,0.17210441901803647,0.1647574806662506,0.1557946492912945,0.1447652715072153,0.13071952104184292,0.11097277344674315,0.05569623769328813,,,,,,,,0.05569623769328813
130500.0,0.1909792953786752,0.19047459739988665,0.18895438496621858,0.1863992833114286,0.18277359823252926,0.1780192776684793,0.17204442906338668,0.16470165089872607,0.1557437449307168,0.14472019734428337,0.13068149303222745,0.11094391182998736,0.05568959904244811,,,,,,,,0.05568959904244811
130560.0,0.19090816621035292,0.1904037760720028,0.18888448793139076,0.18633092973402565,0.18270741305045954,0.17795589683212315,0.17198450893925094,0.16464588541665515,0.15569289838882708,0.14467517349222803,0.1306435064941999,0.11091508065488738,0.055682971962712866,,,,,,,,0.055682971962712866
130620.0,0.1908371220279146,0.1903330393039982,0.1888146741794451,0.18626265731411665,0.18264130605507975,0.17789259036728006,0.17192465852178135,0.1645901841069722,0.15564210956496236,0.14463019986455108,0.1306055613577255,0.11088627987169433,0.05567635642771191,,,,,,,,0.05567635642771191
130680.0,0.19076616267756183,0.19026238694292696,0.1887449435599877,0.1861944659055451,0.1825752771061351,0.1778293581412354,0.17186487768741848,0.16453454685687283,0.15559137835868997,0.1445852763749534,0.1305676575529322,0.11085750943076142,0.05566975241113721,,,,,,,,0.05566975241113721
130740.0,0.19069528800586075,0.1901918188362056,0.18867529592298082,0.18612635536250025,0.18250932606370107,0.17776620002158566,0.1718051663128907,0.1644789735538126,0.15554070466980696,0.14454040293733392,0.13052979501010922,0.11082876928254369,0.05566315988674365,,,,,,,,0.05566315988674365
130800.0,0.19062449785974134,0.19012133483161203,0.1886057311187415,0.18605832553951498,0.1824434527881821,0.17770311587623738,0.1717455242752129,0.1644234640855067,0.15549008839833953,0.14449557946578898,0.1304919736597069,0.11080005937759797,0.055656578828349415,,,,,,,,0.055656578828349415
130860.0,0.19055379208649578,0.19005093477728438,0.1885362489979407,0.18599037629146553,0.18237765714031104,0.1776401055734063,0.17168595145168639,0.16436801833992895,0.15543952944454253,0.14445080587461237,0.13045419343233586,0.11077137966658279,0.05565000920983641,,,,,,,,0.05565000920983641
130920.0,0.19048317053377797,0.1899806185217202,0.1884668494116021,0.18592250747357034,0.18231193898114811,0.17757716898161643,0.17162644771989718,0.16431263620531122,0.1553890277088988,0.1444060820782941,0.130416454258766,0.11074273010025806,0.05564345100515048,,,,,,,,0.05564345100515048
130980.0,0.19041263304960196,0.18991038591377532,0.18839753221110142,0.18585471894138894,0.1822462981720797,0.17751430596969936,0.17156701295771595,0.16425731757014272,0.15533858309211868,0.14436140799152017,0.13037875606992633,0.11071411062948529,0.05563690418830172,,,,,,,,0.05563690418830172
131040.0,0.19034217948234125,0.18984023680266265,0.18832829724816494,0.18578701055082109,0.18218073457481776,0.17745151640679302,0.17150764704329668,0.1642020623231694,0.1552881954951393,0.1443167835291719,0.13034109879690378,0.11068552120522705,0.05563036873336481,,,,,,,,0.05563036873336481
131100.0,0.19027180968072765,0.18977017103795132,0.18825914437486882,0.18571938215810566,0.1821152480513987,0.1773888001623411,0.17144834985507626,0.164146870353393,0.15523786481912408,0.1442722086063257,0.13030348237094305,0.11065696177854722,0.0556238446144791,,,,,,,,0.0556238446144791
131160.0,0.19020152349385047,0.18970018846956568,0.18819007344363825,0.18565183361981982,0.18204983846418243,0.1773261571060921,0.17138912127177336,0.16409174155007045,0.15518759096546222,0.1442276831382517,0.13026590672344554,0.11062843230061062,0.05561733180584893,,,,,,,,0.05561733180584893
131220.0,0.19013132077115494,0.18963028894778425,0.1881210843072458,0.18558436479287801,0.18198450567585148,0.17726358710809828,0.17132996117238786,0.16403667580271336,0.15513737383576787,0.14418320704041415,0.130228371785969,0.11059993272268298,0.05561083028174374,,,,,,,,0.05561083028174374
131280.0,0.19006120136244165,0.18956047232323858,0.18805217681881106,0.18551697553453103,0.18191924954941013,0.17720109003871495,0.17127086943619974,0.1639816730010871,0.1550872133318799,0.14413878022847018,0.13019087749022684,0.11057146299613081,0.055604340016498235,,,,,,,,0.055604340016498235
131340.0,0.18999116511786568,0.1894907384469123,0.18798335083179946,0.18544966570236482,0.18185406994818348,0.1771386657685997,0.17121184594276867,0.1639267330352101,0.15503710935586099,0.1440944026182695,0.13015342376808742,0.11054302307242125,0.0555978609845125,,,,,,,,0.0555978609845125
131400.0,0.18992121188793487,0.18942108717014022,0.18791460620002112,0.18538243515429992,0.1817889667358163,0.1770763141687113,0.1711528905719329,0.16387185579535338,0.15498706180999727,0.14405007412585377,0.13011601055157368,0.11051461290312191,0.05559139316025212,,,,,,,,0.05559139316025212
131460.0,0.1898513415235094,0.18935151834460723,0.1878459427776299,0.18531528374858997,0.18172393977627235,0.17701403511030886,0.17109400320380877,0.16381704117203955,0.1549370705967976,0.14400579466745606,0.1300786377728624,0.11048623243990086,0.05558493651824826,,,,,,,,0.05558493651824826
131520.0,0.18978155387580078,0.18928203182234715,0.1877773604191226,0.18524821134382138,0.1816589889338335,0.17695182846495108,0.17103518371878954,0.1637622890560424,0.15488713561899312,0.14396156415950012,0.1300413053642836,0.11045788163452636,0.055578491033097754,,,,,,,,0.055578491033097754
131580.0,0.18971184879637057,0.18921262745574208,0.1877088589793378,0.1851812177989118,0.18159411407309858,0.17688969410449548,0.17097643199754495,0.16370759933838616,0.1548372567795364,0.14391738251860026,0.13000401325832003,0.1104295604388667,0.05557205667946312,,,,,,,,0.05557205667946312
131640.0,0.1896422261371292,0.18914330509752098,0.18764043831345498,0.1851143029731095,0.18152931505898273,0.17682763190109724,0.17091774792102024,0.1636529719103446,0.15478743398160116,0.14387324966156018,0.12996676138760674,0.11040126880489028,0.055565633432072624,,,,,,,,0.055565633432072624
131700.0,0.18957268575033567,0.18907406460075904,0.18757209827699342,0.18504746672599237,0.18146459175671623,0.17676564172720854,0.17085913137043546,0.16359840666344072,0.15473766712858159,0.14382916550537286,0.1299295496849303,0.11037300668466518,0.05555922126572035,,,,,,,,0.05555922126572035
131760.0,0.189503227488596,0.18900490581887644,0.18750383872581136,0.184980708917467,0.1813999440318439,0.1767037234555778,0.17080058222728456,0.16354390348944567,0.1546879561240916,0.1437851299672198,0.12989237808322837,0.11034477403035922,0.0555528201552661,,,,,,,,0.0555528201552661
131820.0,0.18943385120486209,0.18893582860563748,0.1874356595161049,0.18491402940776752,0.18133537175022382,0.17664187695924868,0.17074210037333498,0.1634894622803783,0.15463830087196442,0.1437411429644706,0.12985524651558933,0.11031657079423976,0.05554643007563552,,,,,,,,0.05554643007563552
131880.0,0.18936455675243138,0.1888668328151496,0.18736756050440714,0.18484742805745502,0.1812708747780269,0.17658010211155925,0.17068368569062634,0.16343508292850462,0.15458870127625193,0.1436972044146821,0.12981815491525142,0.11028839692867343,0.05554005100181998,,,,,,,,0.05554005100181998
131940.0,0.18929534398494535,0.1887979183018623,0.1872995415475872,0.1847809047274162,0.18120645298173552,0.1765183987861411,0.1706253380614701,0.16338076532633675,0.1545391572412242,0.14365331423559824,0.12978110321560263,0.11026025238612622,0.055533682908876635,,,,,,,,0.055533682908876635
132000.0,0.18922621275638846,0.1887290849205662,0.1872316025028492,0.18471445927886285,0.18114210622814303,0.17645676685691877,0.17056705736844865,0.16332650936663268,0.1544896686713685,0.1436094723451492,0.12974409135017972,0.11023213711916313,0.05552732577192833,,,,,,,,0.05552732577192833
132060.0,0.18915716292108764,0.18866033252639222,0.18716374322773133,0.1846480915733307,0.18107783438435252,0.17639520619810864,0.17050884349441456,0.16327231494239514,0.15444023547138946,0.14356567866145095,0.12970711925266826,0.11020405108044805,0.055520979566163614,,,,,,,,0.055520979566163614
132120.0,0.18908819433371093,0.18859166097481028,0.1870959635801049,0.18458180147267841,0.1810136373177762,0.17633371668421804,0.17045069632248958,0.16321818194687132,0.15439085754620763,0.14352193310280473,0.12967018685690168,0.11017599422274366,0.05551464426683664,,,,,,,,0.05551464426683664
132180.0,0.18901930684926652,0.1885230701216287,0.18702826341817344,0.18451558883908692,0.18094951489613434,0.17627229819004492,0.17039261573606457,0.16316411027355207,0.15434153480095944,0.1434782355876964,0.12963329409686095,0.1101479664989112,0.055508319849267164,,,,,,,,0.055508319849267164
132240.0,0.18895050032310218,0.18845455982299292,0.18696064260047163,0.1844494535350583,0.18088546698745464,0.17621095059067632,0.170334601618798,0.1631100998161712,0.15429226714099648,0.1434345860347959,0.12959644090667424,0.11011996786191038,0.055502006288840375,,,,,,,,0.055502006288840375
132300.0,0.18888177461090344,0.18838612993538473,0.1868931009858644,0.18438339542341486,0.18082149346007095,0.17614967376148807,0.1702766538546155,0.16305615046870472,0.154243054471885,0.14339098436295702,0.12955962722061623,0.11009199826479917,0.05549570356100696,,,,,,,,0.05549570356100696
132360.0,0.18881312956869378,0.18831778031562135,0.18682563843354616,0.1843174143672983,0.18075759418262272,0.17608846757814384,0.17021877232770904,0.16300226212537045,0.15419389669940503,0.14334743049121623,0.12952285297310762,0.11006405766073356,0.055489411641282904,,,,,,,,0.055489411641282904
132420.0,0.18874456505283266,0.18824951082085414,0.18675825480303954,0.18425151023016884,0.18069376902405415,0.1760273319165941,0.17016095692253658,0.16294843468062722,0.1541447937295501,0.14330392433879274,0.12948611809871496,0.11003614600296759,0.055483130505249494,,,,,,,,0.055483130505249494
132480.0,0.18867608092001512,0.18818132130856807,0.18669094995419466,0.18418568287580428,0.18063001785361305,0.17596626665307577,0.1701032075238207,0.1628946680291741,0.1540957454685267,0.1432604658250878,0.12944942253214997,0.11000826324485297,0.05547686012855315,,,,,,,,0.05547686012855315
132540.0,0.1886076770272705,0.18811321163658046,0.18662372374718833,0.1841199321682989,0.18056634054085013,0.17590527166411088,0.17004552401654816,0.16284096206594983,0.1540467518227533,0.14321705486968378,0.1294127662082689,0.109980409339839,0.055470600486905365,,,,,,,,0.055470600486905365
132600.0,0.18853935323196175,0.1880451816630403,0.18655657604252265,0.18405425797206285,0.1805027369556184,0.17584434682650613,0.1699879062859694,0.16278731668613242,0.15399781269886012,0.14317369139234423,0.12937614906207245,0.10995258424147243,0.05546435155608262,,,,,,,,0.05546435155608262
132660.0,0.18847110939178446,0.187977231246427,0.18648950670102465,0.18398866015182122,0.1804392069680716,0.175783492017352,0.1699303542175974,0.1627337317851379,0.15394892800368853,0.143130375313013,0.12933957102870522,0.10992478790339719,0.05545811331192627,,,,,,,,0.05545811331192627
132720.0,0.18840294536476554,0.1879093602455497,0.186422515583845,0.18392313857261283,0.1803757504486643,0.17572270711402194,0.16987286769720716,0.1626802072586203,0.1539000976442904,0.14308710655181361,0.1293030320434551,0.1098970202793543,0.05545188573034234,,,,,,,,0.05545188573034234
132780.0,0.18833486100926294,0.18784156851954617,0.18635560255245712,0.18385769309978975,0.18031236726815017,0.1756619919941713,0.16981544661083484,0.16262674300247068,0.15385132152792733,0.1430438850290491,0.1292665320417529,0.10986928132318163,0.055445668787301595,,,,,,,,0.055445668787301595
132840.0,0.18826685618396408,0.18777385592788198,0.18628876746865644,0.18379232359901615,0.18024905729758164,0.17560134653573714,0.16975809084477728,0.16257333891281645,0.1538025995620705,0.14300071066520123,0.12923007095917213,0.10984157098881371,0.055439462458839205,,,,,,,,0.055439462458839205
132900.0,0.1881989307478851,0.18770622233034956,0.18622201019455925,0.18372702993626738,0.18018582040830905,0.17554077061693693,0.16970080028559106,0.1625199948860208,0.15375393165439966,0.14295758338092998,0.1291936487314282,0.10981388923028164,0.05543326672105481,,,,,,,,0.05543326672105481
132960.0,0.18813108456037023,0.1876386675870672,0.18615533059260214,0.18366181197782944,0.18012265647197942,0.1754802641162678,0.16964357482009176,0.16246671081868225,0.15370531771280288,0.14291450309707313,0.12915726529437832,0.10978623600171276,0.05542708155011228,,,,,,,,0.05542708155011228
133020.0,0.1880633174810905,0.18757119155847815,0.1860887285255406,0.18359666959029752,0.18005956536053608,0.17541982691250602,0.1695864143353535,0.16241348660763358,0.15365675764537576,0.1428714697346456,0.12912092058402086,0.10975861125733061,0.05542090692223956,,,,,,,,0.05542090692223956
133080.0,0.18799562937004277,0.18750379410534973,0.1860222038564485,0.1835316026405758,0.17999654694621744,0.175359458884706,0.1695293187187078,0.16236032214994156,0.1536082513604211,0.14282848321483912,0.12908461453649506,0.10973101495145467,0.05541474281372867,,,,,,,,0.05541474281372867
133140.0,0.18792802008754922,0.18743647508877237,0.18595575644871704,0.18346661099587602,0.1799336011015565,0.1752991599121996,0.16947228785774338,0.16230721734290623,0.15355979876644804,0.14278554345902156,0.12904834708808058,0.10970344703850006,0.05540858920093544,,,,,,,,0.05540858920093544
133200.0,0.187860489494256,0.1873692343701588,0.185889386166054,0.18340169452371674,0.17987072769937978,0.17523892987459525,0.16941532164030487,0.16225417208406004,0.15351139977217146,0.14274265038873646,0.12901211817519714,0.10967590747297762,0.05540244606027944,,,,,,,,0.05540244606027944
133260.0,0.18779303745113257,0.18730207181124298,0.18582309287248241,0.1833368530919227,0.17980792661280653,0.17517876865177734,0.16935841995449258,0.16220118627116745,0.15346305428651205,0.14269980392570264,0.12897592773440383,0.10964839620949347,0.05539631336824382,,,,,,,,0.05539631336824382
133320.0,0.1877256638194706,0.18723498727407917,0.18575687643234035,0.18327208656862387,0.17974519771524788,0.1751186761239052,0.1693015826886618,0.1621482598022243,0.15341476221859487,0.14265700399181336,0.12893977570239903,0.10962091320274893,0.05539019110137511,,,,,,,,0.05539019110137511
133380.0,0.18765836846088324,0.18716798062104129,0.1856907367102794,0.18320739482225426,0.17968254088040633,0.17505865217141264,0.16924480973142145,0.16209539257545716,0.15336652347774932,0.14261425050913643,0.12890366201602005,0.10959345840754027,0.05538407923628316,,,,,,,,0.05538407923628316
133440.0,0.1875911512373041,0.18710105171482175,0.1856246735712641,0.18314277772155146,0.17961995598227434,0.17499869667500692,0.1691881009716343,0.1620425844893225,0.15331833797350838,0.14257154339991296,0.1288675866122423,0.1095660317787586,0.055377977749641004,,,,,,,,0.055377977749641004
133500.0,0.18752401201098637,0.1870342004184306,0.185558686880571,0.18307823513555568,0.179557442895134,0.17493880951566812,0.1691314562984154,0.1619898354425061,0.1532702056156083,0.14252888258655744,0.1288315494281793,0.10953863327138959,0.05537188661818456,,,,,,,,0.05537188661818456
133560.0,0.1874569506445017,0.18696742659519475,0.1854927765037877,0.18301376693360882,0.17949500149355602,0.1748789905746483,0.1690748756011322,0.16193714533392295,0.1532221263139876,0.14248626799165684,0.12879555040108212,0.10951126284051328,0.05536580581871267,,,,,,,,0.05536580581871267
133620.0,0.18738996700073993,0.1869007301087569,0.18542694230681223,0.18294937298535344,0.17943263165239903,0.17481923973347085,0.16901835876940316,0.1618845140627158,0.153174099978787,0.14244369953797056,0.12875958946833913,0.10948392044130395,0.055359735328086815,,,,,,,,0.055359735328086815
133680.0,0.1873230609429074,0.18683411082307477,0.18536118415585176,0.18288505316073247,0.17937033324680865,0.17475955687392955,0.16896190569309727,0.16183194152825506,0.15312612652034838,0.14240117714842954,0.1287236665674753,0.10945660602902987,0.05535367512323098,,,,,,,,0.05535367512323098
133740.0,0.1872562323345265,0.18676756860242036,0.18529550191742197,0.18282080732998784,0.1793081061522166,0.17469994187808802,0.16890551626233377,0.16177942763013817,0.1530782058492147,0.1423587007461359,0.12868778163615202,0.1094293195590531,0.0553476251811316,,,,,,,,0.0553476251811316
133800.0,0.1871894810394348,0.18670110331137849,0.18522989545834634,0.18275663536365983,0.1792459502443402,0.17464039462827882,0.1688491903674808,0.16172697226818872,0.15303033787612902,0.14231627025436241,0.1286519346121669,0.10940206098682918,0.055341585478837226,,,,,,,,0.055341585478837226
133860.0,0.18712280692178407,0.1866347148148466,0.18516436464575492,0.18269253713258604,0.17918386539918127,0.17458091500710282,0.1687929278991551,0.16167457534245602,0.15298252251203434,0.1422738855965523,0.128616125433453,0.10937483026790727,0.05533555599345848,,,,,,,,0.05533555599345848
133920.0,0.18705620984603916,0.18656840297803357,0.18509890934708362,0.18262851250790102,0.1791218514930255,0.17452150289742818,0.16873672874822132,0.1616222367532145,0.15293475966807266,0.14223154669631827,0.12858035403807852,0.10934762735792955,0.055329536702167934,,,,,,,,0.055329536702167934
133980.0,0.18698968967697766,0.18650216766645863,0.1850335294300735,0.1825645613610351,0.17905990840244165,0.17446215818239016,0.16868059280579126,0.16156995640096292,0.15288704925558466,0.14218925347744235,0.1285446203642468,0.1093204522126312,0.05532352758219984,,,,,,,,0.05532352758219984
134040.0,0.18692324627968837,0.186436008745951,0.18496822476276978,0.18250068356371327,0.1789980360042806,0.17440288074538973,0.16862451996322306,0.16151773418642396,0.15283939118610926,0.1421470058638755,0.1285089243502955,0.10929330478784027,0.055317528610850014,,,,,,,,0.055317528610850014
134100.0,0.18685687951957103,0.1863699260826485,0.18490299521352083,0.18243687898795496,0.17893623417567467,0.17434367047009314,0.1685685101121209,0.16146557001054349,0.15279178537138277,0.14210480377973667,0.1284732659346964,0.1092661850394773,0.0553115397654757,,,,,,,,0.0553115397654757
134160.0,0.18679058926233497,0.18630391954299688,0.18483784065097758,0.18237314750607292,0.17887450279403694,0.17428452724043134,0.16851256314433385,0.1614134637744899,0.15274423172333845,0.14206264714931297,0.1284376450560551,0.10923909292355526,0.05530556102349535,,,,,,,,0.05530556102349535
134220.0,0.18672437537399864,0.18623798899374924,0.1847727609440926,0.18230948899067226,0.17881284173706033,0.17422545094059894,0.16845667895195546,0.1613614153796538,0.15269673015410629,0.14202053589705863,0.12840206165311055,0.10921202839617926,0.055299592362388524,,,,,,,,0.055299592362388524
134280.0,0.18665823772088813,0.1861721343019645,0.18470775596211916,0.18224590331465,0.17875125088271676,0.17416644145505356,0.16840085742732322,0.1613094247276469,0.15264928057601188,0.14197846994759472,0.12836651566473456,0.10918499141354636,0.05529363375969567,,,,,,,,0.05529363375969567
134340.0,0.18659217616963725,0.18610635533500727,0.18464282557461031,0.1821823903511937,0.17868973010925643,0.17410749866851535,0.16834509846301748,0.16125749172030188,0.15260188290157628,0.14193644922570903,0.12833100702993175,0.10915798193194542,0.055287685193018,,,,,,,,0.055287685193018
134400.0,0.18652619058718575,0.1860406519605465,0.18457796965141843,0.18211894997378128,0.17862827929520722,0.17404862246596584,0.16828940195186132,0.16120561625967164,0.1525545370435156,0.14189447365635482,0.1282955356878389,0.10913099990775689,0.05528174664001726,,,,,,,,0.05528174664001726
134460.0,0.18646028084077892,0.18597502404655478,0.18451318806269393,0.1820555820561797,0.1785668983193736,0.17398981273264752,0.1682337677869192,0.16115379824802845,0.15250724291473994,0.14185254316465123,0.12826010157772474,0.10910404529745242,0.05527581807841565,,,,,,,,0.05527581807841565
134520.0,0.18639444679796657,0.1859094714613076,0.18444848067888459,0.18199228647244445,0.17850558706083614,0.1739310693540631,0.168178195861497,0.1611020375878637,0.15246000042835323,0.1418106576758822,0.12822470463898955,0.10907711805759492,0.0552698994859956,,,,,,,,0.0552698994859956
134580.0,0.1863286883266025,0.18584399407338223,0.18438384737073482,0.18192906309691861,0.17844434539895054,0.1738723922159746,0.16812268606914096,0.16105033418188716,0.15241280949765285,0.1417688171154963,0.12818934481116465,0.10905021814483824,0.0552639908405996,,,,,,,,0.0552639908405996
134640.0,0.1862630052948432,0.1857785917516571,0.18431928800928482,0.18186591180423206,0.17838317321334693,0.1738137812044028,0.16806723830363693,0.1609986879330264,0.15236567003612866,0.14172702140910606,0.12815402203391238,0.10902334551592686,0.05525809212013004,,,,,,,,0.05525809212013004
134700.0,0.186197397571147,0.18571326436531096,0.1842548024658695,0.18180283246930057,0.17832207038392917,0.17375523620562647,0.16801185245901004,0.16094709874442603,0.15231858195746273,0.14168527048248786,0.12811873624702538,0.10899650012769584,0.05525220330254907,,,,,,,,0.05525220330254907
134760.0,0.18613186502427395,0.18564801178382184,0.18419039061211798,0.18173982496732544,0.17826103679087393,0.17369675710618163,0.16795652842952397,0.16089556651944734,0.15227154517552874,0.14164356426158098,0.12808348739042644,0.10896968193707052,0.0552463243658784,,,,,,,,0.0552463243658784
134820.0,0.18606640752328393,0.18558283387696647,0.18412605231995258,0.181676889173792,0.17820007231463014,0.17363834379286094,0.16790126610967993,0.16084409116166773,0.1522245596043917,0.14160190267248765,0.1280482754041681,0.1089428909010664,0.055240455288199125,,,,,,,,0.055240455288199125
134880.0,0.18600102493753654,0.18551773051481918,0.184061787461588,0.1816140249644695,0.17813917683591815,0.1735799961527129,0.16784606539421656,0.1607926725748799,0.15217762515830688,0.14156028564147216,0.12801310022843237,0.10891612697678878,0.05523459604765156,,,,,,,,0.05523459604765156
134940.0,0.1859357171366902,0.18545270156775126,0.18399759590953052,0.18155123221540984,0.17807835023572877,0.17352171407304104,0.1677909261781088,0.16074131066309122,0.1521307417517198,0.14151871309496086,0.12797796180353013,0.10888939012143267,0.05522874662243512,,,,,,,,0.05522874662243512
135000.0,0.18587048399070077,0.18538774690642998,0.1839334775365774,0.18148851080294706,0.17801759239532283,0.1734634974414035,0.1677358483565676,0.16069000533052363,0.15208390929926557,0.14147718495954129,0.12794286006990113,0.10886268029228263,0.055222906990808084,,,,,,,,0.055222906990808084
135060.0,0.1858053253698215,0.18532286640181805,0.1838694322158156,0.1814258606036963,0.1779569031962303,0.1734053461456121,0.16768083182503904,0.1606387564816125,0.15203712771576816,0.14143570116196189,0.12790779496811344,0.10883599744671237,0.05521707713108743,,,,,,,,0.05521707713108743
135120.0,0.1857402411446015,0.18525805992517239,0.18380545982062152,0.18136328149455347,0.17789628252024958,0.17334726007373166,0.16762587647920363,0.16058756402100624,0.15199039691624017,0.1413942616291317,0.12787276643886292,0.10880934154218473,0.055211257021648696,,,,,,,,0.055211257021648696
135180.0,0.1856752311858854,0.18519332734804364,0.18374156022465968,0.18130077335269376,0.1778357302494465,0.1732892391140794,0.16757098221497616,0.16053642785356584,0.15194371681588215,0.14135286628811963,0.1278377744229733,0.10878271253625138,0.05520544664092584,,,,,,,,0.05520544664092584
135240.0,0.18561029536481227,0.18512866854227505,0.18367773330188228,0.18123833605557158,0.17777524626615404,0.1732312831552241,0.1675161489285044,0.16048534788436422,0.15189708733008211,0.14131151506615433,0.12780281886139574,0.1087561103865526,0.05519964596741096,,,,,,,,0.05519964596741096
135300.0,0.18554543355281503,0.185064083380002,0.1836139789265283,0.18117596948091946,0.1777148304529713,0.1731733920859857,0.1674613765161688,0.16043432401868551,0.151850508374415,0.14127020789062356,0.12776789969520794,0.10872953505081717,0.05519385497965425,,,,,,,,0.05519385497965425
135360.0,0.1854806456216191,0.18499957173365092,0.18355029697312256,0.18111367350674704,0.17765448269276263,0.17311556579543422,0.16740666487458186,0.16038335616202476,0.15180397986464228,0.14122894468907368,0.12773301686561456,0.10870298648686202,0.05518807365626376,,,,,,,,0.05518807365626376
135420.0,0.18541593144324225,0.1849351334759386,0.18348668731647513,0.18105144801134077,0.17759420286865724,0.17305780417288924,0.1673520139005876,0.16033244422008697,0.1517575017167113,0.14118772538920948,0.12769817031394648,0.10867646465259208,0.0551823019759052,,,,,,,,0.0551823019759052
135480.0,0.1853512908899935,0.18487076847987116,0.1834231498316804,0.18098929287326282,0.17753399086404825,0.17300010710791944,0.1672974234912605,0.1602815880987869,0.15171107384675483,0.1411465499188934,0.12766335998166042,0.10864996950600017,0.05517653991730185,,,,,,,,0.05517653991730185
135540.0,0.1852867238344722,0.18480647661874383,0.18335968439411632,0.18092720797135056,0.17747384656259207,0.1729424744903415,0.1672428935439054,0.16023078770424828,0.15166469617109055,0.14110541820614553,0.12762858581033892,0.10862350100516667,0.05517078745923436,,,,,,,,0.05517078745923436
135600.0,0.1852222301495672,0.1847422577661394,0.18329629087944369,0.18086519318471536,0.17741376984820748,0.1728849062102196,0.16718842395605643,0.16018004294280347,0.15161836860622063,0.14106433017914274,0.12759384774168955,0.10859705910825924,0.055165044580540515,,,,,,,,0.055165044580540515
135660.0,0.18515780970845655,0.18467811179592777,0.18323296916360518,0.18080324839274234,0.17735376060507513,0.17282740215786502,0.16713401462547672,0.1601293537209924,0.15157209106883104,0.14102328576621842,0.12755914571754498,0.10857064377353293,0.05515931126011518,,,,,,,,0.05515931126011518
135720.0,0.18509346238460578,0.18461403858226536,0.18316971912282481,0.18074137347508942,0.1772938187176367,0.1727699622238349,0.16707966545015754,0.16007871994556272,0.15152586347579122,0.1409822848958623,0.12752447967986236,0.10854425495932953,0.055153587476910036,,,,,,,,0.055153587476910036
135780.0,0.185029188051768,0.18455003799959396,0.18310654063360696,0.18067956831168655,0.17723394407059417,0.17271258629893207,0.1670253763283178,0.16002814152346848,0.1514796857441536,0.14094132749671956,0.12748984957072326,0.10851789262407775,0.05514787320993344,,,,,,,,0.05514787320993344
135840.0,0.1849649865839827,0.1844861099226401,0.18304343357273561,0.18061783278273452,0.1771741365489092,0.17265527427420413,0.16697114715840333,0.15997761836187013,0.1514335577911529,0.14090041349759058,0.12745525533233298,0.1084915567262928,0.0551421684382503,,,,,,,,0.0551421684382503
135900.0,0.18490085785557483,0.1844222542264142,0.18298039781727377,0.1805561667687052,0.17711439603780235,0.1725980260409428,0.16691697783908654,0.15992715036813382,0.15138747953420564,0.14085954282743102,0.12742069690702074,0.10846524722457625,0.055136473140981836,,,,,,,,0.055136473140981836
135960.0,0.1848368017411542,0.18435847078620984,0.18291743324456242,0.18049457015033993,0.1770547224227522,0.17254084149068322,0.16686286826926527,0.15987673744983064,0.15134145089091017,0.1408187154153505,0.12738617423723875,0.10843896407761576,0.05513078729730544,,,,,,,,0.05513078729730544
136020.0,0.18477281811561466,0.18429475947760307,0.18285453973221985,0.180433042808649,0.17699511558949504,0.17248372051520347,0.16680881834806277,0.15982637951473616,0.1512954717790453,0.1407779311906128,0.12735168726556223,0.10841270724418493,0.05512511088645455,,,,,,,,0.05512511088645455
136080.0,0.18470890685413352,0.18423112017645116,0.18279171715814105,0.18037158462491126,0.17693557542402374,0.1724266630065237,0.16675482797482666,0.1597760764708302,0.15124954211657057,0.14073719008263527,0.12731723593468916,0.10838647668314319,0.05511944388771841,,,,,,,,0.05511944388771841
136140.0,0.18464506783217002,0.18416755275889257,0.18272896540049663,0.18031019548067279,0.1768761018125874,0.17236966885690552,0.16670089704912855,0.15972582822629575,0.15120366182162528,0.14069649202098838,0.12728282018743972,0.10836027235343533,0.05511378628044193,,,,,,,,0.05511378628044193
136200.0,0.1845813009254657,0.18410405710134561,0.18266628433773247,0.18024887525774658,0.17681669464169028,0.1723127379588514,0.1666470254707632,0.15967563468951868,0.15115783081252834,0.14065583693539555,0.12724843996675608,0.10833409421409154,0.05510813804402554,,,,,,,,0.05510813804402554
136260.0,0.1845176060100425,0.18404063308050772,0.18260367384856846,0.18018762383821169,0.17675735379809135,0.17225587020510402,0.16659321313974834,0.15962549576908722,0.15111204900777753,0.1406152247557321,0.1272140952157021,0.10830794222422711,0.05510249915792503,,,,,,,,0.05510249915792503
136320.0,0.1844539829622027,0.1839772805733549,0.18254113381199819,0.18012644110441248,0.1766980791688037,0.17219906548864544,0.16653945995632355,0.15957541137379158,0.15106631632604914,0.14057465541202568,0.12717978587746284,0.1082818163430422,0.05509686960165131,,,,,,,,0.05509686960165131
136380.0,0.18439043165852792,0.18391399945714088,0.1824786641072879,0.18006532693895794,0.17663887064109346,0.17214232370269658,0.16648576582094995,0.15952538141262276,0.15102063268619736,0.14053412883445537,0.1271455118953446,0.10825571652982163,0.05509124935477033,,,,,,,,0.05509124935477033
136440.0,0.1843269519758782,0.18385078960939613,0.18241626461397598,0.18000428122472087,0.17657972810247932,0.17208564474071666,0.16643213063430962,0.1594754057947727,0.15097499800725409,0.1404936449533511,0.1271112732127742,0.10822964274393479,0.055085638396902864,,,,,,,,0.055085638396902864
136500.0,0.18426354379139148,0.18378765090792756,0.18235393521187182,0.17994330384483714,0.17652065144073203,0.1720290284964025,0.1663785542973048,0.15942548442963356,0.15092941220842807,0.1404532036991936,0.12707706977329886,0.10820359494483528,0.05508003670772437,,,,,,,,0.05508003670772437
136560.0,0.18420020698248274,0.1837245832308172,0.1822916757810556,0.1798823946827052,0.17646164054387334,0.17197247486368755,0.16632503671105747,0.15937561722679677,0.15088387520910473,0.14041280500261416,0.1270429015205859,0.10817757309206077,0.05507444426696479,,,,,,,,0.05507444426696479
136620.0,0.18413694142684317,0.18366158645642175,0.1822294862018771,0.1798215536219851,0.17640269530017558,0.17191598373674175,0.16627157777690876,0.15932580409605313,0.15083838692884544,0.1403724487943936,0.12700876839842234,0.10815157714523287,0.055068861054408426,,,,,,,,0.055068861054408426
136680.0,0.18407374700243948,0.18359866046337206,0.182167366354955,0.17976078054659766,0.1763438155981608,0.17185955500997063,0.16621817739641823,0.15927604494739178,0.1507929472873873,0.14033213500546218,0.12697467035071466,0.10812560706405674,0.055063287049893765,,,,,,,,0.055063287049893765
136740.0,0.18401062358751316,0.18353580513057174,0.1821053161211766,0.1797000753407244,0.17628500132660024,0.17180318857801455,0.16616483547136332,0.15922633969099984,0.15074755620464236,0.14029186356689952,0.12694060732148846,0.10809966280832109,0.05505772223331326,,,,,,,,0.05505772223331326
136800.0,0.18394757106057955,0.18347302033719687,0.1820433353816964,0.17963943788880601,0.17622625237451353,0.17174688433574833,0.16611155190373883,0.15917668823726192,0.15070221360069758,0.14025163440993363,0.12690657925488807,0.10807374433789788,0.055052166584613274,,,,,,,,0.055052166584613274
136860.0,0.18388458930042728,0.1834103059626953,0.18198142401793588,0.17957886807554205,0.17616756863116803,0.17169064217828048,0.16605832659575628,0.15912709049675944,0.15065691939581385,0.14021144746594102,0.12687258609517635,0.10804785161274205,0.05504662008379378,,,,,,,,0.05504662008379378
136920.0,0.18382167818611747,0.18334766188678556,0.1819195819115825,0.17951836578589028,0.17610894998607826,0.1716344620009524,0.16600515944984326,0.1590775463802704,0.1506116735104259,0.14017130266644592,0.12683862778673438,0.10802198459289145,0.05504108271090836,,,,,,,,0.05504108271090836
136980.0,0.183758837596983,0.18328508798945636,0.18185780894458917,0.17945793090506582,0.1760503963290051,0.1715783436993381,0.1659520503686429,0.15902805579876841,0.15056647586514163,0.14013119994311996,0.12680470427406107,0.10799614323846657,0.055035554446063874,,,,,,,,0.055035554446063874
137040.0,0.18369606741262767,0.18322258415096584,0.18179610499917315,0.17939756331854054,0.17599190754995517,0.17152228716924336,0.16589899925501347,0.15897861866342244,0.15052132638074175,0.14009113922778196,0.12677081550177272,0.10797032750967032,0.055030035269420415,,,,,,,,0.055030035269420415
137100.0,0.1836333675129253,0.1831601502518406,0.18173446995781586,0.1793372629120423,0.17593348353918,0.17146629230670488,0.16584600601202742,0.15892923488559632,0.15047622497817933,0.14005112045239754,0.12673696141460322,0.10794453736678784,0.0550245251611911,,,,,,,,0.0550245251611911
137160.0,0.1835707377780197,0.18309778617287542,0.1816729037032618,0.17927702957155398,0.17587512418717582,0.17141035900799023,0.16579307054297113,0.15887990437684815,0.15043117157857916,0.14001114354907826,0.12670314195740312,0.10791877277018636,0.05501902410164192,,,,,,,,0.05501902410164192
137220.0,0.1835081780883229,0.18303549179513193,0.18161140611851773,0.17921686318331356,0.17581682938468232,0.1713544871695967,0.16574019275134405,0.1588306270489297,0.15038616610323746,0.13997120845008196,0.1266693570751397,0.10789303368031487,0.055013532071091574,,,,,,,,0.055013532071091574
137280.0,0.1834456883245152,0.1829732669999384,0.18154997708685228,0.17915676363381253,0.17575859902268234,0.17129867668825083,0.16568737254085844,0.15878140281378597,0.15034120847362145,0.13993131508781165,0.12663560671289656,0.10786732005770408,0.055008049049911314,,,,,,,,0.055008049049911314
137340.0,0.18338326836754404,0.18291111166888874,0.18148861649179504,0.1790967308097957,0.17570043299240115,0.17124292746090783,0.16563460981543865,0.1587322315835547,0.15029629861136867,0.13989146339481565,0.12660189081587342,0.10784163186296605,0.05500257501852473,,,,,,,,0.05500257501852473
137400.0,0.18332091809862353,0.1828490256838417,0.18142732421713592,0.17903676459826037,0.17564233118530553,0.1711872393847511,0.1655819044792204,0.15868311327056567,0.15025143643828678,0.13985165330378707,0.12656820932938545,0.10781596905679414,0.05499710995740773,,,,,,,,0.05499710995740773
137460.0,0.18325863739923356,0.18278700892692057,0.1813661001469243,0.17897686488645576,0.17558429349310375,0.1711316123571913,0.16552925643655034,0.15863404778734053,0.15020662187635292,0.1398118847475631,0.12653456219886364,0.10779033159996271,0.05499165384708822,,,,,,,,0.05499165384708822
137520.0,0.18319642615111886,0.1827250612805117,0.18130494416546844,0.17891703156188207,0.1755263198077442,0.1710760462758658,0.16547666559198568,0.1585850350465919,0.15016185484771338,0.13977215765912507,0.1265009493698538,0.10776471945332694,0.05498620666814604,,,,,,,,0.05498620666814604
137580.0,0.18313428423628877,0.18266318262726464,0.18124385615733474,0.17885726451229,0.175468410021415,0.17102054103863856,0.1654241318502932,0.15853607496122313,0.15011713527468284,0.13973247197159788,0.12646737078801656,0.10773913257782267,0.05498076840121278,,,,,,,,0.05498076840121278
137640.0,0.18307221153701614,0.18260137285009084,0.1811828360073471,0.1787975636256801,0.1754105640265436,0.17096509654359862,0.16537165511644897,0.15848716744432756,0.15007246307974464,0.13969282761824964,0.12643382639912726,0.10771357093446614,0.0549753390269716,,,,,,,,0.0549753390269716
137700.0,0.18301020793583678,0.18253963183216315,0.18112188360058612,0.1787379287903019,0.17535278171579582,0.17090971268906027,0.16531923529563786,0.15843831240918835,0.1500278381855495,0.13965322453249115,0.12640031614907538,0.10768803448435393,0.05496991852615711,,,,,,,,0.05496991852615711
137760.0,0.18294827331554867,0.1824779594569149,0.1810609988223884,0.17867835989465333,0.17529506298207523,0.17085438937356223,0.1652668722932526,0.15838950976927746,0.14998326051491537,0.1396136626478758,0.12636683998386425,0.1076625231886625,0.0549645068795552,,,,,,,,0.0549645068795552
137820.0,0.18288640755921104,0.1824163556080396,0.1810001815583459,0.1786188568274802,0.17523740771852264,0.1707991264958667,0.16521456601489365,0.1583407594382557,0.14993872999082727,0.13957414189809883,0.12633339784961084,0.10763703700864827,0.05495910406800287,,,,,,,,0.05495910406800287
137880.0,0.18282461055014407,0.18235482016948967,0.18093943169430513,0.17855941947777515,0.17517981581851538,0.17074392395495916,0.1651623163663685,0.15829206132997195,0.14989424653643654,0.13953466221699729,0.12629998969254558,0.10761157590564727,0.05495371007238808,,,,,,,,0.05495371007238808
137940.0,0.18276288217192818,0.1822933530254764,0.18087874911636678,0.17850004773477737,0.17512228717566664,0.17068878165004775,0.16511012325369082,0.1582434153584625,0.14984981007506037,0.13949522353854954,0.12626661545901186,0.10758613984107494,0.054948324873649576,,,,,,,,0.054948324873649576
138000.0,0.1827012223084024,0.1822319540604686,0.18081813371088454,0.17844074148797168,0.1750648216838249,0.17063369948056234,0.16505798658308035,0.15819482143795074,0.14980542053018162,0.13945582579687485,0.12623327509546575,0.107560728776426,0.05494294845277681,,,,,,,,0.05494294845277681
138060.0,0.18263963084366536,0.18217062315919225,0.18075758536446473,0.17838150062708794,0.17500741923707328,0.17057867734615434,0.1650059062609622,0.15814627948284685,0.14976107782544795,0.13941646892623297,0.12619996854847584,0.10753534267327428,0.054937580790809654,,,,,,,,0.054937580790809654
138120.0,0.18257810766207272,0.18210936020662977,0.18069710396396563,0.1783223250421004,0.17495007972972876,0.1705237151466958,0.16495388219396592,0.15809778940774677,0.14971678188467188,0.13937715286102384,0.126166695764723,0.10750998149327236,0.054932221868838386,,,,,,,,0.054932221868838386
138180.0,0.1825166526482378,0.18204816508801924,0.1806366893964966,0.1782632146232271,0.1748928030563417,0.17046881278227885,0.16490191428892575,0.1580493511274323,0.1496725326318301,0.1393378775357873,0.1261334566909997,0.10748464519815154,0.05492687166800341,,,,,,,,0.05492687166800341
138240.0,0.18245526568703038,0.18198703768885366,0.1805763415494175,0.17820416926092902,0.17483558911169525,0.17041397015321538,0.16485000245287929,0.1580009645568702,0.1496283299910629,0.13929864288520247,0.12610025127421018,0.10745933374972162,0.05492153016949522,,,,,,,,0.05492153016949522
138300.0,0.18239394666357592,0.18192597789488055,0.1805160603103381,0.17814518884590955,0.17477843779080457,0.17035918716003604,0.16479814659306719,0.15795262961121173,0.14958417388667392,0.1392594488440878,0.12606707946137,0.10743404710987062,0.05491619735455413,,,,,,,,0.05491619735455413
138360.0,0.1823326954632551,0.1818649855921008,0.18045584556711725,0.1780862732691138,0.17472134898891628,0.17030446370349,0.16474634661693296,0.15790434620579247,0.14954006424312974,0.1392202953474001,0.12603394119960562,0.10740878524056463,0.054910873204470204,,,,,,,,0.054910873204470204
138420.0,0.18227151197170283,0.1818040606667683,0.18039569720786225,0.1780274224217281,0.17466432260150788,0.17024979968454415,0.16469460243212197,0.15785611425613139,0.14949600098505939,0.13918118233023474,0.12600083643615417,0.1073835481038477,0.054905557700583085,,,,,,,,0.054905557700583085
138480.0,0.18221039607480802,0.18174320300538935,0.18033561512092822,0.17796863619517897,0.174607358524287,0.1701951950043826,0.16464291394648103,0.15780793367793053,0.14945198403725377,0.13914210972782506,0.12596776511836344,0.1073583356618415,0.05490025082428183,,,,,,,,0.05490025082428183
138540.0,0.18214934765871243,0.18168241249472153,0.18027559919491742,0.1779099144811329,0.17455045665319088,0.17014064956440608,0.16459128106805812,0.15775980438707485,0.14940801332466544,0.13910307747554193,0.12593472719369114,0.10733314787674526,0.05489495255700474,,,,,,,,0.05489495255700474
138600.0,0.1820883666098101,0.18162168902177336,0.1802156493186784,0.17785125717149552,0.17449361688438572,0.17008616326623138,0.16453970370510135,0.15771172629963118,0.1493640887724082,0.13906408550889338,0.12590172260970492,0.10730798471083544,0.05488966288023926,,,,,,,,0.05488966288023926
138660.0,0.18202745281474694,0.18156103247380373,0.18015576538130573,0.17779266415841058,0.17443683911426605,0.1700317360116907,0.16448818176605906,0.15766369933184804,0.14932021030575643,0.13902513376352454,0.12586875131408207,0.10728284612646574,0.054884381775521796,,,,,,,,0.054884381775521796
138720.0,0.18196660616041965,0.18150044273832072,0.1800959472721389,0.1777341353342602,0.1743801232394542,0.16997736770283112,0.16443671515957847,0.15761572340015528,0.14927637785014483,0.13898622217521692,0.12583581325460905,0.10725773208606665,0.054879109224437554,,,,,,,,0.054879109224437554
138780.0,0.1819058265339752,0.1814399197030815,0.18003619488076186,0.1776756705916633,0.17432346915679953,0.16992305824191406,0.1643853037945062,0.1575677984211632,0.149232591331168,0.1389473506798882,0.1258029083791814,0.10723264255214554,0.05487384520862041,,,,,,,,0.05487384520862041
138840.0,0.1818451138228103,0.18137946325609128,0.17997650809700252,0.1776172698234755,0.174266876763378,0.1698688075314147,0.16433394757988654,0.15751992431166234,0.14918885067458001,0.13890851921359187,0.12577003663580344,0.10720757748728615,0.05486858970975278,,,,,,,,0.05486858970975278
138900.0,0.18178446791457062,0.18131907328560265,0.17991688681093174,0.17755893292278824,0.17421034595649137,0.16981461547402127,0.16428264642496193,0.15747210098862321,0.1491451558062938,0.13886972771251688,0.12573719797258784,0.10718253685414873,0.0548633427095654,,,,,,,,0.0548633427095654
138960.0,0.1817238886971499,0.18125874968011527,0.17985733091286274,0.17750065978292837,0.1741538766336667,0.1697604819726346,0.16423140023917196,0.15742432836919526,0.14910150665238114,0.1388309761129873,0.12570439233775557,0.10715752061546968,0.05485810418983727,,,,,,,,0.05485810418983727
139020.0,0.18166337605868954,0.1811984923283747,0.1797978402933509,0.17744245029745725,0.17409746869265577,0.1697064069303676,0.16418020893215285,0.15737660637070683,0.14905790313907183,0.13879226435146194,0.12567161967963533,0.10713252873406125,0.05485287413239541,,,,,,,,0.05485287413239541
139080.0,0.18160292988757804,0.18113830111937199,0.17973841484319253,0.1773843043601702,0.1740411220314345,0.16965239025054463,0.164129072413737,0.1573289349106646,0.14901434519275347,0.1387535923645339,0.12563887994666362,0.1071075611728116,0.05484765251911482,,,,,,,,0.05484765251911482
139140.0,0.18154255007244993,0.18107817594234313,0.1796790544534243,0.17732622186509622,0.17398483654820207,0.16959843183670084,0.16407799059395245,0.15728131390675296,0.14897083273997094,0.13871496008893036,0.12560617308738417,0.10708261789468448,0.05484243933191825,,,,,,,,0.05484243933191825
139200.0,0.18148223650218523,0.1810181166867683,0.17961975901532307,0.17726820270649668,0.17392861214138072,0.16954453159258173,0.1640269633830225,0.15723374327683382,0.14892736570742615,0.13867636746151218,0.12557349905044776,0.10705769886271904,0.05483723455277606,,,,,,,,0.05483723455277606
139260.0,0.18142198906590923,0.18095812324237082,0.1795605284204048,0.17721024677886532,0.173872448709615,0.1694906894221426,0.1639759906913649,0.1571862229389457,0.14888394402197747,0.13863781441927372,0.1255408577846119,0.1070328040400296,0.05483203816370607,,,,,,,,0.05483203816370607
139320.0,0.1813618076529912,0.1808981954991172,0.1795013625604237,0.17715235397692716,0.173816346151771,0.16943690522954782,0.1639250724295914,0.15713875281130374,0.14884056761063943,0.13859930089934205,0.12550824923874096,0.10700793338980563,0.05482685014677356,,,,,,,,0.05482685014677356
139380.0,0.1813016921530441,0.18083833334721605,0.17944226132737237,0.17709452419563831,0.173760304366936,0.16938317891917065,0.16387420850850767,0.15709133281229903,0.14879723640058212,0.13856082683897702,0.12547567336180507,0.10698308687531137,0.05482167048409086,,,,,,,,0.05482167048409086
139440.0,0.1812416424559238,0.18077853667711727,0.1793832246134804,0.1770367573301851,0.17370432325441762,0.16932951039559208,0.1638233988391121,0.15704396286049796,0.14875395031913105,0.1385223921755707,0.1254431301028807,0.10695826445988571,0.0548164991578174,,,,,,,,0.0548164991578174
139500.0,0.18118165845172837,0.180718805379512,0.17932425231121407,0.17697905327598315,0.17364840271374357,0.1692758995636008,0.16377264333259586,0.15699664287464196,0.14871070929376648,0.1384839968466472,0.12541061941114975,0.10693346610694215,0.05481133615015953,,,,,,,,0.05481133615015953
139560.0,0.18112174003079776,0.18065913934533115,0.17926534431327568,0.17692141192867766,0.17359254264466087,0.1692223463281926,0.16372194190034195,0.15694937277364726,0.1486675132521233,0.1384456407898622,0.12537814123589977,0.10690869177996837,0.05480618144337035,,,,,,,,0.05480618144337035
139620.0,0.18106188708371262,0.18059953846574567,0.179206500512603,0.17686383318414187,0.17353674294713498,0.16916885059456935,0.16367129445392492,0.15690215247660386,0.14862436212199023,0.13840732394300254,0.12534569552652342,0.10688394144252614,0.05480103501974955,,,,,,,,0.05480103501974955
139680.0,0.18100209950129395,0.18054000263216508,0.1791477208023683,0.1768063169384768,0.1734810035213499,0.1691154122681391,0.16362070090511052,0.15685498190277544,0.1485812558313098,0.13836904624398602,0.1253132822325181,0.10685921505825131,0.054795896861643316,,,,,,,,0.054795896861643316
139740.0,0.18094237717460274,0.18048053173623738,0.17908900507597808,0.17674886308801072,0.1734253242677069,0.16906203125451497,0.16357016116585493,0.15680786097159907,0.14853819430817777,0.1383308076308612,0.12528090130348596,0.10683451259085337,0.05479076695144418,,,,,,,,0.05479076695144418
139800.0,0.18088271999493857,0.18042112566984814,0.1790303532270724,0.17669147152929848,0.17336970508682434,0.169008707459515,0.1635196751483041,0.15676078960268428,0.14849517748084268,0.13829260804180657,0.1252485526891335,0.10680983400411535,0.054785645271590806,,,,,,,,0.054785645271590806
139860.0,0.1808231278538397,0.1803617843251198,0.17897176514952393,0.1766341421591209,0.173314145879537,0.16895544078916147,0.1634692427647938,0.15671376771581283,0.1484522052777056,0.13825444741513068,0.1252162363392713,0.10678517926189374,0.054780531804567954,,,,,,,,0.054780531804567954
139920.0,0.1807636006430822,0.18030250759441144,0.17891324073743786,0.17657687487448412,0.17325864654689538,0.1689022311496802,0.16341886392784863,0.1566667952309385,0.14840927762731954,0.13821632568927167,0.12518395220381365,0.10676054832811822,0.054775426532906284,,,,,,,,0.054775426532906284
139980.0,0.18070413825467882,0.18024329537031772,0.17885477988515072,0.17651966957261903,0.1732032069901653,0.16884907844750027,0.16336853855018155,0.15661987206818623,0.14836639445838917,0.13817824280279667,0.12515170023277855,0.10673594116679144,0.05477032943918219,,,,,,,,0.05477032943918219
140040.0,0.18064474058087931,0.18018414754566825,0.17879638248723015,0.1764625261509806,0.17314782711082727,0.16879598258925332,0.16331826654469392,0.15657299814785192,0.14832355569977052,0.13814019869440206,0.12511948037628728,0.10671135774198888,0.054765240506017734,,,,,,,,0.054765240506017734
140100.0,0.180585407514169,0.18012506401352735,0.17873804843847416,0.17640544450724754,0.17309250681057572,0.168742943481773,0.16326804782447427,0.1565261733904019,0.1482807612804704,0.13810219330291254,0.12508729258456397,0.1066867980178588,0.054760159716080406,,,,,,,,0.054760159716080406
140160.0,0.1805261389472683,0.18006604466719311,0.17867977763391035,0.17634842453932134,0.1730372459913189,0.16868996103209452,0.16321788230279802,0.15647939771647243,0.14823801112964588,0.13806422656728087,0.12505513680793576,0.10666226195862177,0.054755087052083116,,,,,,,,0.054755087052083116
140220.0,0.1804669347731325,0.18000708940019672,0.1786215699687956,0.17629146614532584,0.17298204455517766,0.168637035147454,0.16316776989312748,0.1564326710468694,0.14819530517660448,0.1380262984265881,0.12502301299683208,0.10663774952857076,0.0547500224967839,,,,,,,,0.0547500224967839
140280.0,0.18040779488495057,0.17994819810630208,0.17856342533861522,0.17623456922360675,0.17292690240448563,0.16858416573528828,0.1631177105091107,0.15638599330256772,0.14815264335080308,0.13798840882004254,0.12499092110178471,0.1066132606920709,0.05474496603298592,,,,,,,,0.05474496603298592
140340.0,0.1803487191761449,0.1798893706795049,0.17850534363908246,0.17617773367273093,0.17287181944178787,0.16853135270323383,0.16306770406458126,0.156339364404711,0.14811002558184794,0.1379505576869797,0.12495886107342738,0.10658879541355915,0.05473991764353726,,,,,,,,0.05473991764353726
140400.0,0.18028970754037066,0.17983060701403236,0.17844732476613778,0.17612095939148573,0.17281679556984103,0.16847859595912648,0.16301775047355796,0.1562927842746111,0.14806745179949418,0.13791274496686215,0.12492683286249558,0.10656435365754423,0.05473487731133074,,,,,,,,0.05473487731133074
140460.0,0.18023075987151485,0.17977190700434234,0.1783893686159485,0.1760642462788785,0.17276183069161224,0.16842589541100128,0.16296784965024394,0.15624625283374755,0.14802492193364544,0.137874970599279,0.12489483641982622,0.1065399353886066,0.05472984501930396,,,,,,,,0.05472984501930396
140520.0,0.18017187606369608,0.17971327054512276,0.17833147508490776,0.17600759423413612,0.1727069247102788,0.16837325096709121,0.16291800150902644,0.15619977000376722,0.14798243591435348,0.1378372345239454,0.12486287169635742,0.10651554057139796,0.05472482075043887,,,,,,,,0.05472482075043887
140580.0,0.18011305601126398,0.1796546975312911,0.17827364406963436,0.1759510031567042,0.17265207752922776,0.16832066253582728,0.16286820596447632,0.15615333570648393,0.14793999367181776,0.13779953668070258,0.12483093864312825,0.10649116917064133,0.05471980448776196,,,,,,,,0.05471980448776196
140640.0,0.1800542996087979,0.17959618785799364,0.17821587546697193,0.17589447294624655,0.1725972890520549,0.16826813002583776,0.16281846293134752,0.1561069498638778,0.14789759513638503,0.13776187700951742,0.1247990372112785,0.10646682115113076,0.054714796214343886,,,,,,,,0.054714796214343886
140700.0,0.17999560675110718,0.1795377414206049,0.17815816917398833,0.1758380035026446,0.1725425591825647,0.16821565334594765,0.16276877232457657,0.15606061239809518,0.14785524023854904,0.13772425545048186,0.12476716735204832,0.10644249647773121,0.0547097959132994,,,,,,,,0.0547097959132994
140760.0,0.17993697733323008,0.1794793581147272,0.17810052508797508,0.1757815947259971,0.17248788782476948,0.16816323240517822,0.1627191340592821,0.15601432323144784,0.1478129289089502,0.13768667194381298,0.12473532901677817,0.10641819511537828,0.054704803567787334,,,,,,,,0.054704803567787334
140820.0,0.179878411250433,0.1794210378361898,0.1780429431064469,0.17572524651661905,0.17243327488288893,0.16811086711274645,0.1626695480507643,0.1559680822864127,0.14777066107837492,0.13764912642985225,0.12470352215690828,0.10639391702907813,0.05469981916101025,,,,,,,,0.05469981916101025
140880.0,0.17981990839821038,0.17936278048104823,0.17798542312714077,0.17566895877504135,0.17237872026134948,0.1680585573780645,0.16262001421450478,0.1559218894856315,0.14772843667775548,0.13761161884906561,0.12467174672397865,0.10636966218390732,0.05469484267621446,,,,,,,,0.05469484267621446
140940.0,0.17976146867228374,0.17930458594558418,0.17792796504801578,0.1756127314020105,0.17232422386478397,0.16800630311073927,0.16257053246616568,0.15587574475191002,0.14768625563816973,0.13757414914204294,0.1246400026696287,0.10634543054501251,0.05468987409668986,,,,,,,,0.05468987409668986
141000.0,0.17970309196860104,0.17924645412630444,0.17787056876725216,0.17555656429848754,0.17226978559803074,0.16795410422057183,0.16252110272158918,0.15582964800821816,0.1476441178908404,0.13753671724949765,0.12460828994559693,0.10632122207761047,0.054684913405769794,,,,,,,,0.054684913405769794
141060.0,0.17964477818333618,0.17918838491994027,0.17781323418325098,0.17550045736564776,0.1722154053661336,0.1679019606175569,0.16247172489679745,0.15578359917768916,0.1476020233671349,0.1374993231122667,0.12457660850372089,0.10629703674698769,0.05467996058683091,,,,,,,,0.05467996058683091
141120.0,0.17958652721288856,0.17913037822344718,0.17775596119463333,0.1754444105048802,0.17216108307434072,0.16784987221188236,0.16242239890799196,0.15573759818361907,0.1475599719985651,0.13746196667130994,0.1245449582959367,0.10627287451850038,0.05467501562329302,,,,,,,,0.05467501562329302
141180.0,0.1795283389538822,0.179072433934004,0.1776987497002398,0.17538842361778686,0.17210681862810442,0.16779783891392877,0.16237312467155265,0.15569164494946666,0.14751796371678652,0.1374246478677099,0.12451333927427892,0.10624873535757427,0.054670078498619004,,,,,,,,0.054670078498619004
141240.0,0.17947021330316534,0.17901455194901245,0.17764159959913006,0.1753324966061823,0.17205261193308075,0.16774586063426875,0.16232390210403821,0.155645739398853,0.14747599845359854,0.13738736664267143,0.12448175139088027,0.10622461922970436,0.05466514919631466,,,,,,,,0.05466514919631466
141300.0,0.17941215015780967,0.17895673216609645,0.17758451079058207,0.17527662937209298,0.17199846289512843,0.16769393728366655,0.16227473112218485,0.15559988145556053,0.14743407614094348,0.13735012293752172,0.12445019459797141,0.10620052610045483,0.05466022769992854,,,,,,,,0.05466022769992854
141360.0,0.17935414941510974,0.1788989744831017,0.1775274831740916,0.1752208218177567,0.17194437142030902,0.16764206877307775,0.16222561164290625,0.15555407104353314,0.14739219671090645,0.13731291669370943,0.12441866884788066,0.10617645593545878,0.05465531399305189,,,,,,,,0.05465531399305189
141420.0,0.17929621097258286,0.17884127879809478,0.1774705166493716,0.17516507384562233,0.17189033741488585,0.16759025501364821,0.16217654358329328,0.15550830808687574,0.14735036009571528,0.13727574785280483,0.12438717409303378,0.1061524087004182,0.05465040805931848,,,,,,,,0.05465040805931848
141480.0,0.1792383347279676,0.17878364500936286,0.1774136111163518,0.1751093853583486,0.17183636078532352,0.16753849591671424,0.16212752686061285,0.1554625925098535,0.14730856622773955,0.13723861635649934,0.12435571028595369,0.10612838436110368,0.054645509882404415,,,,,,,,0.054645509882404415
141540.0,0.17918052057922404,0.17872607301541305,0.17735676647517779,0.17505375625880432,0.17178244143828778,0.16748679139380165,0.1620785613923081,0.15541692423689166,0.14726681503949063,0.13720152214660497,0.12432427737926023,0.10610438288335428,0.05464061944602813,,,,,,,,0.05464061944602813
141600.0,0.17912276842453284,0.17866856271497164,0.1772999826262107,0.17499818645006726,0.17172857928064458,0.16743514135662524,0.16202964709599782,0.1553713031925751,0.14722510646362133,0.1371644651650545,0.12429287532566995,0.10608040423307731,0.05463573673395022,,,,,,,,0.05463573673395022
141660.0,0.17906507816229444,0.17861111400698382,0.1772432594700267,0.17494267583542375,0.17167477421945962,0.16738354571708863,0.16198078388947565,0.155325729301648,0.1471834404329253,0.13712744535390092,0.12426150407799585,0.10605644837624828,0.054630861729973196,,,,,,,,0.054630861729973196
141720.0,0.17900744969112883,0.1785537267906128,0.1771865969074162,0.17488722431836828,0.171621026161998,0.16733200438728354,0.16193197169071,0.1552802024890132,0.14714181688033684,0.1370904626553169,0.12423016358914717,0.10603251527891065,0.05462599441794151,,,,,,,,0.05462599441794151
141780.0,0.17894988290987507,0.17849640096523936,0.17712999483938338,0.17483183180260292,0.17156733501572363,0.16728051727948925,0.1618832104178434,0.15523472267973187,0.14710023573893044,0.13705351701159482,0.12419885381212901,0.10600860490717567,0.054621134781741396,,,,,,,,0.054621134781741396
141840.0,0.17889237771759012,0.17843913643046144,0.17707345316714584,0.1747764981920364,0.17151370068829852,0.16722908430617223,0.16183449998919205,0.15518928979902344,0.14705869694192059,0.13701660836514645,0.12416757470004226,0.1059847172272222,0.054616282805300655,,,,,,,,0.054616282805300655
141900.0,0.17883493401354875,0.1783819330860932,0.17701697179213352,0.17472122339078408,0.17146012308758243,0.16717770537998558,0.16178584032324553,0.15514390377226456,0.14701720042266112,0.13697973665850235,0.12413632620608327,0.1059608522052966,0.054611438472588626,,,,,,,,0.054611438472588626
141960.0,0.17877755169724294,0.1783247908321648,0.17696055061598864,0.1746660073031672,0.17140660212163253,0.1671263804137687,0.1617372313386661,0.15509856452498913,0.14697574611464517,0.1369429018343119,0.1241051082835437,0.10593700980771249,0.05460660176761604,,,,,,,,0.05460660176761604
142020.0,0.17872023066838105,0.17826770956892155,0.17690418954056503,0.17461084983371222,0.17135313769870236,0.16707510932054648,0.16168867295428846,0.15505327198288787,0.14693433395150454,0.13690610383534282,0.12407392088581001,0.10591319000085063,0.054601772674434806,,,,,,,,0.054601772674434806
142080.0,0.17866297082688748,0.17821068919682362,0.17684788846792718,0.17455575088715028,0.17129972972724172,0.16702389201352905,0.16164016508911913,0.1550080260718078,0.14689296386700965,0.13686934260448083,0.12404276396636363,0.10588939275115875,0.05459695117713808,,,,,,,,0.05459695117713808
142140.0,0.17860577207290207,0.17815372961654516,0.17679164730035038,0.17450071036841713,0.1712463781158963,0.16697272840611135,0.16159170766233621,0.15496282671775177,0.14685163579506885,0.13683261808472946,0.12401163747878045,0.10586561802515143,0.05459213725985987,,,,,,,,0.05459213725985987
142200.0,0.17854863430677936,0.17809683072897406,0.17673546594031958,0.17444572818265183,0.17119308277350664,0.1669216184118725,0.16154330059328878,0.15491767384687824,0.14681034966972809,0.13679593021920974,0.12398054137673058,0.10584186578940978,0.05458733090677518,,,,,,,,0.05458733090677518
142260.0,0.1784915574290883,0.1780399924352111,0.17667934429052895,0.17439080423519676,0.171139843609108,0.1668705619445753,0.16149494380149637,0.1548725673855009,0.146769105425171,0.13675927895115988,0.12394947561397825,0.10581813601058146,0.054582532102099714,,,,,,,,0.054582532102099714
142320.0,0.17843454134061137,0.1779832146365696,0.17662328225388169,0.17433593843159687,0.17108666053192984,0.16681955891816594,0.16144663720664879,0.15482750726008787,0.14672790299571817,0.13672266422393498,0.12391844014438146,0.10579442865538047,0.05457774083008981,,,,,,,,0.05457774083008981
142380.0,0.17837758594234412,0.17792649723457474,0.17656727973348896,0.17428113067759934,0.1710335334513951,0.1667686092467732,0.16139838072860532,0.15478249339726172,0.14668674231582657,0.13668608598100648,0.12388743492189176,0.1057707436905869,0.054572957075042304,,,,,,,,0.054572957075042304
142440.0,0.17832069113549498,0.177869840130963,0.17651133663266966,0.17422638087915285,0.17098046227711988,0.16671771284470832,0.16135017428739473,0.15473752572379912,0.14664562332008974,0.13664954416596245,0.12385645990055415,0.10574708108304678,0.05456818082129445,,,,,,,,0.05456818082129445
142500.0,0.1782638568214842,0.17781324322768166,0.17645545285494985,0.1741716889424071,0.17092744691891282,0.16666686962646446,0.16130201780321446,0.15469260416662997,0.14660454594323719,0.1366130387225067,0.12382551503450663,0.1057234407996721,0.054563412053223716,,,,,,,,0.054563412053223716
142560.0,0.17820708290194326,0.17775670642688826,0.17639962830406217,0.17411705477371223,0.1708744872867748,0.16661607950671578,0.16125391119643026,0.1546477286528375,0.14656351012013397,0.13657656959445882,0.1237946002779801,0.10569982280744042,0.05455865075524775,,,,,,,,0.05455865075524775
142620.0,0.17815036927871483,0.17770022963094997,0.17634386288394513,0.17406247827961854,0.17082158329089814,0.16656534240031778,0.16120585438757595,0.15460289910965752,0.14652251578578032,0.13654013672575388,0.12376371558529817,0.10567622707339476,0.0545538969118242,,,,,,,,0.0545538969118242
142680.0,0.1780937158538519,0.1776438127424431,0.1762881564987429,0.1740079593668757,0.17076873484166627,0.16651465822230604,0.16115784729735272,0.1545581154644783,0.14648156287531158,0.1365037400604418,0.12373286091087674,0.10565265356464361,0.054549150507450586,,,,,,,,0.054549150507450586
142740.0,0.17803712252961693,0.17758745566415246,0.1762325090528045,0.17395349794243214,0.17071594184965322,0.16646402688789624,0.16110988984662883,0.15451337764484,0.1464406513239975,0.13646737954268748,0.12370203620922397,0.10562910224836054,0.05454441152666425,,,,,,,,0.05454441152666425
142800.0,0.17798058920848206,0.17753115829907098,0.1761769204506834,0.17389909391343505,0.17066320422562323,0.16641344831248348,0.1610619819564392,0.15446868557843424,0.1463997810672422,0.13643105511677037,0.12367124143493997,0.10560557309178416,0.05453967995404216,,,,,,,,0.05453967995404216
142860.0,0.1779241157931277,0.17747492055039904,0.17612139059713694,0.1738447471872293,0.17061052188052983,0.16636292241164183,0.16101412354798486,0.15442403919310393,0.14635895204058358,0.13639476672708406,0.12364047654271655,0.10558206606221797,0.05453495577420084,,,,,,,,0.05453495577420084
142920.0,0.17786770218644263,0.17741874232154384,0.1760659193971258,0.1737904576713572,0.17055789472551602,0.16631244910112403,0.16096631454263263,0.1543794384168427,0.14631816417969307,0.13635851431813611,0.123609741487337,0.10555858112703013,0.05453023897179622,,,,,,,,0.05453023897179622
142980.0,0.17781134829152315,0.17736262351611912,0.17601050675581334,0.17373622527355778,0.1705053226719131,0.16626202829686074,0.16091855486191478,0.15433488317779448,0.14627741742037548,0.13632229783454766,0.12357903622367589,0.10553511825365337,0.0545255295315235,,,,,,,,0.0545255295315235
143040.0,0.17775505401167252,0.1773065640379444,0.17595515257856537,0.17368204990176678,0.17045280563124068,0.1662116599149603,0.16087084442752833,0.1542903734042533,0.1462367116985682,0.13628611722105344,0.1235483607066988,0.10551167740958484,0.054520827438117134,,,,,,,,0.054520827438117134
143100.0,0.17769881925040057,0.17725056379104445,0.17589985677094946,0.1736279314641152,0.1704003435152059,0.1661613438717084,0.16082318316133476,0.15424590902466281,0.14619604695034136,0.13624997242250095,0.12351771489146215,0.10548825856238585,0.054516132676350554,,,,,,,,0.054516132676350554
143160.0,0.17764264391142323,0.17719462267964892,0.17584461923873412,0.17357386986892992,0.17034793623570302,0.16611108008356704,0.16077557098535974,0.15420148996761576,0.14615542311189722,0.1362138633838506,0.12348709873311293,0.10546486167968182,0.05451144523103618,,,,,,,,0.05451144523103618
143220.0,0.17758652789866147,0.17713874060819154,0.17578943988788878,0.1735198650247325,0.170295583704813,0.16606086846717472,0.16072800782179247,0.15415711616185376,0.1461148401195699,0.13617779005017536,0.12345651218688845,0.10544148672916206,0.05450676508702526,,,,,,,,0.05450676508702526
143280.0,0.17753047111624154,0.17708291748130994,0.17573431862458308,0.17346591684023846,0.17024328583480297,0.16601070893934566,0.16068049359298528,0.15411278753626703,0.1460742979098249,0.13614175236666043,0.1234259552081162,0.10541813367857972,0.05450209222920776,,,,,,,,0.05450209222920776
143340.0,0.1774744734684938,0.17702715320384466,0.17567925535518608,0.17341202522435753,0.17019104253812564,0.1659606014170694,0.16063302822145342,0.15406850401989367,0.1460337964192591,0.1361057502786029,0.12339542775221354,0.10539480249575146,0.05449742664251218,,,,,,,,0.05449742664251218
143400.0,0.17741853485995238,0.17697144768083908,0.1756242499862661,0.17335819008619252,0.17013885372741896,0.1659105458175103,0.1605856116298745,0.15402426554191953,0.1459933355846,0.13606978373141132,0.12336492977468749,0.10537149314855743,0.054492768311905554,,,,,,,,0.054492768311905554
143460.0,0.17736265519535477,0.1769158008175386,0.17556930242459015,0.17330441133503915,0.17008671931550576,0.16586054205800727,0.16053824374108788,0.1539800720316778,0.14595291534270582,0.136033852670606,0.12333446123113463,0.10534820560494106,0.05448811722239329,,,,,,,,0.05448811722239329
143520.0,0.17730683437964126,0.17686021251939008,0.17551441257712305,0.17325068888038525,0.1700346392153927,0.16581059005607293,0.16049092447809465,0.15393592341864867,0.1459125356305648,0.13599795704181805,0.12330402207724066,0.10532493983290891,0.054483473359018965,,,,,,,,0.054483473359018965
143580.0,0.17725107231795428,0.17680468269204178,0.1754595803510274,0.17319702263191059,0.16998261334027065,0.16576068972939373,0.16044365376405698,0.15389181963245874,0.14587219638529506,0.13596209679078944,0.12327361226878034,0.10530169580053056,0.054478836706864354,,,,,,,,0.054478836706864354
143640.0,0.17719536891563792,0.17674921124134202,0.17540480565366282,0.1731434124994862,0.16993064160351345,0.16571084099582895,0.16039643152229754,0.1538477606028809,0.1458318975441443,0.13592627186337283,0.12324323176161724,0.10527847347593844,0.05447420725104925,,,,,,,,0.05447420725104925
143700.0,0.17713972407823741,0.1766937980733394,0.17535008839258534,0.1730898583931738,0.1698787239186779,0.16566104377341054,0.16034925767629948,0.15380374625983387,0.14579163904448927,0.13589048220553088,0.12321288051170347,0.10525527282732758,0.05446958497673131,,,,,,,,0.05446958497673131
143760.0,0.17708413771149875,0.17663844309428198,0.17529542847554713,0.17303636022322555,0.16982686019950294,0.16561129798034271,0.16030213214970584,0.15375977653338163,0.14575142082383566,0.13585472776333643,0.12318255847507949,0.10523209382295559,0.05446496986910596,,,,,,,,0.05446496986910596
143820.0,0.1770286097213678,0.17658314621061677,0.17524082581049588,0.17298291790008336,0.16977505035990959,0.16556160353500124,0.16025505486631894,0.15371585135373347,0.14571124281981773,0.13581900848297185,0.12315226560787397,0.10520893643114243,0.05446036191340639,,,,,,,,0.05446036191340639
143880.0,0.17697314001399028,0.17652790732898901,0.1751862803055742,0.1729295313343782,0.1697232943140001,0.16551196035593335,0.16020802575010026,0.15367197065124313,0.14567110497019786,0.13578332431072904,0.1231220018663034,0.10518580062027034,0.05445576109490329,,,,,,,,0.05445576109490329
143940.0,0.17691772849571077,0.17647272635624214,0.17513179186911923,0.1728762004369304,0.16967159197605775,0.16546236836185696,0.16016104472516982,0.15362813435640887,0.14563100721286623,0.1357476751930091,0.12309176720667193,0.10516268635878351,0.054451167398904744,,,,,,,,0.054451167398904744
144000.0,0.17686237507307248,0.17641760319941693,0.1750773604096621,0.17282292511874808,0.1696199432605461,0.16541282747166053,0.160114111715806,0.15358434239987281,0.14559094948584086,0.13571206107632192,0.12306156158537139,0.1051395936151882,0.054446580810756304,,,,,,,,0.054446580810756304
144060.0,0.17680707965281675,0.17636253776575092,0.17502298583592746,0.17276970529102734,0.16956834808210883,0.16536333760440228,0.160067226646445,0.1535405947124207,0.14555093172726666,0.13567648190728596,0.12303138495888068,0.10511652235805231,0.05444200131584067,,,,,,,,0.05444200131584067
144120.0,0.17675184214188222,0.1763075299626782,0.17496866805683287,0.1727165408651518,0.16951680635556912,0.1653138986793102,0.16002038944168018,0.15349689122498145,0.14551095387541552,0.13564093763262797,0.12300123728376577,0.10509347255600548,0.054437428899577624,,,,,,,,0.054437428899577624
144180.0,0.17669666244740462,0.17625257969782854,0.1749144069814884,0.17266343175269191,0.16946531799592904,0.1652645106157812,0.1599736000262622,0.15345323186862678,0.1454710158686862,0.135605428199183,0.12297111851667958,0.10507044417773871,0.054432863547424014,,,,,,,,0.054432863547424014
144240.0,0.17664154047671615,0.17619768687902718,0.17486020251919618,0.17261037786540417,0.16941388291836945,0.1652151733333808,0.15992685832509837,0.1534096165745711,0.14543111764560335,0.1355699535538936,0.12294102861436151,0.10504743719200432,0.054428305244873555,,,,,,,,0.054428305244873555
144300.0,0.17658647613734527,0.1761428514142943,0.17480605457944962,0.1725573791152313,0.16936250103824926,0.1651658867518429,0.15988016426325183,0.15336604527417078,0.14539125914481768,0.13553451364380995,0.12291096753363742,0.10502445156761593,0.05442375397745674,,,,,,,,0.05442375397745674
144360.0,0.17653146933701536,0.17608807321184428,0.1747519630719334,0.1725044354143015,0.16931117227110498,0.16511665079106905,0.15983351776594198,0.1533225178989239,0.14535144030510566,0.13549910841608953,0.1228809352314194,0.10500148727344806,0.054419209730740714,,,,,,,,0.054419209730740714
144420.0,0.1764765199836451,0.17603335218008534,0.17469792790652244,0.17245154667492751,0.16925989653265044,0.16506746537112818,0.1597869187585432,0.15327903438047014,0.14531166106536889,0.13546373781799664,0.12285093166470544,0.10497854427843613,0.05441467249032924,,,,,,,,0.05441467249032924
144480.0,0.17642162798534786,0.17597868822761914,0.17464394899328173,0.1723987128096069,0.16920867373877607,0.1650183304122562,0.1597403671665852,0.15323559465059008,0.14527192136463404,0.13542840179690244,0.12282095679057935,0.1049556225515763,0.054410142241862455,,,,,,,,0.054410142241862455
144540.0,0.1763667932504304,0.17592408126324013,0.17459002624246586,0.17234593373102106,0.16915750380554867,0.1649692458348554,0.15969386291575233,0.15319219864120504,0.1452322211420525,0.1353931003002846,0.12279101056621043,0.10493272206192535,0.054405618971016916,,,,,,,,0.054405618971016916
144600.0,0.17631201568739338,0.17586953119593507,0.17453615956451835,0.17229320935203493,0.16910638664921102,0.16492021155949416,0.15964740593188279,0.15314884628437658,0.14519256033689987,0.13535783327572662,0.12276109294885343,0.10490984277860041,0.054401102663505375,,,,,,,,0.054401102663505375
144660.0,0.17625729520493016,0.17581503793488248,0.17448234887007122,0.17224053958569635,0.16905532218618105,0.1648712275069066,0.15960099614096893,0.15310553751230638,0.14515293888857594,0.13532260067091822,0.12273120389584809,0.10488698467077895,0.054396593305076686,,,,,,,,0.054396593305076686
144720.0,0.17620263171192665,0.17576060138945251,0.1744285940699446,0.17218792434523592,0.1690043103330516,0.16482229359799205,0.1595546334691566,0.15306227225733557,0.14511335673660417,0.13528740243365478,0.12270134336461917,0.10486414770769861,0.05439209088151579,,,,,,,,0.05439209088151579
144780.0,0.17614802511746064,0.17570622146920595,0.1743748950751461,0.17213536354406617,0.16895335100659034,0.1647734097538144,0.1595083178427443,0.15301905045194467,0.1450738138206314,0.1352522385118368,0.12267151131267613,0.10484133185865693,0.054387595378643475,,,,,,,,0.054387595378643475
144840.0,0.1760934753308015,0.17565189808389375,0.1743212517968705,0.1720828570957814,0.16890244412373867,0.16472457589560216,0.15946204918818355,0.15297587202875307,0.14503431008042772,0.13521710885347007,0.12264170769761287,0.10481853709301137,0.05438310678231636,,,,,,,,0.05438310678231636
144900.0,0.17603898226140946,0.17559763114345714,0.17426766414649905,0.17203040491415678,0.16885158960161156,0.16467579194474768,0.15941582743207797,0.15293273692051862,0.14499484545588578,0.13518201340666536,0.1226119324771077,0.10479576338017912,0.05437862507842678,,,,,,,,0.05437862507842678
144960.0,0.17598454581893516,0.17554342055802652,0.1742141320355991,0.1719780069131484,0.16880078735749732,0.16462705782280682,0.15936965250118298,0.15288964506013755,0.14495541988702104,0.13514695211963784,0.12258218560892291,0.10477301068963688,0.0543741502529026,,,,,,,,0.0543741502529026
145020.0,0.1759301659132194,0.17548926623792102,0.1741606553759237,0.17192566300689266,0.16875003730885685,0.1645783734514986,0.1593235243224057,0.15284659638064374,0.1449160333139708,0.13511192494070692,0.12255246705090471,0.10475027899092074,0.054369682291707244,,,,,,,,0.054369682291707244
145080.0,0.17587584245429216,0.17543516809364842,0.17410723407941117,0.17187337310970532,0.16869933937332318,0.1645297387527047,0.1592774428228042,0.1528035908152087,0.14487668567699447,0.13507693181829633,0.12252277676098298,0.10472756825362613,0.05436522118083946,,,,,,,,0.05436522118083946
145140.0,0.17582157535237275,0.17538112603590433,0.17405386805818412,0.17182113713608174,0.16864869346870145,0.16448115364846902,0.15923140792958726,0.15276062829714113,0.144837376916473,0.13504197270093365,0.12249311469717107,0.10470487844740761,0.05436076690633334,,,,,,,,0.05436076690633334
145200.0,0.17576736451786878,0.1753271399755716,0.17400055722454963,0.1717689550006961,0.16859809951296786,0.16443261806099738,0.15918541957011403,0.15271770875988638,0.14479810697290835,0.1350070475372497,0.12246348081756561,0.1046822095419787,0.05435631945425803,,,,,,,,0.05435631945425803
145260.0,0.17571320986137592,0.1752732098237203,0.17394730149099855,0.1717168266184008,0.16854755742426972,0.1643841319126571,0.15913947767189351,0.15267483213702637,0.14475887578692387,0.1349721562759788,0.1224338750803463,0.10465956150711174,0.05435187881071784,,,,,,,,0.05435187881071784
145320.0,0.17565911129367728,0.1752193354916068,0.17389410077020473,0.17166475190422611,0.16849706712092477,0.16433569512597643,0.1590935821625845,0.15263199836227914,0.14471968329926324,0.13493729886595843,0.12240429744377562,0.1046369343126378,0.054347444961852016,,,,,,,,0.054347444961852016
145380.0,0.17560506872574322,0.17516551689067342,0.1738409549750249,0.17161273077338013,0.16844662852142087,0.16428730762364419,0.15904773296999478,0.1525892073694985,0.14468052945079055,0.13490247525612856,0.1223747478661988,0.10461432792844656,0.05434301789383465,,,,,,,,0.05434301789383465
145440.0,0.1755510820687305,0.17511175393254802,0.17378786401849824,0.17156076314124755,0.16839624154441535,0.1642389693285096,0.1590019300220809,0.1525464590926736,0.14464141418249,0.1348676853955319,0.12234522630604346,0.10459174232448605,0.05433859759287458,,,,,,,,0.05433859759287458
145500.0,0.17549715123398205,0.17505804652904364,0.1737348278138455,0.1715088489233897,0.16834590610873493,0.16419068016358154,0.158956173246948,0.15250375346592873,0.14460233743546558,0.13483292923331344,0.12231573272181948,0.10456917747076261,0.054334184045215304,,,,,,,,0.054334184045215304
145560.0,0.17544327613302632,0.17500439459215753,0.173681846274469,0.17145698803554402,0.1682956221333749,0.16414244005202824,0.15891046257284921,0.15246109042352304,0.14456329915094052,0.13479820671872011,0.12228626707211877,0.10454663333734071,0.05432977723713487,,,,,,,,0.05432977723713487
145620.0,0.175389456677577,0.17495079803407126,0.17362891931395186,0.17140518039362376,0.16824538953749898,0.16409424891717717,0.15886479792818542,0.15241846989984986,0.1445242992702574,0.13476351780110052,0.12225682931561516,0.10452410989434288,0.0543253771549458,,,,,,,,0.0543253771549458
145680.0,0.17533569277953234,0.17489725676714998,0.17357604684605765,0.17135342591371713,0.16819520824043874,0.16404610668251404,0.15881917924150452,0.15237589182943675,0.14448533773487757,0.134728862429905,0.12222741941106403,0.10450160711194938,0.054320983784994885,,,,,,,,0.054320983784994885
145740.0,0.17528198435097478,0.17484377070394191,0.17352322878472987,0.17130172451208714,0.16814507816169327,0.16399801327168295,0.1587736064415017,0.15233335614694501,0.144446414486381,0.13469424055468518,0.12219803731730222,0.1044791249603983,0.05431659711366319,,,,,,,,0.05431659711366319
145800.0,0.17522833130417062,0.1747903397571779,0.1734704650440917,0.17125007610517112,0.16809499922092852,0.16394996860848585,0.15872807945701847,0.15229086278716916,0.14440752946646573,0.1346596521250934,0.1221686829932479,0.10445666340998533,0.054312217127365996,,,,,,,,0.054312217127365996
145860.0,0.17517473355156912,0.17473696383977097,0.17341775553844516,0.17119848060958023,0.1680449713379773,0.16390197261688177,0.15868259821704256,0.15224841168503694,0.144368682616948,0.13462509709088297,0.12213935639790022,0.1044342224310635,0.05430784381255249,,,,,,,,0.05430784381255249
145920.0,0.17512119100580256,0.17468364286481597,0.1733651001822709,0.171146937942099,0.1679949944328384,0.16385402522098705,0.1586371626507077,0.15220600277560883,0.14432987387976162,0.13459057540190772,0.12211005749033915,0.10441180199404321,0.05430347715570587,,,,,,,,0.05430347715570587
145980.0,0.1750677035796853,0.17463037674558893,0.17331249889022785,0.171095448019685,0.16794506842567647,0.16380612634507433,0.15859177268729271,0.15216363599407748,0.14429110319695765,0.13455608700812177,0.1220807862297254,0.1043894020693921,0.05429911714334319,,,,,,,,0.05429911714334319
146040.0,0.17501427118621374,0.17457716539554666,0.1732599515771525,0.1710440107594683,0.16789519323682148,0.16375827591357262,0.15854642825622178,0.1521213112757678,0.14425237051070436,0.13452163185957913,0.12205154257530008,0.10436702262763466,0.0542947637620152,,,,,,,,0.0542947637620152
146100.0,0.1749608937385654,0.17452400872832632,0.17320745815805852,0.17099262607875093,0.16784536878676828,0.1637104738510666,0.15850112928706392,0.15207902855613645,0.1442136757632868,0.13448720990643362,0.12202232648638454,0.10434466363935242,0.05429041699830628,,,,,,,,0.05429041699830628
146160.0,0.174907571150099,0.1744709066577449,0.17315501854813645,0.17094129389500667,0.16779559499617622,0.16366272008229643,0.15845587570953193,0.15203678777077123,0.14417501889710654,0.1344528210989386,0.12199313792238023,0.1043223250751837,0.05428607683883441,,,,,,,,0.05428607683883441
146220.0,0.17485430333435337,0.17441785909779886,0.17310263266275305,0.17089001412588048,0.16774587178586878,0.16361501453215718,0.15841066745348314,0.15199458885539122,0.14413639985468127,0.13441846538744678,0.1219639768427685,0.10430000690582328,0.05428174327025093,,,,,,,,0.05428174327025093
146280.0,0.1748010902050476,0.17436486596266346,0.17305030041745112,0.17083878668918806,0.16769619907683309,0.16356735712569856,0.15836550444891842,0.1519524317458462,0.1440978185786446,0.13438414272240998,0.12193484320711027,0.10427770910202254,0.0542774162792406,,,,,,,,0.0542774162792406
146340.0,0.17474793167608,0.17431192716669267,0.1729980217279486,0.17078761150291538,0.16764657679021944,0.1635197477881244,0.15832038662598155,0.15191031637811628,0.14405927501174579,0.13434985305437844,0.12190573697504606,0.10425543163458924,0.05427309585252134,,,,,,,,0.05427309585252134
146400.0,0.17469482766152825,0.1742590426244183,0.17294579651013864,0.1707364884852185,0.167597004847341,0.1634721864447925,0.1582753139149595,0.15186824268831164,0.1440207690968495,0.13431559633400125,0.1218766581062956,0.10423317447438725,0.05426878197684425,,,,,,,,0.05426878197684425
146460.0,0.17464177807564835,0.1742062122505498,0.17289362468008887,0.17068541755442262,0.1675474831696734,0.16342467302121397,0.15823028624628177,0.1518262106126724,0.14398230077693538,0.13428137251202582,0.12184760656065773,0.10421093759233661,0.054264474638993525,,,,,,,,0.054264474638993525
146520.0,0.1745887828328745,0.17415343595997376,0.1728415061540408,0.17063439862902224,0.16749801167885425,0.16337720744305304,0.15818530355052,0.1517842200875678,0.14394386999509778,0.13424718153929738,0.12181858229801018,0.10418872095941328,0.054260173825786254,,,,,,,,0.054260173825786254
146580.0,0.17453584184781878,0.17410071366775326,0.1727894408484099,0.17058343162768044,0.16744859029668263,0.16332978963612652,0.1581403657583875,0.15174227104949642,0.14390547669454568,0.13421302336675928,0.12178958527830945,0.10416652454664903,0.05425587952407235,,,,,,,,0.05425587952407235
146640.0,0.1744829550352703,0.17404804528912798,0.1727374286797845,0.17053251646922823,0.16739921894511897,0.16328241952640354,0.15809547280073918,0.15170036343508553,0.14386712081860206,0.13417889794545226,0.12176061546159046,0.10414434832513131,0.054251591720734536,,,,,,,,0.054251591720734536
146700.0,0.17443012231019497,0.17399543073951304,0.17268546956492586,0.17048165307266452,0.1673498975462844,0.16323509704000497,0.1580506246085711,0.15165849718109084,0.14382880231070405,0.13414480522651437,0.12173167280796655,0.10412219226600314,0.05424731040268818,,,,,,,,0.05424731040268818
146760.0,0.174377343587735,0.17394286993449898,0.1726335634207677,0.17043084135715572,0.16730062602246037,0.1631878221032034,0.15800582111301992,0.15161667222439626,0.14379052111440224,0.1341107451611808,0.12170275727762915,0.10410005634046292,0.05424303555688124,,,,,,,,0.05424303555688124
146820.0,0.17432461878320865,0.17389036278985123,0.1725817101644152,0.17038008124203477,0.16725140429608842,0.16314059464242245,0.15796106224536274,0.1515748885020134,0.14375227717336053,0.1340767177007838,0.12167386883084763,0.10407794051976435,0.05423876717029403,,,,,,,,0.05423876717029403
146880.0,0.17427194781210945,0.1738379092215096,0.1725299097131453,0.1703293726468012,0.16720223228976946,0.16309341458423632,0.15791634793701687,0.15153314595108144,0.14371407043135606,0.13404272279675195,0.12164500742796916,0.10405584477521629,0.05423450522993938,,,,,,,,0.05423450522993938
146940.0,0.17421933059010586,0.1737855091455879,0.17247816198440588,0.17027871549112078,0.16715310992626362,0.16304628185536982,0.157871678119539,0.15149144450886678,0.14367590083227863,0.13400876040061022,0.12161617302941843,0.10403376907818261,0.05423024972286234,,,,,,,,0.05423024972286234
147000.0,0.17416676703304107,0.17373316247837356,0.1724264668958153,0.17022810969482463,0.1671040371284899,0.1629991963826975,0.15782705272462538,0.15144978411276253,0.14363776832013056,0.13397483046398004,0.12158736559569754,0.10401171340008208,0.054226000636140054,,,,,,,,0.054226000636140054
147060.0,0.17411425705693226,0.17368086913632705,0.1723748243651621,0.17017755517790925,0.1670550138195254,0.1629521580932437,0.15778247168411125,0.15140816470028853,0.1435996728390264,0.1339409329385785,0.12155858508738578,0.10398967771238822,0.0542217579568819,,,,,,,,0.0542217579568819
147120.0,0.1740618005779702,0.17362862903608142,0.17232323431040447,0.1701270518605358,0.16700603992260543,0.1629051669141818,0.15773793492997035,0.15136658620909074,0.1435616143331926,0.13390706777621827,0.12152983146513945,0.10396766198662916,0.05421752167222917,,,,,,,,0.05421752167222917
147180.0,0.1740093975125189,0.17357644209444212,0.17227169664967004,0.17007659966302996,0.16695711536112268,0.1628582227728341,0.15769344239431485,0.151325048576941,0.14352359274696747,0.13387323492880773,0.12150110468969166,0.10394566619438755,0.05421329176935502,,,,,,,,0.05421329176935502
147240.0,0.17395704777711526,0.1735243082283862,0.17222021130125503,0.17002619850588108,0.16690824005862695,0.1628113255966715,0.15764899400939478,0.15128355174173677,0.14348560802480054,0.13383943434835047,0.12147240472185221,0.10392369030730039,0.0542090682354645,,,,,,,,0.0542090682354645
147300.0,0.17390475128846838,0.17347222735506207,0.17216877818362414,0.16997584830974238,0.16685941393882492,0.16276447531331276,0.15760458970759783,0.1512420956415009,0.14344766011125237,0.13380566598694463,0.12144373152250727,0.10390173429705896,0.054204851057794295,,,,,,,,0.054204851057794295
147360.0,0.17385250796345922,0.1734201993917893,0.1721173972154102,0.16992554899542991,0.16681063692557957,0.16271767185052444,0.15756022942144884,0.15120068021438104,0.14340974895099465,0.1337719297967836,0.12141508505261928,0.10387979813540861,0.05420064022361274,,,,,,,,0.05420064022361274
147420.0,0.1738003177191404,0.1733682242560577,0.17206606831541343,0.16987530048392263,0.1667619089429098,0.16267091513622053,0.1575159130836097,0.15115930539864958,0.14337187448880945,0.13373822573015512,0.12138646527322683,0.10385788179414866,0.054196435720219725,,,,,,,,0.054196435720219725
147480.0,0.17374818047273527,0.17331630186552702,0.17201479140260126,0.16982510269636178,0.16671322991499013,0.162624205098462,0.15747164062687885,0.15111797113270328,0.14333403666958913,0.13370455373944096,0.12135787214544438,0.10383598524513232,0.05419223753494652,,,,,,,,0.05419223753494652
147540.0,0.17369609614163792,0.173264432138027,0.17196356639610783,0.1697749555540503,0.1666645997661502,0.16257754166545632,0.1574274119841908,0.15107667735506297,0.14329623543833614,0.13367091377711732,0.12132930563046206,0.10381410846026652,0.05418804565515578,,,,,,,,0.05418804565515578
147600.0,0.1736440646434127,0.1732126149915563,0.17191239321523352,0.16972485897845271,0.16661601842087442,0.16253092476555722,0.15738322708861616,0.15103542400437317,0.14325847074016268,0.13363730579575403,0.12130076568954558,0.10379225141151174,0.05418386006824136,,,,,,,,0.05418386006824136
147660.0,0.17359208589579359,0.17316085034428227,0.17186127177944457,0.16967481289119477,0.1665674858038018,0.16248435432726446,0.15733908587336087,0.15099421101940178,0.1432207425202904,0.13360372974801438,0.121272252284036,0.10377041407088199,0.05417968076162836,,,,,,,,0.05417968076162836
147720.0,0.17354015981668364,0.17310913811454084,0.17181020200837271,0.16962481721406264,0.16651900183972507,0.1624378302792231,0.15729498827176638,0.15095303833903984,0.14318305072405013,0.13357018558665534,0.1212437653753495,0.1037485964104446,0.054175507722772805,,,,,,,,0.054175507722772805
147780.0,0.17348828632415514,0.17305747822083575,0.17175918382181474,0.16957487186900286,0.16647056645359065,0.16239135255022347,0.15725093421730868,0.15091190590230133,0.14314539529688186,0.1335366732645267,0.12121530492497733,0.10372679840232008,0.054171340939161865,,,,,,,,0.054171340939161865
147840.0,0.1734364653364487,0.17300587058183803,0.17170821713973194,0.1695249767781218,0.16642217957049837,0.16234492106920068,0.15720692364359848,0.15087081364832258,0.14310777618433396,0.13350319273457142,0.12118687089448543,0.10370502001868208,0.05416718039831351,,,,,,,,0.05416718039831351
147900.0,0.17338469677197274,0.17295431511638604,0.17165730188224995,0.1694751318636853,0.1663738411157007,0.16229853576523418,0.15716295648438072,0.1508297615163622,0.1430701933320633,0.1334697439498249,0.12115846324551445,0.10368326123175724,0.05416302608777648,,,,,,,,0.05416302608777648
147960.0,0.17333298054930352,0.17290281174348465,0.17160643796965805,0.16942533704811813,0.16632555101460259,0.16225219656754755,0.15711903267353403,0.1507887494458007,0.14303264668583507,0.13343632686341522,0.1211300819397795,0.10366152201382493,0.05415887799513028,,,,,,,,0.05415887799513028
148020.0,0.1732813165871843,0.17285136038230495,0.1715556253224089,0.169375592254004,0.1662773091927613,0.1622059034055081,0.15707515214507073,0.1507477773761401,0.1429951361915221,0.13340294142856257,0.12110172693906991,0.10363980233721737,0.054154736107985005,,,,,,,,0.054154736107985005
148080.0,0.17322970480452515,0.17279996095218372,0.17150486386111818,0.16932589740408463,0.1662291155758854,0.16215965620862632,0.15703131483313637,0.15070684524700395,0.14295766179510497,0.13336958759857895,0.1210733982052491,0.10361810217431926,0.05415060041398125,,,,,,,,0.05415060041398125
148140.0,0.1731781451204025,0.17274861337262332,0.17145415350656418,0.16927625242125938,0.1661809700898351,0.16211345490655582,0.15698752067200922,0.1506659529981365,0.14292022344267155,0.13333626532686854,0.12104509570025437,0.10359642149756781,0.05414647090079013,,,,,,,,0.05414647090079013
148200.0,0.1731266374540587,0.17269731756329101,0.17140349417968714,0.16922665722858568,0.16613287266062143,0.16206729942909284,0.1569437695961001,0.1506251005694029,0.14288282108041686,0.13330297456692694,0.12101681938609692,0.10357476027945262,0.054142347556113045,,,,,,,,0.054142347556113045
148260.0,0.17307518172490127,0.1726460734440184,0.17135288580158914,0.16917711174927755,0.16608482321440599,0.16202118970617582,0.15690006153995217,0.1505842879007887,0.1428454546546426,0.13326971527234086,0.12098856922486126,0.10355311849251538,0.05413823036768162,,,,,,,,0.05413823036768162
148320.0,0.17302377785250334,0.1725948809348015,0.17130232829353365,0.16912761590670555,0.16603682167750042,0.16197512566788505,0.15685639643824043,0.15054351493239945,0.14280812411175722,0.1332364873967883,0.12096034517870548,0.10353149610934999,0.05413411932325776,,,,,,,,0.05413411932325776
148380.0,0.1729724257566023,0.17254373995579989,0.17125182157694485,0.169078169624397,0.1659888679763665,0.16192910724444248,0.15681277422577133,0.1505027816044606,0.14277082939827523,0.13320329089403837,0.12093214720986076,0.10350989310260231,0.05413001441063341,,,,,,,,0.05413001441063341
148440.0,0.17292112535709966,0.1724926504273364,0.17120136557340762,0.16902877282603482,0.16594096203761508,0.1618831343662113,0.15676919483748253,0.15046208785731705,0.14273357046081744,0.1331701257179503,0.12090397528063132,0.10348830944496998,0.054125915617630464,,,,,,,,0.054125915617630464
148500.0,0.17286987657406128,0.172441612269897,0.1711509602046669,0.16897942543545721,0.16589310378800626,0.1618372069636954,0.15672565820844284,0.1504214336314329,0.1426963472461103,0.13313699182247427,0.12087582935339433,0.10346674510920242,0.05412182293210076,,,,,,,,0.05412182293210076
148560.0,0.17281867932771602,0.17239062540412972,0.17110060539262728,0.1689301273766579,0.16584529315444888,0.16179132496753926,0.1566821642738514,0.15038081886739127,0.14265915970098572,0.13310388916165056,0.12084770939059952,0.10344520006810067,0.05411773634192602,,,,,,,,0.05411773634192602
148620.0,0.17276753353845564,0.1723396897508451,0.17105030105935268,0.16888087857378511,0.16579753006399986,0.1617454883085275,0.15663871296903756,0.1503402435058939,0.14262200777238096,0.1330708176896093,0.12081961535476915,0.10342367429451715,0.05411365583501763,,,,,,,,0.05411365583501763
148680.0,0.1727164391268349,0.17228880523101514,0.17100004712706596,0.1688316789511413,0.1657498144438642,0.16169969691758457,0.15659530422946086,0.15029970748776064,0.14258489140733824,0.13303777736057054,0.12079154720849788,0.10340216776135581,0.054109581399316604,,,,,,,,0.054109581399316604
148740.0,0.17266539601357053,0.172237971765773,0.17094984351814846,0.16878252843318287,0.1657021462213946,0.16165395072577438,0.1565519379907103,0.15025921075392973,0.14254781055300458,0.133004768128844,0.12076350491445244,0.10338068044157171,0.05410551302279362,,,,,,,,0.05410551302279362
148800.0,0.17261440411954077,0.172187189276413,0.1708996901551396,0.16873342694452004,0.16565452532409075,0.1616082496642998,0.156508614188504,0.15021875324545697,0.1425107651566314,0.13297178994882847,0.12073548843537157,0.10335921230817105,0.05410145069344878,,,,,,,,0.05410145069344878
148860.0,0.17256346336578574,0.17213645768438957,0.17084958696073646,0.16868437440991585,0.16560695167959918,0.16156259366450262,0.15646533275868932,0.15017833490351562,0.14247375516557442,0.13293884277501228,0.12070749773406593,0.10333776333421105,0.054097394399311535,,,,,,,,0.054097394399311535
148920.0,0.1725125736735062,0.17208577691131735,0.17079953385779367,0.16863537075428625,0.1655594252157131,0.16151698265786293,0.15642209363724216,0.15013795566939614,0.14243678052729336,0.1329059265619724,0.12067953277341763,0.10331633349279987,0.05409334412844074,,,,,,,,0.05409334412844074
148980.0,0.17246173496406345,0.17203514687897065,0.17074953076932253,0.16858641590269974,0.1655119458603716,0.16147141657599903,0.1563788967602667,0.15009761548450584,0.14239984118935162,0.13287304126437452,0.12065159351638034,0.10329492275709629,0.05408929986892441,,,,,,,,0.05408929986892441
149040.0,0.17241094715897914,0.17198456750928312,0.17069957761849094,0.1685375097803766,0.16546451354165956,0.16142589535066687,0.1563357420639951,0.1500573142903688,0.14236293709941591,0.132840186836973,0.12062367992597912,0.10327353110030982,0.05408526160887969,,,,,,,,0.05408526160887969
149100.0,0.17236021017993453,0.17193403872434695,0.17064967432862305,0.16848865231268884,0.16541712818780738,0.16138041891375968,0.15629262948478734,0.15001705202862525,0.1423260682052566,0.13280736323461032,0.12059579196531006,0.10325215849570053,0.05408122933645284,,,,,,,,0.05408122933645284
149160.0,0.17230952394877017,0.17188356044641304,0.17059982082319852,0.16843984342515975,0.16536978972719035,0.1613349871973079,0.15624955895913073,0.14997682864103143,0.14228923445474656,0.1327745704122171,0.12056792959754017,0.10323080491657878,0.05407720303981905,,,,,,,,0.05407720303981905
149220.0,0.17225888838748574,0.1718331325978903,0.17055001702585265,0.1683910830434636,0.16532249808832833,0.16128960013347862,0.15620653042363958,0.1499366440694594,0.1422524357958616,0.13274180832481186,0.12054009278590734,0.10320947033630534,0.05407318270718239,,,,,,,,0.05407318270718239
149280.0,0.17220830341823948,0.17178275510134522,0.1705002628603755,0.16834237109342484,0.16527525319988565,0.16124425765457528,0.15616354381505504,0.14989649825589668,0.14221567217668005,0.1327090769275007,0.12051228149372009,0.10318815472829107,0.05406916832677572,,,,,,,,0.05406916832677572
149340.0,0.17215776896334756,0.17173242787950166,0.17045055825071181,0.1682937075010184,0.16522805499067061,0.16119895969303724,0.15612059907024461,0.14985639114244587,0.14217894354538227,0.13267637617547717,0.12048449568435729,0.10316685806599686,0.0540651598868607,,,,,,,,0.0540651598868607
149400.0,0.1721072849452841,0.17168215085524025,0.17040090312096043,0.1682450921923689,0.16518090338963473,0.16115370618143987,0.15607769612620193,0.1498163226713246,0.14214224985025073,0.13264370602402198,0.12045673532126822,0.10314558032293362,0.054061157375727566,,,,,,,,0.054061157375727566
149460.0,0.17205685128668066,0.17163192395159826,0.17035129739537422,0.16819652509375016,0.1651337983258731,0.1611084970524936,0.15603483492004655,0.1497762927848651,0.14210559103966963,0.13261106642850307,0.12042900036797217,0.10312432147266203,0.054057160781695084,,,,,,,,0.054057160781695084
149520.0,0.17200646791032556,0.17158174709176877,0.17030174099835915,0.16814800613158506,0.16508673972862375,0.16106333223904384,0.15599201538902346,0.14973630142551386,0.14206896706212452,0.13257845734437496,0.12040129078805847,0.10310308148879238,0.054053170093110545,,,,,,,,0.054053170093110545
149580.0,0.1719561347391639,0.17153162019910076,0.17025223385447455,0.16809953523244536,0.16503972752726676,0.161018211674071,0.15594923747050274,0.1496963485358313,0.1420323778662022,0.1325458787271788,0.12037360654518618,0.1030818603449847,0.054049185298349595,,,,,,,,0.054049185298349595
149640.0,0.17190585169629682,0.17148154319709866,0.1702027758884322,0.16805111232305078,0.16499276165132476,0.1609731352906895,0.15590650110197957,0.1496564340584919,0.14199582340059066,0.13251333053254225,0.12034594760308404,0.10306065801494843,0.05404520638581622,,,,,,,,0.05404520638581622
149700.0,0.1718556187049814,0.17143151600942141,0.17015336702509629,0.1680027373302691,0.16494584203046217,0.160928103022148,0.15586380622107354,0.14961655793628348,0.14195930361407846,0.13248081271617906,0.1203183139255501,0.10303947447244227,0.05404123334394262,,,,,,,,0.05404123334394262
149760.0,0.1718054356886301,0.1713815385598829,0.17010400718948285,0.16795441018111573,0.16489896859448472,0.16088311480182885,0.1558211527655285,0.14957672011210696,0.14192281845555443,0.1324483252338889,0.12029070547645192,0.10301830969127429,0.05403726616118913,,,,,,,,0.05403726616118913
149820.0,0.17175530257081026,0.17133161077245093,0.1700546963067594,0.167906130802753,0.16485214127333908,0.1608381705632476,0.15577854067321248,0.14953692052897644,0.14188636787400805,0.13241586804155744,0.12026312221972599,0.1029971636453016,0.05403330482604413,,,,,,,,0.05403330482604413
149880.0,0.17170521927524415,0.17128173257124715,0.17000543430224474,0.16785789912249013,0.16480535999711318,0.16079327024005294,0.15573596988211696,0.14949715913001863,0.1418499518185287,0.13238344109515554,0.12023556411937784,0.10297603630843034,0.054029349327024065,,,,,,,,0.054029349327024065
149940.0,0.17165518572580807,0.17123190388054652,0.1699562211014083,0.167809715067783,0.16475862469603492,0.16074841376602628,0.1556934403303569,0.14945743585847232,0.1418135702383053,0.1323510443507397,0.12020803113948185,0.10295492765461553,0.05402539965267319,,,,,,,,0.05402539965267319
150000.0,0.17160520184653225,0.17118212462477722,0.16990705662987,0.1677615785662332,0.16471193530047232,0.16070360107508133,0.15565095195617012,0.1494177506576889,0.1417772230826264,0.13231867776445147,0.12018052324418095,0.10293383765786099,0.054021455791563595,,,,,,,,0.054021455791563595
150060.0,0.1715552675616005,0.17113239472851977,0.16985794081339978,0.16771348954558826,0.16466529174093322,0.16065883210126392,0.1556085046979175,0.14937810347113126,0.14174091030088,0.13228634129251743,0.12015304039768655,0.10291276629221914,0.0540175177322952,,,,,,,,0.0540175177322952
150120.0,0.17150538279534955,0.1710827141165071,0.16980887357791713,0.16766544793374108,0.16461869394806491,0.16061410677875157,0.1555660984940822,0.14933849424237397,0.141704631842553,0.1322540348912488,0.12012558256427842,0.10289171353179104,0.054013585463495495,,,,,,,,0.054013585463495495
150180.0,0.17145554747226907,0.17103308271362397,0.16975985484949097,0.1676174536587294,0.16457214185265345,0.16056942504185326,0.15552373328326943,0.14929892291510283,0.141668387657231,0.13222175851704127,0.12009814970830443,0.10287067935072616,0.05400965897381957,,,,,,,,0.05400965897381957
150240.0,0.1714057615170009,0.17098350044490668,0.16971088455433905,0.16756950664873574,0.16452563538562365,0.16052478682500884,0.15548140900420654,0.14925938943311481,0.14163217769459838,0.13218951212637506,0.1200707417941805,0.10284966372322227,0.05400573825195005,,,,,,,,0.05400573825195005
150300.0,0.17135602485433907,0.1709339672355425,0.16966196261882757,0.16752160683208683,0.16447917447803884,0.16048019206278916,0.15543912559574216,0.1492198937403175,0.1415960019044376,0.13215729567581444,0.12004335878639025,0.1028286666235253,0.05400182328659698,,,,,,,,0.05400182328659698
150360.0,0.171306337409229,0.1708844830108696,0.16961308896947117,0.16747375413725324,0.16443275906110014,0.16043564068989546,0.15539688299684623,0.14918043578072898,0.14155986023662936,0.13212510912200756,0.1200160006494851,0.10280768802592942,0.05399791406649772,,,,,,,,0.05399791406649772
150420.0,0.17125669910676733,0.17083504769637645,0.16956426353293202,0.16742594849284925,0.16438638906614636,0.16039113264115892,0.15535468114660989,0.14914101549847766,0.1415237526411523,0.13209295242168637,0.11998866734808396,0.10278672790477666,0.053994010580416925,,,,,,,,0.053994010580416925
150480.0,0.1712071098722016,0.17078566121770142,0.16951548623601986,0.16737818982763225,0.16434006442465374,0.16034666785154061,0.15531251998424464,0.1491016328378018,0.14148767906808243,0.13206082553166631,0.11996135884687296,0.10276578623445701,0.053990112817146454,,,,,,,,0.053990112817146454
150540.0,0.17115756963093007,0.17073632350063261,0.16946675700569147,0.1673304780705025,0.16429378506823536,0.16030224625613126,0.1552703994490825,0.14906228774304933,0.1414516394675932,0.13202872840884616,0.11993407511060557,0.10274486298940816,0.053986220765505216,,,,,,,,0.053986220765505216
150600.0,0.17110807830850058,0.17068703447110747,0.16941807576905038,0.16728281315050272,0.1642475509286409,0.16025786779015036,0.1552283194805755,0.14902298015867765,0.14141563378995536,0.13199666101020793,0.1199068161041022,0.10272395814411546,0.05398233441433926,,,,,,,,0.05398233441433926
150660.0,0.17105863583061107,0.170637794055212,0.16936944245334642,0.16723519499681794,0.16420136193775656,0.16021353238894664,0.15518628001829557,0.1489837100292533,0.14137966198553645,0.13196462329281639,0.11987958179225017,0.10270307167311186,0.05397845375252146,,,,,,,,0.05397845375252146
150720.0,0.17100924212310886,0.170588602179181,0.16932085698597543,0.16718762353877478,0.16415521802760435,0.1601692399879971,0.15514428100193411,0.14894447729945168,0.14134372400480064,0.13193261521381902,0.11985237214000345,0.10268220355097772,0.053974578768951696,,,,,,,,0.053974578768951696
150780.0,0.17095989711198983,0.1705394587693974,0.16927231929447892,0.16714009870584134,0.16410911913034193,0.16012499052290696,0.1551023223713015,0.14890528191405675,0.1413078197983085,0.1319006367304462,0.11982518711238266,0.10266135375234069,0.05397070945255657,,,,,,,,0.05397070945255657
150840.0,0.17091060072339906,0.17049036375239174,0.16922382930654353,0.16709262042762701,0.16406306517826222,0.16008078392940947,0.15506040406632723,0.14886612381796102,0.14127194931671716,0.13186868780001024,0.11979802667447477,0.10264052225187563,0.0539668457922894,,,,,,,,0.0539668457922894
150900.0,0.1708613528836295,0.170441317054842,0.1691753869500009,0.1670451886338817,0.16401705610379314,0.16003662014336537,0.15501852602705957,0.14882700295616488,0.14123611251077922,0.13183676837990577,0.11977089079143298,0.1026197090243046,0.05396298777713027,,,,,,,,0.05396298777713027
150960.0,0.17081215351912193,0.1703923186035734,0.1691269921528273,0.16699780325449579,0.16397109183949726,0.1599924991007626,0.15497668819366467,0.14878791927377671,0.14120030933134334,0.13180487842760938,0.11974377942847658,0.10259891404439649,0.05395913539608572,,,,,,,,0.05395913539608572
151020.0,0.17076300255646504,0.17034336832555763,0.16907864484314306,0.1669504642194998,0.16392517231807147,0.1599484207377162,0.154934890506427,0.14874887271601236,0.1411645397293537,0.13177301790067944,0.11971669255089082,0.1025781372869672,0.0539552886381888,,,,,,,,0.0539552886381888
151080.0,0.1707138999223942,0.1702944661479128,0.16903034494921232,0.16690317145906391,0.16387929747234659,0.1599043849904678,0.1548931329057489,0.148709863228195,0.14112880365584962,0.13174118675675575,0.11968963012402668,0.10255737872687942,0.05395144749249901,,,,,,,,0.05395144749249901
151140.0,0.17066484554379185,0.17024561199790295,0.16898209239944284,0.16685592490349763,0.16383346723528713,0.1598603917953853,0.15485141533215005,0.14867089075575488,0.14109310106196551,0.13170938495355958,0.11966259211330081,0.10253663833904242,0.05394761194810224,,,,,,,,0.05394761194810224
151200.0,0.17061583934768693,0.17019680580293778,0.16893388712238552,0.1668087244832495,0.16378768153999082,0.15981644108896265,0.15480973772626708,0.14863195524422904,0.1410574318989307,0.13167761244889334,0.1196355784841953,0.10251591609841204,0.05394378199411058,,,,,,,,0.05394378199411058
151260.0,0.17056688126125413,0.1701480474905721,0.16888572904673385,0.16676157012890688,0.16374194031968842,0.1597725328078197,0.15476810002885388,0.148593056639261,0.1410217961180691,0.13164586920064056,0.11960858920225756,0.10249521197999066,0.053939957619662346,,,,,,,,0.053939957619662346
151320.0,0.17051797121181406,0.1700993369885057,0.16883761810132378,0.16671446177119525,0.16369624350774353,0.1597286668887014,0.15472650218078085,0.14855419488660068,0.14098619367079884,0.13161415516676522,0.11958162423310013,0.10247452595882696,0.053936138813921966,,,,,,,,0.053936138813921966
151380.0,0.1704691091268328,0.17005067422458303,0.16878955421513364,0.16666739934097827,0.1636505910376518,0.15968484326847798,0.15468494412303452,0.14851536993210399,0.1409506245086324,0.13158247030531212,0.11955468354240062,0.10245385801001579,0.053932325566079936,,,,,,,,0.053932325566079936
151440.0,0.17042029493392105,0.1700020591267924,0.1687415373172831,0.16662038276925725,0.1636049828430411,0.15964106188414454,0.15464342579671775,0.14847658172173236,0.1409150885831761,0.1315508145744067,0.11952776709590142,0.10243320810869821,0.05392851786535272,,,,,,,,0.05392851786535272
151500.0,0.17037152856083435,0.16995349162326612,0.16869356733703333,0.16657341198717068,0.16355941885767078,0.1595973226728205,0.15460194714304895,0.1484378302015531,0.14087958584612992,0.13151918793225412,0.11950087485940966,0.10241257623006134,0.05392471570098265,,,,,,,,0.05392471570098265
151560.0,0.17032280993547275,0.16990497164228008,0.1686456442037867,0.16652648692599417,0.16351389901543192,0.15955362557174954,0.15456050810336214,0.14839911531773847,0.14084411624928736,0.13148759033713978,0.11947400679879708,0.1023919623493381,0.053920919062237935,,,,,,,,0.053920919062237935
151620.0,0.1702741389858798,0.16985649911225298,0.16859776784708605,0.1664796075171401,0.16346842325034633,0.15950997051829935,0.15451910861910648,0.14836043701656598,0.14080867974453518,0.13145602174742918,0.11944716287999971,0.10237136644180733,0.0539171279384125,,,,,,,,0.0539171279384125
151680.0,0.17022551564024274,0.1698080739617465,0.1685499381966145,0.16643277369215692,0.16342299149656658,0.15946635744996113,0.15447774863184605,0.14832179524441766,0.14077327628385305,0.13142448212156696,0.11942034306901787,0.10235078848279353,0.053913342318825976,,,,,,,,0.053913342318825976
151740.0,0.1701769398268923,0.16975969611946476,0.16850215518219555,0.1663859853827291,0.16337760368837584,0.15942278630434914,0.15443642808325964,0.14828318994778006,0.1407379058193137,0.13139297141807746,0.119393547331916,0.1023302284476668,0.05390956219282357,,,,,,,,0.05390956219282357
151800.0,0.17012841147430174,0.16971136551425373,0.16845441873379197,0.16633924252067697,0.16333225976018714,0.159379257019201,0.15439514691514036,0.14824462107324426,0.14070256830308212,0.13136148959556457,0.11936677563482248,0.10230968631184276,0.05390578754977605,,,,,,,,0.05390578754977605
151860.0,0.17007993051108689,0.16966308207510125,0.1684067287815059,0.16629254503795604,0.16328695964654347,0.15933576953237685,0.15435390506939542,0.148206088567505,0.14066726368741583,0.13133003661271084,0.1193400279439295,0.1022891620507824,0.05390201837907963,,,,,,,,0.05390201837907963
151920.0,0.17003149686600588,0.16961484573113647,0.16835908525557852,0.16624589286665672,0.16324170328211718,0.15929232378185917,0.15431270248804582,0.1481675923773608,0.14063199192466458,0.13129861242827767,0.11931330422549284,0.10226865563999198,0.05389825467015592,,,,,,,,0.05389825467015592
151980.0,0.16998311046795864,0.16956665641162966,0.16831148808638974,0.1661992859390043,0.16319649060170976,0.15924891970575253,0.15427153911322616,0.14812913244971385,0.14059675296726987,0.13126721700110555,0.11928660444583185,0.10224816705502303,0.05389449641245184,,,,,,,,0.05389449641245184
152040.0,0.1699347712459864,0.1695185140459915,0.1682639372044576,0.16615272418735824,0.1631513215402515,0.15920555724228352,0.15423041488718428,0.14809070873156954,0.1405615467677649,0.13123585029011345,0.1192599285713292,0.10222769627147207,0.05389074359543957,,,,,,,,0.05389074359543957
152100.0,0.16988647912927157,0.16947041856377323,0.16821643254043803,0.1661062075442121,0.16310619603280133,0.15916223632979995,0.1541893297522809,0.14805232117003606,0.14052637327877446,0.13120451225429816,0.11923327656843076,0.10220724326498062,0.053886996208616464,,,,,,,,0.053886996208616464
152160.0,0.16983823404713752,0.16942236989466614,0.16816897402512476,0.16605973594219292,0.16306111401454623,0.15911895690677083,0.15414828365098965,0.14801396971232453,0.14049123245301462,0.13117320285273515,0.1192066484036455,0.10218680801123511,0.05388325424150494,,,,,,,,0.05388325424150494
152220.0,0.1697900359290478,0.16937436796850075,0.16812156158944877,0.1660133093140613,0.16301607542080118,0.15907571891178643,0.1541072765258965,0.1479756543057486,0.14045612424329237,0.13114192204457775,0.11918004404354525,0.10216639048596668,0.053879517683652484,,,,,,,,0.053879517683652484
152280.0,0.1697418847046061,0.16932641271524734,0.16807419516447772,0.16596692759271095,0.16297108018700862,0.1590325222835573,0.1540663083196996,0.14793737489772396,0.1404210486025056,0.13111066978905686,0.11915346345476459,0.10214599066495118,0.05387578652463155,,,,,,,,0.05387578652463155
152340.0,0.16969378030355606,0.1692785040650149,0.1680268746814162,0.16592059071116796,0.16292612824873837,0.15898936696091429,0.15402537897520904,0.1478991314357685,0.14038600548364277,0.13107944604548122,0.11912690660400078,0.10212560852400902,0.05387206075403948,,,,,,,,0.05387206075403948
152400.0,0.16964572265578043,0.16923064194805104,0.16797960007160492,0.16587429860259095,0.16288121954168722,0.15894625288280856,0.15398448843534646,0.14786092386750194,0.14035099483978283,0.13104825077323687,0.11910037345801357,0.10210524403900509,0.05386834036149837,,,,,,,,0.05386834036149837
152460.0,0.16959771169130108,0.1691828262947418,0.16793237126652052,0.1658280512002707,0.16283635400167842,0.15890317998831097,0.153943636643145,0.1478227521406453,0.14031601662409487,0.13101708393178696,0.11907386398362488,0.10208489718584855,0.053864625336655175,,,,,,,,0.053864625336655175
152520.0,0.1695497473402789,0.169135057035611,0.16788518819777531,0.16578184843762955,0.16279153156466167,0.1588601482166115,0.15390282354174878,0.1477846162030209,0.1402810707898379,0.13098594548067202,0.11904737814771896,0.10206456794049294,0.05386091566918143,,,,,,,,0.05386091566918143
152580.0,0.16950182953301277,0.16908733410132007,0.16783805079711683,0.1657356902482214,0.16274675216671286,0.15881715750701955,0.15386204907441275,0.1477465160025524,0.14024615729036063,0.13095483537950914,0.11902091591724209,0.1020442562789359,0.05385721134877335,,,,,,,,0.05385721134877335
152640.0,0.16945395819993972,0.1690396574226678,0.16779095899642751,0.16568957656573122,0.16270201574403342,0.1587742077989636,0.1538213131845026,0.14770845148726386,0.14021127607910155,0.13092375358799216,0.11899447725920237,0.10202396217721912,0.05385351236515166,,,,,,,,0.05385351236515166
152700.0,0.16940613327163456,0.16899202693058987,0.16774391272772454,0.16564350732397448,0.16265732223295012,0.1587312990319903,0.15378061581549402,0.14767042260528007,0.14017642710958822,0.13089270006589157,0.11896806214066963,0.10200368561142827,0.05384981870806154,,,,,,,,0.05384981870806154
152760.0,0.1693583546788096,0.16894444255615854,0.16769691192315922,0.1655974824568976,0.16261267156991507,0.1586884311457648,0.15373995691097295,0.14763242930482623,0.1401416103354374,0.13086167477305408,0.11894167052877545,0.10198342655769282,0.053846130367272614,,,,,,,,0.053846130367272614
152820.0,0.16931062235231392,0.16889690423058237,0.16764995651501702,0.1655515018985767,0.1625680636915052,0.15864560408007033,0.15369933641463518,0.14759447153422744,0.14010682571035488,0.1308306776694024,0.11891530239071273,0.10196318499218611,0.0538424473325788,,,,,,,,0.0538424473325788
152880.0,0.16926293622313332,0.16884941188520583,0.1676030464357169,0.1655055655832179,0.1625234985344217,0.15860281777480775,0.15365875427028566,0.14755654924190864,0.14007207318813494,0.13079970871493551,0.11888895769373571,0.10194296089112499,0.05383876959379829,,,,,,,,0.05383876959379829
152940.0,0.1692152962223902,0.168801965451509,0.1675561816178111,0.16545967344515694,0.16247897603549014,0.15856007216999543,0.15361821042183876,0.14751866237639455,0.14003735272266038,0.13076876786972805,0.11886263640515989,0.10192275423076998,0.05383509714077352,,,,,,,,0.05383509714077352
153000.0,0.16916770228134276,0.16875456486110724,0.167509361993985,0.1654138254188586,0.16243449613166006,0.15851736720576884,0.15357770481331812,0.14748081088630907,0.14000266426790248,0.13073785509393016,0.11883633849236172,0.10190256498742502,0.05383142996337096,,,,,,,,0.05383142996337096
153060.0,0.16912015433138505,0.16870721004575087,0.1674625874970565,0.16536802143891643,0.16239005876000448,0.15847470282238038,0.15353723738885566,0.14744299472037523,0.13996800777792043,0.13070697034776757,0.11881006392277854,0.10188239313743735,0.05382776805148122,,,,,,,,0.05382776805148122
153120.0,0.16907265230404647,0.16865990093732472,0.16741585805997594,0.1653222614400528,0.1623456638577198,0.1584320789601991,0.15349680809269178,0.14740521382741503,0.1399333832068611,0.13067611359154122,0.1187838126639085,0.10186223865719758,0.053824111395018887,,,,,,,,0.053824111395018887
153180.0,0.1690251961309914,0.168612637467848,0.16736917361582562,0.16527654535711825,0.16230131136212547,0.15838949555971027,0.1534564168691755,0.1473674681563491,0.13989879050895934,0.13064528478562698,0.11875758468331035,0.10184210152313938,0.05382045998392246,,,,,,,,0.05382045998392246
153240.0,0.168977785744019,0.1685654195694739,0.1673225340978196,0.1652308731250912,0.1622570012106635,0.1583469525615152,0.15341606366276336,0.1473297576561964,0.13986422963853734,0.13061448389047603,0.11873137994860325,0.10182198171173953,0.05381681380815426,,,,,,,,0.05381681380815426
153300.0,0.16893042107506284,0.1685182471744893,0.16727593943930316,0.16518524467907766,0.16221273334089853,0.15830444990633105,0.15337574841801965,0.14729208227607415,0.13982970055000432,0.1305837108666138,0.11870519842746677,0.10180187919951773,0.053813172857700466,,,,,,,,0.053813172857700466
153360.0,0.1688831020561904,0.16847112021531419,0.16722938957375288,0.16513965995431115,0.16216850769051716,0.1582619875349904,0.1533354710796162,0.14725444196519755,0.13979520319785674,0.13055296567464042,0.11867904008764062,0.10178179396303666,0.053809537122570965,,,,,,,,0.053809537122570965
153420.0,0.16883582861960308,0.16842403862450167,0.16718288443477594,0.1650941188861521,0.16212432419732783,0.15821956538844112,0.153295231592332,0.14721683667287935,0.13976073753667792,0.13052224827523065,0.1186529048969246,0.10176172597890161,0.053805906592799255,,,,,,,,0.053805906592799255
153480.0,0.16878860069763565,0.1683770023347376,0.16713642395610995,0.16504862141008764,0.16208018279926073,0.1581771834077458,0.15325502990105289,0.14717926634852993,0.13972630352113757,0.1304915586291333,0.11862679282317831,0.10174167522376064,0.0538022812584425,,,,,,,,0.0538022812584425
153540.0,0.16874141822275593,0.16833001127884006,0.16709000807162266,0.16500316746173124,0.16203608343436707,0.15813484153408192,0.15321486595077127,0.14714173094165692,0.13969190110599192,0.13046089669717095,0.11860070383432134,0.10172164167430432,0.0537986611095813,,,,,,,,0.0537986611095813
153600.0,0.16869428112756457,0.16828306538975912,0.1670436367153116,0.16495775697682266,0.16199202604081894,0.15809253970874126,0.1531747396865861,0.1471042304018648,0.13965753024608354,0.13043026244024042,0.11857463789833272,0.10170162530726579,0.05379504613631979,,,,,,,,0.05379504613631979
153660.0,0.1686471893447945,0.1682361646005766,0.16699730982130384,0.16491238989122736,0.16194801055690936,0.15805027787312964,0.15313465105370241,0.14706676467885502,0.13962319089634095,0.13039965581931218,0.11854859498325106,0.10168162609942046,0.053791436328785476,,,,,,,,0.053791436328785476
153720.0,0.16860014280731095,0.1681893088445059,0.16695102732385556,0.16486706614093613,0.1619040369210516,0.15800805596876666,0.15309459999743102,0.14702933372242555,0.13958888301177821,0.13036907679542992,0.11852257505717434,0.10166164402758614,0.053787831677129166,,,,,,,,0.053787831677129166
153780.0,0.16855314144811107,0.16814249805489118,0.16690478915735169,0.1648217856620652,0.16186010507177886,0.15796587393728573,0.15305458646318867,0.14699193748247058,0.13955460654749532,0.13033852532971088,0.11849657808825975,0.10164167906862269,0.05378423217152492,,,,,,,,0.05378423217152492
153840.0,0.1685061852003231,0.1680957321652074,0.166858595256306,0.16477654839085562,0.16181621494774434,0.15792373172043322,0.15301461039649722,0.1469545759089805,0.13952036145867763,0.13030800138334564,0.11847060404472352,0.10162173119943216,0.053780637802170086,,,,,,,,0.053780637802170086
153900.0,0.16845927399720667,0.16804901110906012,0.16681244555536026,0.16473135426367289,0.1617723664877207,0.1578816292600687,0.1529746717429836,0.14691724895204156,0.1394861477005954,0.1302775049175974,0.11844465289484093,0.10160180039695861,0.05377704855928505,,,,,,,,0.05377704855928505
153960.0,0.16841240777215255,0.1680023348201851,0.1667663399892841,0.1646862032170069,0.16172855963059973,0.15783956649816458,0.15293477044837997,0.14687995656183567,0.13945196522860423,0.13024703589380232,0.11841872460694602,0.10158188663818792,0.05377346443311327,,,,,,,,0.05377346443311327
154020.0,0.16836558645868155,0.16795570323244746,0.1667202784929751,0.16464109518747153,0.16168479431539218,0.15779754337680552,0.15289490645852288,0.14684269868864006,0.13941781399814443,0.1302165942733695,0.11839281914943149,0.10156198990014781,0.053769885413921296,,,,,,,,0.053769885413921296
154080.0,0.16831880999044477,0.16790911627984217,0.16667426100145788,0.1645960301118043,0.1616410704812275,0.1577555598381883,0.15285507971935314,0.1468054752828272,0.13938369396474073,0.13018618001778032,0.11836693649074864,0.10154211015990774,0.05376631149199851,,,,,,,,0.05376631149199851
154140.0,0.16827207830122368,0.16786257389649342,0.16662828744988398,0.16455100792686614,0.16159738806735344,0.15771361582462207,0.15281529017691595,0.14676828629486458,0.13934960508400243,0.13015579308858824,0.11834107659940711,0.10152224739457878,0.05376274265765721,,,,,,,,0.05376274265765721
154200.0,0.16822539132492897,0.16781607601665405,0.16658235777353192,0.1645060285696412,0.16155374701313582,0.15767171127852728,0.1527755377773604,0.1467311316753144,0.13931554731162307,0.13012543344741936,0.1183152394439749,0.10150240158131348,0.05375917890123252,,,,,,,,0.05375917890123252
154260.0,0.1681787489956004,0.1677696225747055,0.1665364719078065,0.16446109197723613,0.16151014725805835,0.1576298461424358,0.15273582246693893,0.14669401137483334,0.13928152060338003,0.13009510105597138,0.11828942499307811,0.10148257269730586,0.053755620213082306,,,,,,,,0.053755620213082306
154320.0,0.16813215124740716,0.1677232135051577,0.16649062978823845,0.1644161980868804,0.16146658874172215,0.1575880203589908,0.15269614419200764,0.1466569253441724,0.13924752491513462,0.13006479587601397,0.11826363321540086,0.10146276071979127,0.0537520665835871,,,,,,,,0.0537520665835871
154380.0,0.168085598014647,0.16767684874264813,0.16644483135048452,0.16437134683592552,0.16142307140384557,0.1575462338709462,0.15265650289902571,0.1466198735341767,0.13921356020283168,0.1300345178693886,0.1182378640796851,0.10144296562604628,0.053748518003150066,,,,,,,,0.053748518003150066
154440.0,0.16803908923174568,0.1676305282219421,0.16639907653032676,0.1643265381618448,0.1613795951842638,0.15750448662116662,0.15261689853455523,0.14658285589578507,0.13917962642249954,0.13000426699800796,0.11821211755473057,0.10142318739338861,0.05374497446219692,,,,,,,,0.05374497446219692
154500.0,0.1679926248332573,0.16758425187793238,0.16635336526367248,0.16428177200223348,0.16133616002292905,0.1574627785526269,0.15257733104526083,0.14654587238003006,0.1391457235302497,0.12997404322385608,0.11818639360939467,0.1014034259991771,0.053741435951175885,,,,,,,,0.053741435951175885
154560.0,0.1679462047538638,0.16753801964563853,0.16630769748655388,0.16423704829480798,0.16129276585990968,0.1574211096084119,0.15253780037790965,0.14650892293803774,0.1391118514822767,0.12994384650898835,0.11816069221259219,0.10138368142081144,0.05373790246055762,,,,,,,,0.05373790246055762
154620.0,0.16789982892837418,0.16749183146020682,0.1662620731351277,0.1641923669774055,0.16124941263538997,0.15737947973171657,0.15249830647937115,0.14647200752102718,0.13907801023485789,0.12991367681553112,0.11813501333329526,0.10136395363573227,0.053734373980835096,,,,,,,,0.053734373980835096
154680.0,0.16785349729172463,0.16744568725691014,0.166216492145675,0.16414772798798433,0.16120610028967036,0.15733788886584524,0.1524588492966165,0.1464351260803104,0.1390441997443533,0.12988353410568135,0.11810935694053329,0.101344242621421,0.05373085050252367,,,,,,,,0.05373085050252367
154740.0,0.16780720977897853,0.16739958697114726,0.16617095445460076,0.16410313126462328,0.1611628287631668,0.15729633695421133,0.15241942877671844,0.1463982785672924,0.13901041996720534,0.12985341834170683,0.11808372300339277,0.10132454835539972,0.0537273320161609,,,,,,,,0.0537273320161609
154800.0,0.16776096632532544,0.1673535305384429,0.16612545999843373,0.16405857674552102,0.16111959799641035,0.1572548239403377,0.15238004486685156,0.14636146493347044,0.13897667085993873,0.12982332948594583,0.11805811149101712,0.1013048708152311,0.05372381851230654,,,,,,,,0.05372381851230654
154860.0,0.16771476686608103,0.16730751789444714,0.16608000871382586,0.16401406436899607,0.16107640793004707,0.15721334976785575,0.15234069751429138,0.14632468513043415,0.13894295237916013,0.12979326750080694,0.11803252237260654,0.10128520997851827,0.05372030998154245,,,,,,,,0.05372030998154245
154920.0,0.1676686113366871,0.16726154897493542,0.16603460053755248,0.16396959407348705,0.161033258504838,0.1571719143805053,0.15230138666641435,0.1462879391098655,0.13890926448155827,0.1297632323487689,0.11800695561741803,0.10126556582290491,0.05371680641447258,,,,,,,,0.05371680641447258
154980.0,0.16762249967271095,0.1672156237158079,0.16598923540651145,0.16392516579755143,0.16099014966165842,0.15713051772213468,0.15226211227069775,0.14625122682353803,0.13887560712390343,0.1297332239923805,0.11798141119476507,0.10124593832607492,0.05371330780172286,,,,,,,,0.05371330780172286
155040.0,0.16757643180984516,0.16716974205308952,0.16594391325772334,0.16388077947986568,0.1609470813414978,0.1570891597367001,0.15222287427471953,0.14621454822331698,0.13884198026304723,0.1297032423942603,0.1179558890740176,0.10122632746575236,0.05370981413394114,,,,,,,,0.05370981413394114
155100.0,0.16753040768390737,0.16712390392292925,0.16589863402833074,0.16383643505922532,0.1609040534854596,0.15704784036826533,0.1521836726261575,0.14617790326115923,0.1388083838559228,0.12967328751709667,0.11793038922460186,0.10120673321970161,0.05370632540179714,,,,,,,,0.05370632540179714
155160.0,0.16748442723083995,0.1670781092616003,0.16585339765559823,0.1637921324745442,0.16086106603476097,0.15700655956100187,0.1521445072727896,0.14614129188911287,0.13877481785954449,0.1296433593236475,0.11790491161600025,0.10118715556572698,0.05370284159598249,,,,,,,,0.05370284159598249
155220.0,0.16743849038670944,0.16703235800549962,0.1658082040769121,0.1637478716648541,0.16081811893073222,0.15696531725918847,0.15210537816249398,0.14610471405931663,0.1387412822310071,0.1296134577767398,0.11787945621775128,0.10116759448167272,0.05369936270721047,,,,,,,,0.05369936270721047
155280.0,0.1673925970877066,0.16698665009114735,0.1657630532297799,0.16370365256930514,0.16077521211481685,0.1569241134072107,0.15206628524324767,0.14606816972400044,0.13870777692748654,0.12958358283926996,0.11785402299944932,0.10114804994542304,0.05369588872621607,,,,,,,,0.05369588872621607
155340.0,0.16734674727014628,0.1669409854551868,0.16571794505183007,0.16365947512716472,0.16073234552857146,0.1568829479495608,0.15202722846312733,0.1460316588354848,0.13867430190623925,0.12955373447420368,0.11782861193074456,0.10112852193490189,0.05369241964375596,,,,,,,,0.05369241964375596
155400.0,0.1673009408704664,0.1668953640343842,0.1656728794808121,0.16361533927781757,0.1606895191136648,0.15684182083083772,0.1519882077703088,0.14599518134618034,0.13864085712460178,0.12952391264457505,0.11780322298134284,0.10110901042807284,0.0536889554506084,,,,,,,,0.0536889554506084
155460.0,0.16725517782522809,0.16684978576562828,0.16562785645459582,0.1635712449607657,0.160646732811878,0.15680073199574648,0.1519492231130666,0.14595873720858804,0.13860744253999094,0.129494117313487,0.11777785612100555,0.10108951540293915,0.05368549613757304,,,,,,,,0.05368549613757304
155520.0,0.16720945807111587,0.1668042505859299,0.16558287591117116,0.16352719211562763,0.16060398656510447,0.15675968138909802,0.15191027443977395,0.14592232637529887,0.1385740581099037,0.1294643484441115,0.11775251131954952,0.10107003683754363,0.05368204169547113,,,,,,,,0.05368204169547113
155580.0,0.1671637815449366,0.16675875843242194,0.1655379377886479,0.16348318068213855,0.16056128031534922,0.15671866895580908,0.15187136169890225,0.14588594879899336,0.13854070379191671,0.12943460599968842,0.1177271885468468,0.10105057470996838,0.053678592115145286,,,,,,,,0.053678592115145286
155640.0,0.16711814818361917,0.16671330924235886,0.1654930420252557,0.16343921060014988,0.16051861400472855,0.1566776946409019,0.15183248483902134,0.14584960443244166,0.13850737954368603,0.1294048899435258,0.11770188777282466,0.1010311289983349,0.053675147387459377,,,,,,,,0.053675147387459377
155700.0,0.16707255792421494,0.1666679029531166,0.16544818855934332,0.16339528180962867,0.16047598757547038,0.15663675838950378,0.15179364380879876,0.1458132932285033,0.13847408532294733,0.12937520023900034,0.1176766089674654,0.10101169968080408,0.05367170750329863,,,,,,,,0.05367170750329863
155760.0,0.16702701070389694,0.16662253950219205,0.16540337732937846,0.16335139425065812,0.1604334009699134,0.15659586014684712,0.15175483855699964,0.14577701514012698,0.13844082108751565,0.1293455368495563,0.1176513521008062,0.1009922867355757,0.053668272453569484,,,,,,,,0.053668272453569484
155820.0,0.1669815064599594,0.1665772188272029,0.1653586082739479,0.1633075478634365,0.16039085413050694,0.15655499985826915,0.15171606903248694,0.14574077012035,0.13840758679528475,0.1293158997387055,0.11762611714293901,0.1009728901408887,0.05366484222919953,,,,,,,,0.05366484222919953
155880.0,0.16693604512981802,0.16653194086588735,0.16531388133175662,0.16326374258827714,0.16034834699981076,0.15651417746921117,0.15167733518422058,0.14570455812229868,0.13837438240422745,0.12928628887002788,0.11760090406401054,0.10095350987502123,0.053661416821137446,,,,,,,,0.053661416821137446
155940.0,0.1668906266510093,0.16648670555610387,0.16526919644162777,0.16321997836560845,0.1603058795204951,0.15647339292521906,0.1516386369612573,0.14566837909918776,0.13834120787239534,0.12925670420717073,0.11757571283422194,0.1009341459162901,0.05365799622035296,,,,,,,,0.05365799622035296
156000.0,0.16684525096119013,0.16644151283583072,0.16522455354250262,0.16317625513597328,0.16026345163533975,0.15643264617194272,0.15159997431275093,0.14563223300432016,0.13830806315791833,0.12922714571384822,0.11755054342382876,0.10091479824305087,0.05365458041783681,,,,,,,,0.05365458041783681
156060.0,0.1667999179981379,0.16639636264316582,0.16517995257343995,0.16313257284002877,0.16022106328723432,0.1563919371551355,0.1515613471879519,0.1455961197910869,0.1382749482190046,0.1291976133538422,0.11752539580314089,0.10089546683369809,0.05365116940460065,,,,,,,,0.05365116940460065
156120.0,0.16675462769975008,0.16635125491632655,0.1651353934736158,0.163088931418546,0.16017871441917778,0.15635126582065428,0.15152275553620645,0.1455600394129669,0.13824186301394087,0.1291681070910015,0.11750026994252248,0.10087615166666485,0.05364776317167697,,,,,,,,0.05364776317167697
156180.0,0.16670938000404356,0.16630618959364918,0.16509087618232351,0.16304533081241002,0.16013640497427836,0.1563106321144595,0.1514841993069574,0.14552399182352685,0.13820880750109138,0.12913862688924133,0.11747516581239152,0.10085685272042255,0.05364436171011915,,,,,,,,0.05364436171011915
156240.0,0.16666417484915502,0.16626116661358886,0.16504640063897294,0.16300177096261928,0.16009413489575297,0.15627003598261435,0.15144567844974333,0.14548797697642077,0.1381757816388982,0.12910917271254402,0.11745008338322,0.10083756997348137,0.053640965011001254,,,,,,,,0.053640965011001254
156300.0,0.16661901217334013,0.16621618591471934,0.16500196678309054,0.16295825181028528,0.1600519041269273,0.1562294773712847,0.1514071929141982,0.14545199482538987,0.13814278538588132,0.12907974452495843,0.11742502262553381,0.10081830340438983,0.053637573065418075,,,,,,,,0.053637573065418075
156360.0,0.16657389191497338,0.16617124743573236,0.16495757455431914,0.16291477329663262,0.16000971261123542,0.1561889562267391,0.15136874265005162,0.14541604532426264,0.13810981870063796,0.12905034229059964,0.11739998350991246,0.10079905299173456,0.05363418586448505,,,,,,,,0.05363418586448505
156420.0,0.16652881401254793,0.16612635111543775,0.16491322389241747,0.16287133536299864,0.15996756029221929,0.1561484724953484,0.15133032760712847,0.14538012842695436,0.13807688154184228,0.129020965973649,0.11737496600698888,0.10077981871414049,0.0536308033993382,,,,,,,,0.0536308033993382
156480.0,0.1664837784046754,0.16608149689276291,0.16486891473725981,0.162827937950833,0.15992544711352902,0.15610802612358535,0.15129194773534835,0.14534424408746674,0.13804397386824596,0.12899161553835414,0.1173499700874496,0.10076060055027079,0.05362742566113407,,,,,,,,0.05362742566113407
156540.0,0.16643878503008522,0.1660366847067527,0.1648246470288359,0.16278458100169751,0.15988337301892225,0.15606761705802455,0.15125360298472565,0.14530839225988806,0.1380110956386775,0.12896229094902845,0.11732499572203448,0.1007413984788265,0.053624052641049684,,,,,,,,0.053624052641049684
156600.0,0.1663938338276245,0.16599191449656903,0.16478042070725082,0.1627412644572658,0.15984133795226374,0.15602724524534226,0.1512152933053695,0.14527257289839315,0.1379782468120418,0.12893299217005097,0.11730004288153643,0.10072221247854671,0.053620684330282456,,,,,,,,0.053620684330282456
156660.0,0.1663489247362582,0.16594718620149068,0.16473623571272425,0.16269798825932322,0.1597993418575256,0.15598691063231587,0.15117701864748306,0.14523678595724246,0.1379454273473204,0.12890371916586676,0.11727511153680151,0.10070304252820837,0.05361732072005023,,,,,,,,0.05361732072005023
156720.0,0.16630405769506829,0.1659024997609129,0.1646920919855905,0.1626547523497665,0.15975738467878672,0.15594661316582395,0.15113877896136374,0.14520103139078244,0.13791263720357155,0.12887447190098625,0.11725020165872875,0.10068388860662615,0.05361396180159107,,,,,,,,0.05361396180159107
156780.0,0.16625923264325326,0.1658578551143472,0.1646479894662985,0.16261155667060337,0.15971546636023254,0.15590635279284604,0.15110057419740275,0.14516530915344528,0.13787987633992926,0.12884525033998487,0.11722531321827005,0.10066475069265252,0.05361060756616333,,,,,,,,0.05361060756616333
156840.0,0.16621444952012898,0.1658132522014212,0.16460392809541086,0.1625684011639524,0.15967358684615485,0.15586612946046202,0.1510624043060849,0.1451296191997485,0.13784714471560353,0.12881605444750355,0.11720044618642989,0.10064562876517752,0.053607258005045545,,,,,,,,0.053607258005045545
156900.0,0.16616970826512725,0.16576869096187807,0.164559907813604,0.1625252857720428,0.1596317460809516,0.15582594311585224,0.15102426923798856,0.1450939614842949,0.13781444228988046,0.12878688418824832,0.11717560053426543,0.10062652280312871,0.053603913109536445,,,,,,,,0.053603913109536445
156960.0,0.1661250088177958,0.16572417133557663,0.16451592856166822,0.1624822104372141,0.15958994400912646,0.1557857937062974,0.15098616894378517,0.14505833596177242,0.13778176902212175,0.12875773952698996,0.11715077623288635,0.10060743278547113,0.053600572870954724,,,,,,,,0.053600572870954724
157020.0,0.16608035111779848,0.1656796932624907,0.16447199028050674,0.1624391751019157,0.15954818057528874,0.15574568117917786,0.1509481033742392,0.1450227425869537,0.13774912487176436,0.1287286204285639,0.11712597325345463,0.10058835869120712,0.05359723728063922,,,,,,,,0.05359723728063922
157080.0,0.16603573510491476,0.165635256682709,0.16442809291113572,0.1623961797087068,0.1595064557241532,0.15570560548197362,0.150910072480208,0.1449871813146961,0.1377165097983207,0.1286995268578704,0.11710119156718446,0.10056930049937647,0.053593906329948704,,,,,,,,0.053593906329948704
157140.0,0.1659911607190391,0.16559086153643504,0.16438423639468422,0.16235322420025644,0.1594647694005396,0.1556655665622643,0.15087207621264118,0.14495165209994165,0.13768392376137842,0.1286704587798741,0.11707643114534225,0.10055025818905601,0.05359058001026182,,,,,,,,0.05359058001026182
157200.0,0.16594662790018094,0.1655465077639866,0.1643404206723937,0.16231030851934283,0.1594231215493725,0.15562556436772865,0.15083411452258097,0.1449161548977163,0.13765136672059985,0.1286414161596037,0.11705169195924635,0.1005312317393597,0.05358725831297713,,,,,,,,0.05358725831297713
157260.0,0.16590213658846473,0.16550219530579544,0.16429664568561772,0.16226743260885268,0.1593815121156812,0.15558559884614426,0.15079618736116182,0.14488068966313022,0.13761883863572233,0.12861239896215243,0.11702697398026697,0.10051222112943863,0.053583941229513,,,,,,,,0.053583941229513
157320.0,0.16585768672412918,0.1654579241024072,0.16425291137582188,0.16222459641178213,0.1593399410445992,0.15554566994538763,0.15075829467960963,0.14484525635137763,0.13758633946655777,0.1285834071526773,0.11700227717982616,0.10049322633848085,0.05358062875130755,,,,,,,,0.05358062875130755
157380.0,0.16581327824752723,0.16541369409448128,0.16420921768458333,0.16218179987123577,0.15929840828136424,0.15550577761343376,0.15072043642924235,0.14480985491773618,0.13755386917299248,0.12855444069639915,0.11697760152939761,0.10047424734571117,0.053577320869818555,,,,,,,,0.053577320869818555
157440.0,0.16576891109912562,0.16536950522279,0.16416556455359058,0.16213904293042575,0.15925691377131787,0.15546592179835575,0.15068261256146953,0.14477448531756706,0.13752142771498696,0.1285254995586028,0.11695294700050653,0.10045528413039122,0.05357401757652352,,,,,,,,0.05357401757652352
157500.0,0.16572458521950495,0.1653253574282189,0.16412195192464335,0.16209632553267295,0.1592154574599053,0.15542610244832492,0.15064482302779164,0.14473914750631495,0.13748901505257607,0.1284965837046364,0.11692831356472953,0.10043633667181945,0.053570718862919475,,,,,,,,0.053570718862919475
157560.0,0.16568030054935914,0.16528125065176644,0.1640783797396523,0.16205364762140587,0.15917403929267512,0.15538631951161044,0.1506070677798002,0.1447038414395074,0.13745663114586837,0.12846769309991146,0.1169037011936946,0.10041740494933087,0.05356742472052301,,,,,,,,0.05356742472052301
157620.0,0.16563605702949497,0.16523718483454314,0.16403484794063852,0.16201100914016003,0.15913265921527905,0.15534657293657889,0.15056934676917805,0.14466856707275497,0.13742427595504614,0.12843882770990303,0.1168791098590809,0.10039848894229697,0.05356413514087021,,,,,,,,0.05356413514087021
157680.0,0.1655918546008324,0.16519315991777203,0.16399135646973353,0.1619684100325786,0.15909131717347172,0.15530686267169425,0.15053165994769832,0.144633324361751,0.13739194944036562,0.12840998750014931,0.11685453953261855,0.10037958863012586,0.05356085011551662,,,,,,,,0.05356085011551662
157740.0,0.16554769320440385,0.16514917584278813,0.163947905269179,0.16192585024241196,0.15905001311311037,0.15526718866551778,0.15049400726722434,0.14459811326227126,0.13735965156215596,0.12838117243625125,0.11682999018608883,0.10036070399226193,0.053557569636037125,,,,,,,,0.053557569636037125
157800.0,0.165503572781354,0.165105232551038,0.16390449428132628,0.16188332971351654,0.15900874698015474,0.15522755086670767,0.15045638867971017,0.14456293373017387,0.13732738228081984,0.12835238248387262,0.11680546179132383,0.10034183500818587,0.05355429369402591,,,,,,,,0.05355429369402591
157860.0,0.16545949327293957,0.16506132998407963,0.16386112344863635,0.16184084838985566,0.15896751872066672,0.1551879492240185,0.15041880413719966,0.1445277857213992,0.13729514155683317,0.12832361760874036,0.11678095432020615,0.10032298165741467,0.05355102228109653,,,,,,,,0.05355102228109653
157920.0,0.16541545462052923,0.1650174680835823,0.16381779271367963,0.16179840621549896,0.1589263282808101,0.15514838368630157,0.15038125359182622,0.14449266919196962,0.13726292935074458,0.12829487777664364,0.11675646774466926,0.10030414391950145,0.0535477553888817,,,,,,,,0.0535477553888817
157980.0,0.16537145676560303,0.16497364679132623,0.1637745020191354,0.16175600313462188,0.1588851756068504,0.15510885420250448,0.1503437369958132,0.14445758409798895,0.1372307456231753,0.12826616295343385,0.11673200203669716,0.1002853217740353,0.05354449300903328,,,,,,,,0.05354449300903328
158040.0,0.16532749964975219,0.16492986604920198,0.16373125130779184,0.16171363909150557,0.1588440606451547,0.15506936072167055,0.15030625430147324,0.14442253039564293,0.13719859033481957,0.12823747310502512,0.11670755716832402,0.1002665152006414,0.05354123513322233,,,,,,,,0.05354123513322233
158100.0,0.16528358321467918,0.1648861257992108,0.16368804052254574,0.16167131403053686,0.15880298334219112,0.15502990319293902,0.15026880546120794,0.1443875080411986,0.13716646344644381,0.12820880819739366,0.11668313311163442,0.10024772417898092,0.05353798175313892,,,,,,,,0.05353798175313892
158160.0,0.16523970740219715,0.16484242598346405,0.16364486960640207,0.16162902789620767,0.15876194364452897,0.15499048156554485,0.1502313904275082,0.14435251699100424,0.13713436491888648,0.12818016819657735,0.11665872983876321,0.10022894868875067,0.05353473286049214,,,,,,,,0.05353473286049214
158220.0,0.16519587215422948,0.16479876654418288,0.16360173850247386,0.16158678063311493,0.15872094149883817,0.15495109578881816,0.1501940091529535,0.144317557201489,0.13710229471305857,0.12815155306867607,0.11663434732189519,0.10021018870968326,0.05353148844701005,,,,,,,,0.05353148844701005
158280.0,0.16515207741281007,0.1647551474236979,0.16355864715398197,0.16154457218596036,0.15867997685188928,0.15491174581218417,0.15015666159021182,0.14428262862916305,0.13707025278994292,0.12812296277985175,0.11660998553326499,0.10019144422154713,0.05352824850443963,,,,,,,,0.05352824850443963
158340.0,0.16510832312008278,0.16471156856444943,0.16351559550425473,0.16150240249955022,0.158639049650553,0.15487243158516317,0.15011934769203966,0.14424773123061715,0.13703823911059362,0.12809439729632763,0.1165856444451573,0.10017271520414615,0.05352501302454674,,,,,,,,0.05352501302454674
158400.0,0.165064609218301,0.1646680299089866,0.16347258349672775,0.16146027151879486,0.1585981598418003,0.1548331530573701,0.1500820674112817,0.14421286496252247,0.13700625363613697,0.12806585658438818,0.11656132402990652,0.1001540016373197,0.053521781999115975,,,,,,,,0.053521781999115975
158460.0,0.16502093564982745,0.16462453139996744,0.16342961107494383,0.1614181791887089,0.1585573073727018,0.15479391017851415,0.15004482070087014,0.14417802978163058,0.13697429632777058,0.1280373406103796,0.11653702425989637,0.10013530350094273,0.05351855541995076,,,,,,,,0.05351855541995076
158520.0,0.16497730235713454,0.1645810729801587,0.16338667818255243,0.1613761254544106,0.1585164921904277,0.15475470289839893,0.15000760751382541,0.14414322564477303,0.13694236714676303,0.12800884934070925,0.1165127451075604,0.10011662077492549,0.05351533327887323,,,,,,,,0.05351533327887323
158580.0,0.16493370928280324,0.16453765459243536,0.16334378476330935,0.16133411026112165,0.15847571424224774,0.15471553116692213,0.1499704278032555,0.14410845250886134,0.13691046605445423,0.12798038274184503,0.11648848654538152,0.10009795343921342,0.05351211556772412,,,,,,,,0.05351211556772412
158640.0,0.16489015636952312,0.1644942761797804,0.16330093076107707,0.16129213355416724,0.15843497347553057,0.15467639493407517,0.1499332815223554,0.14407371033088676,0.13687859301225525,0.12795194078031616,0.1164642485458917,0.10007930147378727,0.05350890227836281,,,,,,,,0.05350890227836281
158700.0,0.16484664356009254,0.16445093768528485,0.1632581161198238,0.1612501952789755,0.15839426983774388,0.15463729414994296,0.14989616862440727,0.14403899906792006,0.13684674798164753,0.1279235234227128,0.11644003108167221,0.10006066485866294,0.05350569340266725,,,,,,,,0.05350569340266725
158760.0,0.16480317079741783,0.16440763905214725,0.16321534078362362,0.1612082953810774,0.15835360327645406,0.15459822876470394,0.1498590890627805,0.14400431867711147,0.1368149309241833,0.12789513063568514,0.11641583412535353,0.10004204357389135,0.05350248893253382,,,,,,,,0.05350248893253382
158820.0,0.16475973802451307,0.16436438022367328,0.1631726046966563,0.16116643380610646,0.1583129737393258,0.15455919872862964,0.14982204279093114,0.14396966911569029,0.13678314180148538,0.12786676238594416,0.11639165764961486,0.10002343759955828,0.0534992888598775,,,,,,,,0.0534992888598775
158880.0,0.16471634518450043,0.16432116114327577,0.1631299078032066,0.16112461049979854,0.15827238117412204,0.15452020399208452,0.1497850297624014,0.14393505034096485,0.13675138057524688,0.12783841864026146,0.1163675016271843,0.10000484691578461,0.05349609317663154,,,,,,,,0.05349609317663154
158940.0,0.16467299222060924,0.16427798175447475,0.1630872500476646,0.1610828254079916,0.15823182552870382,0.15448124450552583,0.14974804993082033,0.14390046231032233,0.13671964720723084,0.1278100993654685,0.11634336603083884,0.09998627150272595,0.05349290187474761,,,,,,,,0.05349290187474761
159000.0,0.16462967907617584,0.1642348420008963,0.16304463137452513,0.16104107847662555,0.15819130675102983,0.15444232021950324,0.14971110324990297,0.14386590498122856,0.1366879416592704,0.12778180452845658,0.11631925083340396,0.09996771134057256,0.05348971494619565,,,,,,,,0.05348971494619565
159060.0,0.1645864056946439,0.164191741826273,0.16300205172838741,0.1609993696517418,0.15815082478915626,0.15440343108465882,0.14967418967345003,0.14383137831122786,0.13665626389326876,0.1277535340961777,0.11629515600775356,0.09994916640954951,0.05348653238296388,,,,,,,,0.05348653238296388
159120.0,0.1645431720195635,0.16414868117444367,0.16295951105395515,0.1609576988794831,0.15811037959123672,0.15436457705172654,0.1496373091553483,0.14379688225794274,0.13662461387119854,0.12772528803564323,0.11627108152681018,0.0999306366899165,0.053483354177058774,,,,,,,,0.053483354177058774
159180.0,0.16449997799459107,0.1641056599893529,0.16291700929603622,0.16091606610609355,0.15806997110552184,0.15432575807153254,0.1496004616495702,0.14376241677907384,0.1365929915551017,0.12769706631392386,0.11624702736354464,0.09991212216196751,0.05348018032050489,,,,,,,,0.05348018032050489
159240.0,0.16445682356348948,0.16406267821505072,0.16287454639954208,0.16087447127791807,0.1580295992803591,0.1542869740949944,0.14956364711017292,0.14372798183239988,0.13656139690709004,0.12766886889815032,0.11622299349097576,0.09989362280603117,0.053477010805344886,,,,,,,,0.053477010805344886
159300.0,0.1644137086701274,0.16401973579569273,0.16283212230948782,0.16083291434140215,0.15798926406419256,0.15424822507312116,0.14952686549129932,0.143693577375777,0.13652982988934434,0.12764069575551298,0.11619897988217054,0.09987513860247052,0.053473845623639576,,,,,,,,0.053473845623639576
159360.0,0.16437063325847903,0.16397683267553947,0.16278973697099214,0.16079139524309183,0.15794896540556275,0.1542095109570132,0.14949011674717735,0.1436592033671393,0.13649829046411416,0.12761254685326068,0.11617498651024412,0.0998566695316827,0.05347068476746775,,,,,,,,0.05347068476746775
159420.0,0.16432759727262417,0.16393396879895633,0.1627473903292766,0.16074991392963345,0.1579087032531065,0.15417083169786192,0.14945340083211925,0.1436248597644981,0.13646677859371814,0.12758442215870175,0.11615101334835931,0.09983821557409918,0.05346752822892605,,,,,,,,0.05346752822892605
159480.0,0.16428460065674788,0.16389114411041342,0.1627050823296656,0.16070847034777325,0.15786847755555636,0.15413218724694938,0.14941671770052187,0.1435905465259418,0.13643529424054407,0.12755632163920408,0.1161270603697268,0.09981977671018559,0.05346437600012922,,,,,,,,0.05346437600012922
159540.0,0.16424164335514016,0.16384835855448515,0.16266281291758644,0.16066706444435716,0.15782828826174064,0.15409357755564854,0.14938006730686704,0.14355626360963597,0.13640383736704753,0.12752824526219378,0.11610312754760489,0.09980135292044161,0.05346122807320975,,,,,,,,0.05346122807320975
159600.0,0.16419872531219537,0.16380561207585,0.1626205820385686,0.16062569616633068,0.15778813532058353,0.15405500257542254,0.14934344960572019,0.14352201097382322,0.13637240793575292,0.12750019299515544,0.11607921485529953,0.09978294418540083,0.053458084440317945,,,,,,,,0.053458084440317945
159660.0,0.16415584647241277,0.16376290461929047,0.16257838963824373,0.16058436546073876,0.15774801868110414,0.15401646225782462,0.14930686455173064,0.1434877885768225,0.1363410059092532,0.12747216480563323,0.11605532226616401,0.09976455048563092,0.05345494509362195,,,,,,,,0.05345494509362195
159720.0,0.16411300678039573,0.1637202361296927,0.16253623566234543,0.16054307227472514,0.1577079382924166,0.1539779565544983,0.14927031209963207,0.14345359637702948,0.13630963125020903,0.12744416066122938,0.11603144975359904,0.09974617180173333,0.05345181002530758,,,,,,,,0.05345181002530758
159780.0,0.1640702061808513,0.16367760655204602,0.1624941200567091,0.1605018165555325,0.15766789410373028,0.1539394854171768,0.1492337922042416,0.14341943433291632,0.13627828392134886,0.1274161805296038,0.11600759729105256,0.09972780811434317,0.05344867922757838,,,,,,,,0.05344867922757838
159840.0,0.1640274446185906,0.1636350158314431,0.16245204276727146,0.16046059825050235,0.15762788606434908,0.15390104879768274,0.14919730482045931,0.1433853024030311,0.13624696388546953,0.12738822437847538,0.11598376485201968,0.09970945940412938,0.053445552692655426,,,,,,,,0.053445552692655426
159900.0,0.16398472203852826,0.16359246391307966,0.16241000374007036,0.16041941730707415,0.15758791412367096,0.1538626466479282,0.14916084990326892,0.14335120054599784,0.13621567110543525,0.12736029217562136,0.1159599524100425,0.0996911256517946,0.05344243041277749,,,,,,,,0.05344243041277749
159960.0,0.16394203838568192,0.16354995074225379,0.16236800292124487,0.16037827367278581,0.1575479782311885,0.15382427891991463,0.1491244274077374,0.14331712872051672,0.13618440554417746,0.12733238388887605,0.11593615993871005,0.09967280683807486,0.053439312380200846,,,,,,,,0.053439312380200846
160020.0,0.16389939360517225,0.16350747626436618,0.16232604025703473,0.16033716729527323,0.1575080783364882,0.1537859455657321,0.14908803728901399,0.1432830868853634,0.13615316716469525,0.1273044994861318,0.11591238741165827,0.09965450294373962,0.053436198587199155,,,,,,,,0.053436198587199155
160080.0,0.1638567876422231,0.16346504042491986,0.16228411569378,0.16029609812226972,0.1574682143892501,0.1537476465375596,0.1490516795023309,0.1432490749993888,0.13612195593005502,0.12727663893533953,0.11588863480256974,0.09963621394959199,0.053433089026063654,,,,,,,,0.053433089026063654
160140.0,0.16381422044216037,0.1634226431695197,0.16224222917792125,0.1602550661016062,0.15742838633924802,0.1537093817876648,0.14901535400300295,0.1432150930215195,0.13609077180338994,0.1272488022045068,0.11586490208517365,0.09961793983646833,0.05342998368910293,,,,,,,,0.05342998368910293
160200.0,0.1637716919504124,0.1633802844438723,0.16220038065599915,0.16021407118121095,0.15738859413634926,0.15367115126840344,0.14897906074642697,0.14318114091075712,0.1360596147479,0.12722098926169842,0.11584118923324582,0.09959968058523806,0.05342688256864284,,,,,,,,0.05342688256864284
160260.0,0.16372920211251,0.1633379641937857,0.16215857007465387,0.16017311330910916,0.15734883773051378,0.15363295493221957,0.14894279968808197,0.14314721862617805,0.13602848472685228,0.1271932000750377,0.1158174962206084,0.09958143617680404,0.05342378565702668,,,,,,,,0.05342378565702668
160320.0,0.1636867508740851,0.1632956823651695,0.16211679738062543,0.16013219243342278,0.15730911707179476,0.15359479273164536,0.14890657078352904,0.1431133261269337,0.1359973817035804,0.1271654346127044,0.11579382302112987,0.09956320659210223,0.05342069294661489,,,,,,,,0.05342069294661489
160380.0,0.16364433818087165,0.163253438904034,0.16207506252075327,0.16009130850237044,0.1572694321103382,0.1535566646193004,0.14887037398841071,0.1430794633722502,0.1359663056414839,0.12713769284293472,0.11577016960872491,0.09954499181210147,0.05341760442978516,,,,,,,,0.05341760442978516
160440.0,0.1636019639787052,0.1632112337564904,0.1620333654419757,0.16005046146426716,0.1572297827963824,0.15351857054789186,0.14883420925845117,0.14304563032142775,0.1359352565040293,0.12710997473402283,0.11574653595735442,0.09952679181780366,0.053414520098932335,,,,,,,,0.053414520098932335
160500.0,0.16355962821352193,0.1631690668687507,0.16199170609133004,0.1600096512675238,0.1571901690802578,0.15348051047021455,0.14879807654945612,0.14301182693384115,0.13590423425474904,0.12708228025431978,0.11572292204102515,0.09950860659024373,0.053411439946468395,,,,,,,,0.053411439946468395
160560.0,0.16351733083135897,0.16312693818712698,0.16195008441595254,0.15996887786064753,0.15715059091238726,0.15344248433915017,0.1487619758173122,0.14297805316893936,0.13587323885724129,0.12705460937223217,0.1156993278337898,0.09949043611048927,0.05340836396482235,,,,,,,,0.05340836396482235
160620.0,0.16347507177835457,0.1630848476580314,0.16190850036307755,0.15992814119224108,0.15711104824328534,0.15340449210766738,0.148725907017987,0.14294430898624508,0.13584227027517018,0.12702696205622388,0.11567575330974701,0.09947228035964065,0.05340529214644028,,,,,,,,0.05340529214644028
160680.0,0.16343285100074703,0.16304279522797618,0.16186695388003772,0.15988744121100246,0.157071541023558,0.1533665337288217,0.14868987010752915,0.14291059434535486,0.13581132847226593,0.1269993382748157,0.11565219844304103,0.09945413931883107,0.053402224483785184,,,,,,,,0.053402224483785184
160740.0,0.1633906684448747,0.16300078084357317,0.16182544491426382,0.15984677786572504,0.15703206920390297,0.15332860915575514,0.14865386504206785,0.14287690920593912,0.1357804134123239,0.1269717379965838,0.11562866320786165,0.09943601296922627,0.05339916096933709,,,,,,,,0.05339916096933709
160800.0,0.16334852405717645,0.16295880445153352,0.16178397341328435,0.15980615110529753,0.15699263273510924,0.15329071834169597,0.14861789177781234,0.1428432535277414,0.1357495250592047,0.12694416119016064,0.11560514757844426,0.09941790129202441,0.05339610159559281,,,,,,,,0.05339610159559281
160860.0,0.16330641778419053,0.1629168659986676,0.16174253932472527,0.15976556087870303,0.15695323156805643,0.15325286123995882,0.14858195027105262,0.14280962727057867,0.1357186633768348,0.12691660782423558,0.11558165152906968,0.09939980426845633,0.053393046355066115,,,,,,,,0.053393046355066115
160920.0,0.16326434957255428,0.16287496543188476,0.16170114259630997,0.1597250071350193,0.15691386565371518,0.15321503780394408,0.14854604047815864,0.14277603039434103,0.13568782832920542,0.12688907786755332,0.11555817503406397,0.0993817218797853,0.05338999524028744,,,,,,,,0.05338999524028744
160980.0,0.1632223193690053,0.1628331026981932,0.16165978317585883,0.15968448982341873,0.156874534943147,0.15317724798713797,0.14851016235557987,0.1427424628589917,0.13565701988037251,0.12686157128891376,0.11553471806779837,0.09936365410730669,0.053386948243804036,,,,,,,,0.053386948243804036
161040.0,0.16318032712037964,0.16279127774469943,0.16161846101128918,0.15964400889316782,0.15683523938750338,0.15313949174311242,0.14847431585984583,0.1427089246245663,0.1356262379944573,0.12683408805717364,0.11551128060468939,0.09934560093234829,0.05338390535817993,,,,,,,,0.05338390535817993
161100.0,0.1631383727736119,0.1627494905186083,0.16157717605061506,0.15960356429362674,0.15679597893802602,0.15310176902552455,0.14843850094756567,0.14267541565117348,0.13559548263564555,0.12680662814124485,0.11548786261919838,0.09932756233627019,0.053380866575995736,,,,,,,,0.053380866575995736
161160.0,0.16309645627573593,0.16270774096722282,0.16153592824194685,0.15956315597424967,0.15675675354604693,0.1530640797881166,0.14840271757542745,0.14264193589899418,0.13556475376818736,0.12677919151009417,0.11546446408583168,0.09930953830046448,0.05337783188984868,,,,,,,,0.05337783188984868
161220.0,0.16305457757388367,0.16266602903794378,0.16149471753349107,0.15952278388458427,0.1567175631629878,0.15302642398471605,0.1483669657001987,0.14260848532828158,0.13553405135639737,0.12675177813274408,0.11544108497914045,0.09929152880635522,0.053374801292352586,,,,,,,,0.053374801292352586
161280.0,0.163012736615285,0.16262435467826944,0.16145354387355035,0.15948244797427147,0.1566784077403595,0.15298880156923506,0.14833124527872601,0.14257506389936117,0.1355033753646546,0.12672438797827282,0.11541772527372055,0.09927353383539872,0.053371774776137894,,,,,,,,0.053371774776137894
161340.0,0.16297093334726792,0.16258271783579561,0.1614124072105232,0.15944214819304522,0.15663928722976264,0.15295121249567017,0.14829555626793442,0.14254167157263048,0.13547272575740194,0.12669702101581282,0.1153943849442124,0.09925555336908311,0.05336875233385138,,,,,,,,0.05336875233385138
161400.0,0.1629291677172583,0.16254111845821528,0.1613713074929034,0.15940188449073256,0.15660020158288718,0.15291365671810267,0.1482598986248279,0.14250830830855846,0.13544210249914623,0.12666967721455152,0.11537106396530107,0.0992375873889282,0.053365733958156324,,,,,,,,0.053365733958156324
161460.0,0.1628874396727791,0.16249955649331818,0.1613302446692803,0.159361656817253,0.15656115075151145,0.152876134190698,0.14822427230648894,0.14247497406768603,0.13541150555445838,0.12664235654373196,0.115347762311716,0.09921963587648579,0.0533627196417325,,,,,,,,0.0533627196417325
161520.0,0.16284574916145078,0.16245803188899088,0.16128921868833818,0.15932146512261852,0.15652213468750292,0.15283864486770535,0.1481886772700779,0.14244166881062578,0.13538093488797273,0.12661505897265135,0.11532447995823088,0.09920169881333943,0.05335970937727592,,,,,,,,0.05335970937727592
161580.0,0.16280409613099073,0.16241654459321658,0.1612482294988564,0.15928130935693355,0.15648315334281773,0.15280118870345796,0.1481531134728335,0.14240839249806125,0.1353503904643872,0.12658778447066105,0.11530121687966367,0.09918377618110419,0.05335670315749893,,,,,,,,0.05335670315749893
161640.0,0.16276248052921324,0.16237509455407445,0.1612072770497089,0.15924118947039437,0.15644420666950012,0.15276376565237287,0.1481175808720726,0.1423751450907472,0.13531987224846326,0.12656053300716757,0.11527797305087661,0.09916586796142665,0.053353700975130224,,,,,,,,0.053353700975130224
161700.0,0.1627209023040291,0.1623336817197399,0.16116636128986403,0.15920110541328902,0.15640529461968236,0.15272637566895025,0.14808207942518942,0.14234192654950983,0.1352893802050254,0.12653330455163206,0.11525474844677576,0.09914797413598518,0.05335070282291461,,,,,,,,0.05335070282291461
161760.0,0.1626793614034454,0.16229230603848424,0.1611254821683845,0.15916105713599732,0.1563664171455851,0.15268901870777368,0.14804660908965564,0.14230873683524584,0.1352589142989613,0.12650609907356872,0.11523154304231115,0.09913009468648946,0.05334770869361317,,,,,,,,0.05334770869361317
161820.0,0.16263785777556555,0.1622509674586742,0.1610846396344271,0.1591210445889906,0.1563275741995166,0.15265169472350984,0.1480111698230209,0.1422755759089224,0.13522847449522174,0.12647891654254634,0.1152083568124769,0.09911222959468036,0.05334471858000311,,,,,,,,0.05334471858000311
161880.0,0.16259639136858875,0.16220966592877198,0.1610438336372422,0.15908106772283107,0.15628876573387232,0.15261440367090834,0.14797576158291173,0.14224244373157774,0.13519806075882013,0.1264517569281886,0.11518518973231061,0.09909437884233027,0.05334173247487769,,,,,,,,0.05334173247487769
161940.0,0.16255496213080994,0.16216840139733507,0.16100306412617396,0.15904112648817212,0.1562499917011354,0.1525771455048013,0.14794038432703144,0.14220934026432042,0.1351676730548326,0.12642462020017214,0.11516204177689351,0.09907654241124307,0.05333875037104627,,,,,,,,0.05333875037104627
162000.0,0.1625135700106195,0.16212717381301583,0.16096233105065993,0.159001220835758,0.15621125205387626,0.15253992018010354,0.14790503801316066,0.1421762654683287,0.13513731134839801,0.1263975063282268,0.11513891292135067,0.09905872028325327,0.05333577226133423,,,,,,,,0.05333577226133423
162060.0,0.16247221495650319,0.1620859831245612,0.16092163436023085,0.1589613507164234,0.15617254674475198,0.15250272765181216,0.14786972259915676,0.1421432193048513,0.13510697560471743,0.1263704152821373,0.11511580314085049,0.09904091244022663,0.05333279813858286,,,,,,,,0.05333279813858286
162120.0,0.16243089691704168,0.162044829280813,0.1608809740045103,0.15892151608109334,0.15613387572650644,0.15246556787500645,0.14783443804295307,0.1421102017352071,0.13507666578905422,0.1263433470317418,0.11509271241060451,0.09902311886406043,0.053329827995649476,,,,,,,,0.053329827995649476
162180.0,0.16238961584091055,0.1620037122307072,0.1608403499332146,0.1588817168807832,0.15609523895197033,0.15242844080484746,0.14779918430255962,0.14207721272078427,0.13504638186673398,0.12631630154693047,0.11506964070586785,0.09900533953668259,0.05332686182540722,,,,,,,,0.05332686182540722
162240.0,0.16234837167688002,0.16196263192327362,0.16079976209615293,0.15884195306659832,0.15605663637406048,0.15239134639657828,0.14776396133606304,0.14204425222304054,0.1350161238031443,0.12628927879764767,0.11504658800193884,0.09898757444005155,0.05332389962074505,,,,,,,,0.05332389962074505
162300.0,0.1623071643738146,0.16192158830763625,0.16075921044322652,0.1588022245897335,0.15601806794577983,0.15235428460552344,0.14772876910162516,0.14201132020350368,0.13498589156373447,0.12626227875389193,0.11502355427415861,0.09896982355615722,0.053320941374567776,,,,,,,,0.053320941374567776
162360.0,0.16226599388067312,0.16188058133301286,0.16071869492442858,0.15876253140147337,0.15597953362021758,0.15231725538708882,0.14769360755748395,0.1419784166237703,0.1349556851140156,0.12623530138571315,0.11500053949791138,0.09895208686702034,0.05331798707979599,,,,,,,,0.05331798707979599
162420.0,0.16222486014650833,0.16183961094871435,0.16067821548984468,0.15872287345319197,0.15594103335054854,0.15228025869676154,0.14765847666195364,0.14194554144550584,0.13492550441956044,0.12620834666321415,0.11497754364862454,0.0989343643546917,0.05331503672936595,,,,,,,,0.05331503672936595
162480.0,0.16218376312046665,0.16179867710414497,0.16063777208965183,0.15868325069635222,0.15590256709003297,0.15224329449010998,0.14762337637342318,0.14191269463044537,0.13489534944600315,0.12618141455655218,0.11495456670176804,0.09891665600125306,0.05331209031622963,,,,,,,,0.05331209031622963
162540.0,0.16214270275178805,0.16175777974880212,0.16059736467411842,0.15864366308250613,0.15586413479201688,0.1522063627227831,0.1475883066503569,0.14187987614039277,0.13486522015903915,0.12615450503593634,0.1149316086328544,0.09889896178881721,0.05330914783335461,,,,,,,,0.05330914783335461
162600.0,0.16210167898980615,0.161716918832276,0.16055699319360436,0.1586041105632945,0.15582573640993128,0.15216946335051051,0.14755326745129493,0.14184708593721987,0.134835116524425,0.12612761807162715,0.11490866941743907,0.09888128169952705,0.05330620927372407,,,,,,,,0.05330620927372407
162660.0,0.16206069178394727,0.1616760943042492,0.1605166575985606,0.15856459309044668,0.15578737189729194,0.15213259632910262,0.14751825873485191,0.1418143239828675,0.13480503850797848,0.126100753633939,0.11488574903112013,0.09886361571555546,0.05330327463033681,,,,,,,,0.05330327463033681
162720.0,0.16201974108373077,0.16163530611449695,0.1604763578395288,0.15852511061578023,0.15574904120769992,0.15209576161445,0.14748328045971712,0.14178159023934525,0.1347749860755781,0.12607391169323917,0.11486284744953759,0.09884596381910662,0.05330034389620706,,,,,,,,0.05330034389620706
162780.0,0.16197882683876885,0.16159455421288663,0.1604360938671414,0.1584856630912009,0.15571074429484077,0.15205895916252302,0.14744833258465498,0.14174888466873037,0.13474495919316318,0.12604709221994526,0.11483996464837402,0.0988283259924149,0.05329741706436449,,,,,,,,0.05329741706436449
162840.0,0.16193794899876607,0.1615538385493775,0.16039586563212146,0.15844625046870264,0.15567248111248416,0.15202218892937241,0.1474134150685043,0.14171620723316786,0.13471495782673376,0.12602029518452756,0.11481710060335472,0.09881070221774409,0.0532944941278544,,,,,,,,0.0532944941278544
162900.0,0.16189710751352301,0.16151315907402444,0.16035567308528578,0.15840687270037035,0.15563425161448777,0.15198545087113213,0.14737852787018096,0.14168355789487444,0.13468498194235284,0.1259935205575122,0.1147942552902483,0.09879309247739004,0.05329157507973791,,,,,,,,0.05329157507973791
162960.0,0.16185630233292292,0.16147251573696447,0.1603155161775319,0.15836752973836762,0.15559605575478475,0.15194874494400679,0.14734367094866752,0.1416509366161269,0.1346550315061374,0.12596676830947015,0.11477142868486107,0.098775496753676,0.05328865991308981,,,,,,,,0.05328865991308981
163020.0,0.1618155334069539,0.16143190848843877,0.16027539485986014,0.15832822153495787,0.15555789348740368,0.1519120711042921,0.1473088442630312,0.14161834335927911,0.13462510648427328,0.12594003841103105,0.11474862076304775,0.09875791502895895,0.05328574862100228,,,,,,,,0.05328574862100228
163080.0,0.16177480068568512,0.1613913372787693,0.16023530908335007,0.15828894804248156,0.15551976476644733,0.15187542930835415,0.14727404777240435,0.1415857780867451,0.13459520684299975,0.12591333083287182,0.11472583150069991,0.0987403472856223,0.053282841196581304,,,,,,,,0.053282841196581304
163140.0,0.16173410411927458,0.16135080205836633,0.16019525879916802,0.1582497092133634,0.15548166954609963,0.15183881951263528,0.14723928143599066,0.14155324076100412,0.13456533254861394,0.1258866455457189,0.1147030608737495,0.098722793506079,0.05327993763294795,,,,,,,,0.05327993763294795
163200.0,0.161693443657983,0.16131030277774228,0.16015524395858094,0.15821050500012623,0.15544360778063832,0.15180224167366696,0.14720454521307708,0.14152073134461077,0.13453548356748052,0.125859982520356,0.11468030885817562,0.09870525367277568,0.05327703792324029,,,,,,,,0.05327703792324029
163260.0,0.16165281925214858,0.1612698393874867,0.16011526451293157,0.15817133535536626,0.15540557942441166,0.15176569574804757,0.14716983906301281,0.14148824980017694,0.1345056598660151,0.1258333417276111,0.11465757542999298,0.09868772776818387,0.053274142060609424,,,,,,,,0.053274142060609424
163320.0,0.16161223085221188,0.1612294118382907,0.16007532041366257,0.1581322002317769,0.15536758443186158,0.15172918169246402,0.14713516294522908,0.14145579609039,0.1344758614107002,0.12580672313837019,0.1146348605652628,0.09867021577480878,0.053271250038223104,,,,,,,,0.053271250038223104
163380.0,0.16157167840870332,0.16118902008093497,0.1600354116123047,0.15809309958213735,0.15532962275751203,0.15169269946368066,0.14710051681922984,0.14142337017800305,0.13444608816807738,0.12578012672356903,0.1146121642400873,0.09865271767518544,0.053268361849263555,,,,,,,,0.053268361849263555
163440.0,0.1615311618722449,0.16114866406629136,0.15999553806047828,0.15805403335931384,0.15529169435597048,0.15165624901854144,0.14706590064459324,0.14139097202583692,0.13441634010474837,0.12575355245419545,0.11458948643061104,0.09863523345187857,0.05326547748692868,,,,,,,,0.05326547748692868
163500.0,0.16149068119353874,0.16110834374531122,0.15995569970988205,0.15801500151624864,0.15525379918191765,0.15161983031395943,0.14703131438096131,0.1413586015967716,0.13438661718736744,0.125727000301283,0.11456682711301497,0.09861776308747898,0.05326259694442968,,,,,,,,0.05326259694442968
163560.0,0.1614502363233899,0.16106805906904811,0.15991589651231514,0.15797600400598186,0.15521593719012816,0.15158344330693643,0.1469967579880591,0.14132625885376238,0.13435691938265615,0.12570047023592273,0.11454418626352694,0.0986003065646115,0.05325972021499459,,,,,,,,0.05325972021499459
163620.0,0.16140982721268318,0.16102780998863536,0.159876128419655,0.15793704078162968,0.1551781083354496,0.1515470879545435,0.1469622314256764,0.14129394375982363,0.1343272466573887,0.12567396222925056,0.11452156385841157,0.09858286386592714,0.053256847291865084,,,,,,,,0.053256847291865084
163680.0,0.16136945381239037,0.16098759645529265,0.1598363953838642,0.1578981117963911,0.15514031257280889,0.15151076421392706,0.1469277346536729,0.14126165627803383,0.13429759897839633,0.12564747625245173,0.11449895987397331,0.09856543497410523,0.05325397816829759,,,,,,,,0.05325397816829759
163740.0,0.16132911607358433,0.1609474184203398,0.1597966973570039,0.15785921700356062,0.15510254985722519,0.1514744720423204,0.14689326763198915,0.1412293963715456,0.13426797631257634,0.12562101227676867,0.11447637428656254,0.09854801987185821,0.05325111283756507,,,,,,,,0.05325111283756507
163800.0,0.1612888139474134,0.16090727583517211,0.1597570342912092,0.15782035635650518,0.15506482014378667,0.15143821139702243,0.14685883032062735,0.14119716400356727,0.13423837862687582,0.12559457027348614,0.11445380707256445,0.09853061854192353,0.05324825129295318,,,,,,,,0.05324825129295318
163860.0,0.16124854738512612,0.16086716865128464,0.15971740613871338,0.15778152980868684,0.15502712338767294,0.15140198223541884,0.14682442267967022,0.14116495913738109,0.13420880588830764,0.1255681502139452,0.11443125820841009,0.0985132309670713,0.053245393527763966,,,,,,,,0.053245393527763966
163920.0,0.1612083163380593,0.1608270968202598,0.1596778128518359,0.1577427373136514,0.15498945954414434,0.15136578451497143,0.1467900446692712,0.14113278173633423,0.1341792580639424,0.1255417520695375,0.11440872767057082,0.0984958571301005,0.05324253953531351,,,,,,,,0.05324253953531351
163980.0,0.16116812075763967,0.1607870602937695,0.15963825438298412,0.15770397882503023,0.1549518285685432,0.15132961819321958,0.14675569624965645,0.14110063176383997,0.13414973512090975,0.1255153758117048,0.11438621543555909,0.09847849701383986,0.05323968930893321,,,,,,,,0.05323968930893321
164040.0,0.16112796059537213,0.16074705902356376,0.15959873068464203,0.15766525429652933,0.15491423041628316,0.15129348322777061,0.14672137738111543,0.14106850918336936,0.13412023702639084,0.12548902141193286,0.11436372147992331,0.09846115060114369,0.053236842841967474,,,,,,,,0.053236842841967474
164100.0,0.16108783580286232,0.16070709296149271,0.1595592417093922,0.1576265636819503,0.1548766650428701,0.15125737957631902,0.14668708802401859,0.14103641395846764,0.13409076374763287,0.12546268884176487,0.11434124578025806,0.09844381787489918,0.053234000127777174,,,,,,,,0.053234000127777174
164160.0,0.16104774633179458,0.1606671620594843,0.1595197874098939,0.15758790693516941,0.15483913240388159,0.15122130719662702,0.1466528281387994,0.14100434605273787,0.13406131525193457,0.1254363780727882,0.1143187883131937,0.09842649881801946,0.05323116115973649,,,,,,,,0.05323116115973649
164220.0,0.16100769213393826,0.16062726626955143,0.15948036773888977,0.15754928401014404,0.15480163245497286,0.15118526604653046,0.14661859768596036,0.14097230542984576,0.13403189150665062,0.12541008907663803,0.11429634905539968,0.09840919341344567,0.05322832593123397,,,,,,,,0.05322832593123397
164280.0,0.1609676731611612,0.160587405543805,0.15944098264921894,0.1575106948609254,0.1547641651518892,0.15114925608395066,0.1465843966260835,0.1409402920535299,0.1340024924792004,0.12538382182500526,0.11427392798359072,0.09839190164415121,0.05322549443567437,,,,,,,,0.05322549443567437
164340.0,0.16092768936540602,0.16054757983443005,0.15940163209379332,0.15747213944163527,0.15472673045044402,0.1511132772668733,0.14655022491981048,0.14090830588758355,0.13397311813705226,0.12535757628962327,0.11425152507451548,0.09837462349313388,0.053222666666474835,,,,,,,,0.053222666666474835
164400.0,0.16088774069871337,0.16050778909370905,0.15936231602562087,0.15743361770648895,0.15468932830654025,0.1510773295533687,0.14651608252786216,0.14087634689587222,0.13394376844773892,0.12533135244228039,0.11422914030496766,0.09835735894342379,0.05321984261706847,,,,,,,,0.05321984261706847
164460.0,0.16084782711320988,0.16046803327401027,0.1593230343977939,0.1573951296097838,0.15465195867615958,0.15104141290158202,0.14648196941102942,0.14084441504232514,0.1339144433788497,0.12530515025481356,0.11420677365178049,0.0983401079780795,0.053217022280902145,,,,,,,,0.053217022280902145
164520.0,0.16080794856110697,0.16042831232778637,0.15928378716348743,0.15735667510589757,0.15461462151536104,0.15100552726973163,0.1464478855301708,0.1408125102909339,0.13388514289802964,0.12527896969910804,0.11418442509182594,0.09832287058018707,0.053214205651437065,,,,,,,,0.053214205651437065
164580.0,0.16076810499470195,0.16038862620757496,0.15924457427596034,0.15731825414928946,0.15457731678028191,0.15096967261610983,0.14641383084621384,0.14078063260575294,0.1338558669729798,0.12525281074709718,0.11416209460201523,0.09830564673286084,0.053211392722148795,,,,,,,,0.053211392722148795
164640.0,0.16072829636637845,0.16034897486599975,0.15920539568855616,0.15727986669450114,0.1545400444271384,0.15093384889908382,0.14637980532015635,0.14074878195090068,0.13382661557145828,0.12522667337076301,0.1141397821592993,0.09828843641924374,0.053208583486527086,,,,,,,,0.053208583486527086
164700.0,0.1606885226286066,0.16030935825577075,0.15916625135470328,0.15724151269615663,0.15450280441222597,0.15089805607709597,0.14634580891306584,0.14071695829055966,0.1337973886612802,0.12520055754213685,0.11411748774066886,0.09827123962250707,0.05320577793807598,,,,,,,,0.05320577793807598
164760.0,0.16064878373394317,0.16026977632968384,0.15912714122791433,0.15720319210896178,0.15446559669191906,0.1508622941086631,0.14631184158607907,0.14068516158897545,0.133768186210317,0.12517446323329876,0.11409521132315395,0.09825405632585021,0.05320297607031373,,,,,,,,0.05320297607031373
164820.0,0.1606090796350341,0.16023022904062334,0.1590880652617893,0.1571649048877077,0.15442842122267317,0.150826562952379,0.1462779033004049,0.14065339181045966,0.13373900818649906,0.12514839041637887,0.11407295288382571,0.09823688651250229,0.05320017787677333,,,,,,,,0.05320017787677333
164880.0,0.16056941028460156,0.16019071634154994,0.15904902341000318,0.15712665098725814,0.154391277961014,0.15079086256690408,0.1462439940173142,0.1406216489193805,0.13370985455780687,0.12512233906355077,0.11405071239979042,0.09821973016571753,0.053197383351000244,,,,,,,,0.053197383351000244
164940.0,0.16052977563546558,0.16015123818552157,0.15901001562632638,0.15708843036256964,0.1543541668635566,0.15075519291098324,0.1462101136981563,0.140589932880178,0.13368072529228522,0.12509630914704353,0.11402848984819901,0.098202587268782,0.053194592486555864,,,,,,,,0.053194592486555864
165000.0,0.16049017564052206,0.16011179452567115,0.15897104186460329,0.15705024296867084,0.1543170878869848,0.15071955394342648,0.14617626230434155,0.1405582436573478,0.13365162035802847,0.12507030063912858,0.11400628520623712,0.09818545780500683,0.05319180527701443,,,,,,,,0.05319180527701443
165060.0,0.1604506102527491,0.16007238531521362,0.15893210207875902,0.15701208876066888,0.1542800409880579,0.15068394562311532,0.14614243979734687,0.14052658121544648,0.13362253972318527,0.12504431351212392,0.11398409845112832,0.09816834175773033,0.05318902171596399,,,,,,,,0.05318902171596399
165120.0,0.16041107942522037,0.16003301050745927,0.15889319622281223,0.15697396769376154,0.15424302612362262,0.15064836790901404,0.1461086461387263,0.14049494551910127,0.13359348335596705,0.1250183477384019,0.11396192956013994,0.09815123911032216,0.05318624179700817,,,,,,,,0.05318624179700817
165180.0,0.16037158311108193,0.15999367005579,0.15885432425085222,0.15693587972321557,0.15420604325059153,0.15061282076014945,0.1460748812900919,0.14046333653299228,0.13356445122463267,0.12499240329037556,0.11393977851057245,0.09813414984617568,0.053183465513762684,,,,,,,,0.053183465513762684
165240.0,0.16033212126357496,0.15995436391368223,0.15881548611706128,0.15689782480438813,0.15416909232596399,0.15057730413563036,0.14604114521313277,0.14043175422186996,0.1335354432975036,0.12496648014051152,0.11391764527976997,0.09811707394871567,0.05318069285985849,,,,,,,,0.05318069285985849
165300.0,0.16029269383602401,0.15991509203469573,0.15877668177570348,0.1568598028927158,0.1541321733068158,0.15054181799463823,0.1460074378696052,0.14040019855054636,0.13350645954295604,0.12494057826132389,0.113895529845115,0.09810001140139443,0.053177923828939905,,,,,,,,0.053177923828939905
165360.0,0.16025330078183925,0.15987585437247515,0.1587379111811265,0.15682181394371647,0.15409528615030105,0.1505063622964283,0.14597375922133432,0.1403686694838965,0.13347749992942254,0.12491469762537515,0.11387343218402922,0.09808296218769222,0.05317515841466564,,,,,,,,0.05317515841466564
165420.0,0.16021394205450526,0.15983665088073912,0.15869917428775093,0.15678385791297889,0.15405843081364146,0.15047093700032013,0.14594010923020548,0.14033716698685025,0.13344856442538455,0.1248888382052696,0.11385135227396845,0.09806592629111384,0.05317239661070666,,,,,,,,0.05317239661070666
165480.0,0.16017461760760224,0.15979748151330142,0.1586604710500907,0.15674593475618273,0.15402160725414618,0.15043554206571616,0.1459064878581812,0.140305691024408,0.13341965299938635,0.12486299997366562,0.11382929009243245,0.09804890369519574,0.053169638410749384,,,,,,,,0.053169638410749384
165540.0,0.1601353273947849,0.15975834622405002,0.15862180142273277,0.15670804442907849,0.15398481542919262,0.15040017745208328,0.14587289506728382,0.14027424156162527,0.1333907656200211,0.1248371829032641,0.11380724561695518,0.0980318943834988,0.05316688380849285,,,,,,,,0.05316688380849285
165600.0,0.16009607136978882,0.15971924496695322,0.15858316536034334,0.15667018688749376,0.153948055296232,0.1503648431189583,0.14583933081960115,0.140242818563617,0.1333619022559353,0.12481138696681139,0.11378521882510771,0.09801489833961041,0.05316413279764959,,,,,,,,0.05316413279764959
165660.0,0.1600568494864434,0.15968017769607268,0.15854456281768015,0.15663236208734516,0.1539113268128011,0.15032953902595936,0.14580579507729666,0.14021142199556727,0.13333306287583715,0.12478561213710683,0.1137632096945042,0.09799791554714903,0.05316138537194739,,,,,,,,0.05316138537194739
165720.0,0.16001766169864867,0.1596411443655402,0.15850599374957008,0.15659456998461663,0.1538746299365013,0.15029426513276545,0.14577228780259055,0.14018005182271245,0.13330424744848107,0.12475985838698984,0.11374121820279122,0.0979809459897563,0.05315864152512575,,,,,,,,0.05315864152512575
165780.0,0.15997850796039773,0.1596021449295804,0.15846745811093127,0.15655681053538073,0.1538379646250192,0.15025902139913627,0.14573880895777847,0.14014870801035753,0.13327545594268278,0.12473412568935265,0.1137192443276581,0.09796398965110457,0.05315590125093914,,,,,,,,0.05315590125093914
165840.0,0.15993938822576584,0.15956317934249925,0.15842895585676206,0.15651908369578796,0.15380133083611613,0.15022380778490269,0.14570535850522215,0.14011739052386787,0.13324668832731223,0.12470841401713365,0.11369728804683189,0.09794704651489317,0.05315316454315508,,,,,,,,0.05315316454315508
165900.0,0.15990030244891204,0.15952424755868624,0.1583904869421425,0.15648138942206852,0.15376472852762996,0.15018862424996787,0.14567193640735077,0.14008609932867083,0.13321794457129404,0.12468272334331863,0.1136753493380781,0.0979301165648491,0.05315043139555513,,,,,,,,0.05315043139555513
165960.0,0.1598612505840681,0.15948534953260332,0.15835205132222432,0.15644372767052195,0.15372815765746545,0.15015347075429802,0.14563854262665235,0.14005483439024735,0.13318922464360097,0.12465705364093492,0.1136534281791957,0.09791319978472339,0.05314770180193278,,,,,,,,0.05314770180193278
166020.0,0.15982223258555947,0.15944648521880553,0.15831364895225078,0.15640609839753702,0.15369161818361263,0.1501183472579406,0.14560517712569065,0.14002359567414766,0.13316052851326754,0.1246314048830627,0.11363152454802675,0.09789629615829777,0.053144975756096724,,,,,,,,0.053144975756096724
166080.0,0.15978324840778502,0.1594076545719207,0.15827527978753658,0.156368501559572,0.15365511006412846,0.15008325372100628,0.14557183986708835,0.13999238314597573,0.13313185614937612,0.12460577704282336,0.11360963842244688,0.09787940566937833,0.05314225325186789,,,,,,,,0.05314225325186789
166140.0,0.1597442980052227,0.15936885754665553,0.15823694378347403,0.1563309371131605,0.1536186332571424,0.15004819010367432,0.14553853081353205,0.13996119677139415,0.13310320752106136,0.12458017009338339,0.11358776978036816,0.09786252830179723,0.053139534283080436,,,,,,,,0.053139534283080436
166200.0,0.15970538133244222,0.1593300940978081,0.15819864089554542,0.15629340501492364,0.1535821877208678,0.15001315636620347,0.14550524992778247,0.13993003651613342,0.13307458259751836,0.12455458400796125,0.1135659185997449,0.09784566403941682,0.05313681884358341,,,,,,,,0.05313681884358341
166260.0,0.15966649834408275,0.15929136418024528,0.15816037107930064,0.15625590522154845,0.15354577341358105,0.14997815246891247,0.14547199717265627,0.1398989023459748,0.13304598134798767,0.12452901875981452,0.11354408485856318,0.09782881286612227,0.0531341069272373,,,,,,,,0.0531341069272373
166320.0,0.15962764899487478,0.15925266774892488,0.15812213429037902,0.15621843768980864,0.15350939029364247,0.14994317837219912,0.14543877251104376,0.139867794226767,0.13301740374176999,0.12450347432225253,0.11352226853485113,0.09781197476582909,0.05313139852791727,,,,,,,,0.05313139852791727
166380.0,0.15958883323962908,0.1592140047588846,0.15808393048449856,0.15618100237655452,0.1534730383194855,0.1499082340365308,0.1454055759059001,0.13983671212441842,0.13298884974821892,0.12447795066863013,0.11350046960667379,0.09779514972247914,0.053128693639511185,,,,,,,,0.053128693639511185
166440.0,0.15955005103323835,0.1591753751652438,0.15804575961745748,0.15614359923871465,0.15343671744961854,0.14987331942244578,0.14537240732024678,0.13980565600489767,0.13296031933674213,0.12445244777234861,0.11347868805213393,0.09777833772004131,0.05312599225592055,,,,,,,,0.05312599225592055
166500.0,0.1595113023306672,0.15913677892319295,0.15800762164512397,0.15610622823328546,0.15340042764261538,0.1498384344905444,0.14533926671716285,0.13977462583422612,0.13293181247679411,0.12442696560684975,0.11345692384936724,0.09776153874250817,0.053123294371058734,,,,,,,,0.053123294371058734
166560.0,0.1594725870869719,0.15909821598801382,0.15796951652345614,0.15606888931735052,0.15336416885713397,0.14980357920150653,0.14530615405980155,0.139743621578493,0.13290332913789005,0.12440150414562735,0.11343517697655167,0.09774475277390271,0.05312059997885378,,,,,,,,0.05312059997885378
166620.0,0.1594339052572802,0.15905968631505957,0.15793144420848218,0.15603158244806195,0.15332794105189743,0.14976875351607383,0.14527306931137404,0.13971264320384055,0.13287486928959216,0.12437606336221582,0.11341344741189802,0.09772797979827139,0.05311790907324575,,,,,,,,0.05311790907324575
166680.0,0.15939525679680108,0.15902118985976385,0.1578934046563095,0.15599430758264893,0.15329174418570296,0.14973395739505832,0.1452400124351568,0.13968169067647063,0.1328464329015161,0.12435064323019547,0.11339173513365441,0.09771121979968744,0.05311522164818818,,,,,,,,0.05311522164818818
166740.0,0.1593566416608249,0.1589827265776413,0.1578553978231252,0.1559570646784178,0.15325557821742228,0.14969919079934244,0.14520698339449184,0.13965076396264517,0.13281801994333084,0.12432524372319266,0.11337004012010644,0.09769447276225106,0.053112537697647656,,,,,,,,0.053112537697647656
166800.0,0.15931805980472227,0.15894429642428642,0.15781742366519494,0.1559198536927515,0.1532194431060005,0.14966445368987805,0.14517398215278626,0.13961986302868545,0.13278963038475847,0.12429986481487924,0.11334836234957667,0.0976777386700889,0.05310985721560375,,,,,,,,0.05310985721560375
166860.0,0.15927951118394343,0.15890589935537286,0.15777948213886223,0.15588267458310867,0.15318333881045515,0.14962974602768597,0.14514100867351126,0.1395889878409715,0.13276126419557338,0.12427450647897216,0.11332670180042416,0.0976610175073539,0.05310718019604897,,,,,,,,0.05310718019604897
166920.0,0.15924099575401446,0.15886753532664982,0.15774157320054485,0.15584552730702017,0.1531472652898735,0.14959506777385279,0.14510806292019926,0.13955813836593936,0.13273292134559989,0.12424916868923144,0.11330505845104298,0.09764430925822404,0.053104506632988276,,,,,,,,0.053104506632988276
166980.0,0.1592025134705494,0.15882920429395372,0.1577036968067465,0.1558084118221004,0.15311122250342293,0.149560418889541,0.14507514485645365,0.13952731457008982,0.13270460180472013,0.1242238514194668,0.11328343227986762,0.09762761390690644,0.05310183652044094,,,,,,,,0.05310183652044094
167040.0,0.15916406428922908,0.15879090621318764,0.15766585291403631,0.15577132808602723,0.15307521041033179,0.1495257993359711,0.1450422544459318,0.1394965164199731,0.13267630554286036,0.12419855464352578,0.11326182326536334,0.09761093143763012,0.053099169852437386,,,,,,,,0.053099169852437386
167100.0,0.15912564816582273,0.15875264104034278,0.1576280414790701,0.15573427605656318,0.15303922896990954,0.1494912090744402,0.1450093916523626,0.1394657438822049,0.132648032530005,0.12417327833530624,0.11324023138603617,0.09759426183465349,0.05309650662302215,,,,,,,,0.05309650662302215
167160.0,0.1590872650561783,0.15871440873148812,0.1575902624585804,0.15569725569154508,0.15300327814153739,0.14945664806631329,0.14497655643953805,0.13943499692345868,0.13261978273619024,0.1241480224687505,0.11321865662042815,0.09757760508226089,0.053093846826252074,,,,,,,,0.053093846826252074
167220.0,0.1590489149162236,0.15867620924277218,0.15755251580937774,0.15566026694888557,0.15296735788466925,0.14942211627302457,0.14494374877131486,0.13940427551046683,0.13259155613150483,0.12412278701784592,0.11319709894711827,0.09756096116476298,0.0530911904561973,,,,,,,,0.0530911904561973
167280.0,0.15901059770195544,0.15863804253041253,0.15751480148834066,0.1556233097865637,0.15293146815882247,0.1493876136560682,0.1449109686116056,0.13937357961001304,0.13256335268608307,0.12409757195661936,0.11317555834471726,0.09754433006649334,0.05308853750693931,,,,,,,,0.05308853750693931
167340.0,0.15897231336946002,0.15859990855071535,0.15747711945243495,0.1555863841626433,0.1528956089235962,0.14935314017701568,0.14487821592439487,0.1393429091889468,0.1325351723701181,0.12407237725914827,0.113154034791877,0.0975277117718151,0.05308588797257384,,,,,,,,0.05308588797257384
167400.0,0.1589340618748934,0.1585618072600562,0.1574394696586945,0.15554949003525417,0.15285978013865298,0.1493186957974987,0.14484549067372354,0.13931226421416915,0.132507015153849,0.1240472028995495,0.11313252826728147,0.09751110626511443,0.05308324184720824,,,,,,,,0.05308324184720824
167460.0,0.15889584317448704,0.1585237386148857,0.15740185206422713,0.15551262736259827,0.1528239817637244,0.14928428047921447,0.14481279282369341,0.1392816446526368,0.13247888100756447,0.12402204885198272,0.11311103874964949,0.09749451353080245,0.05308059912496238,,,,,,,,0.05308059912496238
167520.0,0.15885765722455975,0.15848570257174155,0.15736426662622638,0.15547579610296067,0.15278821375862212,0.14924989418393583,0.14478012233847712,0.13925105047137099,0.13245076990161095,0.12399691509065723,0.11308956621774002,0.09747793355331916,0.05307795979997018,,,,,,,,0.05307795979997018
167580.0,0.15881950398149644,0.15844769908722703,0.15732671330195006,0.15543899621468946,0.15275247608321807,0.1492155368734929,0.14474747918230027,0.13922048163744183,0.13242268180637817,0.12397180158981981,0.11306811065034256,0.09746136631712647,0.05307532386637639,,,,,,,,0.05307532386637639
167640.0,0.15878138340176923,0.15840972811803197,0.1572891920487414,0.1554022276562151,0.15271676869746367,0.14918120850979114,0.1447148633194588,0.13918993811798383,0.13239461669231342,0.12394670832376652,0.11304667202628668,0.0974448118067151,0.05307269131833964,,,,,,,,0.05307269131833964
167700.0,0.15874329544192634,0.1583717896209223,0.15725170282401846,0.15536549038604117,0.1526810915613803,0.14914690905480205,0.14468227471431072,0.13915941988018765,0.13236657452991432,0.1239216352668367,0.11302525032443714,0.09742827000660097,0.053070062150030475,,,,,,,,0.053070062150030475
167760.0,0.15870524005859452,0.15833388355274178,0.15721424558527566,0.1553287843627457,0.15264544463506083,0.149112638470565,0.14464971333127702,0.13912892689130188,0.1323385552897298,0.12389658239341429,0.1130038455236947,0.0974117409013259,0.0530674363556325,,,,,,,,0.0530674363556325
167820.0,0.15866721720846869,0.15829600987040196,0.15717682029007415,0.15529210954497139,0.15260982787866037,0.14907839671917855,0.1446171791348335,0.1390984591186256,0.13231055894235388,0.12387154967792181,0.11298245760299173,0.09739522447545444,0.053064813929340385,,,,,,,,0.053064813929340385
167880.0,0.15862922684833106,0.15825816853090138,0.15713942689606086,0.15525546589144415,0.15257424125241403,0.1490441837628168,0.1445846720895268,0.1390680165295223,0.1322825854584385,0.12384653709483126,0.11296108654130078,0.09737872071357995,0.05306219486536275,,,,,,,,0.05306219486536275
167940.0,0.15859126893503211,0.1582203594913064,0.15710206536094926,0.155218853360955,0.15253868471661935,0.14900999956371289,0.14455219215995885,0.1390375990914059,0.13225463480868,0.12382154461865341,0.11293973231762579,0.09736222960031826,0.05305957915791953,,,,,,,,0.05305957915791953
168000.0,0.15855334342549657,0.15818258270875707,0.15706473564252532,0.15518227191236547,0.15250315823164148,0.1489758440841643,0.1445197393107911,0.13900720677174516,0.1322267069638237,0.1237965722239412,0.11291839491100493,0.09734575112030998,0.0530569668012429,,,,,,,,0.0530569668012429
168060.0,0.1585154502767349,0.1581448381404788,0.1570274376986591,0.15514572150461844,0.15246766175792392,0.14894171728654274,0.14448731350675434,0.13897683953807213,0.13219880189467187,0.12377161988529614,0.11289707430051597,0.09732928525822404,0.05305435778957883,,,,,,,,0.05305435778957883
168120.0,0.15847758944582194,0.15810712574376135,0.15699017148728378,0.15510920209671847,0.15243219525596943,0.14890761913327585,0.14445491471263178,0.1389464973579666,0.13217091957206895,0.12374668757735632,0.1128757704652664,0.09731283199875068,0.0530517521171838,,,,,,,,0.0530517521171838
168180.0,0.15843976088991815,0.15806944547597926,0.15695293696641613,0.1550727136477515,0.15239675868635877,0.14887354958686524,0.1444225428932753,0.13891618019907143,0.1321430599669155,0.12372177527480842,0.11285448338440303,0.09729639132660842,0.05304914977832785,,,,,,,,0.05304914977832785
168240.0,0.15840196456625927,0.1580317972945818,0.15691573409414628,0.1550362561168746,0.1523613520097411,0.14883950860987752,0.14439019801359756,0.13888588802908497,0.13211522305016207,0.12369688295238171,0.11283321303710747,0.09727996322654088,0.05304655076729276,,,,,,,,0.05304655076729276
168300.0,0.1583642004321571,0.15799418115709446,0.15687856282863935,0.15499982946331783,0.15232597518683577,0.14880549616494568,0.1443578800385731,0.13885562081576217,0.13208740879280964,0.12367201058484881,0.1128119594025965,0.09726354768331683,0.05304395507837297,,,,,,,,0.05304395507837297
168360.0,0.15832646844499054,0.15795659702110915,0.15684142312812596,0.15496343364637505,0.15229062817842334,0.14877151221476045,0.14432558893323036,0.1388253785269073,0.13205961716590264,0.12364715814702039,0.11279072246011773,0.09724714468172711,0.05304136270587378,,,,,,,,0.05304136270587378
168420.0,0.15828876856222449,0.15791904484430305,0.15680431495092048,0.15492706862542158,0.15225531094536265,0.14873755672208713,0.1442933246626672,0.13879516113038817,0.13203184814054258,0.12362232561375584,0.11276950218895844,0.09723075420659125,0.05303877364411412,,,,,,,,0.05303877364411412
168480.0,0.15825110074139057,0.15788152458442004,0.15676723825540284,0.15489073435989623,0.1522200234485736,0.14870362964974881,0.14426108719203537,0.13876496859412188,0.13200410168787516,0.12359751295995246,0.11274829856843675,0.09721437624275088,0.053036187887423966,,,,,,,,0.053036187887423966
168540.0,0.15821346494009608,0.15784403619927934,0.1567301930000272,0.15485443080931025,0.15218476564904546,0.14866973096063413,0.14422887648654795,0.13873480088608156,0.1319763777790957,0.12357272016055051,0.11272711157790573,0.09719801077507263,0.05303360543014581,,,,,,,,0.05303360543014581
168600.0,0.15817586111602433,0.15780657964677552,0.1566931791433219,0.15481815793324713,0.152149537507837,0.14863586061769768,0.14419669251147937,0.13870465797429649,0.13194867638544974,0.12354794719053351,0.11270594119675341,0.09718165778844834,0.05303102626663419,,,,,,,,0.05303102626663419
168660.0,0.15813828922693374,0.15776915488487794,0.15665619664388866,0.15478191569136143,0.15211433898607546,0.14860201858395902,0.1441645352321646,0.13867453982685135,0.1319209974782323,0.12352319402492756,0.11268478740440256,0.09716531726779486,0.05302845039125557,,,,,,,,0.05302845039125557
168720.0,0.15810074923065706,0.15773176187163,0.15661924546040215,0.15474570404337867,0.15207917004495608,0.14856820482250194,0.1441324046139987,0.13864444641188586,0.1318933410287875,0.12349846063880085,0.11266365018031026,0.09714898919805358,0.05302587779838845,,,,,,,,0.05302587779838845
168780.0,0.158063241085098,0.15769440056514544,0.15658232555160628,0.15470952294909213,0.15204403064573904,0.14853441929647188,0.14410030062243412,0.1386143776975922,0.13186570700850606,0.12347374700726202,0.1126425295039663,0.09713267356418943,0.0530233084824228,,,,,,,,0.0530233084824228
168840.0,0.1580257647482422,0.1576570709236197,0.15654543687632527,0.15467337236837278,0.1520089207497594,0.14850066196908535,0.14406822322298948,0.13858433365222297,0.1318380953888329,0.12344905310546622,0.11262142535489829,0.09711637035119457,0.05302074243776184,,,,,,,,0.05302074243776184
168900.0,0.15798832017813774,0.15761977290531035,0.15650857939344442,0.15463725226115105,0.1519738403184094,0.14846693280361284,0.14403617238123392,0.13855431424407708,0.13181050614125425,0.12342437890860404,0.11260033771266278,0.09710007954408188,0.05301817965881907,,,,,,,,0.05301817965881907
168960.0,0.15795090733291578,0.15758250646855737,0.15647175306193023,0.15460116258743642,0.15193878931315682,0.1484332317633965,0.14400414806280354,0.1385243194415148,0.13178293923731085,0.12339972439191318,0.11257926655685456,0.09708380112789175,0.053015620140021015,,,,,,,,0.053015620140021015
169020.0,0.1579135261707805,0.15754527157177342,0.15643495784082062,0.1545651033073079,0.15190376769553662,0.1483995588118422,0.14397215023339352,0.13849434921295026,0.13175539464859154,0.12337508953067296,0.11255821186710206,0.09706753508768876,0.053013063875805615,,,,,,,,0.053013063875805615
169080.0,0.15787617665001052,0.15750806817344545,0.15639819368922647,0.15452907438091534,0.15186877542715185,0.1483659139124202,0.14394017885875918,0.13846440352685277,0.13172787234673466,0.1233504743002049,0.11253717362306827,0.09705128140856233,0.053010510860623104,,,,,,,,0.053010510860623104
169140.0,0.15783885872894945,0.15747089623212493,0.15636146056632233,0.15449307576847052,0.15183381246966465,0.14833229702865694,0.14390823390470855,0.13843448235173972,0.13170037230342133,0.12332587867586753,0.11251615180444623,0.09703504007562348,0.053007961088934144,,,,,,,,0.053007961088934144
169200.0,0.1578015723660245,0.15743375570644616,0.1563247584313643,0.15445710743026464,0.15179887878481363,0.14829870812415125,0.1438763153371169,0.13840458565619013,0.1316728944903874,0.12330130263306675,0.11249514639096739,0.09701881107401075,0.05300541455521263,,,,,,,,0.05300541455521263
169260.0,0.1577643175197277,0.15739664655510824,0.15628808724367194,0.15442116932665054,0.1517639743343969,0.14826514716255818,0.1438444231219119,0.13837471340883098,0.1316454388794118,0.12327674614724535,0.11247415736239313,0.09700259438888433,0.05300287125394314,,,,,,,,0.05300287125394314
169320.0,0.15772709414862457,0.15735956873688345,0.15625144696263693,0.15438526141805115,0.15172909908027968,0.14823161410759664,0.1438125572250809,0.13834486557834377,0.1316180054423222,0.12325220919388795,0.11245318469851906,0.09698639000542893,0.053000331179622384,,,,,,,,0.053000331179622384
169380.0,0.1576899022113547,0.15732252221061754,0.1562148375477234,0.15434938366495993,0.15169425298439487,0.1481981089230495,0.143780717612671,0.13831504213346463,0.13159059415099475,0.12322769174852125,0.11243222837917491,0.09697019790885376,0.052997794326758614,,,,,,,,0.052997794326758614
169440.0,0.1576527416666308,0.1572855069352289,0.15617825895846665,0.1543135360279396,0.15165943600874202,0.14816463157276277,0.14374890425078807,0.13828524304298365,0.13156320497735374,0.12320319378671339,0.11241128838422391,0.09695401808439219,0.0529952606898718,,,,,,,,0.0529952606898718
169500.0,0.15761561247323747,0.15724852286970759,0.1561417111544727,0.15427771846762164,0.15162464811538673,0.14813118202064526,0.14371711710559648,0.13825546827574425,0.13153583789337137,0.12317871528407344,0.11239036469356282,0.09693785051730165,0.052992730263493465,,,,,,,,0.052992730263493465
169560.0,0.15757851459002836,0.15721156997311242,0.1561051940954152,0.15424193094470326,0.15158988926645772,0.14809776023066543,0.14368535614331637,0.13822571780064094,0.13150849287106517,0.1231542562162498,0.11236945728712036,0.0969216951928625,0.0529902030421662,,,,,,,,0.0529902030421662
169620.0,0.15754144797593708,0.1571746482045816,0.15606870774104573,0.1542061734199574,0.15155515942415654,0.14806436616686072,0.14365362133023218,0.13819599158662715,0.1314811698825054,0.12312981655893626,0.112348566144862,0.09690555209638162,0.05298767902044548,,,,,,,,0.05298767902044548
169680.0,0.15750441258995787,0.15713775752331352,0.15603225205117524,0.15417044585421494,0.15152045855074026,0.14803099979332135,0.14362191263267765,0.13816628960270133,0.1314538688998023,0.123105396287861,0.1123276912467812,0.09688942121318594,0.05298515819289668,,,,,,,,0.05298515819289668
169740.0,0.15746740839116527,0.1571008978885867,0.15599582698569356,0.1541347482083834,0.15148578660853976,0.14799766107420728,0.14359023001705148,0.1381366118179213,0.13142658989511924,0.12308099537879805,0.1123068325729088,0.09687330252862927,0.052982640554097855,,,,,,,,0.052982640554097855
169800.0,0.15743043533870518,0.15706406925975064,0.15595943250456007,0.15409908044343784,0.15145114355995065,0.14796434997374003,0.14355857344980985,0.13810695820139765,0.13139933284066668,0.12305661380756187,0.11228599010330856,0.0968571960280891,0.05298012609863801,,,,,,,,0.05298012609863801
169860.0,0.15739349339179615,0.15702727159622676,0.15592306856780516,0.15406344252042242,0.15141652936743502,0.147931066456204,0.14352694289746754,0.1380773287222945,0.13137209770870295,0.1230322515500082,0.11226516381807762,0.09684110169696693,0.0529776148211181,,,,,,,,0.0529776148211181
169920.0,0.15735658250971948,0.15699050485749913,0.15588673513552093,0.15402783440044152,0.1513819439935128,0.1478978104859384,0.14349533832659045,0.13804772334982277,0.13134488447152784,0.12300790858202854,0.1122443536973423,0.09682501952068522,0.052975106716149196,,,,,,,,0.052975106716149196
169980.0,0.15731970265183756,0.1569537690031327,0.1558504321678787,0.1539922560446764,0.15134738740077774,0.14786458202735248,0.14346375970380998,0.13801814205325313,0.13131769310149477,0.12298358487956064,0.11222355972126656,0.0968089494846935,0.05297260177835511,,,,,,,,0.05297260177835511
170040.0,0.15728285377757636,0.1569170639927551,0.15581415962511178,0.1539567074143685,0.15131285955188145,0.14783138104491025,0.1434322069958084,0.13798858480190318,0.13129052357099896,0.12295928041857816,0.11220278187004355,0.0967928915744623,0.052970100002370034,,,,,,,,0.052970100002370034
170100.0,0.15724603584643027,0.15688038978606236,0.1557779174675206,0.15392118847082473,0.15127836040953846,0.1477982075031354,0.14340068016932372,0.13795905156514127,0.1312633758524808,0.1229349951750937,0.11218202012389804,0.09677684577548487,0.05296760138283942,,,,,,,,0.05296760138283942
170160.0,0.15720924881797282,0.15684374634282952,0.15574170565548337,0.15388569917542766,0.151243889936536,0.14776506136662046,0.14336917919115827,0.13792954231239457,0.13123624991843336,0.12291072912516524,0.11216127446309167,0.096760812073281,0.05296510591442125,,,,,,,,0.05296510591442125
170220.0,0.15717249265183802,0.15680713362289117,0.15570552414943695,0.1538502394896168,0.15120944809571596,0.1477319426000098,0.14333770402816265,0.13790005701313446,0.13120914574138912,0.1228864822448848,0.11214054486791392,0.09674479045339046,0.052962613591783156,,,,,,,,0.052962613591783156
170280.0,0.157135767307739,0.15677055158616066,0.15566937290989555,0.15381480937490696,0.15117503484999248,0.1476988511680163,0.14330625464725133,0.13787059563689097,0.13118206329393287,0.12286225451038933,0.11211983131869074,0.0967287809013793,0.052960124409605236,,,,,,,,0.052960124409605236
170340.0,0.15709907274545787,0.15673400019262052,0.15563325189744154,0.1537794087928791,0.15114065016234357,0.14766578703541333,0.14327483101539532,0.13784115815324566,0.13115500254869525,0.12283804589785541,0.11209913379578018,0.09671278340283657,0.05295763836257829,,,,,,,,0.05295763836257829
170400.0,0.15706240892484793,0.15669747940232387,0.1555971610727267,0.15374403770518205,0.1511062939958121,0.1476327501670357,0.14324343309962292,0.13781174453183245,0.13112796347835395,0.12281385638350002,0.11207845227957333,0.09669679794337518,0.052955155445404696,,,,,,,,0.052955155445404696
170460.0,0.15702577580582505,0.15666098917538537,0.15556110039646337,0.1537086960735232,0.1510719663134973,0.14759974052777178,0.1432120608670123,0.13778235474233108,0.1311009460556275,0.12278968594357549,0.11205778675049001,0.09668082450862868,0.0529526756527968,,,,,,,,0.0529526756527968
170520.0,0.156989173348384,0.15662452947199895,0.15552506982944184,0.15367338385968576,0.15103766707857147,0.14756675808257905,0.14318071428470616,0.1377529887544804,0.13107395025328689,0.12276553455437929,0.1120371371889866,0.09666486308425684,0.05295019897947944,,,,,,,,0.05295019897947944
170580.0,0.15695260151258145,0.1565881002524201,0.15548906933251305,0.15363810102551215,0.1510033962542636,0.14753380279646874,0.14314939331989737,0.13772364653806496,0.13104697604414414,0.12274140219224412,0.11201650357554828,0.09664891365594024,0.052947725420187525,,,,,,,,0.052947725420187525
170640.0,0.15691606025854474,0.1565517014769741,0.15545309886659653,0.15360284753291142,0.15096915380386663,0.14750087463451275,0.14311809793983546,0.13769432806292115,0.13102002340105762,0.12271728883354283,0.1119958858906929,0.09663297620938288,0.052945254969667475,,,,,,,,0.052945254969667475
170700.0,0.15687954954647143,0.1565153331060563,0.15541715839268078,0.15356762334385968,0.15093493969073804,0.14746797356184405,0.14308682811182688,0.13766503329893773,0.1309930922969323,0.12269319445468826,0.11197528411497076,0.09661705073031221,0.052942787622676665,,,,,,,,0.052942787622676665
170760.0,0.15684306933662856,0.15647899510013144,0.15538124787182242,0.15353242842039927,0.15090075387829902,0.14743509954365616,0.14305558380323435,0.1376357622160548,0.13096618270471896,0.12266911903213283,0.11195469822896437,0.09660113720447872,0.052940323373983474,,,,,,,,0.052940323373983474
170820.0,0.1568066195893522,0.1564426874197325,0.15534536726514545,0.15349726272463807,0.1508665963300337,0.14740225254520212,0.14302436498147653,0.13760651478426345,0.13093929459741405,0.1226450625423682,0.11193412821328819,0.09658523561765597,0.05293786221836728,,,,,,,,0.05293786221836728
170880.0,0.15677020026504415,0.15640641002545794,0.15530951653383826,0.1534621262187466,0.15083246700948627,0.1473694325317919,0.14299317161402497,0.13757729097360352,0.1309124279480574,0.12262102496192355,0.11191357404858723,0.09656934595563949,0.052935404150617926,,,,,,,,0.052935404150617926
170940.0,0.1567338113241822,0.15637016287798203,0.15527369563916357,0.15342701886496793,0.15079836588027057,0.14733663946880157,0.14296200366841283,0.13754809075417115,0.13088558272973913,0.12259700626737127,0.11189303571554156,0.09655346820424997,0.05293294916553742,,,,,,,,0.05293294916553742
171000.0,0.1566974527273021,0.15633394593803654,0.1552379045424409,0.15339194062559994,0.15076429290605345,0.14730387332165737,0.14293086111222014,0.13751891409610523,0.13085875891558757,0.12257300643531675,0.11187251319485815,0.09653760234932753,0.05293049725793712,,,,,,,,0.05293049725793712
171060.0,0.15666112443501645,0.15629775916642946,0.15520214320506479,0.15335689146301365,0.15073024805057186,0.14727113405585204,0.1428997439130891,0.13748976096960147,0.13083195647878187,0.12254902544240917,0.11185200646727968,0.09652174837673792,0.05292804842264051,,,,,,,,0.05292804842264051
171120.0,0.15662482640800557,0.15626160252403645,0.15516641158849617,0.15332187133964492,0.15069623127762483,0.14723842163693704,0.14286865203871657,0.13746063134490605,0.13080517539254594,0.12252506326533631,0.11183151551358007,0.09650590627236943,0.05292560265448127,,,,,,,,0.05292560265448127
171180.0,0.15658855860701892,0.156225475971802,0.15513070965426382,0.15328688021799525,0.1506622425510747,0.14720573603052411,0.1428375854568555,0.1374315251923162,0.13077841563014947,0.1225011198808253,0.11181104031456525,0.09649007602213339,0.0529231599483045,,,,,,,,0.0529231599483045
171240.0,0.15655232099286634,0.15618937947073028,0.15509503736395516,0.15325191806062327,0.15062828183483884,0.14717307720227685,0.14280654413530758,0.13740244248217354,0.13075167716490183,0.12247719526563755,0.11179058085106931,0.09647425761196121,0.052920720298964816,,,,,,,,0.052920720298964816
171300.0,0.15651611352643466,0.15615331298190235,0.15505939467923335,0.1532169848301614,0.15059434909290523,0.14714044511792593,0.14277552804193688,0.1373733831848771,0.13072495997016353,0.1224532893965786,0.11177013710396204,0.09645845102781021,0.05291828370132894,,,,,,,,0.05291828370132894
171360.0,0.15647993616867126,0.15611727646645931,0.15502378156182056,0.15318208048929954,0.15056044428931703,0.14710783974325434,0.14274453714465618,0.13734434727087064,0.13069826401933501,0.12242940225048828,0.11174970905414101,0.09644265625565766,0.05291585015027339,,,,,,,,0.05291585015027339
171420.0,0.15644378888059177,0.15608126988561022,0.15498819797350583,0.15314720500079232,0.15052656738818002,0.1470752610441043,0.14271357141143373,0.13731533471064822,0.13067158928586178,0.12240553380424528,0.11172929668253563,0.09642687328150364,0.052913419640685785,,,,,,,,0.052913419640685785
171480.0,0.15640767162328012,0.15604529320063226,0.15495264387614519,0.15311235832745965,0.15049271835366235,0.14704270898637734,0.14268263081029314,0.13728634547475482,0.13064493574323463,0.12238168403476739,0.11170889997010706,0.09641110209137116,0.05291099216746437,,,,,,,,0.05291099216746437
171540.0,0.1563715843578881,0.15600934637286973,0.15491711923166077,0.15307754043218594,0.15045889714999422,0.14701018353603373,0.14265171530931248,0.13725737953378545,0.13061830336498903,0.12235785291901091,0.11168851889784781,0.09639534267130574,0.05290856772551806,,,,,,,,0.05290856772551806
171600.0,0.15633552704563441,0.1559734293637337,0.15488162400204036,0.15304275127791933,0.15042510374146711,0.14697768465909172,0.14262082487662434,0.13722843685838468,0.13059169212470487,0.12233404043397036,0.11166815344678135,0.09637959500737525,0.05290614630976635,,,,,,,,0.05290614630976635
171660.0,0.15629949964780454,0.1559375421347017,0.1548461581493372,0.15300799082767144,0.1503913380924335,0.14694521232162755,0.14258995948041522,0.13719951741924666,0.13056510199600607,0.12231024655667826,0.11164780359796225,0.0963638590856699,0.052903727915139385,,,,,,,,0.052903727915139385
171720.0,0.15626350212575058,0.15590168464731755,0.15481072163566953,0.15297325904451747,0.15035760016730695,0.14691276648977528,0.14255911908892555,0.13717062118711482,0.13053853295256077,0.12228647126420518,0.11162746933247605,0.09634813489230214,0.052901312536577844,,,,,,,,0.052901312536577844
171780.0,0.15622753444089146,0.15586585686319127,0.154775314423221,0.15293855589159605,0.15032388993056198,0.14688034712972667,0.14252830367044964,0.13714174813278196,0.13051198496808109,0.12226271453365967,0.11160715063143906,0.09633242241340666,0.052898900169032925,,,,,,,,0.052898900169032925
171840.0,0.1561915965547124,0.1558300587439991,0.15473993647424028,0.15290388133210897,0.15029020734673373,0.14684795420773117,0.1424975131933357,0.1371128982270901,0.13048545801632308,0.1222389763421882,0.11158684747599844,0.09631672163514032,0.0528964908074664,,,,,,,,0.0528964908074664
171900.0,0.15615568842876223,0.15579429025148037,0.15470458775103815,0.15286923532931862,0.15025655238041577,0.14681558769009337,0.14246674762598335,0.13708407144092835,0.13045895207108493,0.12221525666697337,0.11156655984733095,0.09630103254368125,0.05289408444685005,,,,,,,,0.05289408444685005
171960.0,0.15611981002466307,0.15575855134744748,0.1546692682159972,0.15283461784655722,0.15022292499626852,0.14678324754318134,0.14243600693685132,0.13705526774524024,0.13043246710621323,0.12219155548523969,0.11154628772664733,0.09628535512523206,0.052891681082167324,,,,,,,,0.052891681082167324
172020.0,0.1560839613040929,0.15572284199376832,0.15463397783155466,0.15280002884721008,0.15018932515900352,0.1467509337334117,0.14240529109444366,0.13702648711101048,0.13040600309559147,0.12216787277424347,0.11152603109518412,0.096269689366014,0.05288928070841071,,,,,,,,0.05288928070841071
172080.0,0.15604814222880387,0.15568716215238437,0.15459871656022026,0.15276546829473286,0.15015575283340007,0.14671864622726521,0.14237460006732466,0.13699772950927863,0.13037956001315237,0.12214420851128328,0.11150578993421241,0.09625403525227305,0.052886883320584145,,,,,,,,0.052886883320584145
172140.0,0.15601235276061326,0.1556515117853022,0.15456348436456765,0.15273093615264383,0.15012220798429737,0.1466863849912793,0.14234393382411112,0.1369689949111329,0.1303531378328717,0.12212056267369491,0.11148556422503354,0.09623839277027708,0.052884488913701524,,,,,,,,0.052884488913701524
172200.0,0.15597659286140533,0.1556158908545948,0.1545282812072358,0.15269643238452454,0.1500886905765956,0.14665414999204937,0.1423132923334736,0.13694028328771082,0.1303267365287692,0.12209693523885222,0.11146535394897977,0.09622276190631625,0.052882097482787584,,,,,,,,0.052882097482787584
172260.0,0.1559408624931222,0.15558029932239276,0.15449310705092043,0.15266195695401164,0.15005520057524782,0.14662194119622102,0.1422826755641303,0.13691159461019278,0.1303003560749033,0.12207332618416222,0.11144515908741032,0.09620714264670001,0.05287970902287624,,,,,,,,0.05287970902287624
172320.0,0.15590516161778042,0.15554473715090072,0.1544579618583903,0.15262750982481293,0.15002173794527554,0.14658975857050455,0.14225208348485954,0.13688292884981448,0.1302739964453818,0.12204973548707437,0.11142497962171916,0.09619153497776282,0.05287732352901295,,,,,,,,0.05287732352901295
172380.0,0.15586949019745502,0.15550920430238147,0.1544228455924709,0.15259309096069162,0.14998830265175334,0.1465576020816606,0.14222151606448621,0.1368542859778548,0.1302476576143506,0.12202616312507127,0.11140481553332711,0.09617593888585861,0.052874940996252624,,,,,,,,0.052874940996252624
172440.0,0.15583384819428658,0.155473700739163,0.1543877582160523,0.15255870032547347,0.14995489465981612,0.1465254716965071,0.14219097327188882,0.13682566596564125,0.13022133955599935,0.12200260907567319,0.11138466680368556,0.09616035435736328,0.05287256141966079,,,,,,,,0.05287256141966079
172500.0,0.15579823557048184,0.15543822642363908,0.1543526996920892,0.15252433788304703,0.14992151393465908,0.1464933673819191,0.14216045507599964,0.13679706878455045,0.13019504224456158,0.12197907331643806,0.11136453341427659,0.09614478137867476,0.05287018479431314,,,,,,,,0.05287018479431314
172560.0,0.15576265228831282,0.15540278131826846,0.1543176699836001,0.15249000359736323,0.14988816044153724,0.14646128910482822,0.1421299614458033,0.1367684944060071,0.13016876565431384,0.12195555582496093,0.1113444153466127,0.09612921993621287,0.052867811115295614,,,,,,,,0.052867811115295614
172620.0,0.15572709831011605,0.15536736538557405,0.15428266905366667,0.15245569743243434,0.14985483414576464,0.14642923683222234,0.14209949235033684,0.13673994280148405,0.13014250975957534,0.12193205657887382,0.11132431258223627,0.09611367001641909,0.052865440377704374,,,,,,,,0.052865440377704374
172680.0,0.15569157359828978,0.15533197858814018,0.15424769686543116,0.15242141935233133,0.1498215350127118,0.14639721053114263,0.14206904775868737,0.13671141394249983,0.13011627453470623,0.12190857555584396,0.11130422510271835,0.0960981316057554,0.05286307257664523,,,,,,,,0.05286307257664523
172740.0,0.15565607811530366,0.15529662088862206,0.15421275338210538,0.15238716932119314,0.1497882630078145,0.14636521016869214,0.14203862763999975,0.1366829078006257,0.13009005995411407,0.12188511273357919,0.11128415288966326,0.09608260469070773,0.0528607077072353,,,,,,,,0.0528607077072353
172800.0,0.1556206118236817,0.15526129224972898,0.15417783856695444,0.1523529473032105,0.14975501809655817,0.14633323571202111,0.1420082319634624,0.13665442434747319,0.13006386599224204,0.1218616680898184,0.11126409592470037,0.09606708925778017,0.05285834576460048,,,,,,,,0.05285834576460048
172860.0,0.15558517468601965,0.15522599263424183,0.1541429523833139,0.15231875326264246,0.14972180024449414,0.14630128712834226,0.1419778606983225,0.1366259635547073,0.13003769262358095,0.12183824160234165,0.11124405418949254,0.09605158529350093,0.05285598674387778,,,,,,,,0.05285598674387778
172920.0,0.15554976666497705,0.1551907220050049,0.15410809479458157,0.15228458716380885,0.14968860941723203,0.14626936438492347,0.14194751381387882,0.13659752539404021,0.13001153982266414,0.12181483324896526,0.11122402766573242,0.09603609278441952,0.052853630640213756,,,,,,,,0.052853630640213756
172980.0,0.15551438772327852,0.15515548032492682,0.15407326576421873,0.15225044897109136,0.14965544558044078,0.14623746744908878,0.1419171912794821,0.136569109837232,0.12998540756406773,0.12179144300754255,0.1112040163351426,0.09602061171710705,0.05285127744876555,,,,,,,,0.05285127744876555
173040.0,0.1554790378237049,0.1551202675569724,0.15403846525574202,0.15221633864892511,0.14962230869984086,0.1462055962882114,0.141886893064529,0.1365407168560848,0.12995929582240498,0.12176807085595912,0.1111840201794719,0.09600514207815368,0.05284892716469915,,,,,,,,0.05284892716469915
173100.0,0.15544371692910935,0.15508508366417878,0.15400369323273885,0.1521822561618144,0.14958919874121926,0.14617375086972734,0.14185661913847536,0.13651234642245438,0.12993320457233726,0.12174471677214195,0.11116403918050295,0.09598968385417385,0.05284657978319178,,,,,,,,0.05284657978319178
173160.0,0.15540842500240198,0.1550499286096391,0.1539689496588521,0.15214820147431743,0.1495561156704146,0.14614193116112156,0.14182636947082225,0.13648399850823847,0.12990713378856356,0.12172138073405031,0.11114407332004464,0.09597423703180082,0.052844235299429713,,,,,,,,0.052844235299429713
173220.0,0.15537316200655688,0.1550148023565103,0.1539342344977874,0.15211417455105336,0.14952305945332417,0.14611013712993484,0.14179614403112262,0.13645567308538228,0.12988108344582525,0.12169806271968006,0.11112412257993566,0.09595880159768932,0.052841893708609596,,,,,,,,0.052841893708609596
173280.0,0.15533792790461212,0.15497970486801327,0.1538995477133131,0.1520801753567025,0.14949003005590408,0.1460783687437635,0.1417659427889817,0.1364273701258786,0.1298550535189061,0.12167476270706376,0.11110418694204452,0.09594337753851571,0.05283955500593789,,,,,,,,0.05283955500593789
173340.0,0.1553027226596695,0.15494463610743203,0.15386488926925973,0.15204620385600565,0.1494570274441683,0.146046625970259,0.14173576571405613,0.1363990896017674,0.12982904398263195,0.12165148067427019,0.11108426638826929,0.09592796484097757,0.052837219186631,,,,,,,,0.052837219186631
173400.0,0.15526754623489356,0.1549095960381131,0.15383025912951945,0.1520122600137633,0.14942405158418864,0.14601490877712722,0.1417056127760532,0.13637083148513512,0.12980305481187035,0.12162821659940404,0.11106436090053727,0.09591256349179345,0.05283488624591515,,,,,,,,0.05283488624591515
173460.0,0.15523239859351154,0.15487458462346523,0.15379565725804553,0.15197834379483574,0.14939110244209403,0.14598321713212858,0.141675483944731,0.13634259574811472,0.12977708598153032,0.12160497046060577,0.1110444704608049,0.09589717347770298,0.05283255617902641,,,,,,,,0.05283255617902641
173520.0,0.15519727969881317,0.1548396018269595,0.1537610836188526,0.15194445516414276,0.1493581799840707,0.1459515510030777,0.14164537918989845,0.1363143823628856,0.1297511374665623,0.12158174223605166,0.11102459505105773,0.09588179478546675,0.05283022898121068,,,,,,,,0.05283022898121068
173580.0,0.15516218951415078,0.15480464761212917,0.1537265381760165,0.15191059408666374,0.14932528417636207,0.14591991035784338,0.14161529848141502,0.13628619130167344,0.12972520924195813,0.12155853190395358,0.11100473465331037,0.09586642740186631,0.05282790464772366,,,,,,,,0.05282790464772366
173640.0,0.15512712800293912,0.15476972194256952,0.153692020893674,0.15187676052743732,0.14929241498526857,0.14588829516434848,0.14158524178919052,0.13625802253675015,0.12969930128275092,0.12153533944255908,0.11098488924960646,0.09585107131370407,0.05282558317383075,,,,,,,,0.05282558317383075
173700.0,0.15509209512865244,0.1547348247819351,0.15365753173602031,0.15184295445155896,0.14925957237714538,0.14585670539056786,0.14155520908318314,0.13622987604043188,0.1296734135640134,0.12151216483014986,0.11096505882201743,0.09583572650780248,0.05282326455480673,,,,,,,,0.05282326455480673
173760.0,0.15505709085483377,0.15469995609394896,0.15362307066731792,0.15180917582418985,0.14922675631841054,0.14582514100453586,0.141525200333407,0.13620175178508595,0.1296475460608639,0.12148900804504682,0.11094524335264666,0.095820392971007,0.05282094878593724,,,,,,,,0.05282094878593724
173820.0,0.15502211514507858,0.15466511584238626,0.15358863765188066,0.15177542461054067,0.14919396677552987,0.14579360197433222,0.14149521550991845,0.1361736497431183,0.1296216987484552,0.12146586906560083,0.11092544282362192,0.09580507069018078,0.05281863586251625,,,,,,,,0.05281863586251625
173880.0,0.15498716796305195,0.15463030399109115,0.1535542326540903,0.15174170077588842,0.14916120371503302,0.1457620882680972,0.14146525458283,0.13614556988698653,0.12959587160198643,0.12144274787020258,0.1109056572171034,0.09578975965221015,0.05281632577984841,,,,,,,,0.05281632577984841
173940.0,0.15495224927248022,0.15459552050396896,0.15351985563838869,0.15170800428556883,0.14912846710350583,0.14573059985402426,0.141435317522304,0.13611751218919385,0.12957006459669732,0.1214196444372777,0.1108858865152798,0.09577445984400203,0.052814018533247575,,,,,,,,0.052814018533247575
174000.0,0.1549173590371522,0.1545607653449874,0.15348550656927906,0.15167433510497683,0.14909575690759116,0.14569913670036086,0.1414054042985538,0.13608947662228965,0.1295442777078689,0.12139655874528753,0.11086613070036891,0.09575917125248444,0.0528117141180377,,,,,,,,0.0528117141180377
174060.0,0.15488249722091138,0.1545260384781679,0.1534511854113177,0.15164069319955914,0.1490630730939818,0.14566769877540203,0.1413755148818364,0.13606146315886383,0.12951851091081829,0.12137349077272476,0.11084638975461393,0.09574389386460365,0.052809412529551285,,,,,,,,0.052809412529551285
174120.0,0.15484766378767112,0.1544913398676018,0.15341689212912946,0.15160707853482952,0.14903041562943467,0.14563628604750362,0.1413456492424654,0.13603347177155836,0.1294927641809093,0.12135044049812195,0.11082666366029069,0.09572862766732926,0.05280711376313151,,,,,,,,0.05280711376313151
174180.0,0.1548128587013992,0.1544566694774348,0.15338262668739264,0.15157349107635343,0.14899778448075657,0.14560489848506838,0.141315807350799,0.13600550243305545,0.12946703749354155,0.12132740790004275,0.11080695239970034,0.09571337264764929,0.052804817814130316,,,,,,,,0.052804817814130316
174240.0,0.15477808192612533,0.15442202727187385,0.15334838905084605,0.1515399307897551,0.14896517961481076,0.145573536056553,0.14128598917724536,0.13597755511608314,0.1294413308241558,0.1213043929570863,0.11078725595517276,0.09569812879257258,0.05280252467790957,,,,,,,,0.05280252467790957
174300.0,0.1547433334259413,0.15438741321518756,0.15331417918428908,0.1515063976407179,0.14893260099851735,0.1455421987304679,0.14125619469226275,0.1359496297934156,0.12941564414823375,0.12128139564788719,0.11076757430906689,0.0956828960891287,0.05280023434984059,,,,,,,,0.05280023434984059
174360.0,0.1547086131649999,0.15435282727170552,0.15327999705258102,0.15147289159498348,0.14890004859885242,0.14551088647537674,0.14122642386635884,0.13592172643787245,0.12938997744129788,0.12125841595111489,0.11074790744377006,0.09566767452436768,0.05279794682530412,,,,,,,,0.05279794682530412
174420.0,0.15467392110751468,0.15431826940581775,0.1532458426206407,0.15143941261835123,0.14886752238284767,0.14547959925989562,0.14119667667009078,0.1358938450223182,0.12936433067891076,0.12123545384547361,0.11072825534169779,0.09565246408536007,0.05279566209969045,,,,,,,,0.05279566209969045
174480.0,0.15463925721775976,0.1542837395819742,0.1532117158534459,0.15140596067667814,0.14883502231758988,0.1454483370526931,0.1411669530740647,0.13586598551966217,0.12933870383667498,0.12121250930970218,0.11070861798529391,0.09563726475919666,0.05279338016839929,,,,,,,,0.05279338016839929
174540.0,0.15460462146006942,0.1542492377646849,0.15317761671603353,0.1513725357358785,0.14880254837022133,0.1454170998224904,0.14113725304893543,0.13583814790285859,0.12931309689023326,0.1211895823225739,0.11068899535703033,0.09562207653298853,0.05279110102683968,,,,,,,,0.05279110102683968
174600.0,0.15457001379883836,0.15421476391852001,0.15314354517349962,0.15133913776192431,0.14877010050793946,0.1453858875380608,0.1411075765654066,0.13581033214490637,0.1292875098152683,0.12116667286289658,0.11066938743940705,0.09560689939386695,0.05278882467043016,,,,,,,,0.05278882467043016
174660.0,0.15453543419852145,0.1541803180081094,0.15310950119099903,0.15130576672084473,0.1487376786979966,0.14535470016822985,0.1410779235942308,0.13578253821884917,0.1292619425875026,0.12114378090951249,0.11064979421495205,0.09559173332898349,0.05278655109459855,,,,,,,,0.05278655109459855
174720.0,0.1545008826236335,0.15414589999814268,0.1530754847337454,0.15127242257872606,0.1487052829077002,0.1453235376818753,0.1410482941062093,0.13575476609777506,0.12923639518269853,0.12112090644129815,0.11063021566622139,0.09557657832550989,0.05278428029478207,,,,,,,,0.05278428029478207
174780.0,0.15446635903874945,0.15411150985336916,0.153041495767011,0.15123910530171158,0.1486729131044125,0.14529240004792696,0.14101868807219167,0.13572701575481663,0.1292108675766582,0.12109804943716444,0.11061065177579904,0.09556143437063798,0.052782012266427265,,,,,,,,0.052782012266427265
174840.0,0.15443186340850376,0.15407714753859744,0.1530075342561266,0.15120581485600176,0.1486405692555505,0.14526128723536635,0.14098910546307605,0.13569928716315094,0.12918535974522338,0.12107520987605647,0.11059110252629681,0.09554630145157966,0.052779747004989955,,,,,,,,0.052779747004989955
174900.0,0.15439739569759076,0.1540428130186956,0.15297360016648137,0.15117255120785372,0.1486082513285857,0.1452301992132268,0.14095954624980905,0.13567158029599918,0.12915987166427542,0.1210523877369534,0.11057156790035433,0.09553117955556696,0.05277748450593522,,,,,,,,0.05277748450593522
174960.0,0.1543629558707617,0.15400850625858847,0.1529396934635204,0.15113931432357877,0.14857595929104198,0.14519913595059136,0.14093001040338335,0.13564389512662495,0.1291344033097334,0.12102958299886708,0.11055204788063784,0.09551606866985109,0.05277522476473705,,,,,,,,0.05277522476473705
175020.0,0.15432854389283374,0.15397422722326634,0.15290581411275309,0.15110610416955123,0.14854369311050347,0.14516809741660006,0.14090049789484493,0.13561623162834072,0.1291089546575602,0.12100679564084704,0.11053254244984431,0.09550096878170532,0.0527729677768797,,,,,,,,0.0527729677768797
175080.0,0.1542941597286742,0.1539399758777692,0.1528719620797379,0.151072920712193,0.14851145275459998,0.14513708358043642,0.14087100869528063,0.13558858977449623,0.12908352568375192,0.12098402564197154,0.11051305159069406,0.09548587987841978,0.052770713537855375,,,,,,,,0.052770713537855375
175140.0,0.15425980334321684,0.1539057521872036,0.15283813733009854,0.15103976391798918,0.1484792381910222,0.14510609441134176,0.14084154277583102,0.13556096953849048,0.12905811636434864,0.1209612729813568,0.11049357528593837,0.09547080194730702,0.05276846204316647,,,,,,,,0.05276846204316647
175200.0,0.15422547470145406,0.1538715561167341,0.15280433982951613,0.15100663375348086,0.1484470493875151,0.14507512987860835,0.1408121001076842,0.13553337089376602,0.12903272667542945,0.12093853763815272,0.11047411351835598,0.09545573497569944,0.052766213288324065,,,,,,,,0.052766213288324065
175260.0,0.15419117376843827,0.1538373876315848,0.15277056954373025,0.15097353018526635,0.14841488631187788,0.14504418995158047,0.14078268066207683,0.13550579381381006,0.1290073565931135,0.12091581959154356,0.11045466627075363,0.0954406789509493,0.05276396726884885,,,,,,,,0.05276396726884885
175320.0,0.15415690050927408,0.15380324669703194,0.1527368264385316,0.15094045317999344,0.14838274893195733,0.14501327459964755,0.14075328441028803,0.13547823827214828,0.12898200609355404,0.12089311882074319,0.11043523352596223,0.09542563386042657,0.052761723980269584,,,,,,,,0.052761723980269584
175380.0,0.15412265488913268,0.15376913327841832,0.15270311047977644,0.15090740270437356,0.14835063721566205,0.14498238379225722,0.14072391132365086,0.13545070424235608,0.12895667515294873,0.12087043530500394,0.11041581526684388,0.09541059969152381,0.05275948341812529,,,,,,,,0.05275948341812529
175440.0,0.15408843687323773,0.15373504734113833,0.15266942163337205,0.1508743787251679,0.14831855113094827,0.1449515174989024,0.1406945613735409,0.1354231916980478,0.12893136374753025,0.1208477690236081,0.11039641147628525,0.09539557643165107,0.052757245577963255,,,,,,,,0.052757245577963255
175500.0,0.15405424642687215,0.1537009888506454,0.1526357598652836,0.15084138120919413,0.14828649064582625,0.14492067568912734,0.14066523453138152,0.13539570061288164,0.1289060718535705,0.12082511995587177,0.11037702213720053,0.09538056406823824,0.052755010455340166,,,,,,,,0.052755010455340166
175560.0,0.15402008351537805,0.15366695777245212,0.1526021251415344,0.1508084101233264,0.14825445572836035,0.14488985833252788,0.14063593076864428,0.13536823096055964,0.1288807994473804,0.12080248808114494,0.11035764723253152,0.09536556258873523,0.0527527780458217,,,,,,,,0.0527527780458217
175620.0,0.15398594810415586,0.15363295407212918,0.15256851742820512,0.15077546543449444,0.14822244634666898,0.1448590653987506,0.14060665005684822,0.1353407827148275,0.12885554650530978,0.1207798733788112,0.11033828674524737,0.09535057198061175,0.052750548344982544,,,,,,,,0.052750548344982544
175680.0,0.15395184015866445,0.15359897771530492,0.15253493669143312,0.15074254710968346,0.14819046246892367,0.1448282968574925,0.14057739236755948,0.1353133558494741,0.12883031300374737,0.12075727582828746,0.11031894065834444,0.09533559223135701,0.0527483213484064,,,,,,,,0.0527483213484064
175740.0,0.15391775964442045,0.1535650286676654,0.15250138289741239,0.15070965511593365,0.1481585040633485,0.14479755267850086,0.14054815767239093,0.13528595033833116,0.12880509891912004,0.12073469540902372,0.11029960895484604,0.09532062332847961,0.052746097051685925,,,,,,,,0.052746097051685925
175800.0,0.1538837065269982,0.1535311068949541,0.15246785601239357,0.1506767894203403,0.1481265710982206,0.14476683283157313,0.14051894594300232,0.1352585661552733,0.12877990422789293,0.120712132100503,0.1102802916178024,0.09530566525950768,0.05274387545042271,,,,,,,,0.05274387545042271
175860.0,0.15384968077202965,0.15349721236297195,0.15243435600268376,0.15064394999005362,0.14809466354187034,0.14473613728655682,0.14048975715110038,0.13523120327421803,0.12875472890656967,0.12068958588224145,0.11026098863029068,0.09529071801198882,0.05274165654022726,,,,,,,,0.05274165654022726
175920.0,0.15381568234520454,0.15346334503757697,0.1524008828346464,0.1506111367922787,0.14806278136268036,0.1447054660133494,0.14046059126843835,0.1352038616691257,0.128729572931692,0.12066705673378826,0.11024169997541511,0.09527578157349,0.05273944031671899,,,,,,,,0.05273944031671899
175980.0,0.15378171121227002,0.1534295048846846,0.1523674364747012,0.15057834979427534,0.14803092452908598,0.14467481898189838,0.14043144826681603,0.13517654131399925,0.1287044362798399,0.12064454463472543,0.11022242563630662,0.09526085593159747,0.05273722677552622,,,,,,,,0.05273722677552622
176040.0,0.15374776733903045,0.15339569187026714,0.152334016889324,0.15054558896335798,0.14799909300957512,0.14464419616220092,0.14040232811807982,0.13514924218288424,0.12867931892763132,0.12062204956466789,0.11020316559612289,0.09524594107391696,0.05273501591228612,,,,,,,,0.05273501591228612
176100.0,0.15371385069134752,0.15336190596035384,0.1523006240450466,0.15051285426689542,0.14796728677268808,0.144613597524304,0.14037323079412253,0.13512196424986872,0.1286542208517222,0.12059957150326338,0.11018391983804839,0.0952310369880734,0.05273280772264466,,,,,,,,0.05273280772264466
176160.0,0.15367996123514016,0.15332814712103085,0.1522672579084568,0.15048014567231108,0.14793550578701745,0.14458302303830406,0.14034415626688312,0.13509470748908325,0.12862914202880657,0.12057711043019231,0.11016468834529428,0.09521614366171095,0.05273060220225668,,,,,,,,0.05273060220225668
176220.0,0.1536460989363817,0.15329441531843857,0.15223391844619572,0.1504474631470803,0.1479037500212057,0.14455247267434496,0.14031510450834492,0.13506747187469878,0.12860408243561458,0.12055466632516637,0.11014547110109726,0.09520126108249215,0.052728399346785415,,,,,,,,0.052728399346785415
176280.0,0.15361226376110845,0.15326071051878,0.1522006056249663,0.1504148066587382,0.14787201944395323,0.14452194640262545,0.14028607549054253,0.1350402573809332,0.1285790420489181,0.12053223916793344,0.11012626808872333,0.0951863892381009,0.0527261991519039,,,,,,,,0.0527261991519039
176340.0,0.15357845567540498,0.153227032688306,0.15216731941151834,0.150382176174866,0.1478403140240041,0.14449144419338575,0.14025706918554912,0.13501306398204008,0.1285540208455211,0.12050982893826892,0.11010707929146103,0.09517152811623719,0.052724001613292694,,,,,,,,0.052724001613292694
176400.0,0.15354467464541935,0.15319338179333078,0.15213405977266395,0.15034957166310542,0.1478086337301608,0.1444609660169215,0.1402280855654895,0.13498589165232017,0.12852901880226977,0.12048743561598453,0.11008790469262876,0.09515667770462245,0.05272180672664205,,,,,,,,0.05272180672664205
176460.0,0.1535109206373556,0.1531597578002243,0.15210082667527028,0.1503169930911514,0.1477769785312773,0.14443051184357703,0.1401991246025345,0.13495874036611594,0.12850403589604753,0.12046505918092434,0.11006874427557095,0.09514183799099712,0.05271961448765049,,,,,,,,0.05271961448765049
176520.0,0.15347719361747542,0.1531261606754136,0.15206762008626076,0.15028444042675373,0.14774534839626002,0.1444000816437465,0.14017018626890118,0.13493161009781263,0.12847907210377577,0.12044269961296543,0.11004959802365882,0.09512700896312103,0.05271742489202563,,,,,,,,0.05271742489202563
176580.0,0.15344349355209042,0.1530925903853753,0.1520344399726073,0.15025191363770998,0.14771374329406095,0.14436967538786738,0.1401412705368466,0.13490450082183253,0.12845412740240933,0.1204203568920132,0.11003046592028713,0.09511219060877073,0.05271523793548284,,,,,,,,0.05271523793548284
176640.0,0.15340982040757595,0.1530590468966499,0.15200128630134466,0.15021941269187833,0.14768216319369087,0.1443392930464329,0.1401123773786803,0.13487741251264532,0.1284292017689455,0.12039803099800979,0.11001134794888058,0.09509738291574435,0.052713053613747195,,,,,,,,0.052713053613747195
176700.0,0.15337617415035754,0.1530255301758275,0.1519681590395567,0.1501869375571645,0.14765060806420638,0.14430893458997954,0.1400835067667525,0.13485034514475785,0.12840429518041455,0.12037572191092621,0.10999224409288703,0.09508258587185701,0.05271087192255154,,,,,,,,0.05271087192255154
176760.0,0.1533425547469175,0.15299204018955453,0.15193505815438266,0.15015448820152852,0.14761907787471584,0.14427859998909298,0.14005465867345898,0.1348232986927194,0.12837940761388456,0.120353429610766,0.10997315433578084,0.09506779946494298,0.0527086928576378,,,,,,,,0.0527086928576378
176820.0,0.1533089621637946,0.15295857690453393,0.1519019836130171,0.15012206459298447,0.14758757259437952,0.1442482892144083,0.14002583307124147,0.13479627313112116,0.12835453904646138,0.12033115407756499,0.10995407866106315,0.09505302368285552,0.052706516414756405,,,,,,,,0.052706516414756405
176880.0,0.15327539636758386,0.15292514028752446,0.15186893538270974,0.15008966669959953,0.14755609219240917,0.1442180022366093,0.13999702993258756,0.1347692684345959,0.12832968945528803,0.12030889529139122,0.10993501705226123,0.09503825851346687,0.052704342589666275,,,,,,,,0.052704342589666275
176940.0,0.15324185732493598,0.15289173030534003,0.15183591343076464,0.15005729448949387,0.1475246366380675,0.14418773902642792,0.13996824923002987,0.1347422845778179,0.1283048588175444,0.12028665323234476,0.1099159694929282,0.0950235039446681,0.05270217137813495,,,,,,,,0.05270217137813495
177000.0,0.15320834500255687,0.1528583469248498,0.15180291772454005,0.15002494793084076,0.14749320590066775,0.1441574995546443,0.13993949093614566,0.13471532153550264,0.12828004711044722,0.12026442788055751,0.10989693596664316,0.095008759964369,0.05270000277593854,,,,,,,,0.05270000277593854
177060.0,0.15317485936720776,0.1528249901129779,0.15176994823144832,0.149992626991866,0.14746179994957387,0.14412728379208664,0.13991075502355713,0.1346883792824065,0.12825525431125015,0.12024221921619284,0.10987791645701123,0.09499402656049795,0.05269783677886155,,,,,,,,0.05269783677886155
177120.0,0.15314140038570528,0.15279165983670337,0.15173700491895598,0.14996033164084774,0.1474304187542005,0.14409709170963111,0.13988204146493155,0.134661457793327,0.12823048039724333,0.12022002721944589,0.10985891094766327,0.09497930372100198,0.052695673382697004,,,,,,,,0.052695673382697004
177180.0,0.15310796802492108,0.1527583560630601,0.1517040877545835,0.14992806184611687,0.14739906228401267,0.14406692327820167,0.1398533502329808,0.13463455704310273,0.12820572534575359,0.12019785187054359,0.10983991942225585,0.09496459143384685,0.05269351258324642,,,,,,,,0.05269351258324642
177240.0,0.15307456225178184,0.1527250787591368,0.15167119670590515,0.14989581757605677,0.14736773050852583,0.14403677846877025,0.13982468130046125,0.13460767700661316,0.12818098913414439,0.12017569314974444,0.10982094186447142,0.09494988968701681,0.05269135437631975,,,,,,,,0.05269135437631975
177300.0,0.1530411830332692,0.15269182789207675,0.151638331740549,0.1498635987991031,0.1473364233973057,0.14400665725235642,0.13979603464017384,0.13458081765877852,0.12815627173981575,0.12015355103733823,0.10980197825801812,0.09493519846851471,0.052689198757735325,,,,,,,,0.052689198757735325
177360.0,0.15300783033641951,0.15265860342907764,0.15160549282619673,0.14983140548374346,0.1473051409199682,0.14397655960002723,0.13976741022496417,0.13455397897455976,0.12813157314020387,0.12013142551364626,0.10978302858662967,0.09492051776636189,0.05268704572331993,,,,,,,,0.05268704572331993
177420.0,0.15297450412832386,0.15262540533739166,0.15157267993058354,0.14979923759851776,0.14727388304617928,0.1439464854828973,0.13973880802772204,0.13452716092895853,0.1281068933127815,0.12010931655902136,0.10976409283406535,0.09490584756859817,0.0526848952689087,,,,,,,,0.0526848952689087
177480.0,0.15294120437612785,0.15259223358432522,0.15153989302149806,0.1497670951120179,0.1472426497456549,0.14391643487212874,0.1397102280213814,0.13450036349701702,0.12808223223505766,0.12008722415384766,0.10974517098411012,0.09489118786328181,0.05268274739034519,,,,,,,,0.05268274739034519
177540.0,0.15290793104703165,0.15255908813723895,0.1515071320667823,0.14973497799288757,0.14721144098816083,0.14388640773893083,0.13968167017892053,0.13447358665381792,0.12805758988457738,0.12006514827854033,0.10972626302057431,0.09487653863848947,0.05268060208348121,,,,,,,,0.05268060208348121
177600.0,0.1528746841082896,0.1525259689635474,0.15147439703433124,0.14970288620982206,0.14718025674351273,0.14385640405456013,0.13965313447336192,0.13444683037448432,0.12803296623892194,0.12004308891354587,0.10970736892729376,0.09486189988231622,0.05267845934417695,,,,,,,,0.05267845934417695
177660.0,0.15284146352721037,0.15249287603071932,0.15144168789209309,0.14967081973156868,0.14714909698157577,0.14382642379032023,0.1396246208777718,0.13442009463417956,0.12800836127570875,0.120021046039342,0.10968848868812967,0.09484727158287544,0.05267631916830089,,,,,,,,0.05267631916830089
177720.0,0.15280826927115454,0.15245980930627476,0.15140900460806694,0.14963877852692395,0.14711796167226265,0.1437964669175599,0.1395961293652586,0.1343933794081056,0.12798377497258964,0.11999901963643612,0.1096696222869675,0.094832653728298,0.05267418155172945,,,,,,,,0.05267418155172945
177780.0,0.15277510130754246,0.1524267687577934,0.1513763471503103,0.14960676256474123,0.147086850785541,0.1437665334076798,0.13956765990897932,0.13436668467150908,0.12795920730725613,0.11997700968536991,0.10965076970772084,0.09481804630673504,0.052672046490348255,,,,,,,,0.052672046490348255
177840.0,0.15274195960383993,0.15239375435290037,0.15134371548692518,0.1495747718139175,0.14705576429142012,0.14373662323212028,0.13953921248212794,0.13434001039967017,0.12793465825743008,0.11995501616671134,0.10963193093432448,0.09480344930635318,0.052669913980050026,,,,,,,,0.052669913980050026
177900.0,0.15270884412757346,0.15236076605928084,0.15131110958607302,0.14954280624340746,0.14702470215996447,0.14370673636237405,0.13951078705794737,0.1343133565679141,0.1279101278008738,0.1199330390610632,0.10961310595074165,0.09478886271533943,0.052667784016736635,,,,,,,,0.052667784016736635
177960.0,0.15267575484632287,0.15232780384467295,0.15127852941596748,0.14951086582221634,0.14699366436128772,0.14367687276998037,0.13948238360972404,0.13428672315160603,0.12788561591538475,0.11991107834905863,0.10959429474096057,0.09477428652189877,0.052665656596317695,,,,,,,,0.052665656596317695
178020.0,0.15264269172772224,0.15229486767686917,0.15124597494487532,0.14947895051940122,0.1469626508655533,0.14364703242652568,0.13945400211078848,0.13426011012615155,0.12786112257879656,0.11988913401136209,0.10957549728899485,0.09475972071425474,0.052663531714711415,,,,,,,,0.052663531714711415
178080.0,0.1526096547394531,0.15226195752370913,0.15121344614110974,0.14944706030406463,0.1469316616429679,0.1436172153036376,0.13942564253450948,0.13423351746699114,0.12783664776897474,0.11986720602866559,0.10955671357888042,0.09474516528064691,0.05266140936784333,,,,,,,,0.05266140936784333
178140.0,0.15257664384925798,0.15222907335309283,0.15118094297304366,0.14941519514536697,0.146900696663794,0.14358742137299674,0.13939730485430551,0.1342069451496107,0.12781219146382525,0.11984529438169589,0.10953794359468173,0.09473062020933538,0.052659289551648024,,,,,,,,0.052659289551648024
178200.0,0.15254365902492686,0.1521962151329675,0.15114846540909643,0.14938335501251357,0.1468697558983377,0.1435576506063248,0.13936898904363346,0.13418039314953187,0.12778775364128517,0.11982339905120676,0.1095191873204854,0.09471608548859627,0.05265717226206755,,,,,,,,0.05265717226206755
178260.0,0.15251070023430333,0.152163382831334,0.15111601341773992,0.14935153987476132,0.14683883931695432,0.1435279029753903,0.13934069507599367,0.13415386144231586,0.12776333427932757,0.11980152001798317,0.1095004447404033,0.09470156110672401,0.05265505749505236,,,,,,,,0.05265505749505236
178320.0,0.15247776744528493,0.15213057641624683,0.15108358696749885,0.14931974970141845,0.14680794689004842,0.14349817845200866,0.13931242292493057,0.1341273500035639,0.12773893335596173,0.11977965726284115,0.1094817158385726,0.0946870470520313,0.052652945246560966,,,,,,,,0.052652945246560966
178380.0,0.15244486062582277,0.1520977958558134,0.15105118602695014,0.14928798446184383,0.14677707858807343,0.14346847700804152,0.13928417256403172,0.13410085880891717,0.12771455084923208,0.11975781076662714,0.10946300059915541,0.09467254331284883,0.05265083551255998,,,,,,,,0.05265083551255998
178440.0,0.15241197974392046,0.15206504111819363,0.15101881056472238,0.14925624412544666,0.14674623438153128,0.1434387986153964,0.13925594396692742,0.13407438783405604,0.12769018673721805,0.1197359805102179,0.1094442990063386,0.09465804987752507,0.05264872828902399,,,,,,,,0.05264872828902399
178500.0,0.15237912476763427,0.15203231217159985,0.1509864605494956,0.14922452866168617,0.146715414240972,0.14340914324602655,0.13922773710729072,0.1340479370546999,0.12766584099803424,0.11971416647452052,0.10942561104433372,0.09464356673442649,0.05264662357193569,,,,,,,,0.05264662357193569
178560.0,0.15234629566507304,0.1519996089842966,0.1509541359500014,0.14919283804007188,0.14668461813699357,0.14337951087193085,0.13919955195883738,0.13402150644660724,0.12764151360983036,0.1196923686404723,0.10940693669737694,0.09462909387193731,0.052644521357285735,,,,,,,,0.052644521357285735
178620.0,0.15231349240439812,0.1519669315246007,0.1509218367350226,0.14916117223016326,0.1466538460402422,0.14334990146515394,0.13917138849532576,0.13399509598557574,0.12761720455079079,0.11967058698904066,0.10938827594972904,0.09461463127845945,0.05264242164107281,,,,,,,,0.05264242164107281
178680.0,0.15228071495382328,0.15193427976088086,0.15088956287339333,0.14912953120156938,0.1466230979214123,0.14332031499778575,0.13914324669055667,0.133968705647442,0.12759291379913473,0.11964882150122308,0.10936962878567538,0.09460017894241259,0.052640324419303525,,,,,,,,0.052640324419303525
178740.0,0.15224796328161444,0.15190165366155806,0.15085731433399896,0.14909791492394933,0.14659237375124579,0.14329075144196174,0.13911512651837335,0.13394233540808145,0.12756864133311635,0.11962707215804715,0.10935099518952585,0.09458573685223422,0.05263822968799248,,,,,,,,0.05263822968799248
178800.0,0.1522152373560897,0.151869053195105,0.1508250910857759,0.149066323367012,0.14656167350053248,0.14326121076986278,0.1390870279526615,0.13391598524340834,0.12754438713102453,0.11960533894057046,0.10933237514561474,0.09457130499637945,0.05263613744316218,,,,,,,,0.05263613744316218
178860.0,0.1521825371456193,0.1518364783300463,0.15079289309771152,0.14903475650051573,0.14653099714010992,0.1432316929537149,0.13905895096734894,0.13388965512937567,0.12752015117118273,0.11958362182988047,0.10931376863830085,0.09455688336332095,0.052634047680843093,,,,,,,,0.052634047680843093
178920.0,0.15214986261862543,0.15180392903495799,0.1507607203388439,0.1490032142942682,0.14650034464086326,0.14320219796578917,0.13903089553640569,0.1338633450419751,0.12749593343194884,0.11956192080709445,0.10929517565196728,0.09454247194154913,0.05263196039707354,,,,,,,,0.05263196039707354
178980.0,0.1521172137435819,0.15177140527846789,0.15072857277826207,0.14897169671812674,0.1464697159737251,0.14317272577840184,0.1390028616338439,0.13383705495723683,0.1274717338917155,0.11954023585335964,0.10927659617102148,0.09452807071957192,0.052629875587899735,,,,,,,,0.052629875587899735
179040.0,0.1520845904890145,0.15173890702925522,0.15069645038510562,0.148940203741998,0.14643911110967542,0.1431432763639142,0.13897484923371772,0.13381078485122963,0.1274475525289097,0.11951856694985294,0.10925803017989517,0.09451367968591479,0.052627793249375755,,,,,,,,0.052627793249375755
179100.0,0.15205199282350063,0.15170643425605054,0.15066435312856463,0.14890873533583754,0.14640853001974144,0.14311384969473223,0.13894685831012316,0.13378453470006071,0.12742338932199268,0.11949691407778087,0.10923947766304434,0.09449929882912071,0.052625713377563506,,,,,,,,0.052625713377563506
179160.0,0.1520194207156691,0.15167398692763567,0.1506322809778797,0.14887729146965004,0.14637797267499772,0.1430844457433067,0.138918888837198,0.1337583044798755,0.12739924424946011,0.11947527721837962,0.10922093860494908,0.0944849281377501,0.05262363596853275,,,,,,,,0.05262363596853275
179220.0,0.1519868741342001,0.15164156501284362,0.1506002339023417,0.1488458721134894,0.14634743904656583,0.14305506448213323,0.13889094078912204,0.1337320941668577,0.12737511728984185,0.11945365635291505,0.10920241299011366,0.09447056760038088,0.052621561018361025,,,,,,,,0.052621561018361025
179280.0,0.15195435304782526,0.1516091684805584,0.15056821187129182,0.14881447723745833,0.14631692910561434,0.143025705883752,0.13886301414011656,0.13370590373722935,0.12735100842170197,0.11943205146268245,0.10918390080306647,0.09445621720560837,0.05261948852313365,,,,,,,,0.05261948852313365
179340.0,0.1519218574253275,0.15157679729971482,0.1505362148541213,0.14878310681170814,0.14628644282335876,0.14299636992074752,0.13883510886444425,0.13367973316725057,0.12732691762363849,0.11941046252900649,0.10916540202835989,0.09444187694204521,0.05261741847894373,,,,,,,,0.05261741847894373
179400.0,0.15188938723554057,0.15154445143929882,0.1505042428202714,0.14875176080643904,0.1462559801710614,0.14296705656574896,0.13880722493640954,0.1336535824332194,0.12730284487428362,0.11938888953324135,0.10914691665057029,0.09442754679832145,0.052615350881892106,,,,,,,,0.052615350881892106
179460.0,0.15185694244734937,0.15151213086834692,0.15047229573923337,0.1487204391918998,0.14622554112003133,0.1429377657914297,0.13877936233035837,0.13362745151147193,0.12727879015230345,0.11936733245677059,0.10912844465429802,0.09441322676308436,0.05261328572808735,,,,,,,,0.05261328572808735
179520.0,0.1518245230296898,0.15147983555594616,0.1504403735805483,0.1486891419383876,0.1461951256416243,0.14290849757050728,0.13875152102067767,0.13360134037838217,0.12725475343639803,0.11934579128100692,0.10910998602416737,0.0943989168249986,0.05261122301364577,,,,,,,,0.05261122301364577
179580.0,0.1517921289515484,0.1514475654712343,0.1504084763138069,0.14865786901624797,0.14616473370724245,0.14287925187574355,0.13872370098179576,0.13357524901036189,0.12723073470530114,0.1193242659873923,0.10909154074482638,0.09438461697274597,0.05260916273469134,,,,,,,,0.05260916273469134
179640.0,0.15175976018196244,0.15141532058339946,0.1503766039086496,0.148626620395875,0.14613436528833443,0.14285002867994442,0.13869590218818234,0.13354917738386063,0.12720673393778034,0.11930275655739797,0.10907310880094698,0.09437032719502556,0.05260710488735573,,,,,,,,0.05260710488735573
179700.0,0.15172741669001977,0.15138310086168003,0.15034475633476638,0.14859539604771066,0.14610402035639525,0.14282082795595966,0.138668124614348,0.13352312547536554,0.12718275111263694,0.11928126297252417,0.1090546901772248,0.09435604748055354,0.05260504946777824,,,,,,,,0.05260504946777824
179760.0,0.15169509844485887,0.15135090627536463,0.15031293356189654,0.14856419594224513,0.14607369888296626,0.14279164967668298,0.13864036823484419,0.13349709326140144,0.12715878620870585,0.11925978521430024,0.10903628485837927,0.0943417778180633,0.05260299647210583,,,,,,,,0.05260299647210583
179820.0,0.15166280541566837,0.15131873679379204,0.15028113555982875,0.14853302005001673,0.1460434008396348,0.1427624938150519,0.13861263302426352,0.13347108071853056,0.12713483920485555,0.11923832326428446,0.10901789282915345,0.09432751819630535,0.052600945896493105,,,,,,,,0.052600945896493105
179880.0,0.15163053757168726,0.15128659238635103,0.15024936229840094,0.1485018683416116,0.14601312619803433,0.14273336034404774,0.1385849189572394,0.13344508782335268,0.12711091007998795,0.11921687710406413,0.10899951407431396,0.09431326860404722,0.052598897737102225,,,,,,,,0.052598897737102225
179940.0,0.15159829488220278,0.15125447302247824,0.1502176137474981,0.14847074078766156,0.14598287492984244,0.14270424923669345,0.13855722600844425,0.13341911455250333,0.1270869988130371,0.1191954467152542,0.10898114857865013,0.0942990290300728,0.05259685199010263,,,,,,,,0.05259685199010263
180000.0,0.15156607731655752,0.15122237867166552,0.1501858898770595,0.14843963735885152,0.14595264700678762,0.14267516046606027,0.13852955415259546,0.1333931608826594,0.12706310538297388,0.11917403207950152,0.10896279632697736,0.09428479946318485,0.052594808651672244,,,,,,,,0.052594808651672244
180060.0,0.15153388484413624,0.15119030930344665,0.15015419065706578,0.1484085580259066,0.1459224424006369,0.1426460940052563,0.13850190336444493,0.1333672267905291,0.1270392297687975,0.11915263317847734,0.10894445730413074,0.09427057989220053,0.05259276771799545,,,,,,,,0.05259276771799545
180120.0,0.15150171743437982,0.15115826488741124,0.15012251605755264,0.1483775027596052,0.14589226108320863,0.14261704982743834,0.1384742736187901,0.13334131225286258,0.12701537194954432,0.11913124999388514,0.10892613149497186,0.09425637030595588,0.05259072918526497,,,,,,,,0.05259072918526497
180180.0,0.1514695750567789,0.1511262453931982,0.15009086604860403,0.14834647153077285,0.1458621030263668,0.14258802790580602,0.13844666489046842,0.1333154172464468,0.1269915319042838,0.11910988250745684,0.10890781888438567,0.0942421706933039,0.05258869304968074,,,,,,,,0.05258869304968074
180240.0,0.1514374576808743,0.1510942507904966,0.15005924060035322,0.14831546431028353,0.14583196820202157,0.14255902821360306,0.13841907715435828,0.13328954174810628,0.12696770961211912,0.11908853070095356,0.10888951945728069,0.09422798104311483,0.052586659307450455,,,,,,,,0.052586659307450455
180300.0,0.15140536527625065,0.15106228104903915,0.15002763968297686,0.14828448106905293,0.1458018565821231,0.14253005072411146,0.13839151038537426,0.13326368573469824,0.12694390505218256,0.11906719455616169,0.10887123319858602,0.09421380134427372,0.052584627954788556,,,,,,,,0.052584627954788556
180360.0,0.15137329781254938,0.15103033613861477,0.14999606326670667,0.1482535217780501,0.1457717681386735,0.14250109541066217,0.13836396455847644,0.133237849183122,0.12692011820364402,0.11904587405490002,0.10885296009325746,0.09419963158568471,0.05258259898791778,,,,,,,,0.05258259898791778
180420.0,0.1513412552594559,0.15099841602905623,0.14996451132181737,0.14822258640828653,0.14574170284371524,0.14247216224662423,0.13833643964866044,0.13321203207030965,0.12689634904570285,0.11902456917901273,0.10883470012627162,0.09418547175626711,0.05258057240306768,,,,,,,,0.05258057240306768
180480.0,0.1513092375867054,0.1509665206902459,0.1499329838186326,0.14819167493082128,0.14571166066933644,0.14244325120541046,0.1383089356309628,0.13318623437323046,0.12687259755759173,0.11900327991037285,0.10881645328262837,0.09417132184495719,0.05257854819647557,,,,,,,,0.05257854819647557
180540.0,0.15127724476408286,0.15093465009211585,0.14990148072752507,0.14816078731676088,0.14568164158767105,0.14241436226047696,0.1382814524804607,0.13316045606889093,0.12684886371857648,0.11898200623088213,0.10879821954735105,0.09415718184070815,0.05257652636438611,,,,,,,,0.05257652636438611
180600.0,0.15124527676142308,0.1509028042046473,0.14987000201891584,0.1481299235372587,0.14565164557089824,0.14238549538532275,0.13825399017227125,0.1331346971343344,0.12682514750795587,0.11896074812247075,0.10877999890548638,0.09414305173248992,0.052574506903051314,,,,,,,,0.052574506903051314
180660.0,0.15121333354860977,0.1508709829978703,0.14983854766327367,0.14809908356351517,0.14562167259124217,0.14235665055348948,0.13822654868155126,0.13310895754664068,0.1268014489050614,0.11893950556709713,0.10876179134210424,0.0941289315092892,0.052572489808730624,,,,,,,,0.052572489808730624
180720.0,0.15118141509557514,0.1508391864418633,0.14980711763111537,0.14806826736677728,0.1455917226209717,0.1423278277385612,0.13819912798349757,0.13308323728292584,0.12677776788925718,0.11891827854674793,0.10874359684229724,0.09411482116010936,0.05257047507769086,,,,,,,,0.05257047507769086
180780.0,0.15114952137230034,0.15080741450675333,0.14977571189300548,0.14803747491833807,0.14556179563240026,0.14229902691416454,0.13817172805334635,0.13305753632034242,0.12675410443993962,0.11889706704343767,0.1087254153911809,0.09410072067397025,0.052568462706206104,,,,,,,,0.052568462706206104
180840.0,0.1511176523488153,0.1507756671627158,0.14974433041955598,0.14800670618953704,0.14553189159788602,0.1422702480539682,0.13814434886637328,0.1330318546360792,0.1267304585365376,0.11887587103920899,0.10870724697389382,0.09408663003990823,0.0525664526905578,,,,,,,,0.0525664526905578
180900.0,0.15108580799519847,0.15074394437997446,0.14971297318142648,0.14797596115176034,0.14550201048983155,0.14224149113168325,0.13811699039789374,0.133006192207361,0.1267068301585126,0.11885469051613266,0.10868909157559747,0.09407254924697632,0.05256444502703472,,,,,,,,0.05256444502703472
180960.0,0.15105398828157654,0.15071224612880135,0.14968164014932428,0.1479452397764401,0.14547215228068394,0.14221275612106293,0.13808965262326242,0.132980549011449,0.12668321928535825,0.11883352545630732,0.10867094918147602,0.09405847828424406,0.05256243971193289,,,,,,,,0.05256243971193289
181020.0,0.15102219317812493,0.15068057237951654,0.14965033129400393,0.14791454203505447,0.1454423169429346,0.14218404299590262,0.1380623355178732,0.13295492502564032,0.12665962589660046,0.1188123758418594,0.10865281977673635,0.09404441714079738,0.052560436741555604,,,,,,,,0.052560436741555604
181080.0,0.15099042265506732,0.15064892310248823,0.1496190465862671,0.1478838678991277,0.14541250444911927,0.14215535173003957,0.13803503905715936,0.13292932022726806,0.1266360499717974,0.11879124165494326,0.1086347033466083,0.0940303658057386,0.05255843611221345,,,,,,,,0.05255843611221345
181140.0,0.15095867668267535,0.15061729826813255,0.14958778599696274,0.14785321734023002,0.14538271477181763,0.14212668229735295,0.13800776321659336,0.13290373459370122,0.12661249149053933,0.11877012287774104,0.1086165998763443,0.0940163242681866,0.05255643782022422,,,,,,,,0.05255643782022422
181200.0,0.15092695523126887,0.15058569784691342,0.14955654949698702,0.14782259032997747,0.14535294788365372,0.1420980346717639,0.13798050797168654,0.13287816810234462,0.1265889504324486,0.11874901949246257,0.10859850935121936,0.09400229251727661,0.05255444186191294,,,,,,,,0.05255444186191294
181260.0,0.15089525827121583,0.15055412180934255,0.14952533705728305,0.14779198684003167,0.14532320375729543,0.1420694088272353,0.13795327329798943,0.13285262073063897,0.12656542677717958,0.11872793148134533,0.10858043175653105,0.09398827054216015,0.05255244823361185,,,,,,,,0.05255244823361185
181320.0,0.15086358577293207,0.15052257012597928,0.14949414864884064,0.14776140684210012,0.14529348236545447,0.14204080473777142,0.13792605917109155,0.13282709245606067,0.12654192050441856,0.11870685882665448,0.10856236707759967,0.093974258332005,0.05255045693166033,,,,,,,,0.05255045693166033
181380.0,0.150831937706881,0.15049104276743047,0.14946298424269663,0.1477308503079358,0.14526378368088652,0.14201222237741834,0.1378988655666211,0.1328015832561216,0.12651843159388373,0.11868580151068271,0.10854431529976796,0.09396025587599537,0.05254846795240499,,,,,,,,0.05254846795240499
181440.0,0.15080031404357397,0.15045953970435058,0.14943184380993452,0.14770031720933713,0.14523410767639094,0.14198366172026372,0.13787169246024505,0.13277609310836921,0.1264949600253252,0.11866475951575021,0.10852627640840108,0.0939462631633317,0.05254648129219957,,,,,,,,0.05254648129219957
181500.0,0.15076871475356995,0.15042806090744132,0.14940072732168436,0.14766980751814784,0.14520445432481066,0.14195512274043642,0.13784453982766925,0.13275062199038662,0.12647150577852467,0.11864373282420464,0.10850825038888656,0.09393228018323058,0.05254449694740495,,,,,,,,0.05254449694740495
181560.0,0.15073713980747536,0.15039660634745164,0.14936963474912285,0.14763932120625703,0.1451748235990322,0.14192660541210675,0.1378174076446381,0.13272516987979235,0.12644806883329557,0.11862272141842103,0.10849023722663453,0.0939183069249248,0.052542514914389105,,,,,,,,0.052542514914389105
181620.0,0.15070558917594393,0.15036517599517776,0.14933856606347298,0.14760885824559902,0.1451452154719856,0.14189810970948616,0.13779029588693437,0.13269973675424007,0.1264246491694831,0.11860172528080185,0.10847223690707736,0.09390434337766339,0.052540535189527136,,,,,,,,0.052540535189527136
181680.0,0.15067406282967685,0.15033376982146296,0.14930752123600413,0.14757841860815318,0.14511562991664428,0.14186963560682744,0.13776320453037957,0.13267432259141881,0.12640124676696393,0.11858074439377674,0.10845424941566954,0.09389038953071152,0.052538557769201265,,,,,,,,0.052538557769201265
181740.0,0.1506425607394227,0.1503023877971974,0.149276500238032,0.14754800226594383,0.1450860669060248,0.14184118307842442,0.13773613355083347,0.13264892736905293,0.1263778616056462,0.11855977873980265,0.10843627473788801,0.09387644537335035,0.0525365826498007,,,,,,,,0.0525365826498007
181800.0,0.150611082875977,0.15027102989331834,0.14924550304091833,0.14751760919104043,0.14505652641318711,0.1418127520986118,0.13770908292419412,0.13262355106490187,0.12635449366546972,0.11853882830136374,0.10841831285923201,0.09386251089487722,0.05253460982772177,,,,,,,,0.05253460982772177
181860.0,0.15057962921018217,0.15023969608080967,0.14921452961607098,0.14748723935555702,0.1450270084112342,0.14178434264176523,0.13768205262639793,0.13259819365676012,0.1263311429264054,0.11851789306097131,0.10840036376522276,0.09384858608460547,0.05253263929936784,,,,,,,,0.05253263929936784
181920.0,0.15054819971292782,0.150208386330702,0.14918357993494377,0.14745689273165244,0.14499751287331206,0.14175595468230143,0.1376550426334194,0.13257285512245712,0.12630780936845565,0.1184969730011637,0.1083824274414036,0.0938346709318645,0.052530671061149274,,,,,,,,0.052530671061149274
181980.0,0.15051679435515053,0.15017710061407258,0.14915265396903643,0.14742656929153033,0.14496803977260966,0.1417275881946777,0.13762805292127117,0.13254753543985734,0.12628449297165412,0.11847606810450631,0.10836450387334005,0.0938207654259996,0.052528705109483424,,,,,,,,0.052528705109483424
182040.0,0.1504854131078334,0.1501458389020453,0.14912175168989444,0.1473962690074389,0.14493858908235893,0.14169924315339194,0.13760108346600378,0.1325222345868601,0.12626119371606576,0.11845517835359151,0.10834659304661973,0.0938068695563721,0.05252674144079468,,,,,,,,0.05252674144079468
182100.0,0.15045405594200612,0.1501146011657903,0.14909087306910895,0.14736599185167057,0.14490916077583446,0.14167091953298275,0.13757413424370585,0.13249695254139954,0.12623791158178643,0.11843430373103862,0.10832869494685217,0.09379298331235925,0.052524780051514355,,,,,,,,0.052524780051514355
182160.0,0.15042272282874525,0.15008338737652405,0.14906001807831676,0.14733573779656234,0.1448797548263535,0.14164261730802938,0.13754720523050384,0.13247168928144443,0.12621464654894327,0.11841344421949385,0.10831080955966879,0.09377910668335414,0.052522820938080764,,,,,,,,0.052522820938080764
182220.0,0.15039141373917364,0.15005219750550944,0.14902918668920018,0.1473055068144956,0.14485037120727604,0.14161433645315133,0.13752029640256197,0.13244644478499829,0.12619139859769443,0.11839259980163018,0.10829293687072306,0.09376523965876572,0.05252086409693914,,,,,,,,0.05252086409693914
182280.0,0.15036012864446066,0.15002103152405535,0.14899837887348696,0.14727529887789587,0.1448210098920045,0.14158607694300843,0.13749340773608218,0.13242121903009924,0.126168167708229,0.1183717704601474,0.10827507686569034,0.09375138222801888,0.052518909524541614,,,,,,,,0.052518909524541614
182340.0,0.15032886751582183,0.14998988940351682,0.14896759460295003,0.1472451139592326,0.14479167085398378,0.14155783875230096,0.13746653920730403,0.1323960119948199,0.12614495386076685,0.11835095617777203,0.10825722953026773,0.0937375343805542,0.05251695721734727,,,,,,,,0.05251695721734727
182400.0,0.15029763032451898,0.14995877111529468,0.14893683384940776,0.14721495203101947,0.14476235406670113,0.14152962185576934,0.1374396907925047,0.13237082365726727,0.12612175703555895,0.11833015693725726,0.10823939485017409,0.0937236961058281,0.05251500717182205,,,,,,,,0.05251500717182205
182460.0,0.15026641704186003,0.14992767663083584,0.14890609658472367,0.1471848130658143,0.14473305950368603,0.1415014262281941,0.13741286246799891,0.13234565399558293,0.12609857721288686,0.11830937272138288,0.10822157281115014,0.0937098673933127,0.052513059384438794,,,,,,,,0.052513059384438794
182520.0,0.15023522763919894,0.14989660592163292,0.1488753827808062,0.1471546970362184,0.14470378713851023,0.14147325184439566,0.13738605421013872,0.13232050298794265,0.12607541437306297,0.11828860351295523,0.10820376339895833,0.09369604823249586,0.052511113851677206,,,,,,,,0.052511113851677206
182580.0,0.15020406208793555,0.14986555895922418,0.14884469240960874,0.1471246039148769,0.14467453694478755,0.14144509867923472,0.1373592659953135,0.13229537061255647,0.12605226849643014,0.11826784929480721,0.10818596659938269,0.09368223861288116,0.05250917057002381,,,,,,,,0.05250917057002381
182640.0,0.15017292035951554,0.14983453571519353,0.14881402544312972,0.14709453367447894,0.1446453088961737,0.1414169667076116,0.13733249779995002,0.13227025684766858,0.12602913956336212,0.11824711004979825,0.10816818239822885,0.0936684385239878,0.05250722953597195,,,,,,,,0.05250722953597195
182700.0,0.15014180242543046,0.14980353616117037,0.14878338185341236,0.14706448628775703,0.14461610296636657,0.14138885590446656,0.1373057496005122,0.13224516167155745,0.12600602755426307,0.11822638576081403,0.10815041078132413,0.09365464795535056,0.05250529074602183,,,,,,,,0.05250529074602183
182760.0,0.1501107082572174,0.14977256026882954,0.14875276161254436,0.14703446172748708,0.1445869191291058,0.14136076624477947,0.13727902137350106,0.1322200850625355,0.12598293244956763,0.11820567641076665,0.10813265173451739,0.09364086689651986,0.05250335419668041,,,,,,,,0.05250335419668041
182820.0,0.15007963782645894,0.14974160800989117,0.14872216469265828,0.14700445996648864,0.1445577573581727,0.14133269770357,0.13725231309545466,0.13219502699894908,0.1259598542297408,0.11818498198259464,0.10811490524367891,0.09362709533706179,0.052501419884461456,,,,,,,,0.052501419884461456
182880.0,0.15004859110478333,0.14971067935612065,0.1486915910659311,0.1469744809776246,0.14452861762739033,0.14130465025589725,0.13722562474294814,0.13216998745917855,0.12593679287527812,0.11816430245926271,0.10809717129470045,0.0936133332665579,0.05249948780588546,,,,,,,,0.05249948780588546
182940.0,0.15001756806386415,0.14967977427932858,0.14866104070458433,0.14694452473380099,0.14449949991062347,0.14127662387685985,0.13719895629259352,0.13214496642163814,0.1259137483667053,0.11814363782376172,0.10807944987349524,0.09359958067460512,0.05249755795747972,,,,,,,,0.05249755795747972
183000.0,0.1499865686754202,0.14964889275137053,0.14863051358088358,0.146914591207967,0.14447040418177834,0.14124861854159593,0.13717230772103955,0.13211996386477587,0.12589072068457835,0.11812298805910876,0.10806174096599791,0.09358583755081602,0.05249563033577821,,,,,,,,0.05249563033577821
183060.0,0.1499555929112155,0.14961803474414703,0.14860000966713904,0.14688468037311497,0.1444413304148025,0.14122063422528294,0.13714567900497182,0.13209497976707346,0.12586770980948347,0.11810235314834709,0.10804404455816441,0.09357210388481865,0.05249370493732166,,,,,,,,0.05249370493732166
183120.0,0.14992464074305412,0.14958720022959854,0.14856952893569994,0.14685479220227557,0.14441227858368041,0.141192670903133,0.13711907012110866,0.13207001410704244,0.12584471572203373,0.11808173307454302,0.1080263606359695,0.09355837966625472,0.05249178175865693,,,,,,,,0.05249178175865693
