时间/s,0.0,0.1,0.2,0.3,0.4,0.5,0.6,0.7,0.8,0.9,1.0,1.1,1.2,1.3,1.4,1.5,1.6,1.7,1.8,1.9,2.0
0,2.55,2.55,2.55,2.55,2.55,2.55,2.55,2.55,2.55,2.55,2.55,2.55,2.55,2.55,2.55,2.55,2.55,2.55,2.55,2.55,2.55
1,2.55,2.55,2.55,2.55,2.55,2.55,2.55,2.55,2.55,2.55,2.55,2.55,2.55,2.55,2.55,2.55,2.55,2.55,2.55,2.55,2.5178235787894225
2,2.55,2.55,2.55,2.55,2.55,2.55,2.55,2.55,2.55,2.55,2.55,2.55,2.55,2.55,2.55,2.55,2.55,2.55,2.55,2.5499999999999714,2.5045603655594664
3,2.55,2.55,2.55,2.55,2.55,2.55,2.55,2.55,2.55,2.55,2.55,2.55,2.55,2.55,2.55,2.55,2.55,2.55,2.55,2.5499999998941916,2.4944459233182656
4,2.55,2.55,2.55,2.55,2.55,2.55,2.55,2.55,2.55,2.55,2.55,2.55,2.55,2.55,2.55,2.55,2.55,2.55,2.55,2.549999991238545,2.4859579131595235
5,2.55,2.55,2.55,2.55,2.55,2.55,2.55,2.55,2.55,2.55,2.55,2.55,2.55,2.55,2.55,2.55,2.55,2.55,2.55,2.5499998607408414,2.478508249079004
6,2.55,2.55,2.55,2.55,2.55,2.55,2.55,2.55,2.55,2.55,2.55,2.55,2.55,2.55,2.55,2.55,2.55,2.55,2.55,2.549999065297449,2.4717956999231414
7,2.55,2.55,2.55,2.55,2.55,2.55,2.55,2.55,2.55,2.55,2.55,2.55,2.55,2.55,2.55,2.55,2.55,2.55,2.549999999999999,2.5499962212609213,2.4656414545945284
8,2.55,2.55,2.55,2.55,2.55,2.55,2.55,2.55,2.55,2.55,2.55,2.55,2.55,2.55,2.55,2.55,2.55,2.55,2.5499999999999736,2.549988950046796,2.459929067865416
9,2.55,2.55,2.55,2.55,2.55,2.55,2.55,2.55,2.55,2.55,2.55,2.55,2.55,2.55,2.55,2.55,2.55,2.55,2.549999999999541,2.5499740659768024,2.454577685412138
10,2.55,2.55,2.55,2.55,2.55,2.55,2.55,2.55,2.55,2.55,2.55,2.55,2.55,2.55,2.55,2.55,2.55,2.55,2.5499999999952774,2.549947947770526,2.449528457317383
11,2.55,2.55,2.55,2.55,2.55,2.55,2.55,2.55,2.55,2.55,2.55,2.55,2.55,2.55,2.55,2.55,2.55,2.55,2.5499999999674263,2.5499069178195417,2.444736965408204
12,2.55,2.55,2.55,2.55,2.55,2.55,2.55,2.55,2.55,2.55,2.55,2.55,2.55,2.55,2.55,2.55,2.55,2.55,2.549999999834211,2.5498475352255503,2.4401687096331393
13,2.55,2.55,2.55,2.55,2.55,2.55,2.55,2.55,2.55,2.55,2.55,2.55,2.55,2.55,2.55,2.55,2.55,2.55,2.549999999334679,2.54976678062299,2.4357962567902693
14,2.55,2.55,2.55,2.55,2.55,2.55,2.55,2.55,2.55,2.55,2.55,2.55,2.55,2.55,2.55,2.55,2.55,2.55,2.5499999977875567,2.549662146074984,2.4315973699130335
15,2.55,2.55,2.55,2.55,2.55,2.55,2.55,2.55,2.55,2.55,2.55,2.55,2.55,2.55,2.55,2.55,2.55,2.55,2.5499999936805224,2.5495316574810962,2.4275537225095576
16,2.55,2.55,2.55,2.55,2.55,2.55,2.55,2.55,2.55,2.55,2.55,2.55,2.55,2.55,2.55,2.55,2.55,2.5499999999999994,2.549999984060188,2.5493738520397913,2.4236500019814273
17,2.55,2.55,2.55,2.55,2.55,2.55,2.55,2.55,2.55,2.55,2.55,2.55,2.55,2.55,2.55,2.55,2.55,2.5499999999999923,2.549999963731454,2.549187731652579,2.4198732573060378
18,2.55,2.55,2.55,2.55,2.55,2.55,2.55,2.55,2.55,2.55,2.55,2.55,2.55,2.55,2.55,2.55,2.55,2.5499999999999656,2.5499999243082763,2.548972704967637,2.4162124173117268
19,2.55,2.55,2.55,2.55,2.55,2.55,2.55,2.55,2.55,2.55,2.55,2.55,2.55,2.55,2.55,2.55,2.55,2.5499999999998675,2.5499998531754957,2.548728526277816,2.4126579314163075
20,2.55,2.55,2.55,2.55,2.55,2.55,2.55,2.55,2.55,2.55,2.55,2.55,2.55,2.55,2.55,2.55,2.55,2.5499999999995357,2.54999973244666,2.548455237220768,2.4092014920535987
21,2.55,2.55,2.55,2.55,2.55,2.55,2.55,2.55,2.55,2.55,2.55,2.55,2.55,2.55,2.55,2.55,2.55,2.549999999998557,2.54999953798998,2.5481531132089223,2.4058358179717647
22,2.55,2.55,2.55,2.55,2.55,2.55,2.55,2.55,2.55,2.55,2.55,2.55,2.55,2.55,2.55,2.55,2.55,2.549999999995928,2.5499992385904813,2.5478226161463153,2.4025544863468236
23,2.55,2.55,2.55,2.55,2.55,2.55,2.55,2.55,2.55,2.55,2.55,2.55,2.55,2.55,2.55,2.55,2.55,2.5499999999894607,2.5499987952947127,2.547464353643048,2.3993517973370784
24,2.55,2.55,2.55,2.55,2.55,2.55,2.55,2.55,2.55,2.55,2.55,2.55,2.55,2.55,2.55,2.55,2.55,2.549999999974686,2.549998160980385,2.5470790446219573,2.396222665276275
25,2.55,2.55,2.55,2.55,2.55,2.55,2.55,2.55,2.55,2.55,2.55,2.55,2.55,2.55,2.55,2.55,2.55,2.5499999999431435,2.5499972801284096,2.546667489956496,2.39316252863272
26,2.55,2.55,2.55,2.55,2.55,2.55,2.55,2.55,2.55,2.55,2.55,2.55,2.55,2.55,2.55,2.55,2.55,2.5499999998796903,2.5499960888344315,2.546230548714355,2.3901672782088155
27,2.55,2.55,2.55,2.55,2.55,2.55,2.55,2.55,2.55,2.55,2.55,2.55,2.55,2.55,2.55,2.55,2.5499999999999994,2.5499999997585627,2.549994515028817,2.545769118772285,2.387233197213261
28,2.55,2.55,2.55,2.55,2.55,2.55,2.55,2.55,2.55,2.55,2.55,2.55,2.55,2.55,2.55,2.55,2.5499999999999976,2.5499999995379294,2.5499924788616544,2.545284120754693,2.384356910187839
29,2.55,2.55,2.55,2.55,2.55,2.55,2.55,2.55,2.55,2.55,2.55,2.55,2.55,2.55,2.55,2.55,2.5499999999999976,2.5499999991526328,2.5499898932424223,2.5447764852252712,2.381535340626726
30,2.55,2.55,2.55,2.55,2.55,2.55,2.55,2.55,2.55,2.55,2.55,2.55,2.55,2.55,2.55,2.55,2.5499999999999923,2.549999998504928,2.549986664493048,2.544247142415595,2.3787656749824335
31,2.55,2.55,2.55,2.55,2.55,2.55,2.55,2.55,2.55,2.55,2.55,2.55,2.55,2.55,2.55,2.55,2.549999999999982,2.5499999974528227,2.549982693103231,2.5436970144054394,2.376045332633516
32,2.55,2.55,2.55,2.55,2.55,2.55,2.55,2.55,2.55,2.55,2.55,2.55,2.55,2.55,2.55,2.55,2.5499999999999567,2.549999995796022,2.5499778745385338,2.5431270089586855,2.373371939841826
33,2.55,2.55,2.55,2.55,2.55,2.55,2.55,2.55,2.55,2.55,2.55,2.55,2.55,2.55,2.55,2.55,2.549999999999905,2.5499999932594593,2.549972100073528,2.5425380147007166,2.3707433070939623
34,2.55,2.55,2.55,2.55,2.55,2.55,2.55,2.55,2.55,2.55,2.55,2.55,2.55,2.55,2.55,2.55,2.5499999999997978,2.5499999894743417,2.5499652576347183,2.5419308975799555,2.3681574097588314
35,2.55,2.55,2.55,2.55,2.55,2.55,2.55,2.55,2.55,2.55,2.55,2.55,2.55,2.55,2.55,2.55,2.549999999999587,2.5499999839573455,2.5499572326357764,2.54130649815037,2.3656123708814274
36,2.55,2.55,2.55,2.55,2.55,2.55,2.55,2.55,2.55,2.55,2.55,2.55,2.55,2.55,2.55,2.55,2.5499999999991876,2.5499999760873915,2.54994790879203,2.5406656298591295,2.3631064466642755
37,2.55,2.55,2.55,2.55,2.55,2.55,2.55,2.55,2.55,2.55,2.55,2.55,2.55,2.55,2.55,2.55,2.549999999998459,2.5499999650805,2.549937168894902,2.5400090779984366,2.3606380138485705
38,2.55,2.55,2.55,2.55,2.55,2.55,2.55,2.55,2.55,2.55,2.55,2.55,2.55,2.55,2.55,2.55,2.549999999997169,2.54999994996341,2.5499248955357627,2.539337599034694,2.3582055583436015
39,2.55,2.55,2.55,2.55,2.55,2.55,2.55,2.55,2.55,2.55,2.55,2.55,2.55,2.55,2.55,2.55,2.549999999994952,2.549999929546263,2.549910971776137,2.5386519203037903,2.355807665110367
40,2.55,2.55,2.55,2.55,2.55,2.55,2.55,2.55,2.55,2.55,2.55,2.55,2.55,2.55,2.55,2.55,2.5499999999912437,2.5499999023946307,2.5498952817565383,2.5379527400925603,2.3534430093972536
41,2.55,2.55,2.55,2.55,2.55,2.55,2.55,2.55,2.55,2.55,2.55,2.55,2.55,2.55,2.55,2.55,2.549999999985197,2.5499998668014996,2.549877711267453,2.53724072788843,2.351110348632075
42,2.55,2.55,2.55,2.55,2.55,2.55,2.55,2.55,2.55,2.55,2.55,2.55,2.55,2.55,2.55,2.55,2.549999999975566,2.5499998207592363,2.5498581482401774,2.53651652495296,2.348808515629408
43,2.55,2.55,2.55,2.55,2.55,2.55,2.55,2.55,2.55,2.55,2.55,2.55,2.55,2.55,2.55,2.5499999999999985,2.549999999960564,2.5499997619323067,2.54983648318424,2.5357807449776435,2.3465364123541628
44,2.55,2.55,2.55,2.55,2.55,2.55,2.55,2.55,2.55,2.55,2.55,2.55,2.55,2.55,2.55,2.5499999999999976,2.5499999999376617,2.549999687631176,2.5498126095622933,2.535033974851045,2.3442930043854178
45,2.55,2.55,2.55,2.55,2.55,2.55,2.55,2.55,2.55,2.55,2.55,2.55,2.55,2.55,2.55,2.549999999999997,2.549999999903369,2.5499995947871676,2.5497864241307613,2.5342767754714437,2.3420773157338584
46,2.55,2.55,2.55,2.55,2.55,2.55,2.55,2.55,2.55,2.55,2.55,2.55,2.55,2.55,2.55,2.549999999999994,2.5499999998529272,2.5499994799298764,2.5497578271929733,2.5335096826441443,2.3398884244861877
47,2.55,2.55,2.55,2.55,2.55,2.55,2.55,2.55,2.55,2.55,2.55,2.55,2.55,2.55,2.55,2.54999999999999,2.549999999779949,2.549999339166338,2.5497267228336233,2.532733207974029,2.337725458610141
48,2.55,2.55,2.55,2.55,2.55,2.55,2.55,2.55,2.55,2.55,2.55,2.55,2.55,2.55,2.55,2.5499999999999816,2.5499999996759963,2.549999168162265,2.549693019101283,2.5319478398095807,2.335587592276916
49,2.55,2.55,2.55,2.55,2.55,2.55,2.55,2.55,2.55,2.55,2.55,2.55,2.55,2.55,2.55,2.5499999999999687,2.549999999530084,2.5499989621253323,2.549656628159603,2.5311540441719247,2.333474042409893
50,2.55,2.55,2.55,2.55,2.55,2.55,2.55,2.55,2.55,2.55,2.55,2.55,2.55,2.55,2.55,2.5499999999999474,2.5499999993281346,2.5499987157901822,2.549617466405467,2.5303522657065254,2.3313840655513687
51,2.55,2.55,2.55,2.55,2.55,2.55,2.55,2.55,2.55,2.55,2.55,2.55,2.55,2.55,2.55,2.54999999999991,2.5499999990522206,2.549998423409919,2.5495754544898426,2.5295429286154256,2.3293169555084265
52,2.55,2.55,2.55,2.55,2.55,2.55,2.55,2.55,2.55,2.55,2.55,2.55,2.55,2.55,2.55,2.5499999999998515,2.549999998679807,2.5499980787469663,2.549530517381994,2.5287264375304725,2.3272720405838974
53,2.55,2.55,2.55,2.55,2.55,2.55,2.55,2.55,2.55,2.55,2.55,2.55,2.55,2.55,2.55,2.5499999999997622,2.5499999981829826,2.549997675064593,2.549482584406224,2.5279031784266253,2.3252486810943886
54,2.55,2.55,2.55,2.55,2.55,2.55,2.55,2.55,2.55,2.55,2.55,2.55,2.55,2.55,2.55,2.5499999999996197,2.5499999975273413,2.5499972051281286,2.5494315891854904,2.527073519431963,2.3232462675878542
55,2.55,2.55,2.55,2.55,2.55,2.55,2.55,2.55,2.55,2.55,2.55,2.55,2.55,2.55,2.55,2.5499999999994043,2.5499999966709437,2.5499966612029237,2.5493774696349916,2.526237811662713,2.3212642187243144
56,2.55,2.55,2.55,2.55,2.55,2.55,2.55,2.55,2.55,2.55,2.55,2.55,2.55,2.55,2.55,2.549999999999082,2.549999995563176,2.549996035055604,2.5493201679176605,2.525396390026864,2.3193019794458865
57,2.55,2.55,2.55,2.55,2.55,2.55,2.55,2.55,2.55,2.55,2.55,2.55,2.55,2.55,2.55,2.549999999998604,2.5499999941434974,2.5499953179578396,2.549259630382166,2.5245495740030046,2.317359019305053
58,2.55,2.55,2.55,2.55,2.55,2.55,2.55,2.55,2.55,2.55,2.55,2.55,2.55,2.55,2.55,2.5499999999979077,2.5499999923398127,2.549994500698288,2.5491958074493235,2.5236976683104246,2.315434831275529
59,2.55,2.55,2.55,2.55,2.55,2.55,2.55,2.55,2.55,2.55,2.55,2.55,2.55,2.55,2.55,2.5499999999969063,2.549999990067543,2.5499935735788264,2.5491286536063638,2.522840963771605,2.313528929582886
60,2.55,2.55,2.55,2.55,2.55,2.55,2.55,2.55,2.55,2.55,2.55,2.55,2.55,2.55,2.5499999999999994,2.549999999995483,2.549999987227308,2.549992526442397,2.549058127192999,2.5219797377752466,2.3116408496253107
61,2.55,2.55,2.55,2.55,2.55,2.55,2.55,2.55,2.55,2.55,2.55,2.55,2.55,2.55,2.5499999999999994,2.5499999999934815,2.549999983703515,2.549991348678953,2.5489841903480057,2.5211142549932126,2.3097701626589866
62,2.55,2.55,2.55,2.55,2.55,2.55,2.55,2.55,2.55,2.55,2.55,2.55,2.55,2.55,2.5499999999999985,2.5499999999906993,2.5499999793627155,2.5499900292372115,2.5489068089146603,2.520244768027478,2.3079164389203606
63,2.55,2.55,2.55,2.55,2.55,2.55,2.55,2.55,2.55,2.55,2.55,2.55,2.55,2.55,2.5499999999999985,2.549999999986871,2.549999974051479,2.5499885566389944,2.5488259523377454,2.519371517881651,2.3060792631385825
64,2.55,2.55,2.55,2.55,2.55,2.55,2.55,2.55,2.55,2.55,2.55,2.55,2.55,2.55,2.5499999999999976,2.5499999999816554,2.5499999675949523,2.549986919006528,2.548741593460059,2.5184947347699076,2.304258239427354
65,2.55,2.55,2.55,2.55,2.55,2.55,2.55,2.55,2.55,2.55,2.55,2.55,2.55,2.55,2.5499999999999954,2.549999999974621,2.549999959794618,2.549985104075921,2.548653708442289,2.5176146385040323,2.3024529879823836
66,2.55,2.55,2.55,2.55,2.55,2.55,2.55,2.55,2.55,2.55,2.55,2.55,2.55,2.55,2.5499999999999945,2.549999999965216,2.5499999504261504,2.549983099212068,2.5485622766758884,2.5167314388707362,2.300663144029595
67,2.55,2.55,2.55,2.55,2.55,2.55,2.55,2.55,2.55,2.55,2.55,2.55,2.55,2.55,2.5499999999999914,2.549999999952756,2.5499999392371957,2.5499808914296347,2.5484672806545214,2.5158453361253565,2.298888356854765
68,2.55,2.55,2.55,2.55,2.55,2.55,2.55,2.55,2.55,2.55,2.55,2.55,2.55,2.55,2.5499999999999865,2.549999999936385,2.5499999259455657,2.5499784674192765,2.548368705804765,2.514956521583771,2.297128288794049
69,2.55,2.55,2.55,2.55,2.55,2.55,2.55,2.55,2.55,2.55,2.55,2.55,2.55,2.55,2.54999999999998,2.5499999999150402,2.5499999102366515,2.549975813572037,2.5482665403495286,2.514065178091978,2.29538261448812
70,2.55,2.55,2.55,2.55,2.55,2.55,2.55,2.55,2.55,2.55,2.55,2.55,2.55,2.55,2.54999999999997,2.5499999998874294,2.5499998917619995,2.5499729159925777,2.548160775237691,2.5131714802560823,2.293651020520356
71,2.55,2.55,2.55,2.55,2.55,2.55,2.55,2.55,2.55,2.55,2.55,2.55,2.55,2.55,2.5499999999999563,2.5499999998519667,2.549999870136229,2.5499697605308356,2.5480514039713964,2.512275594996541,2.2919332045424876
72,2.55,2.55,2.55,2.55,2.55,2.55,2.55,2.55,2.55,2.55,2.55,2.55,2.55,2.55,2.549999999999936,2.5499999998067606,2.549999844936686,2.5499663327863353,2.547938422584651,2.5113776816019904,2.290228875209925
73,2.55,2.55,2.55,2.55,2.55,2.55,2.55,2.55,2.55,2.55,2.55,2.55,2.55,2.55,2.549999999999908,2.549999999749527,2.549999815699326,2.549962618150508,2.5478218294165633,2.5104778924408704,2.2885377510823046
74,2.55,2.55,2.55,2.55,2.55,2.55,2.55,2.55,2.55,2.55,2.55,2.55,2.55,2.55,2.5499999999998684,2.54999999967752,2.549999781916738,2.549958601829103,2.5477016249995716,2.509576373265072,2.2868595602024633
75,2.55,2.55,2.55,2.55,2.55,2.55,2.55,2.55,2.55,2.55,2.55,2.55,2.55,2.55,2.549999999999814,2.5499999995875,2.5499997430374135,2.549954268850288,2.5475778120232104,2.5086732632956372,2.285194039981185
76,2.55,2.55,2.55,2.55,2.55,2.55,2.55,2.55,2.55,2.55,2.55,2.55,2.55,2.55,2.549999999999739,2.5499999994756255,2.5499996984623245,2.5499496041017387,2.547450395146061,2.5077686957616216,2.2835409364082833
77,2.55,2.55,2.55,2.55,2.55,2.55,2.55,2.55,2.55,2.55,2.55,2.55,2.55,2.55,2.549999999999638,2.5499999993373987,2.5499996475443845,2.549944592337291,2.5473193809705137,2.506862797939734,2.2819000040139787
78,2.55,2.55,2.55,2.55,2.55,2.55,2.55,2.55,2.55,2.55,2.55,2.55,2.55,2.55,2.5499999999995016,2.549999999167554,2.549999589585298,2.5499392182119625,2.547184777868552,2.505955691640871,2.280271005165057
79,2.55,2.55,2.55,2.55,2.55,2.55,2.55,2.55,2.55,2.55,2.55,2.55,2.55,2.55,2.5499999999993195,2.549999998959964,2.5499995238339874,2.5499334662999815,2.547046595899337,2.5050474934122082,2.278653709788757
80,2.55,2.55,2.55,2.55,2.55,2.55,2.55,2.55,2.55,2.55,2.55,2.55,2.55,2.55,2.549999999999077,2.549999998707519,2.5499994494854477,2.5499273211100815,2.5469048467424713,2.504138314688577,2.2770478951754307
81,2.55,2.55,2.55,2.55,2.55,2.55,2.55,2.55,2.55,2.55,2.55,2.55,2.55,2.55,2.549999999998758,2.549999998402049,2.5499993656783317,2.5499207671116704,2.546759543568422,2.5032282621508384,2.2754533454618664
82,2.55,2.55,2.55,2.55,2.55,2.55,2.55,2.55,2.55,2.55,2.55,2.55,2.55,2.549999999999999,2.549999999998339,2.549999998034152,2.5499992714942614,2.549913788747455,2.5466107009905987,2.5023174378028554,2.273869851554734
83,2.55,2.55,2.55,2.55,2.55,2.55,2.55,2.55,2.55,2.55,2.55,2.55,2.55,2.549999999999998,2.5499999999977936,2.5499999975931007,2.5499991659556627,2.5499063704575096,2.546458334947479,2.501405939292587,2.272297210669924
84,2.55,2.55,2.55,2.55,2.55,2.55,2.55,2.55,2.55,2.55,2.55,2.55,2.55,2.549999999999999,2.549999999997089,2.5499999970666742,2.549999048024813,2.549898496694506,2.5463024626380393,2.500493860048044,2.2707352261627074
85,2.55,2.55,2.55,2.55,2.55,2.55,2.55,2.55,2.55,2.55,2.55,2.55,2.55,2.5499999999999994,2.549999999996183,2.5499999964410036,2.5499989166024917,2.5498901519422508,2.546143102435857,2.499581289489993,2.269183707234682
86,2.55,2.55,2.55,2.55,2.55,2.55,2.55,2.55,2.55,2.55,2.55,2.55,2.55,2.5499999999999985,2.549999999995026,2.549999995700431,2.5499987705266465,2.549881320733448,2.545980273808639,2.4986683132249943,2.2676424686737464
87,2.55,2.55,2.55,2.55,2.55,2.55,2.55,2.55,2.55,2.55,2.55,2.55,2.55,2.5499999999999985,2.5499999999935548,2.5499999948272625,2.5499986085722117,2.549871987660698,2.545813997270716,2.497755013140198,2.2661113307371425
88,2.55,2.55,2.55,2.55,2.55,2.55,2.55,2.55,2.55,2.55,2.55,2.55,2.55,2.5499999999999967,2.5499999999916954,2.549999993801776,2.5499984294479425,2.549862137406012,2.5456442942449047,2.496841467767525,2.2645901186398008
89,2.55,2.55,2.55,2.55,2.55,2.55,2.55,2.55,2.55,2.55,2.55,2.55,2.55,2.549999999999994,2.5499999999893572,2.5499999926017924,2.54999823179859,2.5498517547366317,2.5454711870865294,2.495927752174225,2.263078662733915
90,2.55,2.55,2.55,2.55,2.55,2.55,2.55,2.55,2.55,2.55,2.55,2.55,2.55,2.549999999999992,2.5499999999864333,2.5499999912026237,2.5499980142023224,2.549840824531017,2.545294698963692,2.4950139382690883,2.2615767980834365
91,2.55,2.55,2.55,2.55,2.55,2.55,2.55,2.55,2.55,2.55,2.55,2.55,2.55,2.54999999999999,2.549999999982798,2.549999989576971,2.5499977751688547,2.549829331800422,2.5451148537578603,2.494100095051547,2.260084364120857
92,2.55,2.55,2.55,2.55,2.55,2.55,2.55,2.55,2.55,2.55,2.55,2.55,2.55,2.5499999999999865,2.5499999999782936,2.549999987694263,2.5499975131446844,2.549817261665546,2.544931676168842,2.493186288294133,2.2586012051177398
93,2.55,2.55,2.55,2.55,2.55,2.55,2.55,2.55,2.55,2.55,2.55,2.55,2.55,2.5499999999999816,2.5499999999727456,2.5499999855210764,2.54999722650447,2.5498045994203404,2.5447451914292474,2.492272581292635,2.257127169129643
94,2.55,2.55,2.55,2.55,2.55,2.55,2.55,2.55,2.55,2.55,2.55,2.55,2.55,2.549999999999974,2.5499999999659404,2.5499999830203888,2.5499969135574965,2.5497913305015953,2.544555425432013,2.4913590345087013,2.2556621085121855
95,2.55,2.55,2.55,2.55,2.55,2.55,2.55,2.55,2.55,2.55,2.55,2.55,2.55,2.5499999999999656,2.5499999999576257,2.5499999801514583,2.5499965725459948,2.549777440509175,2.544362404638919,2.4904457057923644,2.2542058796183584
96,2.55,2.55,2.55,2.55,2.55,2.55,2.55,2.55,2.55,2.55,2.55,2.55,2.55,2.549999999999956,2.549999999947517,2.549999976869847,2.54999620164152,2.5497629152379306,2.544166155943965,2.4895326507110584,2.252758342352583
97,2.55,2.55,2.55,2.55,2.55,2.55,2.55,2.55,2.55,2.55,2.55,2.55,2.55,2.5499999999999416,2.5499999999352676,2.549999973126644,2.5499957989522524,2.549747740643759,2.5439667067929252,2.4886199222668504,2.251319360553492
98,2.55,2.55,2.55,2.55,2.55,2.55,2.55,2.55,2.55,2.55,2.55,2.55,2.55,2.5499999999999234,2.549999999920492,2.549999968868785,2.549995362515043,2.549731902900835,2.543764084960021,2.4877075714037775,2.2498888013224514
99,2.55,2.55,2.55,2.55,2.55,2.55,2.55,2.55,2.55,2.55,2.55,2.55,2.55,2.549999999999899,2.549999999902736,2.5499999640384052,2.5499948903012326,2.549715388376994,2.5435583186247883,2.486795646841574,2.248466535240944
100,2.55,2.55,2.55,2.55,2.55,2.55,2.55,2.55,2.55,2.55,2.55,2.55,2.55,2.5499999999998684,2.5499999998814724,2.549999958572597,2.5499943802167717,2.5496981836429495,2.543349436325423,2.4858841951849993,2.2470524362252737
101,2.55,2.55,2.55,2.55,2.55,2.55,2.55,2.55,2.55,2.55,2.55,2.55,2.55,2.54999999999983,2.549999999856111,2.549999952403392,2.549993830098499,2.549680275504121,2.5431374668337154,2.484973261200135,2.2456463811649368
102,2.55,2.55,2.55,2.55,2.55,2.55,2.55,2.55,2.55,2.55,2.55,2.55,2.55,2.5499999999997813,2.5499999998259493,2.549999945457049,2.549993237722194,2.5496616509626993,2.5429224392749306,2.484062887560254,2.2442482502540386
103,2.55,2.55,2.55,2.55,2.55,2.55,2.55,2.55,2.55,2.55,2.55,2.55,2.55,2.5499999999997196,2.5499999997902143,2.5499999376542473,2.549992600794732,2.5496422972742785,2.542704382915304,2.4831531153151225,2.2428579263738535
104,2.55,2.55,2.55,2.55,2.55,2.55,2.55,2.55,2.55,2.55,2.55,2.55,2.55,2.5499999999996428,2.549999999748026,2.5499999289095636,2.5499919169590775,2.549622201927922,2.542483327218699,2.482243983773248,2.2414752952466928
105,2.55,2.55,2.55,2.55,2.55,2.55,2.55,2.55,2.55,2.55,2.55,2.55,2.55,2.5499999999995455,2.5499999996983513,2.549999919130944,2.549991183799986,2.5496013526218015,2.5422593019177153,2.481335530355673,2.240100245625515
106,2.55,2.55,2.55,2.55,2.55,2.55,2.55,2.55,2.55,2.55,2.55,2.55,2.5499999999999994,2.549999999999425,2.5499999996400695,2.5499999082199376,2.549990398834291,2.549579737331448,2.542032336762288,2.4804277911451327,2.2387326685739946
107,2.55,2.55,2.55,2.55,2.55,2.55,2.55,2.55,2.55,2.55,2.55,2.55,2.549999999999999,2.549999999999275,2.5499999995719023,2.5499998960710437,2.549989559519291,2.5495573442692114,2.5418024616465065,2.4795208006214935,2.2373724578099328
108,2.55,2.55,2.55,2.55,2.55,2.55,2.55,2.55,2.55,2.55,2.55,2.55,2.549999999999999,2.5499999999990903,2.5499999994923774,2.5499998825713313,2.5499886632563102,2.5495341618724865,2.5415697066330036,2.4786145916242766,2.236019509748048
109,2.55,2.55,2.55,2.55,2.55,2.55,2.55,2.55,2.55,2.55,2.55,2.55,2.5499999999999985,2.5499999999988634,2.5499999993998976,2.5499998676004996,2.5499877073826367,2.5495101788625796,2.5413341017400923,2.477709195802458,2.234673722919336
110,2.55,2.55,2.55,2.55,2.55,2.55,2.55,2.55,2.55,2.55,2.55,2.55,2.549999999999999,2.5499999999985854,2.5499999992926514,2.549999851030313,2.549986689180215,2.5494853842016676,2.541095677071311,2.4768046433604116,2.233334998291547
111,2.55,2.55,2.55,2.55,2.55,2.55,2.55,2.55,2.55,2.55,2.55,2.55,2.5499999999999985,2.549999999998246,2.5499999991685933,2.549999832724324,2.5499856058770405,2.5494597670939916,2.5408544627955205,2.475900963113249,2.2320032391923568
112,2.55,2.55,2.55,2.55,2.55,2.55,2.55,2.55,2.55,2.55,2.55,2.55,2.549999999999998,2.549999999997834,2.5499999990254967,2.5499998125377,2.5499844546425394,2.5494333170246257,2.5406104890062124,2.4749981827757193,2.2306783509415364
113,2.55,2.55,2.55,2.55,2.55,2.55,2.55,2.55,2.55,2.55,2.55,2.55,2.549999999999997,2.549999999997335,2.549999998860854,2.5499997903168525,2.549983232594933,2.549406023723189,2.540363785823758,2.4740963287767497,2.2293602410771243
114,2.55,2.55,2.55,2.55,2.55,2.55,2.55,2.55,2.55,2.55,2.55,2.55,2.5499999999999963,2.549999999996731,2.549999998671879,2.5499997658991638,2.5499819368011525,2.54937787717449,2.5401143833460065,2.473195426369321,2.2280488192120798
115,2.55,2.55,2.55,2.55,2.55,2.55,2.55,2.55,2.55,2.55,2.55,2.55,2.5499999999999954,2.5499999999960035,2.5499999984555344,2.5499997391126685,2.5499805642753546,2.549348867638627,2.5398623115690095,2.4722954997966227,2.2267439968212765
116,2.55,2.55,2.55,2.55,2.55,2.55,2.55,2.55,2.55,2.55,2.55,2.55,2.5499999999999945,2.549999999995131,2.5499999982084223,2.5499997097758746,2.5499791119849724,2.549318985620859,2.539607600469305,2.4713965721466926,2.2254456874175985
117,2.55,2.55,2.55,2.55,2.55,2.55,2.55,2.55,2.55,2.55,2.55,2.55,2.5499999999999927,2.5499999999940868,2.549999997926817,2.54999967769739,2.5499775768495665,2.5492882218903565,2.5393502799281245,2.4704986655134813,2.224153806344171
118,2.55,2.55,2.55,2.55,2.55,2.55,2.55,2.55,2.55,2.55,2.55,2.55,2.5499999999999905,2.5499999999928433,2.549999997606658,2.549999642675611,2.5499759557416932,2.549256567485163,2.539090379700272,2.46960180107112,2.2228682706754537
119,2.55,2.55,2.55,2.55,2.55,2.55,2.55,2.55,2.55,2.55,2.55,2.55,2.5499999999999874,2.5499999999913654,2.549999997243466,2.5499996044985727,2.5499742454908443,2.5492240136950706,2.538827929455764,2.4687059990050644,2.2215889992988713
120,2.55,2.55,2.55,2.55,2.55,2.55,2.55,2.55,2.55,2.55,2.55,2.55,2.5499999999999843,2.5499999999896117,2.5499999968323177,2.5499995629436847,2.5499724428849952,2.549190552061491,2.538562958765676,2.467811278552833,2.2203159127237866
121,2.55,2.55,2.55,2.55,2.55,2.55,2.55,2.55,2.55,2.55,2.55,2.55,2.5499999999999803,2.54999999998754,2.549999996367846,2.549999517777421,2.5499705446707943,2.5491561743867552,2.5382954970567275,2.4669176581072754,2.2190489278484744
122,2.55,2.55,2.55,2.55,2.55,2.55,2.55,2.55,2.55,2.55,2.55,2.55,2.5499999999999754,2.549999999985097,2.549999995844206,2.5499994687550527,2.549968547555601,2.5491208727306978,2.5380255736086754,2.4660251552333645,2.2177879690705504
123,2.55,2.55,2.55,2.55,2.55,2.55,2.55,2.55,2.55,2.55,2.55,2.55,2.549999999999969,2.549999999982226,2.5499999952550323,2.5499994156204178,2.5499664482094655,2.5490846394073,2.5377532175508786,2.4651337866878196,2.21653296368023
124,2.55,2.55,2.55,2.55,2.55,2.55,2.55,2.55,2.55,2.55,2.55,2.55,2.549999999999961,2.549999999978858,2.5499999945933944,2.5499993581054365,2.549964243266144,2.5490474669883767,2.5374784578487666,2.4642435684372423,2.215283839246426
125,2.55,2.55,2.55,2.55,2.55,2.55,2.55,2.55,2.55,2.55,2.55,2.55,2.5499999999999527,2.5499999999749194,2.549999993851805,2.5499992959307343,2.549961929327239,2.5490093482839074,2.5372013233075923,2.4633545157402628,2.214040524497245
126,2.55,2.55,2.55,2.55,2.55,2.55,2.55,2.55,2.55,2.55,2.55,2.55,2.5499999999999408,2.5499999999703236,2.5499999930221526,2.5499992288048787,2.5499595029622126,2.548970276351896,2.5369218425573963,2.462466643138867,2.212802949471281
127,2.55,2.55,2.55,2.55,2.55,2.55,2.55,2.55,2.55,2.55,2.55,2.55,2.549999999999927,2.5499999999649767,2.549999992095651,2.549999156423756,2.5499569607091,2.548930244504555,2.53664004403961,2.4615799644622043,2.2115710455798894
128,2.55,2.55,2.55,2.55,2.55,2.55,2.55,2.55,2.55,2.55,2.55,2.55,2.5499999999999092,2.549999999958769,2.549999991062818,2.5499990784708446,2.549954299077386,2.5488892462965667,2.5363559560075415,2.4606944928787495,2.2103447455438188
129,2.55,2.55,2.55,2.55,2.55,2.55,2.55,2.55,2.55,2.55,2.55,2.55,2.5499999999998892,2.549999999951578,2.5499999899134242,2.5499989946167907,2.5499515145493743,2.5488472755266836,2.536069606516483,2.459810240911778,2.2091239833906333
130,2.55,2.55,2.55,2.55,2.55,2.55,2.55,2.55,2.55,2.55,2.55,2.55,2.5499999999998644,2.549999999943268,2.549999988636463,2.5499989045194473,2.549948603582515,2.548804326230709,2.535781023421186,2.4589272204762715,2.2079086943996886
131,2.55,2.55,2.55,2.55,2.55,2.55,2.55,2.55,2.55,2.55,2.55,2.55,2.549999999999834,2.549999999933686,2.549999987220103,2.549998807823656,2.549945562611156,2.5487603926791973,2.535490234370201,2.4580454429012937,2.206698815072256
132,2.55,2.55,2.55,2.55,2.55,2.55,2.55,2.55,2.55,2.55,2.55,2.55,2.5499999999997978,2.5499999999226612,2.5499999856516267,2.54999870416097,2.5499423880485548,2.5487154693753804,2.5351972667989036,2.4571649189538705,2.2054942831020283
133,2.55,2.55,2.55,2.55,2.55,2.55,2.55,2.55,2.55,2.55,2.55,2.55,2.5499999999997547,2.549999999910004,2.5499999839174503,2.5499985931497964,2.549939076286294,2.5486695510549815,2.534902147932744,2.4562856588327033,2.2042950373810632
134,2.55,2.55,2.55,2.55,2.55,2.55,2.55,2.55,2.55,2.55,2.55,2.55,2.5499999999997027,2.549999999895502,2.5499999820030013,2.5499984743948665,2.5499356236986377,2.5486226326807255,2.534604904773707,2.4554076722206797,2.203101017932127
135,2.55,2.55,2.55,2.55,2.55,2.55,2.55,2.55,2.55,2.55,2.55,2.5499999999999994,2.549999999999641,2.549999999878922,2.5499999798927098,2.549998347487325,2.549932026642951,2.5485747094399653,2.534305564102276,2.454530968289845,2.2019121658955947
136,2.55,2.55,2.55,2.55,2.55,2.55,2.55,2.55,2.55,2.55,2.55,2.5499999999999994,2.5499999999995677,2.5499999998600047,2.5499999775699873,2.5499982120046165,2.5499282814603346,2.548525776744405,2.534004152474579,2.4536555557089246,2.2007284235217632
137,2.55,2.55,2.55,2.55,2.55,2.55,2.55,2.55,2.55,2.55,2.55,2.549999999999999,2.5499999999994802,2.5499999998384606,2.5499999750170543,2.5499980675100646,2.5499243844817827,2.5484758302181048,2.5337006962115796,2.4527814427143415,2.1995497340636465
138,2.55,2.55,2.55,2.55,2.55,2.55,2.55,2.55,2.55,2.55,2.55,2.549999999999999,2.5499999999993768,2.5499999998139744,2.549999972215092,2.5499979135533013,2.549920332022548,2.5484248657079616,2.53339522141027,2.4519086370435774,2.1983760418754352
139,2.55,2.55,2.55,2.55,2.55,2.55,2.55,2.55,2.55,2.55,2.55,2.5499999999999985,2.5499999999992555,2.5499999997861944,2.549999969143977,2.5499977496696387,2.5499161203913294,2.548372879266028,2.5330877539277323,2.4510371460389706,2.1972072922566186
140,2.55,2.55,2.55,2.55,2.55,2.55,2.55,2.55,2.55,2.55,2.55,2.5499999999999985,2.5499999999991125,2.549999999754731,2.5499999657823023,2.549997575380241,2.5499117458888527,2.548319867151527,2.5327783193862063,2.4501669766262992,2.196043431482198
141,2.55,2.55,2.55,2.55,2.55,2.55,2.55,2.55,2.55,2.55,2.55,2.549999999999998,2.549999999998944,2.549999999719163,2.549999962107465,2.549997390192208,2.5499072048055598,2.54826582583602,2.532466943174461,2.449298135294106,2.1948844068358335
142,2.55,2.55,2.55,2.55,2.55,2.55,2.55,2.55,2.55,2.55,2.55,2.5499999999999976,2.549999999998746,2.5499999996790303,2.5499999580955386,2.5499971935984247,2.5499024934251815,2.548210751995675,2.532153650444548,2.448430628128259,2.1937301665556337
143,2.55,2.55,2.55,2.55,2.55,2.55,2.55,2.55,2.55,2.55,2.55,2.5499999999999967,2.5499999999985152,2.549999999633815,2.54999995372093,2.5499969850770525,2.549897608035068,2.548154642489605,2.5318384661000475,2.4475644609165106,2.192580659671831
144,2.55,2.55,2.55,2.55,2.55,2.55,2.55,2.55,2.55,2.55,2.55,2.5499999999999963,2.5499999999982457,2.5499999995829783,2.5499999489570677,2.5499967640925205,2.549892544905668,2.5480974944030765,2.531521414818801,2.446699638942023,2.1914358363276083
145,2.55,2.55,2.55,2.55,2.55,2.55,2.55,2.55,2.55,2.55,2.55,2.5499999999999954,2.5499999999979317,2.54999999952589,2.5499999437751604,2.5499965300940297,2.549887300326365,2.5480393049700902,2.531202521018542,2.4458361673358495,2.1902956472263266
146,2.55,2.55,2.55,2.55,2.55,2.55,2.55,2.55,2.55,2.55,2.55,2.5499999999999945,2.5499999999975675,2.549999999461909,2.549999938145563,2.549996282517055,2.549881870566622,2.5479800716583147,2.530881808891485,2.4449740506987783,2.1891600442272168
147,2.55,2.55,2.55,2.55,2.55,2.55,2.55,2.55,2.55,2.55,2.55,2.549999999999993,2.5499999999971448,2.5499999993903026,2.549999932036462,2.549996020782211,2.549876251912068,2.5479197920880647,2.53055930237787,2.4441132934442753,2.1880289797995522
148,2.55,2.55,2.55,2.55,2.55,2.55,2.55,2.55,2.55,2.55,2.55,2.549999999999992,2.5499999999966554,2.5499999993102884,2.549999925414549,2.5499957442957264,2.5498704406464827,2.54785846407352,2.5302350251771406,2.4432538996302244,2.186902407292504
149,2.55,2.55,2.55,2.55,2.55,2.55,2.55,2.55,2.55,2.55,2.55,2.54999999999999,2.5499999999960905,2.5499999992210243,2.549999918244877,2.5499954524494863,2.549864433055,2.547796085614373,2.5299090007485505,2.4423958729852697,2.185780280890422
150,2.55,2.55,2.55,2.55,2.55,2.55,2.55,2.55,2.55,2.55,2.55,2.5499999999999874,2.5499999999954395,2.5499999991215687,2.5499999104903037,2.5499951446208606,2.549858225438228,2.5477326548619867,2.529581252306356,2.4415392170351895,2.184662555406322
151,2.55,2.55,2.55,2.55,2.55,2.55,2.55,2.55,2.55,2.55,2.55,2.5499999999999843,2.5499999999946907,2.549999999010946,2.5499999021123836,2.549994820172828,2.5498518140903004,2.5476681701731674,2.5292518028242923,2.4406839349106657,2.1835491865990195
152,2.55,2.55,2.55,2.55,2.55,2.55,2.55,2.55,2.55,2.55,2.55,2.549999999999981,2.5499999999938296,2.5499999988880218,2.549999893069794,2.5499944784543387,2.549845195335188,2.5476026300171117,2.528920675037683,2.4398300296539985,2.1824401306583954
153,2.55,2.55,2.55,2.55,2.55,2.55,2.55,2.55,2.55,2.55,2.55,2.549999999999977,2.5499999999928433,2.5499999987516704,2.5499998833203863,2.549994118799531,2.5498383654806536,2.547536033095695,2.528587891435507,2.4389775038362527,2.1813353448528203
154,2.55,2.55,2.55,2.55,2.55,2.55,2.55,2.55,2.55,2.55,2.55,2.549999999999973,2.5499999999917153,2.5499999986006534,2.5499998728197304,2.5499937405283792,2.549831320850564,2.5474683782583916,2.528253474267412,2.4381263598244463,2.18023478707599
155,2.55,2.55,2.55,2.55,2.55,2.55,2.55,2.55,2.55,2.55,2.55,2.5499999999999683,2.5499999999904257,2.549999998433535,2.549999861520112,2.5499933429474466,2.549824057805956,2.547399664444661,2.527917445552596,2.4372765999521366,2.1791384155537816
156,2.55,2.55,2.55,2.55,2.55,2.55,2.55,2.55,2.55,2.55,2.55,2.549999999999962,2.5499999999889553,2.5499999982489197,2.5499998493733185,2.54999292534801,2.5498165726856388,2.547329890844791,2.527579827057985,2.436428226035743,2.1780461896725174
157,2.55,2.55,2.55,2.55,2.55,2.55,2.55,2.55,2.55,2.55,2.55,2.549999999999955,2.5499999999872833,2.5499999980452595,2.5499998363284293,2.549992487007637,2.5498088618529917,2.547259056772511,2.527240640316716,2.4355812397546455,2.1769580693268384
158,2.55,2.55,2.55,2.55,2.55,2.55,2.55,2.55,2.55,2.55,2.55,2.5499999999999465,2.5499999999853817,2.5499999978207715,2.549999822330971,2.5499920271911765,2.5498009217123787,2.547187161617496,2.526899906640092,2.4347356427803897,2.175874014692788
159,2.55,2.55,2.55,2.55,2.55,2.55,2.55,2.55,2.55,2.55,2.55,2.5499999999999368,2.549999999983225,2.549999997573726,2.5499998073259653,2.549991545147724,2.5497927486478367,2.547114205018524,2.5265576470811917,2.4338914362878703,2.1747939870781297
160,2.55,2.55,2.55,2.55,2.55,2.55,2.55,2.55,2.55,2.55,2.55,2.5499999999999248,2.549999999980783,2.5499999973022,2.5499997912553933,2.549991040113317,2.5497843390735055,2.547040186719754,2.5262138824672644,2.4330486213556974,2.173717948223483
161,2.55,2.55,2.55,2.55,2.55,2.55,2.55,2.55,2.55,2.55,2.55,2.5499999999999114,2.54999999997802,2.549999997004019,2.5499997740576794,2.549990511311923,2.5497756894422854,2.546965106542652,2.5258686334117684,2.4322071990304335,2.1726458601838363
162,2.55,2.55,2.55,2.55,2.55,2.55,2.55,2.55,2.55,2.55,2.5499999999999994,2.5499999999998955,2.549999999974901,2.5499999966770495,2.5499997556704503,2.549989957951427,2.549766796194856,2.546888964539615,2.525521920265769,2.4313671699328268,2.1715776860314526
163,2.55,2.55,2.55,2.55,2.55,2.55,2.55,2.55,2.55,2.55,2.5499999999999994,2.549999999999877,2.549999999971386,2.549999996318938,2.549999736028146,2.549989379227295,2.549757655803196,2.546811760861333,2.525173763162097,2.430528534592565,2.170513389255684
164,2.55,2.55,2.55,2.55,2.55,2.55,2.55,2.55,2.55,2.55,2.549999999999999,2.549999999999855,2.5499999999674268,2.5499999959270707,2.5499997150617157,2.549988774323423,2.549748264774817,2.546733495740758,2.524824182025271,2.4296912934778825,2.1694529337043353
165,2.55,2.55,2.55,2.55,2.55,2.55,2.55,2.55,2.55,2.55,2.5499999999999994,2.54999999999983,2.5499999999629765,2.549999995498793,2.549999692700474,2.5499881424084867,2.54973861962166,2.546654169594442,2.5244731965281964,2.428855446762458,2.168396284013181
166,2.55,2.55,2.55,2.55,2.55,2.55,2.55,2.55,2.55,2.55,2.5499999999999994,2.549999999999801,2.549999999957982,2.549999995031234,2.5499996688706994,2.5499874826389766,2.5497287168827816,2.5465737829463437,2.524120826127404,2.4280209944947084,2.167343405290545
167,2.55,2.55,2.55,2.55,2.55,2.55,2.55,2.55,2.55,2.55,2.5499999999999994,2.549999999999767,2.549999999952382,2.5499999945213334,2.5499996434959407,2.5499867941587735,2.5497185531186153,2.5464923364450045,2.523767090057528,2.4271879365542577,2.166294263195156
168,2.55,2.55,2.55,2.55,2.55,2.55,2.55,2.55,2.55,2.55,2.5499999999999994,2.549999999999728,2.549999999946114,2.549999993965857,2.5499996164968155,2.549986076098571,2.549708124917308,2.546409830850983,2.523412007327101,2.4263562727020953,2.1652488238561376
169,2.55,2.55,2.55,2.55,2.55,2.55,2.55,2.55,2.55,2.55,2.549999999999999,2.5499999999996827,2.549999999939109,2.5499999933613693,2.549999587791085,2.5499853275766085,2.5496974288908496,2.546326267042211,2.5230555967248605,2.4255260025491676,2.1642070539197356
170,2.55,2.55,2.55,2.55,2.55,2.55,2.55,2.55,2.55,2.55,2.5499999999999985,2.549999999999631,2.5499999999312886,2.5499999927041888,2.5499995572934986,2.549984547699662,2.5496864616757713,2.546241646006251,2.522697876828806,2.424697125562247,2.163168920531118
171,2.55,2.55,2.55,2.55,2.55,2.55,2.55,2.55,2.55,2.55,2.549999999999998,2.5499999999995717,2.5499999999225684,2.5499999919904237,2.549999524915802,2.549983735562141,2.549675219935481,2.546155968839787,2.5223388659987216,2.423869641081364,2.16213439131216
172,2.55,2.55,2.55,2.55,2.55,2.55,2.55,2.55,2.55,2.55,2.549999999999998,2.5499999999995038,2.5499999999128597,2.549999991215982,2.549999490566708,2.5499828902458117,2.549663700361713,2.546069236746611,2.521978582374113,2.423043548330627,2.161103434345285
173,2.55,2.55,2.55,2.55,2.55,2.55,2.55,2.55,2.55,2.55,2.5499999999999976,2.5499999999994265,2.549999999902065,2.549999990376523,2.5499994541517803,2.549982010820883,2.5496518996740374,2.545981451032304,2.5216170438839898,2.422218846414535,2.1600760181705705
174,2.55,2.55,2.55,2.55,2.55,2.55,2.55,2.55,2.55,2.55,2.549999999999997,2.5499999999993377,2.5499999998900726,2.549999989467417,2.549999415573619,2.5499810963470626,2.5496398146133066,2.5458926131146233,2.521254268253386,2.421395534272171,2.159052111856003
175,2.55,2.55,2.55,2.55,2.55,2.55,2.55,2.55,2.55,2.55,2.5499999999999967,2.5499999999992364,2.549999999876769,2.5499999884838154,2.5499993747314207,2.5499801458716056,2.5496274419560376,2.545802724498537,2.520890272991929,2.4205736107791513,2.158031684838151
176,2.55,2.55,2.55,2.55,2.55,2.55,2.55,2.55,2.55,2.55,2.5499999999999963,2.549999999999121,2.549999999862029,2.5499999874205947,2.5499993315211484,2.5499791584307157,2.5496147785071805,2.5457117867862324,2.5205250754033037,2.419753074696841,2.157014706998004
177,2.55,2.55,2.55,2.55,2.55,2.55,2.55,2.55,2.55,2.55,2.549999999999996,2.5499999999989895,2.5499999998457175,2.549999986272351,2.5499992858354683,2.5499781330496387,2.5496018211012994,2.5456198016735514,2.520158692586482,2.4189339246811437,2.156001148645154
178,2.55,2.55,2.55,2.55,2.55,2.55,2.55,2.55,2.55,2.55,2.5499999999999954,2.54999999999884,2.549999999827688,2.5499999850333697,2.5499992375638145,2.5499770687432735,2.549588566599888,2.5455267709531713,2.5197911414395886,2.418116159265217,2.154990980542875
179,2.55,2.55,2.55,2.55,2.55,2.55,2.55,2.55,2.55,2.55,2.549999999999994,2.549999999998671,2.5499999998077807,2.549999983697636,2.5499991865922245,2.549975964515906,2.5495750118953904,2.545432696505923,2.5194224386595208,2.4172997768871594,2.1539841738624115
180,2.55,2.55,2.55,2.55,2.55,2.55,2.55,2.55,2.55,2.55,2.5499999999999936,2.5499999999984784,2.549999999785824,2.54999998225882,2.549999132803301,2.549974819361461,2.5495611539115273,2.545337580298454,2.519052600743872,2.416484775894041,2.1529807002192447
181,2.55,2.55,2.55,2.55,2.55,2.55,2.55,2.55,2.55,2.55,2.5499999999999927,2.5499999999982625,2.549999999761633,2.5499999807102722,2.5499990760761566,2.5499736322636406,2.5495469896043135,2.54524142437977,2.5186816439926845,2.4156711545491203,2.1519805372503455
182,2.55,2.55,2.55,2.55,2.55,2.55,2.55,2.55,2.55,2.55,2.5499999999999914,2.549999999998018,2.549999999735009,2.5499999790449994,2.5499990162863893,2.5499724021962664,2.5495325159615136,2.5451442308805783,2.5183095845111922,2.414858911028406,2.1509836564592013
183,2.55,2.55,2.55,2.55,2.55,2.55,2.55,2.55,2.55,2.55,2.5499999999999896,2.5499999999977416,2.5499999997057405,2.5499999772556543,2.549998953306013,2.5499711281234076,2.549517730003338,2.5450460020117833,2.5179364382097913,2.414048043423399,2.1499900288141136
184,2.55,2.55,2.55,2.55,2.55,2.55,2.55,2.55,2.55,2.55,2.549999999999988,2.54999999999743,2.549999999673597,2.549999975334534,2.5499988870035253,2.549969808999879,2.5495026287819003,2.544946740059817,2.517562220811694,2.4132385497471462,2.1489996267958196
185,2.55,2.55,2.55,2.55,2.55,2.55,2.55,2.55,2.55,2.55,2.5499999999999856,2.5499999999970795,2.549999999638331,2.5499999732735357,2.5499988172435897,2.5499684437707697,2.549487209384045,2.5448464473901,2.517186947840554,2.4124304279315507,2.1480124235403353
186,2.55,2.55,2.55,2.55,2.55,2.55,2.55,2.55,2.55,2.55,2.5499999999999843,2.549999999996687,2.549999999599679,2.5499999710641954,2.5499987438874614,2.5499670313728267,2.549471468927478,2.5447451264354974,2.516810634646301,2.4116236758400196,2.147028392620831
187,2.55,2.55,2.55,2.55,2.55,2.55,2.55,2.55,2.55,2.55,2.5499999999999803,2.549999999996244,2.5499999995573615,2.5499999686976635,2.549998666792838,2.549965570734352,2.549455404562099,2.544642779696977,2.5164332964005798,2.4108182912675113,2.146047508016467
188,2.55,2.55,2.55,2.55,2.55,2.55,2.55,2.55,2.55,2.55,2.549999999999977,2.549999999995749,2.5499999995110727,2.54999996616464,2.549998585813372,2.5499640607743745,2.5494390134743807,2.5445394097500387,2.5160549480762175,2.4100142719350357,2.1450697441275657
189,2.55,2.55,2.55,2.55,2.55,2.55,2.55,2.55,2.55,2.55,2.549999999999974,2.5499999999951943,2.5499999994604905,2.5499999634554245,2.549998500799174,2.5499625004041055,2.549422292882759,2.5444350192328327,2.515675604475492,2.409211615502311,2.144095075698437
190,2.55,2.55,2.55,2.55,2.55,2.55,2.55,2.55,2.55,2.55,2.54999999999997,2.5499999999945744,2.5499999994052702,2.5499999605598522,2.5499984115963783,2.549960888526279,2.5494052400415277,2.544329610851307,2.5152952802126114,2.40841031956358,2.143123477842811
191,2.55,2.55,2.55,2.55,2.55,2.55,2.55,2.55,2.55,2.55,2.5499999999999656,2.5499999999938825,2.549999999345041,2.5499999574673073,2.549998318047319,2.5499592240359004,2.5493878522391626,2.544223187373133,2.5149139897262525,2.4076103816544037,2.142154926010539
192,2.55,2.55,2.55,2.55,2.55,2.55,2.55,2.55,2.55,2.5499999999999994,2.54999999999996,2.5499999999931102,2.549999999279409,2.549999954166708,2.549998219990499,2.549957505820406,2.549370126798561,2.544115751626415,2.5145317472805555,2.40681179925333,2.14118939598253
193,2.55,2.55,2.55,2.55,2.55,2.55,2.55,2.55,2.55,2.5499999999999994,2.5499999999999536,2.5499999999922487,2.5499999992079547,2.5499999506464928,2.549998117260578,2.5499557327599995,2.549352061077064,2.544007306496954,2.514148566968588,2.4060145697852064,2.1402268638582824
194,2.55,2.55,2.55,2.55,2.55,2.55,2.55,2.55,2.55,2.5499999999999994,2.549999999999947,2.5499999999912912,2.5499999991302302,2.5499999468945975,2.5499980096883084,2.5499539037279093,2.5493336524669337,2.5438978549263145,2.5137644627134486,2.4052186906234154,2.1392673060507095
195,2.55,2.55,2.55,2.55,2.55,2.55,2.55,2.55,2.55,2.5499999999999994,2.5499999999999385,2.5499999999902254,2.5499999990457587,2.5499999428984466,2.5499978971005075,2.5499520175905164,2.5493148983955516,2.5437873999109253,2.513379448268863,2.4044241590909015,2.138310699282443
196,2.55,2.55,2.55,2.55,2.55,2.55,2.55,2.55,2.55,2.5499999999999994,2.549999999999929,2.549999999989043,2.549999998954036,2.549999938644969,2.5499977793201203,2.5499500732071647,2.54929579632493,2.543675944503478,2.512993537218762,2.4036309724585023,2.137357020590438
197,2.55,2.55,2.55,2.55,2.55,2.55,2.55,2.55,2.55,2.5499999999999994,2.5499999999999186,2.54999999998773,2.5499999988545223,2.549999934120509,2.549997656166017,2.549948069431469,2.549276343753074,2.5435634918031313,2.5126067429859265,2.4028391279562595,2.136406247290441
198,2.55,2.55,2.55,2.55,2.55,2.55,2.55,2.55,2.55,2.5499999999999994,2.5499999999999075,2.5499999999862752,2.5499999987466504,2.5499999293109243,2.549997527453213,2.5499460051098715,2.5492565382125036,2.5434500449663893,2.512219078822278,2.402048622760832,2.135458357017229
199,2.55,2.55,2.55,2.55,2.55,2.55,2.55,2.55,2.55,2.5499999999999994,2.549999999999894,2.5499999999846645,2.5499999986298105,2.549999924201424,2.5499973929925703,2.5499438790842284,2.5492363772720346,2.5433356071879247,2.5118305578281737,2.401259454017293,2.1345133276555988
200,2.55,2.55,2.55,2.55,2.55,2.55,2.55,2.55,2.55,2.5499999999999994,2.5499999999998786,2.5499999999828837,2.5499999985033646,2.5499999187767246,2.5499972525910715,2.5499416901892458,2.549215858535216,2.543220181719583,2.511441192932742,2.4004716188175963,2.13357113740853
201,2.55,2.55,2.55,2.55,2.55,2.55,2.55,2.55,2.55,2.5499999999999994,2.5499999999998613,2.549999999980916,2.5499999983666273,2.5499999130208493,2.54999710605153,2.5499394372558437,2.549194979641727,2.5431037718461376,2.5110509969204706,2.399685114227577,2.132631764713734
202,2.55,2.55,2.55,2.55,2.55,2.55,2.55,2.55,2.55,2.5499999999999994,2.5499999999998417,2.549999999978744,2.5499999982188837,2.549999906917308,2.549996953172827,2.5499371191081193,2.5491737382663393,2.5429863809069593,2.5106599824068963,2.3988999372629842,2.1316951883168973
203,2.55,2.55,2.55,2.55,2.55,2.55,2.55,2.55,2.55,2.5499999999999994,2.5499999999998195,2.549999999976349,2.549999998059366,2.5499999004488845,2.549996793749682,2.54993473456687,2.5491521321196773,2.542868012271689,2.510268161866787,2.398116084915936,2.130761387192448
204,2.55,2.55,2.55,2.55,2.55,2.55,2.55,2.55,2.55,2.5499999999999994,2.549999999999794,2.549999999973711,2.549999997887273,2.549999893597812,2.5499966275728285,2.549932282446717,2.549130158947727,2.542748669359884,2.5098755476111063,2.397333554133705,2.129830340606427
205,2.55,2.55,2.55,2.55,2.55,2.55,2.55,2.55,2.55,2.5499999999999994,2.5499999999997667,2.549999999970807,2.5499999977017387,2.5499998863455238,2.549996454428808,2.5499297615601186,2.549107816532097,2.542628355614784,2.5094821518184793,2.3965523418466144,2.12890202803422
206,2.55,2.55,2.55,2.55,2.55,2.55,2.55,2.55,2.55,2.549999999999999,2.5499999999997356,2.5499999999676146,2.5499999975018777,2.5499998786729927,2.5499962741002253,2.549927170711959,2.5490851026898906,2.542507074538007,2.509087986493206,2.395772444931381,2.127976429268612
207,2.55,2.55,2.55,2.55,2.55,2.55,2.55,2.55,2.55,2.5499999999999985,2.549999999999701,2.5499999999641085,2.5499999972867426,2.5499998705604185,2.5499960863655313,2.549924508704478,2.5490620152737,2.5423848296582627,2.508693063503341,2.3949938602440555,2.127053524322471
208,2.55,2.55,2.55,2.55,2.55,2.55,2.55,2.55,2.55,2.549999999999998,2.5499999999996614,2.549999999960259,2.549999997055316,2.5499998619871462,2.549995890998978,2.549921774338586,2.5490385521714933,2.542261624523253,2.50829739459075,2.394216584628471,2.1261332934035155
209,2.55,2.55,2.55,2.55,2.55,2.55,2.55,2.55,2.55,2.5499999999999976,2.5499999999996175,2.5499999999560394,2.549999996806565,2.549999852932111,2.549995687770892,2.549918966406845,2.549014711306931,2.542137462743522,2.507900991317187,2.3934406148703093,2.125215717050795
210,2.55,2.55,2.55,2.55,2.55,2.55,2.55,2.55,2.55,2.5499999999999976,2.5499999999995677,2.549999999951417,2.5499999965393747,2.549999843373316,2.5499954764473873,2.5499160837016475,2.548990490638726,2.5420123479418826,2.5075038651270223,2.3926659477498227,2.124300775977597
211,2.55,2.55,2.55,2.55,2.55,2.55,2.55,2.55,2.55,2.549999999999997,2.549999999999512,2.549999999946357,2.5499999962525597,2.549999833287941,2.54999525679043,2.5499131250135267,2.5489658881607586,2.5418862837638945,2.5071060273342938,2.391892580030892,2.1233884511040206
212,2.55,2.55,2.55,2.55,2.55,2.55,2.55,2.55,2.55,2.5499999999999967,2.54999999999945,2.5499999999408245,2.5499999959449156,2.5499998226526954,2.5499950285579858,2.5499100891256563,2.548940901902842,2.54175927391124,2.5067074890806134,2.391120508426551,2.1224787236602554
213,2.55,2.55,2.55,2.55,2.55,2.55,2.55,2.55,2.55,2.5499999999999963,2.5499999999993803,2.5499999999347795,2.549999995615134,2.549999811443227,2.549994791503844,2.5499069748229615,2.54891552992886,2.5416313220875977,2.506308261404624,2.3903497296542926,2.121571575019742
214,2.55,2.55,2.55,2.55,2.55,2.55,2.55,2.55,2.55,2.549999999999996,2.549999999999303,2.549999999928179,2.549999995261852,2.549999799634468,2.5499945453776927,2.549903780886847,2.548889770338075,2.541502432029506,2.50590835520192,2.389580240404773,2.1206669867940438
215,2.55,2.55,2.55,2.55,2.55,2.55,2.55,2.55,2.55,2.549999999999995,2.5499999999992173,2.5499999999209795,2.5499999948836676,2.5499997872007336,2.549994289925132,2.5499005060936435,2.5488636212655726,2.5413726075153664,2.5055077812132267,2.388812037332743,2.1197649408604633
216,2.55,2.55,2.55,2.55,2.55,2.55,2.55,2.55,2.55,2.5499999999999945,2.549999999999122,2.549999999913132,2.5499999944790543,2.549999774115183,2.5499940248877073,2.549897149222751,2.548837080879094,2.541241852319924,2.505106550085902,2.3880451171019734,2.1188654192228817
217,2.55,2.55,2.55,2.55,2.55,2.55,2.55,2.55,2.55,2.5499999999999936,2.5499999999990157,2.5499999999045864,2.5499999940464537,2.5499997603503877,2.549993750002825,2.549893709048139,2.548810147382715,2.5411101702610632,2.504704672309906,2.3872794763394944,2.117968404154618
218,2.55,2.55,2.55,2.55,2.55,2.55,2.55,2.55,2.55,2.5499999999999927,2.5499999999988976,2.5499999998952885,2.5499999935842403,2.549999745878123,2.549993465003797,2.549890184341426,2.548782819015431,2.540977565183,2.504302158240972,2.386515111651937,2.11707387814714
219,2.55,2.55,2.55,2.55,2.55,2.55,2.55,2.55,2.55,2.5499999999999914,2.5499999999987666,2.549999999885174,2.549999993090611,2.5499997306687447,2.549993169620129,2.5498865738810257,2.54875509404573,2.540844040908596,2.503899018169006,2.38575201967058,2.1161818237640078
220,2.55,2.55,2.55,2.55,2.55,2.55,2.55,2.55,2.55,2.54999999999999,2.549999999998621,2.549999999874185,2.5499999925638126,2.54999971469246,2.549992863576911,2.5498828764335704,2.5487269707827407,2.540709601336007,2.5034952621791886,2.3849901969601945,2.1152922239369514
221,2.55,2.55,2.55,2.55,2.55,2.55,2.55,2.55,2.55,2.5499999999999887,2.54999999999846,2.549999999862256,2.5499999920019794,2.5499996979184245,2.5499925465952593,2.5498790907670723,2.5486984475682832,2.5405742503702933,2.5030909002503683,2.384229640083489,2.114405061756345
222,2.55,2.55,2.55,2.55,2.55,2.55,2.55,2.55,2.55,2.549999999999987,2.549999999998282,2.549999999849317,2.549999991403137,2.549999680314775,2.549992218392332,2.5498752156504643,2.548669522776936,2.5404379919261437,2.5026859422516177,2.3834703455983215,2.113520320479313
223,2.55,2.55,2.55,2.55,2.55,2.55,2.55,2.55,2.55,2.549999999999985,2.5499999999980854,2.5499999998352845,2.549999990765122,2.549999661848179,2.5499918786816216,2.5498712498600504,2.548640194811653,2.5403008298951137,2.5022803979904324,2.382712310088067,2.1126379834288365
224,2.55,2.55,2.55,2.55,2.55,2.55,2.55,2.55,2.55,2.5499999999999834,2.549999999997868,2.5499999998200855,2.5499999900858557,2.549999642485329,2.549991527171981,2.5498671921579783,2.548610462118384,2.5401627682549495,2.5018742770518747,2.381955530060283,2.1117580343304514
225,2.55,2.55,2.55,2.55,2.55,2.55,2.55,2.55,2.55,2.5499999999999816,2.549999999997629,2.549999999803637,2.5499999893631182,2.549999622191719,2.549991163568421,2.5498630413098566,2.548580323174112,2.540023810980123,2.501467588930213,2.381200002029637,2.1108804570367097
226,2.55,2.55,2.55,2.55,2.55,2.55,2.55,2.55,2.55,2.5499999999999794,2.5499999999973646,2.5499999997858445,2.5499999885945117,2.549999600931478,2.549990787572332,2.5498587960870993,2.5485497764845344,2.539883962031032,2.5010603430464453,2.380445722527208,2.1100052354931718
227,2.55,2.55,2.55,2.55,2.55,2.55,2.55,2.55,2.55,2.5499999999999767,2.5499999999970733,2.5499999997666074,2.549999987777511,2.5499995786676273,2.5499903988812607,2.5498544552632674,2.548518820586926,2.5397432253719994,2.500652548720959,2.3796926880841665,2.109132353794245
228,2.55,2.55,2.55,2.55,2.55,2.55,2.55,2.55,2.55,2.5499999999999736,2.549999999996753,2.54999999974583,2.549999986909636,2.5499995553629486,2.549989997188136,2.5498500176016496,2.548487454059859,2.5396016050323778,2.5002442150807322,2.378940895176405,2.1082617963726684
229,2.55,2.55,2.55,2.55,2.55,2.55,2.55,2.55,2.55,2.5499999999999696,2.5499999999964005,2.5499999997234073,2.5499999859882574,2.5499995309790005,2.5499895821821448,2.549845481869341,2.5484556755121854,2.5394591050372926,2.4998353511645166,2.3781903402872993,2.1073935477847376
230,2.55,2.55,2.55,2.55,2.55,2.55,2.55,2.55,2.55,2.549999999999965,2.5499999999960137,2.5499999996992155,2.549999985010482,2.549999505475635,2.5499891535494297,2.5498408468438774,2.548423483576101,2.53931572937754,2.4994259659725984,2.3774410199333396,2.106527592614955
231,2.55,2.55,2.55,2.55,2.55,2.55,2.55,2.55,2.55,2.5499999999999607,2.5499999999955887,2.549999999673135,2.5499999839734158,2.549999478812184,2.5499887109716206,2.549836111296665,2.5483908769227823,2.539171482087204,2.499016068342725,2.376692930596316,2.1056639157197936
232,2.55,2.55,2.55,2.55,2.55,2.55,2.55,2.55,2.5499999999999994,2.5499999999999554,2.549999999995123,2.549999999645042,2.549999982874104,2.549999450947192,2.5499882541261667,2.5498312739967126,2.548357854258868,2.539026367226188,2.4986056669780266,2.3759460687385814,2.104802502172833
233,2.55,2.55,2.55,2.55,2.55,2.55,2.55,2.55,2.5499999999999994,2.54999999999995,2.5499999999946126,2.549999999614805,2.5499999817094516,2.549999421838054,2.549987782686787,2.5498263337157168,2.548324414321655,2.5388803888563753,2.498194770485129,2.3752004308238805,2.103943337189893
234,2.55,2.55,2.55,2.55,2.55,2.55,2.55,2.55,2.5499999999999994,2.549999999999944,2.5499999999940535,2.549999999582267,2.549999980476042,2.549999391440299,2.5499872963247303,2.549821289237796,2.5482905558676086,2.5387335509991753,2.497783387447549,2.3744560133523813,2.1030864059924346
235,2.55,2.55,2.55,2.55,2.55,2.55,2.55,2.55,2.5499999999999994,2.549999999999937,2.549999999993442,2.5499999995472815,2.5499999791705426,2.549999359709234,2.5499867947060335,2.54981613933698,2.5482562776979254,2.538585857735111,2.4973715262561402,2.3737128127775207,2.102231694126438
236,2.55,2.55,2.55,2.55,2.55,2.55,2.55,2.55,2.5499999999999994,2.549999999999929,2.549999999992773,2.54999999950969,2.5499999777894233,2.5499993265988006,2.5499862774934354,2.549810882792906,2.5482215786407076,2.5384373131343727,2.496959195227327,2.372970825563992,2.1013791872400427
237,2.55,2.55,2.55,2.55,2.55,2.55,2.55,2.55,2.55,2.54999999999992,2.5499999999920417,2.549999999469323,2.5499999763290178,2.5499992920618277,2.54998574434596,2.549805518387296,2.54818645755489,2.5382879212724863,2.496546402576613,2.372230048174603,2.1005288711335814
238,2.55,2.55,2.55,2.55,2.55,2.55,2.55,2.55,2.55,2.54999999999991,2.549999999991244,2.549999999426003,2.5499999747855404,2.5499992560501306,2.549985194918879,2.549800044902573,2.5481509133310865,2.5381376862373215,2.496133156408446,2.3714904770638277,2.0996807317807478
239,2.55,2.55,2.55,2.55,2.55,2.55,2.55,2.55,2.549999999999999,2.5499999999999003,2.5499999999903746,2.5499999993795424,2.5499999731550447,2.5499992185143294,2.5499846288639176,2.549794461124399,2.548114944889306,2.537986612117106,2.4957194647351346,2.370752108688328,2.0988347552912248
240,2.55,2.55,2.55,2.55,2.55,2.55,2.55,2.55,2.5499999999999985,2.5499999999998884,2.5499999999894274,2.5499999993297418,2.5499999714334014,2.549999179403758,2.5499840458294316,2.5497887658428984,2.5480785511774044,2.5378347029951724,2.4953053354861696,2.3700149395112446,2.0979909278824054
241,2.55,2.55,2.55,2.55,2.55,2.55,2.55,2.55,2.549999999999999,2.5499999999998746,2.549999999988394,2.5499999992763906,2.549999969616341,2.5499991386666374,2.549983445460125,2.5497829578503435,2.5480417311737305,2.537681962960151,2.4948907764908195,2.369278965993713,2.0971492199180486
242,2.55,2.55,2.55,2.55,2.55,2.55,2.55,2.55,2.5499999999999985,2.549999999999861,2.549999999987271,2.5499999992192683,2.5499999676994527,2.5499990962500685,2.549982827397032,2.5497770359411325,2.5480044838872433,2.5375283961060964,2.494475795477665,2.3685441845947786,2.0963096205305174
243,2.55,2.55,2.55,2.55,2.55,2.55,2.55,2.55,2.5499999999999985,2.549999999999844,2.549999999986047,2.549999999158145,2.5499999656781616,2.5499990520999685,2.549982191277709,2.5497709989127157,2.547966808356042,2.5373740065287533,2.4940604000820112,2.3678105917742283,2.0954721211970315
244,2.55,2.55,2.55,2.55,2.55,2.55,2.55,2.55,2.5499999999999985,2.5499999999998257,2.5499999999847187,2.5499999990927744,2.5499999635477306,2.5499990061610665,2.549981536736242,2.549764845565709,2.547928703647237,2.5372187983249925,2.493644597846837,2.367078183993098,2.0946367104150285
245,2.55,2.55,2.55,2.55,2.55,2.55,2.55,2.55,2.549999999999998,2.549999999999806,2.5499999999832745,2.5499999990229023,2.5499999613032536,2.549998958376881,2.5499808634032695,2.5497585747040574,2.5478901688568274,2.5370627755922537,2.493228396223558,2.366346957714068,2.093803376099007
246,2.55,2.55,2.55,2.55,2.55,2.55,2.55,2.55,2.549999999999998,2.5499999999997844,2.549999999981707,2.5499999989482602,2.549999958939656,2.549998908689759,2.5499801709061485,2.549752185135038,2.5478512031083698,2.5369059424280085,2.492811802576563,2.365616909401663,2.092972105988161
247,2.55,2.55,2.55,2.55,2.55,2.55,2.55,2.55,2.5499999999999985,2.54999999999976,2.549999999980007,2.5499999988685658,2.5499999564516824,2.549998857040788,2.5499794588687617,2.5497456756696337,2.547811805554622,2.5367483029292366,2.492394824178331,2.3648880355224415,2.092142887768453
248,2.55,2.55,2.55,2.55,2.55,2.55,2.55,2.55,2.549999999999997,2.5499999999997334,2.5499999999781644,2.549999998783522,2.5499999538338978,2.5499988033698204,2.5499787269116747,2.549739045122542,2.5477719753762824,2.5365898611919286,2.4919774682137334,2.3641603325447846,2.09131570914841
249,2.55,2.55,2.55,2.55,2.55,2.55,2.55,2.55,2.549999999999997,2.5499999999997045,2.5499999999761673,2.5499999986928183,2.54999995108068,2.5499987476154637,2.5499779746521583,2.54973229231234,2.547731711781913,2.5364306213105356,2.4915597417805704,2.363433796938658,2.0904905578974815
250,2.55,2.55,2.55,2.55,2.55,2.55,2.55,2.55,2.549999999999997,2.5499999999996716,2.5499999999740064,2.549999998596129,2.5499999481862203,2.5499986897150784,2.549977201704256,2.549725416061589,2.547691014007355,2.5362705873774853,2.491141651891705,2.3627084251753927,2.0896674218597364
251,2.55,2.55,2.55,2.55,2.55,2.55,2.55,2.55,2.5499999999999967,2.5499999999996357,2.549999999971668,2.549999998493112,2.549999945144515,2.5499986296047634,2.5499764076788214,2.5497184151969954,2.5476498813155892,2.5361097634826173,2.49072320547578,2.36198421372788,2.088846288964614
252,2.55,2.55,2.55,2.55,2.55,2.55,2.55,2.55,2.549999999999996,2.5499999999995966,2.549999999969139,2.5499999983834103,2.549999941949364,2.5499985672193493,2.5499755921835274,2.549711288549456,2.547608312996617,2.535948153713031,2.490304409377676,2.3612611590707595,2.0880271472300937
253,2.55,2.55,2.55,2.55,2.55,2.55,2.55,2.55,2.5499999999999963,2.5499999999995544,2.549999999966407,2.54999999826665,2.5499999385943672,2.549998502492385,2.549974754822914,2.549704034954252,2.5475663083671938,2.535785762152429,2.489885270359701,2.360539257680903,2.08720998477353
254,2.55,2.55,2.55,2.55,2.55,2.55,2.55,2.55,2.549999999999995,2.5499999999995064,2.5499999999634566,2.5499999981424364,2.5499999350729152,2.54999843535613,2.549973895198444,2.5496966532511753,2.54752386677048,2.5356225928806237,2.4894657951029187,2.3598185060380357,2.0863947898152593
255,2.55,2.55,2.55,2.55,2.55,2.55,2.55,2.55,2.5499999999999945,2.549999999999454,2.549999999960272,2.549999998010362,2.5499999313781867,2.5499983657415437,2.54997301290854,2.549689142284645,2.547480987575751,2.535458649973114,2.489045990208235,2.3590989006254155,2.0855815506780266
256,2.55,2.55,2.55,2.55,2.55,2.55,2.55,2.55,2.5499999999999945,2.549999999999397,2.549999999956837,2.549999997869997,2.5499999275031486,2.549998293578284,2.5499721075486086,2.5496815009037603,2.547437670178299,2.5352939375009114,2.4886258621968014,2.358380437930082,2.0847702557876295
257,2.55,2.55,2.55,2.55,2.55,2.55,2.55,2.55,2.549999999999994,2.5499999999993364,2.549999999953135,2.5499999977208914,2.5499999234405473,2.5499982187946904,2.549971178711121,2.5496737279625266,2.5473939139988877,2.5351284595297274,2.488205417512063,2.3576631144440476,2.083960893673965
258,2.55,2.55,2.55,2.55,2.55,2.55,2.55,2.55,2.549999999999993,2.549999999999268,2.5499999999491463,2.5499999975625776,2.549999919182902,2.5499981413177824,2.54997022598564,2.5496658223199056,2.547349718483625,2.534962220119795,2.487784662520221,2.3569469266645826,2.08315345297005
259,2.55,2.55,2.55,2.55,2.55,2.55,2.55,2.55,2.549999999999992,2.5499999999991925,2.549999999944852,2.549999997394566,2.549999914722509,2.5499980610732593,2.5499692489588064,2.549657782839787,2.547305083104032,2.5347952233259834,2.4873636035099533,2.356231871093948,2.0823479224124974
260,2.55,2.55,2.55,2.55,2.55,2.55,2.55,2.55,2.5499999999999905,2.5499999999991108,2.5499999999402307,2.549999997216347,2.5499999100514286,2.5499979779854782,2.549968247214467,2.549649608391317,2.547260007356249,2.534627473196629,2.4869422466953695,2.3555179442410936,2.0815442908413884
261,2.55,2.55,2.55,2.55,2.55,2.55,2.55,2.55,2.5499999999999896,2.549999999999022,2.5499999999352614,2.5499999970273866,2.549999905161484,2.5499978919774553,2.549967220333673,2.549641297848869,2.547214490761072,2.534458973773655,2.4865205982157987,2.3548051426212946,2.080742547199146
262,2.55,2.55,2.55,2.55,2.55,2.55,2.55,2.55,2.5499999999999883,2.5499999999989247,2.54999999992992,2.549999996827129,2.549999900044261,2.549997802970864,2.5499661678947056,2.5496328500921215,2.5471685328637834,2.5342897290922926,2.4860986641364553,2.354093462756625,2.0799426805310826
263,2.55,2.55,2.55,2.55,2.55,2.55,2.55,2.55,2.549999999999987,2.5499999999988185,2.549999999924182,2.549999996614994,2.5499998946910867,2.5499977108860046,2.549965089473246,2.5496242640064253,2.5471221332331457,2.53411974317982,2.485676450451929,2.3533829011772283,2.0791446799817375
264,2.55,2.55,2.55,2.55,2.55,2.55,2.55,2.55,2.549999999999985,2.549999999998702,2.5499999999180214,2.5499999963903788,2.5499998890930535,2.549997615641839,2.5499639846421784,2.5496155384823656,2.54707529146257,2.5339490200570656,2.485253963082087,2.3526734544196914,2.078348534798444
265,2.55,2.55,2.55,2.55,2.55,2.55,2.55,2.55,2.5499999999999834,2.549999999998576,2.5499999999114102,2.549999996152651,2.54999988324098,2.5499975171559406,2.549962852971954,2.549606672416534,2.5470280071679996,2.5337775637357596,2.4848312078794086,2.3519651190297153,2.0775542343241375
266,2.55,2.55,2.55,2.55,2.55,2.55,2.55,2.55,2.549999999999982,2.549999999998439,2.54999999990432,2.549999995901157,2.549999877125439,2.5499974153445266,2.5499616940303276,2.5495976647109724,2.546980279989427,2.533605378220449,2.484408190623704,2.3512578915601585,2.0767617680026564
267,2.55,2.55,2.55,2.55,2.55,2.55,2.55,2.55,2.5499999999999803,2.5499999999982896,2.5499999998967193,2.54999999563521,2.5499998707367193,2.5499973101224125,2.549960507382731,2.5495885142739234,2.5469321095887474,2.533432467505944,2.4839849170294057,2.3505517685733186,2.0759711253706024
268,2.55,2.55,2.55,2.55,2.55,2.55,2.55,2.55,2.549999999999978,2.549999999998127,2.5499999998885774,2.549999995354104,2.549999864064878,2.549997201403077,2.5499592925917476,2.5495792200187934,2.546883495652782,2.5332588355808263,2.4835613927354068,2.349846746638,2.075182296069093
269,2.55,2.55,2.55,2.55,2.55,2.55,2.55,2.55,2.549999999999976,2.549999999997951,2.549999999879858,2.549999995057096,2.5499998570996483,2.5499970890985555,2.549958049218035,2.54956978086592,2.546834437888003,2.53308448642147,2.4831376233226297,2.3491428223342474,2.074395269823315
270,2.55,2.55,2.55,2.55,2.55,2.55,2.55,2.5499999999999994,2.549999999999973,2.5499999999977594,2.549999999870527,2.5499999947434198,2.549999849830529,2.54999697311954,2.549956776819431,2.549560195740878,2.546784936025632,2.5329094239977734,2.4827136142970936,2.348439992248895,2.073610036462228
271,2.55,2.55,2.55,2.55,2.55,2.55,2.55,2.5499999999999994,2.5499999999999696,2.5499999999975516,2.5499999998605447,2.5499999944122784,2.5499998422467245,2.5499968533753137,2.5499554749515667,2.549550463575611,2.546734989818163,2.53273365226934,2.4822893711013703,2.3477382529784085,2.072826585905004
272,2.55,2.55,2.55,2.55,2.55,2.55,2.55,2.5499999999999994,2.549999999999966,2.5499999999973255,2.549999999849873,2.549999994062836,2.54999983433712,2.5499967297737283,2.549954143168095,2.549540583308837,2.5466845990380866,2.5325571751841136,2.4818648991187375,2.34703760112986,2.0720449081560313
273,2.55,2.55,2.55,2.55,2.55,2.55,2.55,2.5499999999999994,2.5499999999999625,2.549999999997081,2.5499999998384686,2.5499999936942372,2.549999826090369,2.5499966022212894,2.549952781019831,2.5495305538845114,2.54663376348272,2.532379996683546,2.4814402036574292,2.3463380333172523,2.0712649933239082
274,2.55,2.55,2.55,2.55,2.55,2.55,2.55,2.5499999999999994,2.549999999999958,2.5499999999968157,2.5499999998262877,2.5499999933055775,2.5499998174947485,2.5499964706230256,2.5499513880562032,2.549520374254303,2.5465824829661154,2.5322021206943144,2.481015289976635,2.34563954616697,2.0704868315889144
275,2.55,2.55,2.55,2.55,2.55,2.55,2.55,2.5499999999999994,2.549999999999954,2.549999999996529,2.5499999998132834,2.5499999928959323,2.549999808538306,2.549996334882617,2.54994996382375,2.549510043375098,2.5465307573274005,2.532023551136644,2.4805901632599254,2.344942136312563,2.069710413236939
276,2.55,2.55,2.55,2.55,2.55,2.55,2.55,2.5499999999999994,2.5499999999999496,2.549999999996219,2.5499999997994074,2.549999992464336,2.5499997992087478,2.5499961949023016,2.549948507867291,2.5494995602108665,2.546478586424343,2.531844291918104,2.4801648286355333,2.3442458003984186,2.068935728633063
277,2.55,2.55,2.55,2.55,2.55,2.55,2.55,2.5499999999999994,2.5499999999999443,2.549999999995883,2.5499999997846072,2.549999992009784,2.5499997894934574,2.5499960505828954,2.549947019729705,2.5494889237323015,2.546425970134579,2.531664346934799,2.4797392911724727,2.343550535079044,2.068162768226592
278,2.55,2.55,2.55,2.55,2.55,2.55,2.55,2.5499999999999994,2.549999999999938,2.54999999999552,2.549999999768829,2.5499999915312426,2.5499997793795433,2.5499959018238236,2.549945498951461,2.549478132916121,2.5463729083581397,2.531483720073695,2.4793135558726953,2.342856337017823,2.0673915225615866
279,2.55,2.55,2.55,2.55,2.55,2.55,2.55,2.549999999999999,2.5499999999999314,2.5499999999951277,2.549999999752016,2.5499999910276223,2.549999768853707,2.5499957485230436,2.5499439450719876,2.5494671867469534,2.546319401010151,2.5313024152063726,2.478887627693314,2.3421632028901263,2.0666219822467236
280,2.55,2.55,2.55,2.55,2.55,2.55,2.55,2.549999999999999,2.5499999999999248,2.5499999999947045,2.549999999734109,2.549999990497818,2.549999757902438,2.549995590577151,2.549942357627633,2.5494560842146097,2.546265448031667,2.531120436198047,2.478461511513855,2.341471129378954,2.0658541379998714
281,2.55,2.55,2.55,2.55,2.55,2.55,2.55,2.5499999999999985,2.549999999999917,2.5499999999942475,2.549999999715047,2.549999989940683,2.5499997465118835,2.549995427881311,2.5499407361530197,2.549444824315885,2.54621104938248,2.5309377869016143,2.4780352121579656,2.340780113177791,2.0650879806185203
282,2.55,2.55,2.55,2.55,2.55,2.55,2.55,2.549999999999998,2.549999999999909,2.5499999999937546,2.5499999996947618,2.5499999893549954,2.5499997346677152,2.5499952603292027,2.549939080182423,2.5494334060562625,2.5461562050339017,2.5307544711520276,2.477608734414862,2.3400901509932526,2.0643235009506835
283,2.55,2.55,2.55,2.55,2.55,2.55,2.55,2.549999999999998,2.5499999999999,2.5499999999932235,2.5499999996731852,2.5499999887395313,2.549999722355434,2.549995087813151,2.549937389246626,2.5494218284459667,2.5461009149852813,2.530570492779324,2.477182082990094,2.3394012395389328,2.0635606899617476
284,2.55,2.55,2.55,2.55,2.55,2.55,2.55,2.5499999999999985,2.54999999999989,2.549999999992651,2.5499999996502476,2.5499999880930173,2.549999709560179,2.549994910224045,2.549935662874886,2.549410090502435,2.5460451792536647,2.530385855600473,2.4767552625363596,2.3387133755392555,2.062799538692633
285,2.55,2.55,2.55,2.55,2.55,2.55,2.55,2.549999999999999,2.549999999999879,2.549999999992034,2.5499999996258707,2.549999987414108,2.5499996962666165,2.5499947274513075,2.54993390059612,2.5493981912516452,2.5459889978676977,2.5302005634149607,2.476328277671327,2.3380265557314432,2.0620400382355304
286,2.55,2.55,2.55,2.55,2.55,2.55,2.55,2.549999999999999,2.549999999999867,2.5499999999913707,2.5499999995999767,2.549999986701433,2.549999682459154,2.549994539382962,2.54993210193663,2.549386129725491,2.5459323708793966,2.5300146200134983,2.4759011329430676,2.3373407768615717,2.061282179780928
287,2.55,2.55,2.55,2.55,2.55,2.55,2.55,2.549999999999999,2.5499999999998533,2.549999999990657,2.549999999572484,2.5499999859535873,2.5499996681218873,2.549994345905615,2.5499302664206906,2.5493739049624544,2.5458752983611146,2.5298280291757798,2.4754738328389676,2.3366560356855848,2.060525954605491
288,2.55,2.55,2.55,2.55,2.55,2.55,2.55,2.549999999999999,2.5499999999998386,2.54999999998989,2.5499999995433056,2.549999985169091,2.549999653238446,2.5499941469044307,2.549928393572144,2.5493615160093017,2.5458177803973774,2.529640794664865,2.475046381809299,2.3359723289717116,2.05977135403987
289,2.55,2.55,2.55,2.55,2.55,2.55,2.55,2.5499999999999985,2.549999999999823,2.5499999999890663,2.5499999995123495,2.5499999843464183,2.5499996377921064,2.5499939422631472,2.5499264829132327,2.5493489619198613,2.5457598170908415,2.5294529202312286,2.474618784250063,2.335289653498741,2.0590183694921467
290,2.55,2.55,2.55,2.55,2.55,2.55,2.55,2.549999999999998,2.5499999999998066,2.5499999999881813,2.5499999994795233,2.5499999834840184,2.5499996217658727,2.5499937318640855,2.549924533963738,2.549336241754149,2.5457014085666785,2.5292644096156707,2.47419104449043,2.334608006054803,2.0582669924650134
291,2.55,2.55,2.55,2.55,2.55,2.55,2.55,2.5499999999999976,2.5499999999997884,2.5499999999872323,2.549999999444728,2.5499999825802684,2.549999605142294,2.5499935155881435,2.5499225462429047,2.5493233545802183,2.545642554962856,2.529075266543144,2.4737631668203233,2.3339273834398746,2.0575172145180054
292,2.55,2.55,2.55,2.55,2.55,2.55,2.55,2.5499999999999967,2.5499999999997685,2.5499999999862126,2.549999999407858,2.549999981633479,2.5499995879034913,2.5499932933148024,2.5499205192691896,2.5493102994738837,2.5455832564314305,2.5288854947236645,2.473335155486674,2.333247782465381,2.0567690272726185
293,2.55,2.55,2.55,2.55,2.55,2.55,2.55,2.5499999999999967,2.5499999999997467,2.5499999999851193,2.5499999993688074,2.549999980641942,2.5499995700313334,2.549993064922105,2.549918452558336,2.5492970755170634,2.5455235131481406,2.5286950978578933,2.472907014666651,2.332569199952084,2.056022422449024
294,2.55,2.55,2.55,2.55,2.55,2.55,2.55,2.5499999999999967,2.5499999999997227,2.549999999983947,2.5499999993274645,2.549999979603874,2.549999551507228,2.5499928302866923,2.5499163456256597,2.549283681799674,2.545463325301061,2.528504079630731,2.4724787484991464,2.3318916327324675,2.055277391822916
295,2.55,2.55,2.55,2.55,2.55,2.55,2.55,2.5499999999999963,2.549999999999697,2.549999999982691,2.5499999992837066,2.5499999785174006,2.5499995323120648,2.5499925892838298,2.5499141979866145,2.5492701174199723,2.5454026930878837,2.5283124437100954,2.472050361092032,2.3312150776511213,2.0545339272156022
296,2.55,2.55,2.55,2.55,2.55,2.55,2.55,2.549999999999996,2.549999999999669,2.5499999999813463,2.549999999237415,2.549999977380657,2.5499995124265804,2.5499923417872874,2.549912009152912,2.549256381481746,2.5453416167349023,2.528120193756611,2.471621856470411,2.33053953156136,2.0537920205647984
297,2.55,2.55,2.55,2.55,2.55,2.55,2.55,2.5499999999999954,2.5499999999996383,2.5499999999799066,2.5499999991884645,2.549999976191702,2.549999491831049,2.549992087669442,2.5499097786358145,2.5492424730966996,2.5452800964809086,2.5279273334153904,2.471193238620521,2.3298649913280935,2.0530516638645673
298,2.55,2.55,2.55,2.55,2.55,2.55,2.55,2.5499999999999945,2.5499999999996055,2.549999999978367,2.5499999991367237,2.5499999749485367,2.549999470505348,2.549991826801257,2.549907505945459,2.549228391383956,2.545218132580489,2.527733866317735,2.470764511480721,2.329191453827226,2.0523128491776617
299,2.55,2.55,2.55,2.55,2.55,2.55,2.55,2.5499999999999936,2.5499999999995704,2.54999999997672,2.549999999082051,2.549999973649061,2.5499994484288067,2.549991559052342,2.549905190592459,2.5492141354711673,2.5451557252962145,2.5275397960772845,2.4703356789626656,2.328518915946978,2.051575568606635
300,2.55,2.55,2.55,2.55,2.55,2.55,2.55,2.5499999999999936,2.5499999999995318,2.5499999999749603,2.5499999990242994,2.549999972291121,2.549999425580372,2.5499912842908943,2.549902832086127,2.5491997044932253,2.5450928749073616,2.5273451262944575,2.46990674492755,2.3278473745863426,2.050839814356886
301,2.55,2.55,2.55,2.55,2.55,2.55,2.55,2.5499999999999927,2.54999999999949,2.549999999973079,2.54999999896332,2.549999970872516,2.549999401938639,2.549991002383695,2.5499004299341808,2.5491850975920345,2.545029581711336,2.52714986055722,2.4694777131821835,2.327176826654798,2.0501055815221707
302,2.55,2.55,2.55,2.55,2.55,2.55,2.55,2.549999999999992,2.549999999999445,2.549999999971072,2.549999998898955,2.549999969390976,2.5499993774817704,2.5499907131961286,2.549897983643557,2.549170313917137,2.544965846019725,2.526954002438966,2.4690485874897927,2.326507269073079,2.0493728620265754
303,2.55,2.55,2.55,2.55,2.55,2.55,2.55,2.5499999999999905,2.5499999999993963,2.5499999999689282,2.549999998831041,2.5499999678441636,2.5499993521874966,2.5499904165921894,2.5498954927204376,2.549155352625677,2.5449016681581274,2.5267575554985915,2.4686193715704206,2.3258386987731066,2.0486416473411238
304,2.55,2.55,2.55,2.55,2.55,2.55,2.55,2.5499999999999905,2.549999999999344,2.5499999999666403,2.549999998759409,2.549999966229672,2.549999326033116,2.549990112434478,2.5498929566702233,2.549140212882431,2.5448370484664093,2.5265605232804744,2.4681900691001486,2.3251711126980483,2.0479119295999095
305,2.55,2.55,2.55,2.55,2.55,2.55,2.55,2.549999999999989,2.549999999999287,2.549999999964201,2.549999998683883,2.549999964545023,2.5499992989954987,2.5499898005842323,2.5498903749975907,2.549124893859654,2.5447719872981978,2.526362909314735,2.467760683712564,2.324504507802082,2.047183701126589
306,2.55,2.55,2.55,2.55,2.55,2.55,2.5499999999999994,2.5499999999999887,2.5499999999992258,2.5499999999615994,2.549999998604277,2.5499999627876706,2.549999271051087,2.5499894809013353,2.549887747206537,2.5491093947370604,2.5447064850206194,2.5261647171172323,2.4673312189994383,2.3238388810503854,2.046456954362827
307,2.55,2.55,2.55,2.55,2.55,2.55,2.5500000000000003,2.549999999999988,2.549999999999159,2.549999999958828,2.549999998520403,2.5499999609549957,2.5499992421758675,2.5499891532442636,2.549885072800394,2.5490937147021664,2.544640542014707,2.5259659501888874,2.466901678509383,2.3231742294196835,2.0457316818469895
308,2.55,2.55,2.55,2.55,2.55,2.55,2.55,2.5499999999999856,2.549999999999087,2.5499999999558756,2.5499999984320607,2.5499999590443,2.5499992123453845,2.549988817470126,2.5498823512818887,2.549077852950117,2.5445741586748545,2.525766612015975,2.4664720657493806,2.3225105498980745,2.045007876197161
309,2.55,2.55,2.55,2.55,2.55,2.55,2.55,2.5499999999999843,2.5499999999990113,2.5499999999527314,2.5499999983390422,2.5499999570528153,2.549999181534731,2.549988473434663,2.549879582153188,2.549061808683721,2.544507335408656,2.5255667060700295,2.466042384185197,2.3218478394851845,2.044285530103305
310,2.55,2.55,2.55,2.55,2.55,2.55,2.55,2.5499999999999834,2.5499999999989273,2.549999999949385,2.549999998241138,2.549999954977691,2.549999149718547,2.5499881209922672,2.549876764915951,2.549045581113363,2.5444400726365366,2.5253662358079683,2.4656126372423746,2.321186095192139,2.0435646363229445
311,2.55,2.55,2.55,2.55,2.55,2.55,2.5499999999999994,2.549999999999982,2.549999999998837,2.5499999999458254,2.549999998138123,2.549999952816001,2.5499991168710188,2.549987759995985,2.549873899071376,2.5490291694570693,2.5443723707915984,2.5251652046719477,2.465182828306572,2.320525314041682,2.0428451876785103
312,2.55,2.55,2.55,2.55,2.55,2.55,2.549999999999999,2.5499999999999794,2.5499999999987417,2.54999999994204,2.549999998029765,2.54999995056474,2.549999082965875,2.5499873902975154,2.5498709841202087,2.5490125729404944,2.5443042303195718,2.5249636160893703,2.4647529607236853,2.31986549306815,2.042127177056737
313,2.55,2.55,2.55,2.55,2.55,2.55,2.55,2.5499999999999776,2.5499999999986387,2.5499999999380156,2.549999997915828,2.5499999482208193,2.549999047976377,2.5499870117472176,2.5498680195628154,2.5489957907969623,2.544235651678548,2.5247614734727604,2.4643230378004786,2.3192066293175224,2.0414105974049406
314,2.55,2.55,2.55,2.55,2.55,2.55,2.55,2.549999999999976,2.5499999999985277,2.549999999933739,2.5499999977960615,2.549999945781067,2.5499990118753195,2.5499866241941196,2.54986500489923,2.5489788222674528,2.5441666353387173,2.5245587802197615,2.4638930628052407,2.3185487198473163,2.040695441729398
315,2.55,2.55,2.55,2.55,2.55,2.55,2.549999999999999,2.549999999999973,2.5499999999984078,2.549999999929197,2.549999997670208,2.5499999432422276,2.549998974635028,2.549986227485917,2.54986193962915,2.5489616666005994,2.544097181782397,2.5243555397131394,2.4634630389677175,2.3178917617265875,2.0399817030959397
316,2.55,2.55,2.55,2.55,2.55,2.55,2.5499999999999994,2.5499999999999714,2.5499999999982794,2.549999999924374,2.5499999975380017,2.549999940600961,2.54999893622735,2.5499858214689897,2.549858823252038,2.5489443230526945,2.544027291503563,2.5241517553207093,2.4630329694802593,2.3172357520358156,2.039269374626353
317,2.55,2.55,2.55,2.55,2.55,2.55,2.5499999999999994,2.5499999999999683,2.5499999999981413,2.5499999999192546,2.5499999973991643,2.5499999378538356,2.549998896623659,2.549985405988407,2.5498556552671428,2.5489267908876814,2.543956965007766,2.5239474303953378,2.462602857498032,2.3165806878668245,2.0385584494989395
318,2.55,2.55,2.55,2.55,2.55,2.55,2.5499999999999994,2.549999999999965,2.549999999997993,2.5499999999138234,2.5499999972534093,2.549999934997332,2.549998855794842,2.549984980887935,2.5498524351735483,2.548909069377154,2.5438862028118954,2.523742568274916,2.4621727061395617,2.315926566322728,2.0378489209471575
319,2.55,2.55,2.55,2.55,2.55,2.55,2.549999999999999,2.5499999999999625,2.5499999999978344,2.5499999999080627,2.549999997100441,2.549999932027842,2.549998813711308,2.549984546010031,2.549849162470139,2.5488911578003584,2.543815005444354,2.5235371722823774,2.4617425184863375,2.315273384517981,2.0371407822603866
320,2.55,2.55,2.55,2.55,2.55,2.55,2.549999999999999,2.5499999999999594,2.5499999999976644,2.549999999901955,2.5499999969399507,2.5499999289416624,2.5499987703429734,2.549984101195872,2.549845836655772,2.5488730554441803,2.5437433734442654,2.523331245725611,2.461312297584711,2.314621139578151,2.0364340267802996
321,2.55,2.55,2.55,2.55,2.55,2.55,2.549999999999999,2.549999999999955,2.5499999999974814,2.549999999895483,2.54999999677162,2.5499999257350003,2.5499987256592718,2.549983646285333,2.549842457229142,2.548854761603156,2.5436713073621013,2.5231247918975312,2.460882046444387,2.313969828640096,2.0357286479037633
322,2.55,2.55,2.55,2.55,2.55,2.55,2.5499999999999994,2.54999999999995,2.5499999999972855,2.5499999998886262,2.549999996595119,2.5499999224039636,2.549998679629131,2.549983181117036,2.5498390236890525,2.548836275579444,2.5435988077584386,2.5229178140759663,2.4604517680414055,2.3133194488516393,2.035024639077461
323,2.55,2.55,2.55,2.55,2.55,2.55,2.5499999999999994,2.5499999999999456,2.549999999997076,2.549999999881365,2.5499999964101066,2.5499999189445663,2.5499986322209938,2.549982705528308,2.5498355355341795,2.5488175966828486,2.5435258752050403,2.5227103155237516,2.4600214653155534,2.312669997371847,2.0343219938025086
324,2.55,2.55,2.55,2.55,2.55,2.55,2.5499999999999994,2.5499999999999408,2.549999999996852,2.5499999998736773,2.5499999962162305,2.5499999153527195,2.549998583402789,2.549982219355248,2.5498319922634334,2.548798724230767,2.543452510283231,2.522502299488624,2.4595911411742506,2.31202147137066,2.0336207056280116
325,2.55,2.55,2.55,2.55,2.55,2.55,2.5499999999999985,2.549999999999936,2.5499999999966123,2.5499999998655425,2.5499999960131268,2.5499999116242407,2.5499985331419572,2.5499817224326646,2.549828393375631,2.548779657548242,2.54337871358536,2.522293769203308,2.4591607984890502,2.3113738680292113,2.032920768156731
326,2.55,2.55,2.55,2.55,2.55,2.55,2.549999999999998,2.5499999999999305,2.5499999999963556,2.549999999856936,2.549999995800416,2.5499999077548368,2.5499984814054177,2.549981214594167,2.5498247383699364,2.5487603959678715,2.5433044857128295,2.5220847278854395,2.458730440100325,2.3107271845394477,2.0322221750378944
327,2.55,2.55,2.55,2.55,2.55,2.55,2.5499999999999985,2.5499999999999243,2.5499999999960807,2.549999999847835,2.5499999955777084,2.5499999037401224,2.5499984281595953,2.549980695672082,2.549821026745466,2.548740938829894,2.54322982727786,2.521875178737622,2.4583000688130827,2.310081418104453,2.031524919973485
328,2.55,2.55,2.55,2.55,2.55,2.55,2.5499999999999985,2.549999999999918,2.549999999995787,2.5499999998382132,2.5499999953446,2.5499998995755893,2.5499983733703786,2.5499801654975855,2.549817258001897,2.5487212854820274,2.5431547389007902,2.521665124947403,2.4578696874033583,2.3094365659380114,2.030828996708859
329,2.55,2.55,2.55,2.55,2.55,2.55,2.549999999999998,2.549999999999911,2.5499999999954737,2.5499999998280454,2.549999995100676,2.549999895256643,2.549998317003175,2.5499796239005343,2.5498134316387,2.5487014352796877,2.5430792212134747,2.521454569687275,2.4574392986101707,2.3087926252651303,2.0301343990444627
330,2.55,2.55,2.55,2.55,2.55,2.55,2.549999999999998,2.549999999999903,2.5499999999951393,2.5499999998173037,2.5499999948455065,2.549999890778575,2.5499982590228614,2.5499790707096173,2.549809547155807,2.5486813875857877,2.5430032748563183,2.5212435161146916,2.4570089051425317,2.3081495933215934,2.0294411208256418
331,2.55,2.55,2.55,2.55,2.55,2.55,2.549999999999998,2.5499999999998946,2.549999999994782,2.5499999998059595,2.5499999945786445,2.5499998861365545,2.5499981993937726,2.5499785057523874,2.5498056040537485,2.5486611417706895,2.5429269004776796,2.521031967372084,2.4565785096808455,2.3075074673538722,2.0287491559406114
332,2.55,2.55,2.55,2.55,2.55,2.55,2.549999999999998,2.5499999999998857,2.549999999994401,2.5499999997939837,2.5499999942996343,2.5499998813256637,2.5499981380797676,2.549977928855066,2.549801601832817,2.548640697212476,2.5428500987375693,2.520819926586805,2.4561481148681974,2.306866244619677,2.0280584983331122
333,2.55,2.55,2.55,2.55,2.55,2.55,2.549999999999998,2.5499999999998755,2.5499999999939953,2.549999999781345,2.5499999940080005,2.549999876340848,2.5499980750441362,2.5499773398428283,2.5497975399942665,2.5486200532965344,2.542772870302333,2.520607396871263,2.4557177233228495,2.306225922387175,2.02736914198438
334,2.55,2.55,2.55,2.55,2.55,2.55,2.5499999999999976,2.549999999999865,2.549999999993562,2.5499999997680103,2.5499999937032545,2.549999871176948,2.5499980102496576,2.5499767385396233,2.5497934180395596,2.54859920941583,2.5426952158479916,2.520394381322815,2.4552873376304003,2.305586497935478,2.0266810809244085
335,2.55,2.55,2.55,2.55,2.55,2.55,2.549999999999997,2.5499999999998533,2.5499999999931005,2.549999999753946,2.549999993384896,2.5499998658287004,2.5499979436586013,2.5499761247681647,2.5497892354703313,2.5485781649709143,2.542617136060406,2.5201808830237673,2.4548569603434,2.304947968554666,2.02599430923251
336,2.55,2.55,2.55,2.55,2.55,2.55,2.5499999999999967,2.5499999999998413,2.5499999999926084,2.5499999997391174,2.5499999930523987,2.54999986029069,2.5499978752326533,2.5499754983502063,2.549784991789464,2.548556919369472,2.542538631630499,2.519966905041662,2.4544265939924914,2.3043103315451043,2.0253088210216257
337,2.55,2.55,2.55,2.55,2.55,2.55,2.549999999999997,2.5499999999998284,2.549999999992084,2.5499999997234886,2.5499999927052315,2.549999854557418,2.5499978049330188,2.5499748591061513,2.549780686499584,2.548535472026981,2.542459703260936,2.519752450428827,2.4539962410708567,2.3036735842183944,2.02462461046012
338,2.55,2.55,2.55,2.55,2.55,2.55,2.549999999999997,2.549999999999814,2.549999999991526,2.5499999997070213,2.5499999923428405,2.54999984862325,2.5499977327203442,2.549974206855355,2.5497763191042018,2.548513822366184,2.542380351661061,2.5195375222227687,2.453565904045981,2.303037723896649,2.023941671755391
339,2.55,2.55,2.55,2.55,2.55,2.55,2.5499999999999967,2.549999999999799,2.549999999990933,2.5499999996896747,2.549999991964653,2.549999842482416,2.549997658554717,2.5499735414161258,2.549771889107698,2.548491969817077,2.5423005775469534,2.5193221234462047,2.4531355853595023,2.302402747912496,2.023259999154143
340,2.55,2.55,2.55,2.55,2.55,2.55,2.5499999999999963,2.549999999999783,2.5499999999903014,2.5499999996714084,2.5499999915700866,2.5499998361290492,2.5499975823957235,2.549972862605494,2.549767396014508,2.5484699138173474,2.5422203816450564,2.519106257106667,2.452705287418842,2.3017686536096114,2.022579586953848
341,2.55,2.55,2.55,2.55,2.55,2.55,2.5499999999999954,2.5499999999997653,2.5499999999896303,2.54999999965218,2.549999991158529,2.549999829557117,2.5499975042023584,2.5499721702396183,2.5497628393304996,2.54844765381157,2.5421397646860595,2.5188899261972915,2.4522750126112722,2.301135438341767,2.021900429483564
342,2.55,2.55,2.55,2.55,2.55,2.55,2.5499999999999954,2.5499999999997462,2.5499999999889167,2.5499999996319436,2.54999999072936,2.5499998227604874,2.5499974239331062,2.5499714641333955,2.549758218561686,2.5484251892519967,2.5420587274106143,2.5186731336960086,2.4518447632908,2.3005030994737523,2.021222521121769
343,2.55,2.55,2.55,2.55,2.55,2.55,2.549999999999995,2.5499999999997263,2.5499999999881586,2.549999999610655,2.5499999902819415,2.5499998157329142,2.5499973415459216,2.5499707441005537,2.5497535332145222,2.5484025195983664,2.541977270568,2.5184558825657386,2.4514145417812174,2.2998716343811556,2.0205458562922165
344,2.55,2.55,2.55,2.55,2.55,2.55,2.549999999999995,2.549999999999704,2.5499999999873535,2.5499999995882647,2.5499999898156127,2.5499998084680024,2.549997256998191,2.5499700099538507,2.549748782796549,2.5483796443174946,2.5418953949132934,2.5182381757548358,2.450984350382602,2.299241040449883,2.0198704294551155
345,2.55,2.55,2.55,2.55,2.55,2.55,2.5499999999999945,2.5499999999996805,2.549999999986498,2.5499999995647227,2.549999989329684,2.549999800959181,2.5499971702466966,2.549969261505256,2.5497439668169637,2.5483565628828844,2.5418131012048195,2.5180200161975264,2.4505541913771314,2.2986113150757013,2.01919623509924
346,2.55,2.55,2.55,2.55,2.55,2.55,2.5499999999999936,2.5499999999996557,2.5499999999855905,2.549999999539977,2.5499999888234646,2.5499997931998224,2.549997081247763,2.549968498565198,2.549739084784235,2.548333274776315,2.5417303902147337,2.5178014068121466,2.450124067004875,2.2979824556661006,2.018523267774774
347,2.55,2.55,2.55,2.55,2.55,2.55,2.5499999999999927,2.5499999999996295,2.549999999984627,2.549999999513976,2.5499999882962383,2.549999785183147,2.54999698995714,2.549967720943169,2.5497341362080266,2.5483097794865626,2.541647262720498,2.5175823505025625,2.4496939794832984,2.297354459638794,2.0178515220668505
348,2.55,2.55,2.55,2.55,2.55,2.55,2.5499999999999923,2.549999999999601,2.549999999983605,2.5499999994866607,2.549999987747253,2.549999776902169,2.5499968963299464,2.549966928448063,2.5497291206001673,2.5482860765086532,2.5415637195005516,2.5173628501590626,2.4492639310171147,2.2967273244208593,2.017180992582256
349,2.55,2.55,2.55,2.55,2.55,2.55,2.5499999999999914,2.54999999999957,2.5499999999825214,2.5499999994579734,2.5499999871757493,2.5499997683498226,2.5499968003208093,2.5499661208873783,2.549724037472275,2.548262165345606,2.541479761344884,2.5171429086563175,2.4488339237741803,2.296101047450756,2.016511673982019
350,2.55,2.55,2.55,2.55,2.55,2.5499999999999994,2.549999999999991,2.549999999999537,2.549999999981373,2.5499999994278557,2.5499999865809504,2.5499997595189154,2.549996701883812,2.549965298067514,2.54971888633664,2.548238045507785,2.5413953890510994,2.5169225288541424,2.4484039598944642,2.2954756261775735,2.0158435609692837
351,2.55,2.55,2.55,2.55,2.55,2.5499999999999994,2.5499999999999905,2.5499999999995016,2.5499999999801566,2.549999999396244,2.54999998596205,2.549999750402085,2.54999660097245,2.549964459794048,2.5497136667070213,2.54821371651227,2.541310603420879,2.5167017135982586,2.447974041498097,2.2948510580603125,2.0151766482784645
352,2.55,2.55,2.55,2.55,2.55,2.5499999999999994,2.54999999999999,2.5499999999994634,2.549999999978868,2.5499999993630733,2.5499999853182067,2.5499997409917787,2.549996497539612,2.5499636058718833,2.5497083780990404,2.548189177882506,2.541225405258218,2.516480465720746,2.4475441706893553,2.2942273405674842,2.0145109306699065
353,2.55,2.55,2.55,2.55,2.55,2.5499999999999994,2.5499999999999887,2.549999999999423,2.549999999977503,2.549999999328277,2.5499999846485806,2.5499997312803835,2.5499963915377077,2.5499627361043773,2.5497030200277586,2.548164429150325,2.5411397953802255,2.5162587880375153,2.447114349532163,2.293604471179421,2.0138464029628156
354,2.55,2.55,2.55,2.55,2.55,2.5499999999999994,2.5499999999999874,2.5499999999993794,2.549999999976058,2.549999999291787,2.549999983952301,2.5499997212601175,2.5499962829185607,2.5499618502940624,2.5496975920096867,2.548139469854272,2.54105377460817,2.516036683350403,2.4466845800704022,2.2929824473863594,2.013183060007955
355,2.55,2.55,2.55,2.55,2.55,2.5499999999999994,2.549999999999986,2.549999999999333,2.549999999974529,2.549999999253527,2.5499999832284566,2.5499997109229824,2.5499961716333766,2.5499609482429793,2.549692093563575,2.5481142995387747,2.5409673437639206,2.5158141544482944,2.446254864335922,2.2923612666875206,2.0125208966769867
356,2.55,2.55,2.55,2.55,2.55,2.55,2.549999999999985,2.5499999999992835,2.5499999999729117,2.549999999213425,2.549999982476129,2.5499997002608947,2.549996057632846,2.5499600297517873,2.5496865242081643,2.548088917756307,2.5408805036800297,2.515591204104272,2.4458252043257827,2.291740926593539,2.0118599078928803
357,2.55,2.55,2.55,2.55,2.55,2.55,2.5499999999999843,2.549999999999231,2.5499999999712015,2.5499999991714035,2.549999981694377,2.5499996892656234,2.5499959408670976,2.5499590946201733,2.5496808834632203,2.5480633240663932,2.5407932551951005,2.5153678350769226,2.445395602012706,2.2911214246253473,2.0112000886159493
358,2.55,2.55,2.55,2.55,2.55,2.55,2.5499999999999834,2.549999999999175,2.5499999999693936,2.549999999127383,2.5499999808822307,2.5499996779287737,2.549995821285684,2.5499581426469855,2.5496751708498584,2.5480375180352812,2.5407055991523158,2.515144050110786,2.4449660593483933,2.290502758313804,2.0105414338394225
359,2.55,2.55,2.55,2.55,2.55,2.55,2.549999999999982,2.549999999999115,2.5499999999674827,2.54999999908128,2.549999980038684,2.5499996662417574,2.549995698837564,2.54995717363041,2.549669385890965,2.54801149923549,2.5406175363975527,2.5149198519369644,2.444536578267771,2.2898849251991886,2.009883938583786
360,2.55,2.55,2.55,2.55,2.55,2.5499999999999994,2.5499999999999794,2.5499999999990504,2.5499999999654643,2.5499999990330084,2.5499999791627115,2.549999654195852,2.5499955734711404,2.5499561873675978,2.5496635281102917,2.5479852672467467,2.54052906778345,2.51469524327186,2.4441071606798266,2.2892679228322543,2.00922759796749
361,2.55,2.55,2.55,2.55,2.55,2.55,2.549999999999978,2.549999999998982,2.549999999963331,2.549999998982478,2.549999978253259,2.5499996417821738,2.549995445134249,2.54995518365484,2.5496575970328466,2.5479588216555262,2.54044019416763,2.5144702268178163,2.4436778084716066,2.2886517487737117,2.0085724113223242
362,2.55,2.55,2.55,2.55,2.55,2.55,2.5499999999999763,2.5499999999989083,2.54999999996108,2.5499999989295965,2.5499999773092488,2.5499996289916878,2.5499953137741582,2.549954162287473,2.549651592184704,2.5479321620553224,2.540350916413594,2.5142448052627193,2.4432485235061807,2.2880364005945393,2.007918373253336
363,2.55,2.55,2.55,2.55,2.55,2.5499999999999994,2.5499999999999745,2.549999999998831,2.5499999999587026,2.5499999988742714,2.549999976329574,2.5499996158151905,2.5499951793375644,2.5499531230600256,2.54964551309335,2.5479052880462647,2.5402612353891625,2.5140189812805276,2.442819307626177,2.287421875875547,2.0072654775074796
364,2.55,2.55,2.55,2.55,2.55,2.5500000000000003,2.5499999999999723,2.5499999999987475,2.5499999999561953,2.5499999988164026,2.549999975313099,2.5499996022433096,2.5499950417705666,2.5499520657661487,2.549639359287605,2.5478781992354387,2.540171151967146,2.5137927575306858,2.4423901626519027,2.2868081722078197,2.0066137188468454
365,2.55,2.55,2.55,2.55,2.55,2.55,2.54999999999997,2.5499999999986596,2.549999999953549,2.5499999987558875,2.549999974258657,2.5499995882665116,2.549994901018714,2.549950990198689,2.5496331302975848,2.547850895236417,2.540080667024855,2.5135661366590716,2.4419610903831424,2.286195287192048,2.005963092222785
366,2.55,2.55,2.55,2.55,2.55,2.549999999999999,2.549999999999967,2.5499999999985654,2.5499999999507583,2.549999998692623,2.5499999731650584,2.549999573875107,2.5499947570270187,2.549949896149725,2.549626825654669,2.5478233756689823,2.539989781443845,2.513339121298555,2.4415320926001174,2.285583218438158,2.0053135927094887
367,2.55,2.55,2.55,2.55,2.55,2.549999999999999,2.549999999999965,2.5499999999984655,2.5499999999478162,2.549999998626499,2.5499999720310793,2.5499995590592315,2.5499946097398927,2.549948783410489,2.549620444891673,2.5477956401598503,2.5398984961103377,2.5131117140674686,2.44110317106133,2.284971963566469,2.0046652154751428
368,2.55,2.55,2.55,2.55,2.55,2.549999999999999,2.549999999999962,2.5499999999983594,2.5499999999447147,2.5499999985574027,2.5499999708554575,2.5499995438088017,2.5499944591010197,2.5499476517712036,2.5496139875431925,2.547767688344108,2.5398068119160557,2.512883917566555,2.4406743274992726,2.2843615202100658,2.0040179557600832
369,2.55,2.55,2.55,2.55,2.55,2.549999999999999,2.549999999999959,2.549999999998246,2.549999999941447,2.5499999984852186,2.5499999696369167,2.549999528113651,2.549994305053807,2.5499465010217146,2.5496074531445205,2.547739519860002,2.539714729754734,2.512655734389901,2.440245563636722,2.2837518860069763,2.0033718088258117
370,2.55,2.55,2.55,2.55,2.55,2.5499999999999994,2.549999999999956,2.5499999999981258,2.549999999938005,2.549999998409828,2.54999996837414,2.5499995119634047,2.549994147540963,2.549945330950925,2.5496008412326896,2.547711134353726,2.5396222505251926,2.5124271671148612,2.4398168811719767,2.2831430586076027,2.0027267699927527
371,2.55,2.55,2.55,2.55,2.55,2.5499999999999994,2.5499999999999523,2.549999999997998,2.5499999999343803,2.549999998331106,2.5499999670657756,2.54999949534747,2.5499939865044876,2.549944141346798,2.5495941513465348,2.5476825314794773,2.5395293751312336,2.5121982183018914,2.439388281778897,2.282535035675029,2.002082834634119
372,2.55,2.55,2.55,2.55,2.55,2.549999999999999,2.5499999999999488,2.5499999999978615,2.549999999930564,2.5499999982489254,2.549999965710452,2.549999478255174,2.5499938218861193,2.549942931996962,2.5495873830255844,2.5476537108943895,2.539436104478399,2.511968890505231,2.438959767122517,2.2819278148770366,2.001439998139044
373,2.55,2.55,2.55,2.55,2.55,2.5499999999999985,2.5499999999999448,2.5499999999977168,2.549999999926547,2.5499999981631536,2.549999964306747,2.5499994606755516,2.549993653626653,2.5499417026878204,2.5495805358118155,2.5476246722662044,2.5393424394786797,2.511739186256684,2.438531338835716,2.281321393898228,2.000798255961405
374,2.55,2.55,2.55,2.55,2.55,2.5499999999999985,2.5499999999999403,2.5499999999975635,2.5499999999223206,2.5499999980736567,2.549999962853217,2.5499994425975405,2.549993481666576,2.549940453205415,2.54957360924805,2.5475954152659828,2.5392483810458675,2.5115091080809724,2.4381029985416434,2.2807157704284764,2.00015760356934
375,2.55,2.55,2.55,2.55,2.55,2.549999999999999,2.549999999999935,2.5499999999974015,2.549999999917875,2.549999997980294,2.549999961348381,2.549999424009867,2.549993305945697,2.5499391833349048,2.5495666028788833,2.5475659395724435,2.5391539300983883,2.5112786584866207,2.4376747478402687,2.2801109421697396,1.9995180364781215
376,2.55,2.55,2.55,2.55,2.55,2.549999999999999,2.5499999999999305,2.5499999999972287,2.5499999999132,2.5499999978829195,2.54999995979072,2.5499994049010652,2.549993126403234,2.549937892860773,2.549559516250587,2.547536244870673,2.539059087557981,2.5110478399685197,2.4372465883130947,2.2795069068338725,1.998879550229933
377,2.55,2.55,2.55,2.55,2.55,2.5499999999999985,2.549999999999926,2.549999999997045,2.5499999999082843,2.5499999977813848,2.5499999581786827,2.549999385259496,2.5499929429778443,2.5499365815667785,2.549552348910892,2.547506330852049,2.5389638543501913,2.5108166550082514,2.436818521522581,2.278903662142657,1.9982421404059256
378,2.55,2.55,2.55,2.55,2.55,2.549999999999998,2.5499999999999203,2.5499999999968503,2.5499999999031178,2.549999997675535,2.5499999565106792,2.549999365073328,2.549992755607618,2.549935249236076,2.549545100409226,2.5474761972139537,2.5388682314033844,2.5105851060744513,2.4363905490142175,2.2783012058268346,1.997605802611069
379,2.55,2.55,2.55,2.55,2.55,2.549999999999998,2.549999999999914,2.5499999999966447,2.5499999998976888,2.549999997565212,2.5499999547850853,2.5499993443305473,2.5499925642300623,2.549933895651081,2.549537770296554,2.547445843660272,2.538772219649779,2.5103531956219727,2.4359626723139307,2.277699535627445,1.9969705324880953
380,2.55,2.55,2.55,2.55,2.55,2.5499999999999976,2.549999999999907,2.5499999999964262,2.5499999998919853,2.5499999974502514,2.5499999530002393,2.5499993230189504,2.5499923687821378,2.549932520593659,2.549530358125525,2.5474152699006054,2.538675820024099,2.5101209260932875,2.43553489293174,2.2770986492937997,1.996336325704179
381,2.55,2.55,2.55,2.55,2.55,2.5499999999999976,2.5499999999999,2.549999999996194,2.5499999998859955,2.5499999973304863,2.5499999511544424,2.5499993011261486,2.5499921692002174,2.549931123844955,2.5495228634503757,2.5473844756510218,2.538579033464748,2.5098882999171113,2.435107212358432,2.276498544585396,1.9957031779609997
382,2.55,2.55,2.55,2.55,2.55,2.5499999999999976,2.5499999999998924,2.5499999999959493,2.5499999998797067,2.5499999972057426,2.549999949245956,2.549999278639556,2.549991965420117,2.5499297051855656,2.5495152858270873,2.547353460633403,2.538481860912606,2.5096553195095295,2.434679632068689,2.2758992192701872,1.995071084986822
383,2.55,2.55,2.55,2.55,2.55,2.5499999999999976,2.5499999999998844,2.54999999999569,2.5499999998731053,2.5499999970758416,2.549999947273004,2.549999255546397,2.5499917573770756,2.549928264395433,2.5495076248132844,2.547322224575838,2.5383843033117746,2.5094219872733325,2.4342521535191834,2.275300671125719,1.9944400425407602
384,2.55,2.55,2.55,2.55,2.55,2.549999999999997,2.549999999999876,2.549999999995415,2.5499999998661775,2.5499999969405978,2.549999945233766,2.5499992318336906,2.5499915450057595,2.5499268012539824,2.54949987996845,2.5472907672122673,2.538286361608601,2.509188305598503,2.433824778150696,2.2747028979382113,1.993810046408098
385,2.55,2.55,2.55,2.55,2.55,2.549999999999997,2.549999999999867,2.5499999999951246,2.5499999998589096,2.549999996799823,2.549999943126391,2.549999207488285,2.5499913282402735,2.549925315539879,2.5494920508534737,2.5472590882829946,2.5381880367534255,2.508954276861635,2.4333975073846084,2.274105897503702,1.993181092408314
386,2.55,2.55,2.55,2.55,2.55,2.5499999999999967,2.549999999999858,2.5499999999948173,2.5499999998512854,2.5499999966533227,2.5499999409489864,2.5499991824968293,2.549991107014151,2.54992380703123,2.549484137031033,2.5472271875342645,2.538089329699125,2.5087199034264085,2.4329703426258127,2.2735096676271485,1.9925531763884117
387,2.55,2.55,2.55,2.55,2.55,2.5499999999999963,2.549999999999848,2.5499999999944922,2.549999999843291,2.549999996500893,2.5499999386996013,2.5499991568457245,2.5499908812603578,2.5499222755059074,2.5494761380660935,2.5471950647174286,2.5379902413988655,2.508485187644733,2.4325432852675855,2.2729142061209737,1.9919262942120715
388,2.55,2.55,2.55,2.55,2.55,2.5499999999999963,2.5499999999998373,2.5499999999941485,2.54999999983491,2.549999996342329,2.549999936376267,2.5499991305212366,2.5499906509112886,2.549920720740779,2.5494680535246768,2.5471627195908835,2.5378907728114943,2.508250131854146,2.4321163366800334,2.272319510808528,1.991300441785464
389,2.55,2.55,2.55,2.55,2.55,2.5499999999999963,2.5499999999998253,2.5499999999937852,2.5499999998261265,2.5499999961774202,2.5499999339769674,2.5499991035094176,2.54999041589877,2.5499191425122465,2.549459882974724,2.5471301519187097,2.537790924897754,2.5080147383796407,2.431689498218202,2.271725579521661,1.9906756150391371
390,2.55,2.55,2.55,2.55,2.5499999999999994,2.5499999999999963,2.549999999999813,2.549999999993402,2.549999999816922,2.549999996005945,2.5499999314996247,2.549999075796071,2.5499901761540813,2.549917540596555,2.549451625986487,2.5470973614697536,2.537690698618252,2.507779009535053,2.431262771226772,2.271132410099365,1.9900518099193292
391,2.55,2.55,2.55,2.55,2.5499999999999994,2.549999999999996,2.5499999999997995,2.549999999992996,2.5499999998072793,2.5499999958276782,2.5499999289421322,2.549999047366835,2.549989931607922,2.549915914769119,2.5494432821316093,2.547064348019542,2.5375900949379835,2.507542947620254,2.4308361570298445,2.2705400003907554,1.9894290224080196
392,2.55,2.55,2.55,2.55,2.549999999999999,2.549999999999995,2.549999999999785,2.5499999999925675,2.5499999997971803,2.5499999956423913,2.5499999263023465,2.549999018207154,2.5499896821904207,2.549914264804748,2.5494348509834306,2.547031111349647,2.5374891148248273,2.5073065549220814,2.43040965693433,2.2699483482540836,1.9888072485162736
393,2.55,2.55,2.55,2.55,2.549999999999999,2.549999999999994,2.5499999999997693,2.549999999992115,2.549999999786606,2.5499999954498445,2.5499999235780644,2.549998988302235,2.5499894278311652,2.5499125904780273,2.5494263321174655,2.5469976512465475,2.537387759247059,2.507069833716048,2.429983272235689,2.2693574515551926,1.9881864842741035
394,2.55,2.55,2.55,2.55,2.5499999999999994,2.5499999999999936,2.549999999999753,2.5499999999916376,2.549999999775536,2.5499999952497916,2.549999920767035,2.5499989576370723,2.549989168459189,2.54991089156312,2.5494177251111556,2.5469639675022173,2.5372860291746306,2.5068327862654676,2.4295570042149772,2.2687673081683117,1.9875667257356988
395,2.55,2.55,2.55,2.55,2.55,2.549999999999993,2.549999999999736,2.549999999991134,2.5499999997639504,2.5499999950419836,2.5499999178669794,2.5499989261964884,2.549988904002933,2.549909167833357,2.549409029543377,2.5469300599153675,2.53718392558182,2.506595414819556,2.429130854132693,2.268177915977652,1.9869479689897815
396,2.55,2.55,2.55,2.55,2.5500000000000003,2.5499999999999927,2.5499999999997187,2.5499999999906033,2.5499999997518277,2.549999994826162,2.549999914875562,2.549998893965078,2.5499886343902984,2.549907419061799,2.549400244995101,2.546895928289741,2.5370814494436478,2.5063577216160335,2.4287048232371102,2.267589272875314,1.9863302101458686
397,2.55,2.55,2.55,2.55,2.5500000000000007,2.5499999999999927,2.5499999999996996,2.5499999999900433,2.549999999739146,2.549999994602059,2.549999911790385,2.549998860927188,2.549988359548664,2.549905645021386,2.5493913710495457,2.546861572433655,2.5369786017350267,2.5061197088818283,2.4282789127662934,2.2670013767609283,1.9857134453315974
398,2.55,2.55,2.55,2.55,2.5500000000000007,2.5499999999999923,2.5499999999996787,2.5499999999894527,2.549999999725882,2.5499999943694043,2.5499999086090273,2.549998827067008,2.5499880794047995,2.5499038454841076,2.549382407291269,2.5468269921625293,2.536875383435784,2.5058813788292023,2.427853123936331,2.2664142255442172,1.985097670710406
399,2.55,2.55,2.55,2.55,2.55,2.5499999999999914,2.5499999999996565,2.5499999999888305,2.5499999997120137,2.549999994127919,2.5499999053290145,2.549998792368502,2.5499877938849322,2.549902020221653,2.549373353306878,2.5467921872969135,2.53677179552674,2.505642733658778,2.427427457950517,2.265827817142997,1.9844828824677354
400,2.55,2.55,2.55,2.55,2.55,2.549999999999991,2.5499999999996334,2.549999999988175,2.549999999697515,2.5499999938773064,2.5499999019477793,2.5499987568153313,2.549987502914837,2.5499001690061225,2.5493642086857458,2.546757157660287,2.5366678389855912,2.5054037755628755,2.427001916008957,2.2652421494812898,1.9838690767970022
401,2.55,2.55,2.55,2.55,2.55,2.5499999999999905,2.549999999999609,2.549999999987484,2.5499999996823615,2.549999993617277,2.549999898462766,2.549998720391064,2.549987206419598,2.5498982916080495,2.549354973017987,2.546721903085133,2.5365635147984165,2.5051645067162713,2.4265764992817105,2.264657220494714,1.9832562499390483
402,2.55,2.55,2.55,2.55,2.55,2.5499999999999896,2.549999999999583,2.549999999986756,2.5499999996665275,2.5499999933475292,2.549999894871352,2.5499986830790147,2.549986904323792,2.549896387797919,2.5493456458960124,2.5466864234082855,2.5364588239508583,2.5049249292832805,2.4261512089293733,2.264073028126354,1.9826443981519053
403,2.55,2.55,2.55,2.55,2.55,2.5499999999999887,2.5499999999995544,2.5499999999859897,2.5499999996499865,2.549999993067755,2.5499998911708652,2.5499986448622876,2.5499865965514372,2.5498944573457702,2.5493362269141207,2.546650718472143,2.5363537674304233,2.50468504541591,2.4257260460977066,2.263489570327837,1.9820335177186883
404,2.55,2.55,2.55,2.55,2.55,2.5499999999999874,2.5499999999995246,2.5499999999851823,2.54999999963271,2.5499999927776305,2.5499998873585565,2.5499986057237134,2.5499862830260733,2.549892500021791,2.549326715669085,2.546614788122841,2.536248346223112,2.504444857256637,2.425301011925512,2.2629068450576697,1.981423604935942
405,2.55,2.55,2.55,2.55,2.5499999999999994,2.5499999999999865,2.549999999999493,2.5499999999843332,2.549999999614668,2.5499999924768213,2.549999883431612,2.549998565645878,2.5499859636707245,2.549890515596058,2.549317111759893,2.546578632211061,2.5361425613149042,2.5042043669371816,2.424876107541154,2.2623248502819755,1.9808146561187852
406,2.55,2.55,2.55,2.55,2.5499999999999994,2.5499999999999856,2.54999999999946,2.54999999998344,2.5499999995958325,2.549999992164999,2.549999879387225,2.5499985246112638,2.5499856384077275,2.5498885038371557,2.5493074147863974,2.546542250596254,2.536036413699569,2.5039635765720742,2.4244513340443348,2.2617435839783395,1.980206667627875
407,2.55,2.55,2.55,2.55,2.5499999999999994,2.5499999999999847,2.5499999999994247,2.5499999999825005,2.549999999576173,2.5499999918418217,2.5499998752225133,2.5499984826020854,2.5499853071589293,2.549886464513752,2.5492976243508574,2.546505643141818,2.5359299043697496,2.5037224882660003,2.424026692526902,2.261163044131416,1.9795996358386232
408,2.55,2.55,2.55,2.55,2.5499999999999994,2.549999999999984,2.5499999999993874,2.5499999999815124,2.549999999555658,2.54999999150694,2.549999870934547,2.5499984396003437,2.5499849698456276,2.5498843973941137,2.549287740057467,2.54646880971657,2.535823034319691,2.5034811041115534,2.423602184066485,2.2605832287342733,1.9789935571506099
409,2.55,2.55,2.55,2.55,2.5499999999999994,2.5499999999999825,2.549999999999348,2.5499999999804737,2.5499999995342524,2.5499999911599733,2.5499998665202512,2.5499983955876533,2.5499846263888064,2.549882302247808,2.5492777615139084,2.5464317501894986,2.5357158045359367,2.5032394261972613,2.4231778097483336,2.260004135783526,1.9783884279556878
410,2.55,2.55,2.55,2.55,2.5499999999999994,2.549999999999981,2.5499999999993057,2.549999999979382,2.549999999511924,2.549999990800558,2.549999861976601,2.549998350545591,2.54998427670865,2.5498801788422156,2.549267688328165,2.546394464440539,2.53560821601642,2.502997456591115,2.4227535706204986,2.2594257632893235,1.977784244703443
411,2.55,2.55,2.55,2.55,2.5499999999999994,2.54999999999998,2.5499999999992613,2.5499999999782355,2.549999999488638,2.5499999904283173,2.5499998573004974,2.5499983044554746,2.5499839207248516,2.549878026944742,2.549257520110541,2.546356952353742,2.535500269758361,2.5027551973510107,2.4223294677222476,2.258848109269016,1.977181003859693
412,2.55,2.55,2.55,2.55,2.55,2.549999999999978,2.549999999999214,2.549999999977031,2.5499999994643594,2.5499999900428634,2.5499998524887815,2.549998257298387,2.5499835583565815,2.549875846322589,2.5492472564734565,2.546319213817972,2.5353919667595055,2.50251265052368,2.4219055020811484,2.2582711717478063,1.976578701910745
413,2.55,2.55,2.55,2.55,2.55,2.549999999999976,2.5499999999991636,2.549999999975766,2.54999999943905,2.5499999896437937,2.5499998475382135,2.5499982090551407,2.549983189522551,2.549873636743126,2.549236897031732,2.5462812487257414,2.5352833080162407,2.5022698181464875,2.42148167471757,2.257694948757667,1.975977335357024
414,2.55,2.55,2.55,2.55,2.55,2.549999999999974,2.5499999999991108,2.5499999999744376,2.5499999994126696,2.5499999892306837,2.5499998424454526,2.5499981597062464,2.549982814141067,2.5498713979742367,2.5492264414028716,2.5462430569721137,2.535174294521784,2.5020267022491054,2.4210579866489694,2.2571194383363316,1.9753769007069462
415,2.55,2.55,2.55,2.55,2.55,2.5499999999999723,2.5499999999990544,2.5499999999730427,2.54999999938518,2.5499999888031244,2.5499998372071953,2.5499981092321424,2.549982432129636,2.549869129781863,2.5492158892050667,2.546204638462426,2.5350649272789667,2.5017833048416698,2.4206344388595706,2.256544638534432,1.9747773945202407
416,2.55,2.55,2.55,2.55,2.5499999999999994,2.5499999999999705,2.5499999999989953,2.5499999999715786,2.5499999993565416,2.549999988360688,2.549999831820043,2.549998057612979,2.549982043405339,2.5498668319323285,2.549205240059083,2.5461659931049874,2.5349552072881463,2.501539627925981,2.4202110323290387,2.255970547408749,1.9741788133669815
417,2.55,2.55,2.55,2.55,2.549999999999999,2.549999999999969,2.5499999999989327,2.549999999970042,2.549999999326712,2.549999987902937,2.5499998262805437,2.5499980048286766,2.549981647884723,2.549864504191671,2.54919449358772,2.546127120813174,2.5348451355506736,2.5012956734922906,2.419787768024251,2.255397163024149,1.9735811538393426
418,2.55,2.55,2.55,2.55,2.549999999999999,2.5499999999999674,2.549999999998866,2.549999999968431,2.5499999992956486,2.549999987429418,2.5499998205851604,2.5499979508588884,2.5499812454838877,2.5498621463261153,2.54918364941616,2.546088021503931,2.5347347130665328,2.501051443521611,2.419364646904949,2.2548244834522024,1.9729844125436389
419,2.55,2.55,2.55,2.55,2.549999999999999,2.5499999999999647,2.549999999998797,2.549999999966741,2.5499999992633042,2.5499999869396626,2.549999814730277,2.549997895683001,2.5499808361184737,2.549859758102021,2.5491727071719255,2.5460486950979453,2.534623940834625,2.500806939985444,2.4189416699230546,2.2542525067713446,1.9723885861012909
420,2.55,2.55,2.55,2.55,2.5499999999999994,2.549999999999963,2.549999999998723,2.549999999964969,2.549999999229633,2.5499999864331944,2.5499998087122377,2.5499978392802007,2.5499804197035516,2.549857339285198,2.549161666484334,2.54600914152178,2.5345128198562668,2.500562164842505,2.4185188380143763,2.2536812310688403,1.9717936712058053
421,2.55,2.55,2.55,2.55,2.549999999999999,2.54999999999996,2.549999999998645,2.5499999999631116,2.549999999194589,2.549999985909532,2.549999802527333,2.5499977816294557,2.549979996153646,2.5498548896410673,2.549150526984643,2.54596936070739,2.534401351134335,2.5003171200394565,2.418096152100605,2.253110654440333,1.9711996673548342
422,2.55,2.55,2.55,2.55,2.549999999999999,2.549999999999957,2.5499999999985614,2.5499999999611656,2.5499999991581213,2.5499999853681787,2.5499997961717837,2.5499977227094845,2.5499795653827917,2.549852408935027,2.549139288306345,2.5459293525909796,2.5342895356713853,2.5000718075126755,2.4176736130937764,2.252540774988791,1.9706065708793774
423,2.55,2.55,2.55,2.55,2.5499999999999985,2.549999999999954,2.5499999999984744,2.549999999959125,2.5499999991201805,2.549999984808628,2.549999789641746,2.5499976624987624,2.549979127304518,2.5498498969323515,2.5491279500850834,2.545889117113332,2.5341773744702034,2.4998262291877085,2.4172512218949116,2.2519715908248408,1.9700143775689167
424,2.55,2.55,2.55,2.55,2.5499999999999985,2.5499999999999505,2.5499999999983824,2.5499999999569893,2.5499999990807143,2.549999984230359,2.5499997829333116,2.549997600975526,2.54997868183187,2.549847353398187,2.549116511958591,2.5458486542197103,2.534064868533838,2.4995803869795314,2.416828979394227,2.25140310006658,1.9694230838359161
425,2.55,2.55,2.55,2.55,2.5499999999999985,2.549999999999948,2.5499999999982856,2.5499999999547507,2.5499999990396693,2.549999983632841,2.5499997760425024,2.5499975381177693,2.5499782288773685,2.549844778097555,2.549104973566803,2.5458079638600557,2.533952018865568,2.4993342827920535,2.4164068864706785,2.2508353008399427,1.9688326862531909
426,2.55,2.55,2.55,2.55,2.549999999999999,2.549999999999944,2.549999999998183,2.5499999999524077,2.5499999989969893,2.5499999830155295,2.549999768965278,2.5499974739032436,2.549977768353057,2.549842170795374,2.54909333455175,2.54576704598871,2.533838826468842,2.49908791851874,2.4159849439926635,2.250268191278274,1.9682431814667924
427,2.55,2.55,2.55,2.55,2.549999999999998,2.5499999999999403,2.549999999998075,2.549999999949953,2.549999998952619,2.5499999823778694,2.5499997616975327,2.549997408309474,2.5499773001705077,2.5498395312564686,2.549081594557489,2.5457259005642365,2.533725292347236,2.4988412960430213,2.4155631528184864,2.249701769522098,1.9676545661719875
428,2.55,2.55,2.55,2.55,2.549999999999998,2.549999999999936,2.549999999997961,2.5499999999473855,2.5499999989064994,2.549999981719292,2.54999975423509,2.5499973413137247,2.5499768242407708,2.549836859245569,2.549069753230378,2.5456845275499407,2.533611417504423,2.4985944172370154,2.4151415137951253,2.2491360337201187,1.9670668371073317
429,2.55,2.55,2.55,2.55,2.5499999999999985,2.5499999999999314,2.549999999997841,2.549999999944699,2.5499999988585706,2.5499999810392153,2.5499997465737048,2.5499972728930245,2.549976340474428,2.5498341545273293,2.5490578102188386,2.5456429269133447,2.5334972029441167,2.498347283962758,2.414720027759525,2.24857098202843,1.9664799910424267
430,2.55,2.55,2.55,2.55,2.5499999999999976,2.5499999999999265,2.549999999997714,2.5499999999418876,2.5499999988087696,2.5499999803370446,2.5499997387090647,2.5499972030241502,2.549975848781554,2.5498314168663367,2.5490457651735334,2.5456010986264967,2.533382649670037,2.4980998980714357,2.414298695537888,2.2480066126111793,1.965894024775819
431,2.55,2.55,2.55,2.55,2.5499999999999976,2.549999999999922,2.5499999999975804,2.549999999938947,2.549999998757033,2.549999979612173,2.5499997306367836,2.549997131683632,2.549975349071748,2.5498286460271244,2.5490336177472703,2.5455590426657344,2.5332677586858536,2.4978522614039047,2.4138775179462577,2.247442923640259,1.9653089351307043
432,2.55,2.55,2.55,2.55,2.549999999999998,2.549999999999918,2.54999999999744,2.5499999999358716,2.549999998703298,2.5499999788639793,2.549999722352408,2.5499970588477594,2.549974841254134,2.549825841774179,2.5490213675950066,2.5455167590116443,2.533152530995149,2.4976043757907758,2.413456495790651,2.2468799132952695,1.9647247189537589
433,2.55,2.55,2.55,2.55,2.5499999999999976,2.5499999999999123,2.5499999999972913,2.549999999932656,2.5499999986474933,2.5499999780918285,2.5499997138514146,2.549996984492572,2.5499743252373612,2.549823003871953,2.5490090143738544,2.5454742476490457,2.5330369676013764,2.4973562430524203,2.4130356298671174,2.246317579763491,1.9641413731142443
434,2.55,2.55,2.55,2.55,2.549999999999997,2.549999999999906,2.549999999997136,2.549999999929295,2.5499999985895516,2.549999977295071,2.549999705129204,2.5499969085938634,2.5499738009296062,2.5498201320848857,2.5489965577431084,2.545431508566955,2.532921069507788,2.497107864998996,2.412614920961858,2.245755921239772,1.96355889450243
435,2.55,2.55,2.55,2.55,2.549999999999997,2.5499999999999,2.549999999996972,2.5499999999257827,2.5499999985294006,2.5499999764730443,2.5499996961811093,2.54999683112718,2.5499732682385745,2.549817226177381,2.548983997364214,2.5453885417586126,2.532804837717508,2.496859243430447,2.4121943698511314,2.2451949359266243,1.9629772800311138
436,2.55,2.55,2.55,2.55,2.5499999999999976,2.549999999999893,2.5499999999967993,2.549999999922113,2.549999998466968,2.5499999756250724,2.549999687002387,2.5499967520678197,2.5499727270715047,2.549814285913859,2.548971332900819,2.5453453472213594,2.532688273233318,2.496610380136637,2.4117739773016567,2.2446346220338755,1.962396526631137
437,2.55,2.55,2.55,2.55,2.5499999999999976,2.549999999999886,2.549999999996617,2.549999999918278,2.5499999984021784,2.549999974750463,2.549999677588223,2.5499966713908315,2.549972177335167,2.54981131105872,2.548958564018729,2.545301924956725,2.532571377057826,2.49636127689726,2.4113537440703134,2.2440749777789257,1.961816631255176
438,2.55,2.55,2.55,2.55,2.549999999999997,2.5499999999998786,2.5499999999964253,2.549999999914273,2.5499999983349535,2.5499999738485095,2.549999667933727,2.5499965890710103,2.5499716189358748,2.5498083013764092,2.548945690385951,2.545258274970241,2.5324541501932054,2.496111935482102,2.4109336709047335,2.243516001386263,1.9612375908727055
439,2.55,2.55,2.55,2.55,2.5499999999999963,2.549999999999871,2.549999999996224,2.5499999999100904,2.549999998265214,2.549999972918491,2.5499996580339346,2.5499965050829037,2.549971051779479,2.5498052566313754,2.5489327116726654,2.5452143972715473,2.532336593641347,2.495862357650892,2.4105137585429546,2.242957691087748,1.9606594024735058
440,2.55,2.55,2.55,2.5499999999999994,2.549999999999996,2.5499999999998626,2.549999999996013,2.5499999999057237,2.549999998192879,2.549999971959671,2.549999647883803,2.5499964194008093,2.5499704757713793,2.5498021765881176,2.5489196275512436,2.5451702918742516,2.5322187084036867,2.4956125451535196,2.4100940077138566,2.2424000451222565,1.9600820630647322
441,2.55,2.55,2.55,2.549999999999999,2.5499999999999954,2.5499999999998537,2.549999999995791,2.549999999901165,2.5499999981178645,2.5499999709712973,2.5499996374782157,2.5499963319987704,2.5499698908165227,2.549799061011179,2.548906437696243,2.5451259587959383,2.5321004954812287,2.4953624997300206,2.4096744191371195,2.2418430617357434,1.9595055696720758
442,2.55,2.55,2.55,2.5499999999999994,2.5499999999999954,2.5499999999998444,2.5499999999955576,2.5499999998964085,2.549999998040084,2.549999969952601,2.54999962681198,2.5499962428505802,2.5499692968194045,2.549795909665148,2.5488931417844083,2.545081398058172,2.531981955874546,2.495112223110568,2.4092549935232133,2.2412867391812337,1.9589299193392982
443,2.55,2.55,2.55,2.5499999999999994,2.549999999999995,2.5499999999998346,2.5499999999953125,2.549999999891445,2.5499999979594485,2.5499999689028,2.5499996158798197,2.549996151929777,2.5499686936840895,2.5497927223147294,2.548879739494684,2.5450366096862536,2.531863090583517,2.4948617170158602,2.4088357315741074,2.2407310757183843,1.9583551091266096
444,2.55,2.55,2.55,2.55,2.5499999999999945,2.5499999999998244,2.5499999999950544,2.5499999998862664,2.5499999978758674,2.549999967821094,2.54999960467639,2.5499960592096484,2.5499680813141725,2.5497894987246164,2.5488662305081915,2.5449915937096526,2.53174390060779,2.4946109831564365,2.4084166339820183,2.240176069614272,1.9577811361137645
445,2.55,2.55,2.55,2.55,2.549999999999994,2.5499999999998133,2.549999999994783,2.5499999998808653,2.5499999977892474,2.549999966706668,2.5499995931962602,2.5499959646632293,2.549967459612826,2.549786238659638,2.5488526145082555,2.5449463501615104,2.5316243869462522,2.494360023233465,2.4079977014308493,2.239621719142524,1.9572079973964422
446,2.55,2.55,2.55,2.55,2.549999999999994,2.5499999999998018,2.5499999999944984,2.5499999998752325,2.549999997699492,2.549999965558688,2.549999581433919,2.549995868263297,2.549966828482792,2.5497829418847346,2.548838891180398,2.5449008790787198,2.531504550597116,2.4941088389386086,2.407578934595951,2.2390680225834645,1.9566356900868533
447,2.55,2.55,2.55,2.5499999999999994,2.549999999999994,2.5499999999997898,2.549999999994199,2.5499999998693594,2.549999997606504,2.5499999643763056,2.549999569383783,2.5499957699823796,2.5499661878263495,2.549779608164859,2.548825060212322,2.5448551805022657,2.5313843925582815,2.4938574319534967,2.407160334143145,2.2385149782246754,1.95606421131623
448,2.55,2.55,2.55,2.5499999999999994,2.5499999999999936,2.549999999999777,2.549999999993885,2.549999999863237,2.5499999975101817,2.549999963158653,2.549999557040177,2.549995669792745,2.5499655375453982,2.5497762372652306,2.5488111212939497,2.54480925447634,2.5312639138264132,2.4936058039511124,2.4067419007312476,2.237962584359661,1.9554935582287514
449,2.55,2.55,2.55,2.5499999999999994,2.5499999999999927,2.549999999999763,2.5499999999935565,2.5499999998568565,2.549999997410421,2.549999961904847,2.549999544397355,2.5499955676664112,2.5499648775413593,2.549772828951032,2.548797074117379,2.5447631010494054,2.531143115398041,2.49335395659412,2.406323635009044,2.2374108392893977,1.9549237279886522
450,2.55,2.55,2.55,2.5500000000000003,2.549999999999992,2.549999999999748,2.5499999999932115,2.5499999998502076,2.549999997307117,2.549999960613987,2.5499995314494823,2.549995463575138,2.5499642077152607,2.5497693829876673,2.5487829183769155,2.544716720273286,2.53102199826863,2.4931018915363,2.405905537617865,2.2368597413210827,1.9543547177744907
451,2.55,2.55,2.55,2.55,2.549999999999991,2.549999999999733,2.54999999999285,2.5499999998432803,2.54999999720016,2.5499999592851523,2.5499995181906407,2.549995357490427,2.5499635279677144,2.5497658991406906,2.548768653769062,2.5446701122034194,2.530900563432841,2.4928496104221476,2.4054876091908635,2.2363092887684806,1.9537865247807207
452,2.55,2.55,2.55,2.5499999999999994,2.549999999999991,2.5499999999997165,2.5499999999924707,2.5499999998360643,2.5499999970894387,2.5499999579174073,2.5499995046148345,2.549995249383529,2.5499628381988857,2.5497623771757207,2.548754279992514,2.5446232768991575,2.530778811884828,2.4925971148864003,2.405069850352183,2.2357594799522933,1.9532191462193962
453,2.55,2.55,2.55,2.549999999999999,2.5499999999999905,2.5499999999996996,2.549999999992073,2.549999999828549,2.5499999969748375,2.549999956509794,2.549999490715975,2.549995139225433,2.5499621383085778,2.5497588168586733,2.5487397967481686,2.5445762144229493,2.530656744617443,2.4923444065553313,2.4046522617192023,2.235210313199252,1.9526525793159972
454,2.55,2.55,2.55,2.5499999999999994,2.54999999999999,2.5499999999996814,2.549999999991655,2.5499999998207232,2.5499999968562395,2.54999995506134,2.549999476487898,2.5499950269868763,2.5499614281961303,2.5497552179554863,2.5487252037391177,2.5445289248413046,2.5305343626231624,2.492091487045223,2.404234843899905,2.2346617868431315,1.9520868213141012
455,2.55,2.55,2.55,2.5499999999999994,2.549999999999989,2.5499999999996623,2.549999999991217,2.549999999812576,2.549999996733523,2.5499999535710502,2.5499994619243447,2.549994912638333,2.5499607077605306,2.549751580232416,2.548710500670646,2.544481408223754,2.530411666893111,2.4918383579640118,2.4038175974956832,2.2341138992237166,1.9515218694705725
456,2.55,2.55,2.55,2.5499999999999994,2.5499999999999887,2.5499999999996423,2.549999999990759,2.549999999804095,2.5499999966065654,2.549999952037912,2.549999447018975,2.549994796150024,2.5499599769003405,2.54974790345584,2.548695687250236,2.5444336646435346,2.530288658417694,2.4915850209102044,2.4034005230995037,2.233566648687463,1.9509577210586595
457,2.55,2.55,2.55,2.55,2.549999999999988,2.5499999999996215,2.549999999990279,2.5499999997952694,2.5499999964752402,2.5499999504608972,2.5499994317653685,2.549994677491915,2.5499592355136795,2.549744187392222,2.5486807631875705,2.5443856941777327,2.5301653381867335,2.4913314774726514,2.4029836212955256,2.2330200335876325,1.9503943733686369
458,2.55,2.55,2.55,2.55,2.5499999999999865,2.5499999999995993,2.549999999989777,2.549999999786086,2.5499999963394178,2.549999948838955,2.549999416157014,2.549994556633712,2.5499584834983047,2.549740431808313,2.5486657281945204,2.544337496906553,2.530041707188796,2.491077729231708,2.402566892661043,2.232474052283601,1.9498318237045442
459,2.55,2.55,2.55,2.55,2.5499999999999856,2.5499999999995757,2.5499999999892506,2.549999999776532,2.549999996198964,2.5499999471710093,2.5499994001872963,2.5499944335448568,2.549957720751657,2.54973663647127,2.5486505819851395,2.544289072912893,2.529917766410813,2.4908237777599007,2.402150337767595,2.2319287031404604,1.9492700693823266
460,2.55,2.55,2.55,2.55,2.549999999999985,2.549999999999551,2.5499999999886995,2.5499999997665936,2.549999996053743,2.5499999454559745,2.5499993838495394,2.549994308194544,2.54995694717065,2.549732801148113,2.548635324275696,2.5442404222842976,2.529793516839845,2.490569624618839,2.401733957175825,2.231383984530858,1.9487091077384602
461,2.55,2.55,2.55,2.5499999999999994,2.5499999999999843,2.5499999999995238,2.5499999999881227,2.5499999997562584,2.549999995903617,2.5499999436927423,2.5499993671369716,2.5499941805517072,2.549956162651837,2.5497289256061606,2.548619954784646,2.544191545111389,2.5296689594616684,2.490315271361697,2.401317751439606,2.2308398948335184,1.9481489361230284
462,2.55,2.55,2.55,2.5499999999999994,2.5499999999999834,2.549999999999496,2.5499999999875187,2.549999999745511,2.5499999957484403,2.5499999418801726,2.549999350042703,2.549994050585012,2.549955367091551,2.549725009613362,2.5486044732325963,2.5441424414866702,2.529544095259722,2.4900607195351196,2.40090172110914,2.2302964324321373,1.9475895518946527
463,2.55,2.55,2.55,2.5499999999999994,2.5499999999999825,2.549999999999467,2.5499999999868868,2.5499999997343377,2.5499999955880672,2.5499999400171167,2.5499993325597874,2.549993918262876,2.5499545603855642,2.5497210529374637,2.548588879342388,2.5440931115075327,2.5294189252177643,2.4898059706744418,2.400485866723147,2.229753595718176,1.9470309524333558
464,2.55,2.55,2.55,2.5499999999999994,2.549999999999981,2.5499999999994363,2.549999999986226,2.549999999722724,2.5499999954223496,2.5499999381024043,2.5499993146811817,2.549993783553458,2.549953742429299,2.549717055346526,2.5485731728390433,2.5440435552743867,2.5292934503182227,2.48955102630666,2.4000701888137166,2.2292113830891234,1.9464731351325684
465,2.55,2.55,2.55,2.5499999999999994,2.5499999999999803,2.5499999999994047,2.549999999985534,2.5499999997106535,2.5499999952511323,2.5499999361348378,2.549999296399738,2.549993646424651,2.549952913117888,2.5497130166090636,2.5485573534497394,2.543993772890149,2.529167671541772,2.489295887951251,2.3996546879075913,2.2286697929480352,1.9459160973971328
466,2.55,2.55,2.55,2.5499999999999994,2.5499999999999785,2.549999999999371,2.5499999999848115,2.5499999996981115,2.5499999950742582,2.5499999341131967,2.549999277708218,2.549993506844092,2.5499520723460973,2.5497089364938614,2.5485414209038364,2.543943764460915,2.5290415898679055,2.4890405571190994,2.399239364524455,2.228128823704148,1.9453598366460316
467,2.55,2.55,2.55,2.5499999999999994,2.549999999999977,2.5499999999993355,2.5499999999840557,2.549999999685081,2.549999994891567,2.549999932036248,2.549999258599305,2.5499933647791626,2.549951220008223,2.549704814769734,2.548525374932916,2.5438935300968346,2.528915206275672,2.488785035311104,2.3988242191747227,2.227588473773675,1.944804350315913
468,2.55,2.55,2.55,2.5499999999999994,2.5499999999999754,2.5499999999992977,2.549999999983266,2.5499999996715457,2.549999994702895,2.5499999299027314,2.5499992390655843,2.549993220196983,2.5499503559982517,2.5497006512059,2.5485092152707183,2.5438430699107464,2.5287885217425363,2.4885293240203517,2.3984092523629728,2.2270487415785665,1.944249635855644
469,2.55,2.55,2.55,2.5499999999999994,2.5499999999999736,2.549999999999258,2.549999999982441,2.549999999657488,2.5499999945080702,2.5499999277113563,2.549999219099525,2.549993073064412,2.549949480209934,2.5496964455721374,2.5484929416530946,2.5437923840175887,2.5286615372439196,2.488273424733069,2.3979944645893814,2.226509625545981,1.9436956907241323
470,2.55,2.55,2.55,2.5499999999999994,2.549999999999972,2.5499999999992164,2.5499999999815786,2.54999999964289,2.5499999943069227,2.5499999254608214,2.549999198693533,2.549992923348053,2.5499485925364866,2.5496921976381244,2.5484765538181655,2.543741472536853,2.528534253755165,2.4880173389246893,2.3975798563436785,2.2259711241104965,1.9431425123996822
471,2.55,2.55,2.55,2.549999999999999,2.5499999999999705,2.5499999999991725,2.5499999999806775,2.549999999627734,2.5499999940992755,2.5499999231498007,2.5499991778399114,2.549992771014251,2.5499476928708193,2.549687907173938,2.5484600515062037,2.5436903355907257,2.5284066722500502,2.4877610680628295,2.397165428109722,2.225433235712436,1.942590098372914
472,2.55,2.55,2.55,2.549999999999999,2.5499999999999683,2.549999999999126,2.5499999999797365,2.549999999612,2.5499999938849465,2.5499999207769304,2.549999156530837,2.549992616029089,2.5499467811056973,2.5496835739504027,2.5484434344595113,2.5436389733027687,2.528278793699803,2.487504613609413,2.3967511803686383,2.224895958796652,1.9420384461419486
473,2.55,2.55,2.55,2.549999999999999,2.5499999999999665,2.5499999999990774,2.5499999999787533,2.5499999995956695,2.549999993663752,2.5499999183408395,2.5499991347584263,2.549992458358394,2.5499458571333125,2.549679197738171,2.548426702422713,2.5435873858013953,2.5281506190757432,2.4872479770150853,2.3963371135904774,2.2243592918157105,1.9414875532252351
474,2.55,2.55,2.55,2.549999999999999,2.5499999999999643,2.5499999999990264,2.549999999977727,2.5499999995787226,2.5499999934355038,2.5499999158401327,2.5499991125146995,2.5499922979677323,2.5499449208455216,2.549674778308234,2.548409855142592,2.543535573217929,2.528022149347808,2.4869911597223306,2.395923228238872,2.223823233228112,1.9409374171543858
475,2.55,2.55,2.55,2.549999999999999,2.5499999999999625,2.549999999998973,2.5499999999766554,2.549999999561139,2.5499999932000104,2.5499999132733917,2.5499990897915774,2.5499921348224133,2.5499439721338515,2.5496703154319316,2.5483928923680903,2.5434835356865797,2.527893385484532,2.4867341631655133,2.3955095247710974,2.223287781498272,1.9403880354740901
476,2.55,2.55,2.55,2.549999999999999,2.5499999999999603,2.5499999999989167,2.549999999975537,2.5499999995428975,2.5499999929570722,2.549999910639161,2.549999066580862,2.549991968887486,2.5499430108896415,2.549665808881245,2.548375813850199,2.543431273343315,2.5277643284522204,2.486476988772695,2.395096003640738,2.2227529350954667,1.939839405738006
477,2.55,2.55,2.55,2.549999999999999,2.549999999999958,2.5499999999988576,2.54999999997437,2.5499999995239757,2.5499999927064847,2.549999907935958,2.549999042874246,2.549991800127745,2.5499420370039685,2.5496612584286447,2.548358619342013,2.543378786326453,2.5276349792153856,2.4862196379646813,2.3946826652962865,2.2222186924943856,1.9392915255109184
478,2.55,2.55,2.55,2.5499999999999985,2.5499999999999554,2.5499999999987955,2.5499999999731524,2.549999999504352,2.5499999924480443,2.5499999051622977,2.549999018663373,2.5499916285077204,2.549941050367268,2.549656663846301,2.5483413085990145,2.5433260747796536,2.5275053387389557,2.4859621121501982,2.394269510174043,2.2216850521779117,1.9387443923796621
479,2.55,2.55,2.55,2.5499999999999985,2.5499999999999523,2.54999999999873,2.549999999971882,2.549999999484004,2.549999992181542,2.5499999023166615,2.5499989939397714,2.5499914539916873,2.549940050869765,2.5496520249069783,2.5483238813787517,2.543273138848526,2.5273754079857715,2.4857044127313643,2.3938565387061685,2.221152012633965,1.9381980039407345
480,2.55,2.55,2.55,2.549999999999998,2.5499999999999496,2.5499999999986622,2.5499999999705576,2.5499999994629086,2.549999991906763,2.549999899397508,2.549998968694871,2.5499912765436594,2.549939038401345,2.549647341383768,2.548306337440936,2.5432199786816367,2.5272451879173268,2.485446541102063,2.39344375131829,2.2206195723564446,1.9376523578277984
481,2.55,2.55,2.5500000000000003,2.5499999999999985,2.5499999999999465,2.5499999999985916,2.5499999999691765,2.54999999944104,2.549999991623485,2.5499998964032518,2.5499989429199634,2.5499910961274,2.5499380128518334,2.549642613050667,2.548288676547225,2.543166594428308,2.5271146794921666,2.4851884986514916,2.393031148434691,2.2200877298431685,1.9371074590091573
482,2.55,2.55,2.5499999999999994,2.549999999999998,2.5499999999999434,2.549999999998516,2.5499999999677367,2.549999999418374,2.5499999913314806,2.549999893332292,2.5499989166062633,2.5499909127064053,2.549936974110588,2.5496378396817185,2.548270898461527,2.5431129862418826,2.526983883668297,2.4849302867588943,2.3926187304705633,2.2195564835989217,1.9365633039660188
483,2.55,2.55,2.55,2.549999999999998,2.5499999999999394,2.5499999999984366,2.549999999966235,2.549999999394885,2.5499999910305227,2.549999890183002,2.5499988897448844,2.549990726243923,2.5499359220666573,2.5496330210513585,2.548253002949891,2.543059154278423,2.526852801402204,2.4846719067956693,2.392206497835129,2.219025832134236,1.9360198881051867
484,2.55,2.55,2.55,2.549999999999998,2.549999999999936,2.5499999999983545,2.5499999999646707,2.5499999993705473,2.5499999907203734,2.5499998869537293,2.549998862326839,2.5499905367029387,2.5499348566087914,2.549628156934423,2.548234989780476,2.5430050986966255,2.526721433648837,2.484413360125519,2.3917944509318048,2.218495773965299,1.9354772083008953
485,2.55,2.55,2.55,2.5499999999999967,2.5499999999999323,2.549999999998268,2.54999999996304,2.549999999345334,2.549999990400794,2.5499998836427933,2.549998834343033,2.549990344046176,2.5499337776254354,2.549623247106173,2.548216858723631,2.542950819657918,2.5265897813615346,2.4841546481041696,2.3913825901580017,2.217966307614174,1.9349352617784277
486,2.55,2.55,2.5499999999999994,2.5499999999999976,2.5499999999999283,2.5499999999981764,2.5499999999613414,2.549999999319216,2.549999990071539,2.5499998802484884,2.5499988057842775,2.5499901482361214,2.549932685004767,2.5496182913422496,2.5481986095516542,2.542896317326128,2.526457845492189,2.4838957720802903,2.3909709159058514,2.2174374316081624,1.9343940459071012
487,2.55,2.55,2.5500000000000003,2.549999999999997,2.5499999999999234,2.549999999998082,2.5499999999595717,2.5499999992921674,2.549999989732358,2.5499998767690797,2.549998776641272,2.5499899492349867,2.5499315786346517,2.5496132894187467,2.5481802420391015,2.542841591867848,2.5263256269909937,2.483636733394399,2.390559428561399,2.2169091444807525,1.9338535581612644
488,2.55,2.55,2.5499999999999994,2.5499999999999976,2.5499999999999186,2.5499999999979814,2.5499999999577283,2.549999999264157,2.5499999893829948,2.5499998732028066,2.5499987469046186,2.549989747004739,2.5499304584026845,2.5496082411121685,2.548161755962552,2.5427866434521236,2.5261931268065982,2.483377533379732,2.390148128505293,2.216381444771167,1.9333137960739863
489,2.55,2.55,2.55,2.5499999999999963,2.5499999999999146,2.5499999999978766,2.54999999995581,2.5499999992351543,2.5499999890231897,2.5499998695478765,2.5499987165648066,2.549989541507082,2.5499293241961682,2.549603146199468,2.5481431511007577,2.54273147225062,2.5260603458859836,2.4831181733617327,2.3897370161124156,2.215854331024996,1.9327747572262843
490,2.55,2.55,2.549999999999999,2.5499999999999967,2.54999999999991,2.549999999997767,2.549999999953812,2.5499999992051308,2.549999988652675,2.549999865802473,2.5499986856122248,2.5499893327034626,2.5499281759021293,2.549598004458039,2.5481244272345713,2.5426760784375046,2.525927285174489,2.4828586546583447,2.389326091752136,2.215327801794233,1.9322364392327773
491,2.55,2.55,2.549999999999999,2.5499999999999967,2.549999999999904,2.549999999997652,2.549999999951731,2.5499999991740534,2.5499999882711775,2.549999861964748,2.5499986540371533,2.5499891205550735,2.549927013407321,2.5495928156657226,2.5481055841469216,2.5426204621894084,2.5257939456158147,2.482598978580116,2.3889153557884084,2.2148018556373574,1.9316988397365908
492,2.55,2.55,2.5500000000000003,2.5499999999999967,2.5499999999998986,2.549999999997532,2.5499999999495655,2.5499999991418907,2.5499999878784205,2.549999858032825,2.5499986218297694,2.5499889050228566,2.5499258365982307,2.5495875796008107,2.5480866216228235,2.542564623685401,2.5256603281520005,2.4823391464302134,2.3885048085798126,2.2142764911193353,1.9311619564062859
493,2.55,2.55,2.5500000000000003,2.5499999999999963,2.549999999999893,2.549999999997406,2.5499999999473126,2.5499999991086084,2.549999987474121,2.5499998540048,2.54999858898014,2.5499886860675,2.5499246453610804,2.5495822960420584,2.548067539449375,2.5425085631069804,2.5255264337234027,2.4820791595044325,2.3880944504795782,2.213751706811553,1.9306257869331878
494,2.55,2.55,2.55,2.549999999999996,2.5499999999998866,2.549999999997274,2.5499999999449687,2.5499999990741733,2.5499999870579884,2.5499998498787377,2.549998555478229,2.549988463649435,2.549923439581827,2.5495769647686815,2.5480483374157537,2.5424522806380523,2.5253922632686905,2.481819019091235,2.387684281835631,2.21322750129171,1.9300903290297406
495,2.55,2.55,2.549999999999999,2.5499999999999954,2.54999999999988,2.549999999997136,2.5499999999425302,2.54999999903855,2.5499999866297274,2.5499998456526747,2.549998521313889,2.549988237728838,2.549922219146168,2.5495715855603662,2.548029015313219,2.542395776464916,2.5252578177248277,2.481558726471764,2.3872743029906234,2.2127038731437496,1.9295555804272408
496,2.55,2.55,2.549999999999999,2.5499999999999954,2.5499999999998733,2.5499999999969916,2.549999999939993,2.549999999001703,2.549999986189038,2.5499998413246163,2.5499984864768663,2.5499880082656365,2.5499209839395505,2.5495661581972877,2.5480095729350976,2.542339050776194,2.525123098027041,2.4812982829199566,2.386864514282074,2.2121808209574856,1.9290215388714498
497,2.55,2.55,2.5500000000000003,2.5499999999999954,2.5499999999998666,2.5499999999968406,2.549999999937355,2.549999998963595,2.5499999857356133,2.549999836892538,2.549998450956799,2.549987775219504,2.549919733847166,2.5495606824600925,2.547990010076788,2.542282103762876,2.524988105108844,2.4810376897024855,2.3864549160422888,2.2116583433287933,1.9284882021269467
498,2.55,2.55,2.5499999999999994,2.549999999999995,2.5499999999998595,2.5499999999966825,2.5499999999346117,2.549999998924188,2.5499999852691366,2.5499998323543847,2.5499984147432126,2.54998753854986,2.549918468753963,2.5495551581299236,2.5479703265357436,2.5422249356182287,2.5248528399019863,2.480776948078903,2.3860455085985492,2.2111364388591053,1.9279555679712148
499,2.55,2.55,2.549999999999999,2.5499999999999945,2.5499999999998515,2.5499999999965173,2.5499999999317593,2.549999998883444,2.5499999847892907,2.549999827708069,2.5499983778255264,2.549987298215875,2.5499171885446477,2.549549584988423,2.5479505221114715,2.542167546537782,2.524717303336456,2.480516059301661,2.385636292273133,2.210615106155329,1.9274236341969948
500,2.55,2.55,2.55,2.549999999999994,2.549999999999842,2.5499999999963445,2.5499999999287946,2.5499999988413236,2.549999984295749,2.549999822951474,2.5499983401930493,2.549987054176465,2.549915893103684,2.549543962817727,2.547930596605532,2.542109936719347,2.5245814963404816,2.480255024616088,2.385227267383284,2.210094343829967,1.926892398611651
501,2.55,2.55,2.5499999999999994,2.5499999999999936,2.549999999999833,2.549999999996164,2.549999999925713,2.549999998797786,2.549999983788179,2.549999818082452,2.549998301834978,2.549986806390299,2.5499145823153073,2.5495382914004874,2.5479105498215215,2.542052106362918,2.524445419840487,2.479993845260542,2.384818434241414,2.2095741505005906,1.9263618590353861
502,2.55,2.55,2.5499999999999994,2.5499999999999927,2.5499999999998235,2.5499999999959746,2.5499999999225116,2.5499999987527895,2.549999983266242,2.549999813098822,2.5499982627404005,2.549986554815792,2.5499132560635056,2.549532570519846,2.5478903815650953,2.5419940556707954,2.524309074761151,2.4797325224662163,2.3844097931548482,2.209054524790509,1.9258320133036293
503,2.55,2.55,2.549999999999999,2.5499999999999923,2.549999999999814,2.5499999999957774,2.549999999919185,2.549999998706291,2.549999982729591,2.5499998079983697,2.549998222898291,2.549986299411114,2.5499119142320623,2.549526799959496,2.5478700916439125,2.541935784847316,2.5241724620252746,2.479471057457586,2.3840013444263963,2.2085354653274876,1.9253028592616988
504,2.55,2.55,2.5499999999999994,2.5499999999999923,2.549999999999804,2.5499999999955714,2.549999999915729,2.549999998658247,2.549999982177874,2.549999802778851,2.5499981822975144,2.549986040134181,2.5499105567045053,2.549520979503607,2.5478496798677024,2.5418772940991685,2.5240355825539367,2.4792094514518763,2.383593088353677,2.2080169707451973,1.9247743947711762
505,2.55,2.55,2.5499999999999994,2.549999999999992,2.5499999999997933,2.549999999995356,2.5499999999121394,2.549999998608613,2.549999981610732,2.549999797437988,2.549998140926821,2.5499857769426644,2.54990918336418,2.549515108936931,2.5478291460481644,2.5418185836349427,2.523898437266274,2.4789477056598206,2.3831850252300857,2.207499039681401,1.9242466177016562
506,2.55,2.55,2.55,2.549999999999992,2.5499999999997818,2.5499999999951304,2.5499999999084113,2.5499999985573423,2.549999981027799,2.5499997919734727,2.549998098774852,2.549985509793983,2.549907794094177,2.549509188044699,2.54780848999907,2.5417596536655784,2.5237610270796975,2.4786858212849094,2.3827771553438315,2.2069816707796375,1.923719525938504
507,2.55,2.55,2.5500000000000003,2.5499999999999914,2.54999999999977,2.5499999999948955,2.54999999990454,2.5499999985043886,2.549999980428701,2.549999786382958,2.5499980558301303,2.5499852386453137,2.5499063887774085,2.5495032166127287,2.547787711536151,2.541700504403881,2.5236233529096697,2.4784237995242013,2.3823694789789718,2.2064648626876857,1.9231931173758852
508,2.55,2.55,2.55,2.549999999999991,2.5499999999997573,2.5499999999946503,2.549999999900521,2.549999998449704,2.549999979813058,2.5499997806640673,2.54999801208107,2.5499849634535825,2.549904967296553,2.549497194427345,2.5477668104771833,2.5416411360648894,2.523485415669869,2.478161641567705,2.381961996414628,2.205948614058605,1.922667389921409
509,2.55,2.55,2.5499999999999994,2.5499999999999896,2.549999999999744,2.5499999999943945,2.5499999998963494,2.5499999983932384,2.5499999791804817,2.5499997748143883,2.5499979675159676,2.549984684175471,2.5499035295340993,2.5494911212754436,2.5477457866419155,2.5415815488655746,2.5233472162720556,2.4778993485988865,2.3815547079256283,2.2054329235500676,1.9221423414931806
510,2.55,2.55,2.5499999999999994,2.549999999999989,2.5499999999997303,2.5499999999941267,2.5499999998920195,2.549999998334942,2.5499999785305776,2.5499997688314764,2.549997922123008,2.549984400767415,2.549902075372328,2.5494849969444644,2.5477246398521003,2.54152174302497,2.52320875562613,2.4776369217944527,2.38114761378223,2.204917789824596,1.9216179700208462
511,2.55,2.55,2.5499999999999994,2.5499999999999883,2.5499999999997156,2.549999999993848,2.5499999998875262,2.5499999982747625,2.549999977862943,2.549999762712851,2.5499978758902593,2.549984113185606,2.549900604693333,2.5494788212224186,2.5477033699314635,2.5414617187640474,2.5230700346400834,2.477374362324556,2.380740714250374,2.204403211549442,1.9210942734448697
512,2.55,2.55,2.5499999999999994,2.5499999999999874,2.5499999999997005,2.5499999999935565,2.549999999882864,2.5499999982126464,2.5499999771771686,2.5499997564559966,2.549997828805675,2.5499838213859927,2.5498991173790135,2.54947259389788,2.5476819767057113,2.541401476305745,2.522931054220006,2.4771116713527515,2.380334009591633,2.2038891873965762,1.920571249716605
513,2.55,2.55,2.5499999999999994,2.549999999999987,2.5499999999996845,2.549999999993253,2.5499999998780276,2.5499999981485404,2.549999976472837,2.5499997500583667,2.549997780857097,2.549983525324272,2.5498976133110407,2.5494663147599397,2.5476604600025867,2.5413410158751932,2.5227918152701827,2.4768488500356147,2.379927500062741,2.2033757160429976,1.9200488967998666
514,2.55,2.55,2.5499999999999994,2.5499999999999865,2.5499999999996676,2.549999999992936,2.5499999998730107,2.549999998082389,2.5499999757495218,2.549999743517374,2.549997732032246,2.5499832249559082,2.5498960923709526,2.5494599835983296,2.5476388196517172,2.5412803376991233,2.5226523186928493,2.4765858995237346,2.3795211859168104,2.202862796170004,1.9195272126669465
515,2.55,2.55,2.5499999999999994,2.5499999999999856,2.5499999999996503,2.5499999999926057,2.5499999998678073,2.549999998014135,2.54999997500679,2.549999736830397,2.549997682318727,2.5499829202361206,2.549894554440089,2.5494536002033397,2.5476170554847175,2.5412194420062675,2.522512565388357,2.4763228209610446,2.379115067402515,2.202350426463672,1.9190061953012905
516,2.55,2.55,2.549999999999999,2.549999999999985,2.549999999999632,2.549999999992261,2.549999999862411,2.5499999979437207,2.549999974244202,2.549999729994782,2.5499976317040356,2.549982611119878,2.549892999399561,2.549447164365776,2.547595167335241,2.5411583290275446,2.5223725562552466,2.4760596154845076,2.3787091447637008,2.201838605615083,1.9184858426987599
517,2.55,2.5499999999999994,2.549999999999999,2.5499999999999843,2.549999999999613,2.549999999991902,2.5499999998568166,2.5499999978710863,2.5499999734613072,2.5499997230078346,2.54999758017554,2.549982297561921,2.549891427130385,2.549440675877133,2.54757315503876,2.5410969989952563,2.522232292189929,2.4757962842254786,2.3783034182410376,2.2013273323194325,1.9179661528624856
518,2.55,2.5499999999999994,2.549999999999999,2.5499999999999834,2.5499999999995926,2.5499999999915275,2.5499999998510168,2.549999997796171,2.5499999726576488,2.549999715866825,2.5499975277204965,2.5499819795167467,2.54988983751337,2.5494341345294513,2.5475510184327494,2.5410354521437597,2.5220917740869506,2.475532828308563,2.3778978880706427,2.20081660527675,1.9174471238070834
519,2.55,2.5499999999999994,2.5499999999999994,2.5499999999999825,2.5499999999995713,2.5499999999911376,2.5499999998450047,2.5499999977189125,2.549999971832763,2.5499997085689916,2.5499974743260476,2.549981656938602,2.5498882304291137,2.549427540115311,2.5475287573566967,2.5409736887094887,2.5219510028390033,2.4752692488515753,2.3774925544840326,2.2003064231919223,1.9169287535587867
520,2.55,2.5499999999999994,2.5499999999999994,2.5499999999999816,2.5499999999995486,2.549999999990731,2.5499999998387737,2.5499999976392473,2.5499999709861734,2.5499997011115267,2.5499974199792086,2.5499813297815135,2.549886605758141,2.549420892428001,2.5475063716518678,2.540911708930142,2.5218099793366147,2.47500554696693,2.3770874177097623,2.1997967847739517,1.9164110401509395
521,2.55,2.5499999999999994,2.5499999999999994,2.5499999999999803,2.5499999999995255,2.549999999990307,2.549999999832317,2.549999997557111,2.5499999701173985,2.549999693491591,2.5499973646668814,2.549980997999259,2.5498849633807583,2.549414191261347,2.5474838611615502,2.540849513045526,2.521668704468465,2.4747417237601974,2.376682477971733,2.1992876887366872,1.9158939816285003
522,2.55,2.55,2.549999999999999,2.5499999999999785,2.549999999999501,2.549999999989865,2.549999999825627,2.5499999974724363,2.549999969225949,2.5499996857063096,2.549997308375853,2.5499806615453733,2.549883303177089,2.549407436409748,2.547461225730997,2.5407871012973673,2.521527179121316,2.4744777803304308,2.376277735489574,2.198779133798665,1.915377576047042
523,2.55,2.55,2.549999999999999,2.549999999999977,2.549999999999476,2.5499999999894047,2.549999999818696,2.5499999973851555,2.5499999683113233,2.549999677752762,2.5499972510927824,2.549980320373174,2.549881625027197,2.549400627668322,2.5474384652072137,2.5407244739285932,2.5213854041797594,2.474213717771395,2.375873190480042,2.1982711186825803,1.914861821469462
524,2.55,2.55,2.549999999999999,2.549999999999976,2.549999999999449,2.549999999988926,2.549999999811517,2.549999997295198,2.5499999673730134,2.5499996696279954,2.549997192804216,2.5499799744357263,2.549879928810921,2.5493937648327165,2.547415579439241,2.5406616311842813,2.5212433805265464,2.473949537169939,2.375468843155176,2.1977636421159645,1.914346715970227
525,2.55,2.55,2.549999999999999,2.5499999999999745,2.5499999999994207,2.5499999999884277,2.549999999804082,2.549999997202493,2.5499999664105033,2.54999966132902,2.5499971334965816,2.5499796236858607,2.54987821440794,2.5493868476991848,2.5473925682780427,2.54059857331127,2.521101109042452,2.473685239606662,2.375064693723053,2.197256702830915,1.9138322576336595
526,2.55,2.55,2.549999999999999,2.549999999999973,2.549999999999391,2.5499999999879086,2.5499999997963823,2.5499999971069682,2.5499999654232632,2.549999652852795,2.5499970731561747,2.549979268076203,2.5498764816979405,2.549379876064762,2.547369431576215,2.5405353005572553,2.52095859060599,2.473420826157477,2.3746607423894996,2.1967502995634565,1.9133184445502438
527,2.55,2.55,2.549999999999999,2.5499999999999714,2.5499999999993603,2.5499999999873686,2.5499999997884104,2.5499999970085487,2.54999996441076,2.5499996441962556,2.549997011769186,2.54997890755911,2.549874730560293,2.5493728497269212,2.547346169188551,2.540471813172565,2.5208158260939757,2.4731562978905433,2.374256989354731,2.1962444310547893,1.9128052748238675
528,2.55,2.55,2.549999999999999,2.54999999999997,2.549999999999328,2.5499999999868064,2.549999999780157,2.5499999969071587,2.549999963372449,2.5499996353562935,2.5499969493216823,2.5499785420867096,2.5498729608742607,2.5493657684837916,2.547322780971679,2.540408111409026,2.5206728163811647,2.4728916558682252,2.373853434815496,2.1957390960504934,1.912292746567204
529,2.55,2.55,2.549999999999999,2.5499999999999683,2.5499999999992937,2.549999999986221,2.549999999771614,2.549999996802722,2.5499999623077785,2.5499996263297624,2.5499968857996107,2.5499781716109013,2.549871172518981,2.5493586321341466,2.5472992667840866,2.540344195520031,2.52052956234028,2.472626901146975,2.3734500789649444,2.1952342933005715,1.911780857902003
530,2.55,2.55,2.5499999999999994,2.549999999999967,2.549999999999258,2.5499999999856127,2.5499999997627723,2.5499999966951563,2.5499999612161797,2.549999617113458,2.5499968211887776,2.5499777960834,2.5498693653736715,2.5493514404776167,2.5472756264857526,2.5402800657594296,2.5203860648416687,2.472362034779262,2.373046921994708,2.1947300215586205,1.9112696069546204
531,2.55,2.55,2.549999999999999,2.549999999999965,2.5499999999992213,2.5499999999849794,2.549999999753622,2.5499999965843823,2.5499999600970824,2.54999960770416,2.549996755474895,2.549977415455624,2.549867539317128,2.54934419331416,2.547251859939054,2.54021572238429,2.5202423247541494,2.4720970578087784,2.3726439640897277,2.194226279583886,1.9107589918671262
532,2.55,2.5499999999999994,2.549999999999999,2.549999999999963,2.5499999999991827,2.549999999984321,2.549999999744154,2.5499999964703175,2.549999958949906,2.549999598098602,2.5499966886435446,2.5499770296787805,2.549865694228107,2.5493368904444615,2.5472279670080775,2.5401511656528,2.5200983429443697,2.4718319712740766,2.37224120543218,2.193723066139702,1.9102490107888728
533,2.55,2.549999999999999,2.549999999999999,2.5499999999999607,2.5499999999991427,2.549999999983636,2.549999999734358,2.5499999963528768,2.549999957774057,2.5499995882934714,2.5499966206801834,2.549976638703861,2.5498638299852954,2.5493295316699083,2.5472039475586645,2.540086395824414,2.5199541202768567,2.471566776208326,2.3718386462011996,2.1932203799935888,1.9097396618771296
534,2.55,2.549999999999999,2.5499999999999985,2.5499999999999585,2.5499999999991,2.5499999999829237,2.549999999724225,2.549999996231973,2.5499999565689286,2.5499995782854037,2.549996551570134,2.5499762424816645,2.5498619464674253,2.5493221167927,2.5471798014582054,2.54002141315924,2.519809657613845,2.4713014736403784,2.371436286574007,2.1927182199167765,1.909230943294719
535,2.55,2.549999999999999,2.5499999999999985,2.5499999999999567,2.549999999999056,2.5499999999821834,2.549999999713744,2.549999996107519,2.549999955333912,2.5499995680710144,2.5499964812986184,2.5499758409626994,2.5498600435528327,2.5493146456153983,2.547155528576453,2.5399562179204596,2.5196649558159665,2.471036064590544,2.3710341267214354,2.1922165846860815,1.9087228532193892
536,2.55,2.5499999999999994,2.549999999999998,2.5499999999999545,2.54999999999901,2.549999999981413,2.549999999702905,2.5499999959794244,2.5499999540683858,2.549999557646872,2.549996409850729,2.5499754340972656,2.549858121119829,2.549307117941309,2.5471311287848333,2.5398908103722793,2.519520015741667,2.470770550074168,2.3706321668117196,2.191715473082317,1.9082153898358774
537,2.55,2.5499999999999994,2.549999999999997,2.549999999999952,2.549999999998962,2.5499999999806127,2.5499999996916967,2.5499999958475974,2.549999952771717,2.5499995470094996,2.5499963372114345,2.5499750218354484,2.5498561790466563,2.549299533574433,2.5471066019565285,2.5398251907801868,2.519374838247281,2.4705049311011877,2.370230407010014,2.1912148838904866,1.907708551336952
538,2.55,2.5499999999999994,2.549999999999997,2.5499999999999496,2.5499999999989114,2.5499999999797804,2.5499999996801086,2.549999995711944,2.5499999514432616,2.54999953615537,2.5499962633655713,2.549974604127132,2.5498542172115513,2.549291892319529,2.5470819479663582,2.539759359410616,2.519229424186948,2.470239208676719,2.369828847479002,2.1907148158995158,1.9072023359221828
539,2.55,2.5499999999999994,2.549999999999997,2.549999999999947,2.5499999999988585,2.5499999999789162,2.549999999668129,2.549999995572368,2.549999950082365,2.54999952508092,2.5499961882978592,2.5499741809219603,2.5498522354925823,2.5492841939819537,2.547057166691081,2.5396933165318076,2.519083774412839,2.4699733837995455,2.3694274883773265,2.190215267902936,1.9066967418011385
540,2.55,2.55,2.5499999999999976,2.549999999999944,2.549999999998803,2.5499999999780187,2.549999999655745,2.54999999542877,2.54999994868836,2.5499995137825433,2.5499961119928916,2.5499737521693624,2.5498502337677484,2.5492764383677504,2.5470322580092097,2.539627062413306,2.5189378897750383,2.4697074574630107,2.3690263298604908,2.189716238698468,1.9061917671642314
541,2.55,2.5499999999999994,2.5499999999999976,2.5499999999999408,2.549999999998745,2.5499999999770866,2.5499999996429463,2.549999995281052,2.549999947260573,2.549999502256591,2.549996034435142,2.549973317818538,2.5498482119149193,2.549268625283599,2.54700722180112,2.539560597326252,2.5187917711216135,2.4694414306544976,2.3686253720803396,2.189217727088261,1.9056874088246327
542,2.55,2.5499999999999994,2.549999999999997,2.5499999999999376,2.5499999999986853,2.5499999999761185,2.54999999962972,2.5499999951291112,2.549999945798319,2.549999490499373,2.5499959556089586,2.5499728778184676,2.5498461698118926,2.5492607545368724,2.5469820579489495,2.5394939215430914,2.5186454192985246,2.469175304355936,2.36822461518559,2.188719731878674,1.905183665196654
543,2.55,2.55,2.5499999999999967,2.549999999999934,2.549999999998623,2.5499999999751126,2.5499999996160536,2.549999994972844,2.5499999443008994,2.5499994785071505,2.5499958754985634,2.5499724321179165,2.549844107336393,2.549252825935629,2.5469567663366037,2.539427035337592,2.5184988351496465,2.468909079543775,2.367824059321792,2.1882222518802785,1.904680534980341
544,2.55,2.55,2.5499999999999967,2.5499999999999305,2.5499999999985574,2.549999999974068,2.549999999601934,2.5499999948121426,2.549999942767606,2.5499994662761436,2.5499957940880535,2.5499719806654295,2.549842024366063,2.549244839288626,2.546931346849796,2.539359938984884,2.5183520195167115,2.46864275718884,2.367423704631245,2.187725285907961,1.9041780165888103
545,2.55,2.55,2.5499999999999963,2.5499999999999265,2.549999999998489,2.549999999972984,2.549999999587348,2.5499999946468996,2.549999941197719,2.5499994538025295,2.5499957113614062,2.549971523409343,2.5498399207784774,2.5492367944052714,2.546905799375895,2.539292632761327,2.518204973239491,2.4683763382568285,2.3670235512532902,2.187228832780548,1.9036761083739804
546,2.55,2.5499999999999994,2.5499999999999963,2.549999999999923,2.549999999998418,2.549999999971859,2.5499999995722824,2.5499999944770044,2.5499999395905073,2.5499994410824383,2.5499956273024673,2.5499710602977723,2.5498377964511394,2.549228691095698,2.5468801238041237,2.539225116944656,2.5180576971555397,2.4681098237076884,2.366623599323967,2.1867328913212836,1.903174808663787
547,2.55,2.5499999999999994,2.5499999999999963,2.5499999999999194,2.549999999998344,2.549999999970691,2.549999999556723,2.5499999943023437,2.5499999379452287,2.5499994281119527,2.5499955418949556,2.5499705912786097,2.5498356512614797,2.549220529170748,2.5468543200254823,2.539157391813902,2.5179101921002793,2.4678432144958764,2.3662238489761744,2.186237460357613,1.9026741157786322
548,2.55,2.55,2.549999999999996,2.5499999999999146,2.5499999999982657,2.549999999969479,2.5499999995406553,2.549999994122802,2.549999936261129,2.5499994148871177,2.549995455122477,2.549970116299559,2.549833485086877,2.54921230844188,2.546828387932519,2.5390894576492182,2.517762458907262,2.467576511571076,2.3658243003400923,2.185742538720604,1.9021740280379096
549,2.55,2.5499999999999994,2.5499999999999963,2.54999999999991,2.5499999999981853,2.5499999999682212,2.5499999995240645,2.5499999939382634,2.5499999345374427,2.5499994014039307,2.549995366968509,2.549969635308109,2.5498312978046473,2.549204028721272,2.546802327419562,2.539021314732039,2.5176144984078794,2.467309715877476,2.365424953542784,2.18524812524546,1.9016745437615095
550,2.55,2.549999999999999,2.549999999999996,2.549999999999906,2.5499999999981005,2.549999999966917,2.549999999506937,2.549999993748607,2.549999932773393,2.5499993876583393,2.5499952774163948,2.5499691482515208,2.5498290892920457,2.549195689821846,2.546776138382775,2.5389529633451033,2.5174663114312867,2.46704282835362,2.365025808708117,2.184754218771593,1.9011756612723223
551,2.55,2.549999999999999,2.5499999999999954,2.5499999999999012,2.5499999999980125,2.5499999999655634,2.549999999489256,2.549999993553711,2.549999930968189,2.5499993736462505,2.5499951864493635,2.549968655076863,2.549826859426281,2.549187291557169,2.5467498207198953,2.538884403772254,2.517317898804705,2.4667758499332235,2.3646268659572502,2.184260818141988,1.9006773788978573
552,2.55,2.55,2.549999999999995,2.5499999999998955,2.549999999997921,2.5499999999641596,2.5499999994710056,2.54999999335345,2.5499999291210305,2.549999359363522,2.54999509405051,2.5499681557309857,2.5498246080845064,2.5491788337415504,2.546723374330467,2.5388156362986063,2.517169261353137,2.4665087815444506,2.364228125408216,2.183767922203754,1.9001796949697185
553,2.55,2.55,2.549999999999995,2.5499999999998897,2.5499999999978247,2.5499999999627034,2.5499999994521705,2.549999993147697,2.5499999272311022,2.549999344805964,2.5499950002028005,2.549967650160526,2.5498223351438285,2.549170316190026,2.546696799115777,2.5387466612104745,2.5170203998994207,2.4662416241101366,2.363829587176078,2.18327552980793,1.8996826078262878
554,2.55,2.55,2.549999999999995,2.549999999999884,2.549999999997725,2.5499999999611944,2.5499999994327345,2.5499999929363244,2.5499999252975782,2.54999932996934,2.5499949048890764,2.549967138311917,2.549820040481315,2.549161738718329,2.5466700949787686,2.5386774787952993,2.516871315264321,2.4659743785480455,2.3634312513730844,2.1827836398093505,1.8991861158120062
555,2.55,2.55,2.5499999999999945,2.5499999999998786,2.549999999997622,2.5499999999596303,2.5499999994126807,2.5499999927192,2.5499999233196182,2.5499993148493667,2.549994808092053,2.5499666201313866,2.54981772397399,2.5491531011429074,2.546643261824095,2.5386080893416922,2.5167220082664774,2.4657070457707193,2.3630331181085777,2.182292251066754,1.8986902172771445
556,2.5499999999999994,2.5499999999999994,2.549999999999994,2.5499999999998724,2.5499999999975134,2.5499999999580076,2.54999999939199,2.5499999924961867,2.5499999212963713,2.549999299441714,2.549994709794319,2.5499660955649617,2.549815385498845,2.5491444032809105,2.546616299558042,2.538538493139348,2.516572479722456,2.4654396266857215,2.362635187489171,2.1818013624426738,1.8981949105788192
557,2.55,2.5499999999999994,2.5499999999999936,2.5499999999998657,2.5499999999974006,2.549999999956326,2.549999999370647,2.5499999922671486,2.549999919226974,2.549999283742005,2.549994609978339,2.549965564558466,2.5498130249328406,2.5491356449502076,2.546589208088576,2.538468690479072,2.516422730446702,2.4651721221955194,2.3622374596186755,2.1813109728035696,1.8977001940804776
558,2.55,2.55,2.5499999999999936,2.549999999999858,2.549999999997283,2.5499999999545837,2.5499999993486324,2.549999992031945,2.5499999171105485,2.5499992677458136,2.5499945086264497,2.5499650270575236,2.549810642152908,2.5491268259693842,2.5465619873253207,2.5383986816527613,2.516272761251548,2.464904533197524,2.361839934598138,2.180821081019793,1.8972060661522254
559,2.55,2.55,2.549999999999993,2.549999999999851,2.5499999999971603,2.5499999999527776,2.549999999325928,2.5499999917904357,2.5499999149462043,2.549999251448666,2.549994405720861,2.5499644830075563,2.549808237035953,2.549117946157751,2.546534637179557,2.5383284669533825,2.516122572947198,2.464636860584122,2.361442612525872,2.180331685965632,1.8967125251709434
560,2.5499999999999994,2.55,2.5499999999999923,2.549999999999844,2.5499999999970338,2.549999999950907,2.5499999993025155,2.5499999915424754,2.549999912733038,2.5499992348460414,2.549994301243656,2.5499639323537835,2.549805809458845,2.549109005335322,2.5465071575642333,2.5382580466750304,2.5159721663417707,2.464369105242616,2.361045493497379,2.179842786519201,1.8962195695197828
561,2.5499999999999994,2.5499999999999994,2.5499999999999914,2.549999999999836,2.5499999999969014,2.549999999948969,2.549999999278374,2.549999991287914,2.5499999104701327,2.5499992179333675,2.5499941951767893,2.5499633750412327,2.5498033592984637,2.54910000332287,2.5464795483939002,2.538187421112716,2.5158215422412096,2.464101268055515,2.360648577605675,2.179354381562652,1.8957271975897176
562,2.5499999999999994,2.549999999999999,2.5499999999999914,2.549999999999828,2.5499999999967633,2.549999999946962,2.5499999992534836,2.549999991026602,2.5499999081565594,2.5499992007060275,2.5499940875020894,2.549962811014724,2.5498008864316333,2.549090939941858,2.546451809584806,2.5381165905626557,2.515670701449385,2.4638333499001113,2.3602518649408317,2.178866469981942,1.895235407777515
563,2.55,2.5499999999999985,2.5499999999999914,2.5499999999998195,2.5499999999966194,2.5499999999448826,2.549999999227825,2.5499999907583852,2.549999905791374,2.5499991831593505,2.5499939782012575,2.549962240218889,2.549798390735192,2.5490818150145005,2.5464239410547784,2.5380455553219563,2.515519644768018,2.4635653516489873,2.3598553555904886,2.178379050666979,1.8947441984874271
564,2.5500000000000003,2.549999999999999,2.549999999999991,2.5499999999998106,2.54999999999647,2.549999999942729,2.549999999201377,2.549999990483108,2.549999903373619,2.5499991652886185,2.549993867255867,2.549961662598164,2.5497958720859644,2.549072628363738,2.5463959427232745,2.5379743156887438,2.515368372996706,2.463297274169802,2.359459049639643,2.177892122511584,1.894253568130609
565,2.55,2.5499999999999994,2.5499999999999905,2.549999999999801,2.5499999999963148,2.5499999999405,2.5499999991741182,2.549999990200611,2.5499999009023244,2.5499991470890637,2.549993754647364,2.5499610780967834,2.5497933303607483,2.549063379813234,2.546367814511405,2.5379028719622228,2.515216886932932,2.463029118325187,2.35906294717055,2.1774056844134613,1.8937635151247756
566,2.55,2.55,2.54999999999999,2.549999999999791,2.5499999999961527,2.549999999938192,2.549999999146027,2.5499999899107317,2.5499998983765035,2.5499991285558674,2.5499936403570658,2.5499604866588044,2.5497907654363807,2.5490540691874064,2.546339556341793,2.537831224442376,2.515065187372047,2.4627608849733083,2.3586670482632344,2.176919735274149,1.8932740378947104
567,2.55,2.5499999999999994,2.549999999999989,2.5499999999997813,2.549999999995984,2.5499999999358027,2.549999999117081,2.549999989613305,2.5499998957951595,2.5499991096841628,2.549993524366164,2.549959888228074,2.549788177189649,2.5490446963113844,2.5463111681387716,2.5377593734303674,2.514913275107283,2.4624925749670967,2.358271352994798,2.176434273999149,1.8927851348719793
568,2.55,2.549999999999999,2.5499999999999887,2.5499999999997707,2.549999999995809,2.54999999993333,2.5499999990872575,2.5499999893081626,2.5499998931572767,2.5499990904690297,2.549993406655721,2.549959282748266,2.549785565497384,2.5490352610110545,2.546282649828164,2.5376873192281098,2.5147611509297443,2.462224189155078,2.3578758614401596,2.1759492994977,1.892296804494769
569,2.55,2.549999999999999,2.549999999999988,2.5499999999997596,2.5499999999956264,2.549999999930771,2.549999999056533,2.549999988995133,2.5499998904618284,2.5499990709054994,2.549993287206671,2.549958670162856,2.549782930236398,2.5490257631130286,2.5462540013374335,2.5376150621385505,2.5146088156284123,2.4619557283808233,2.357480573671569,2.1754648106829646,1.891809045208189
570,2.5499999999999994,2.549999999999999,2.549999999999987,2.5499999999997476,2.5499999999954372,2.549999999928123,2.5499999990248843,2.5499999886740414,2.5499998877077723,2.549999050988551,2.5499931659998225,2.5499580504151353,2.5497802712835247,2.5490162024446654,2.5462252225955955,2.537542602465506,2.5144562699901427,2.461687193483265,2.357085489758885,2.1749808064718805,1.8913218554639968
571,2.5499999999999994,2.549999999999999,2.5499999999999865,2.549999999999735,2.5499999999952405,2.549999999925383,2.5499999989922855,2.54999998834471,2.549999884894051,2.5499990307131095,2.5499930430158546,2.549957423448217,2.549777588515633,2.549006578834076,2.546196313533175,2.537469940513575,2.514303514799665,2.4614185852968613,2.356690609769719,2.1744972857850837,1.8908352337204597
572,2.5499999999999994,2.5499999999999985,2.5499999999999856,2.5499999999997227,2.549999999995036,2.5499999999225484,2.5499999989587123,2.5499999880069595,2.5499998820195944,2.5499990100740555,2.549992918235319,2.549956789205006,2.5497748818095434,2.5489968921100843,2.546167274082407,2.537397076588535,2.5141505508395876,2.461149904650847,2.356295933768777,2.174014247547299,1.8903491784430488
573,2.5499999999999994,2.549999999999999,2.549999999999985,2.5499999999997094,2.549999999994823,2.5499999999196157,2.549999998924139,2.5499999876606045,2.549999879083317,2.549998989066215,2.54999279163864,2.5499561476282278,2.5497721510421094,2.5489871421022636,2.5461381041770466,2.5373240109969672,2.513997378890393,2.4608811523699408,2.3559014618184824,2.1735316906869646,1.8898636881037811
574,2.5499999999999994,2.549999999999999,2.5499999999999843,2.549999999999695,2.549999999994602,2.5499999999165825,2.5499999988885405,2.5499999873054575,2.5499998760841143,2.5499989676843544,2.5499926632061123,2.5499554986604647,2.5497693960903067,2.5489773286409876,2.5461088037521513,2.5372507440458354,2.513843999730433,2.46061232927514,2.355507193979677,2.1730496141357785,1.8893787611804977
575,2.5499999999999994,2.549999999999999,2.549999999999984,2.5499999999996805,2.5499999999943723,2.549999999913446,2.5499999988518898,2.5499999869413283,2.549999873020872,2.5499989459231998,2.549992532917904,2.549954842244063,2.5497666168309956,2.548967451557305,2.546079372744651,2.5371772760435944,2.513690414135942,2.460343436181631,2.3551131303097774,2.172568016829874,1.888894396158767
576,2.5499999999999994,2.5499999999999985,2.549999999999983,2.5499999999996654,2.5499999999941334,2.549999999910203,2.5499999988141595,2.5499999865680234,2.5499998698924604,2.5499989237774217,2.5499924007540558,2.5499541783211988,2.5497638131410922,2.5489575106830284,2.546049811092942,2.537103607299398,2.513536622881026,2.460074473900282,2.3547192708640914,2.172086897708981,1.8884105915305267
577,2.5499999999999994,2.5499999999999985,2.549999999999982,2.5499999999996494,2.5499999999938856,2.54999999990685,2.5499999987753217,2.549999986185344,2.5499998666977293,2.5499989012416298,2.5499922666944785,2.5499535068339076,2.54976098489764,2.548947505850767,2.5460201187367075,2.5370297381227656,2.5133826267376715,2.459805443238277,2.3543256156963746,2.171606255716035,1.8879273457933823
578,2.5499999999999994,2.5499999999999985,2.5499999999999807,2.5499999999996326,2.549999999993628,2.5499999999033838,2.5499999987353483,2.54999998579309,2.549999863435516,2.5499988783103875,2.549992130718956,2.5499528277240167,2.54975813197764,2.5489374368938447,2.545990295617332,2.5369556688243673,2.513228426475738,2.4595363449976277,2.3539321648575235,2.171126089798065,1.887444657452146
579,2.55,2.5499999999999985,2.54999999999998,2.5499999999996152,2.5499999999933607,2.5499999998998004,2.5499999986942106,2.549999985391057,2.549999860104644,2.5499988549782078,2.5499919928071444,2.5499521409331627,2.5497552542580966,2.5489273036463236,2.5459603416777896,2.536881399715814,2.513074022862959,2.4592671799755714,2.353538918395924,2.170646398905954,1.886962525018423
580,2.55,2.5499999999999985,2.5499999999999785,2.549999999999597,2.5499999999930827,2.549999999896097,2.549999998651878,2.5499999849790367,2.549999856703919,2.5499988312395447,2.5499918529385712,2.5499514464028326,2.5497523516161125,2.5489171059430444,2.5459302568624067,2.5368069311092127,2.512919416664954,2.4589979489654192,2.3531458763581936,2.1701671819939126,1.8864809470096426
581,2.55,2.5499999999999985,2.549999999999977,2.5499999999995784,2.5499999999927945,2.5499999998922696,2.5499999986083206,2.5499999845568175,2.5499998532321286,2.5499988070887953,2.5499917110926353,2.5499507440743536,2.54974942392887,2.54890684361962,2.5459000411169135,2.536732263317261,2.5127646086452273,2.4587286527563763,2.3527530387890243,2.1696884380195867,1.8859999219492438
582,2.55,2.5499999999999985,2.5499999999999763,2.549999999999559,2.549999999992495,2.549999999888315,2.5499999985635076,2.549999984124184,2.549999849688049,2.5499987825203125,2.549991567248609,2.5499500338888352,2.5497464710734885,2.5488965165123734,2.5458696943887937,2.5366573966539003,2.5126095995651427,2.4584592921322916,2.3523604057300918,2.169210165944859,1.8855194483682087
583,2.5499999999999994,2.5499999999999985,2.5499999999999754,2.549999999999538,2.5499999999921843,2.5499999998842284,2.5499999985174067,2.5499999836809177,2.5499998460704383,2.549998757528391,2.5499914213856356,2.5499493157872317,2.5497434929271736,2.5488861244583987,2.5458392166269177,2.5365823314336318,2.5124543901839536,2.4581898678729686,2.3519679772211957,2.168732364735004,1.88503952480344
584,2.549999999999999,2.5499999999999985,2.549999999999974,2.5499999999995167,2.549999999991862,2.549999999880007,2.549999998469986,2.5499999832267948,2.5499998423780337,2.5499987321072637,2.549991273482732,2.549948589710371,2.5497404893672875,2.548875667295589,2.5458086077813573,2.536507067971205,2.512298981258825,2.4579203807547754,2.3515757533007897,2.1682550333582604,1.8845601497968734
585,2.549999999999999,2.549999999999998,2.549999999999973,2.5499999999994944,2.549999999991527,2.549999999875646,2.549999998421213,2.5499999827615896,2.549999838609563,2.54999870625112,2.5499911235187853,2.5499478555988495,2.5497374602711003,2.54886514486254,2.5457778678040204,2.5364316065827324,2.5121433735447622,2.457650831548479,2.3511837340041035,2.167778170787304,1.884081321898449
586,2.5499999999999994,2.5499999999999976,2.549999999999972,2.5499999999994714,2.5499999999911798,2.5499999998711425,2.5499999983710544,2.5499999822850725,2.5499998347637347,2.5499986799540912,2.5499909714725555,2.54994711339311,2.54973440551597,2.548854556998621,2.545746996648189,2.5363559475848794,2.511987567794664,2.457381221020822,2.3507919193645086,2.1673017759981743,1.883603039663948
587,2.5499999999999994,2.5499999999999976,2.54999999999997,2.549999999999447,2.5499999999908196,2.549999999866491,2.5499999983194743,2.549999981797007,2.549999830839234,2.549998653210241,2.549990817322677,2.5499463630334995,2.549731324979472,2.548843903544012,2.545715994268191,2.5362800912942935,2.5118315647593783,2.4571115499356333,2.3504003094144723,2.1668258479695037,1.8831253016534162
588,2.5499999999999994,2.549999999999997,2.5499999999999683,2.5499999999994216,2.5499999999904457,2.549999999861688,2.5499999982664376,2.5499999812971557,2.5499998268347377,2.549998626013593,2.549990661047653,2.54994560446012,2.5497282185390673,2.548833184339595,2.5456848606202525,2.536204038029087,2.5116753651875685,2.4568418190509416,2.3500089041830736,2.166350385684512,1.8826481064352278
589,2.5499999999999994,2.549999999999997,2.5499999999999665,2.5499999999993954,2.549999999990058,2.5499999998567286,2.5499999982119097,2.549999980785277,2.549999822748905,2.549998598358115,2.5499905026258602,2.549944837612906,2.549725086072275,2.548822399227014,2.5456535956620465,2.5361277881080504,2.5115189698257847,2.456572029120501,2.3496177036973163,2.165875388129953,1.8821714525839368
590,2.5499999999999994,2.549999999999997,2.5499999999999647,2.549999999999368,2.5499999999896557,2.549999999851609,2.549999998155853,2.549999980261126,2.5499998185803783,2.5499985702377184,2.5499903420355476,2.5499440624316345,2.549721927456691,2.548811548048678,2.5456221993526587,2.536051341850593,2.5113623794184696,2.4563021808939136,2.3492267079822353,2.165400854296027,1.881695338680103
591,2.5499999999999994,2.5499999999999976,2.549999999999962,2.549999999999339,2.5499999999892387,2.549999999846324,2.5499999980982317,2.549999979724452,2.549999814327779,2.549998541646253,2.5499901792548374,2.5499432788559506,2.5497187425700467,2.5488006306477793,2.5455906716524157,2.535974699576458,2.511205594707989,2.456032275117191,2.348835917061372,2.1649267831760013,1.881219763309511
592,2.5499999999999994,2.5499999999999976,2.5499999999999603,2.5499999999993093,2.5499999999888066,2.549999999840869,2.549999998039006,2.5499999791749968,2.5499998099897034,2.5499985125774995,2.5499900142617262,2.549942486825418,2.5497155312903215,2.548789646868324,2.545559012522613,2.535897861605256,2.5110486164346786,2.455762312533665,2.3484453309575595,2.164453173765582,1.8807447250618852
593,2.5499999999999994,2.5499999999999976,2.549999999999958,2.5499999999992777,2.549999999988358,2.5499999998352387,2.549999997978137,2.549999978612505,2.5499998055647466,2.549998483025209,2.5499898470340785,2.5499416862792788,2.549712293495211,2.5487785965549787,2.5455272219268807,2.5358208282587857,2.5108914453366067,2.4554922938794355,2.348054949689023,2.1639800250660377,1.880270222537282
594,2.5499999999999994,2.5499999999999976,2.5499999999999563,2.5499999999992453,2.5499999999878935,2.549999999829429,2.5499999979155867,2.5499999780367144,2.549999801051481,2.5499984529830684,2.549989677549633,2.5499408771566703,2.5497090290626083,2.5487674795532094,2.545495299829941,2.5357435998589244,2.5107340821497894,2.4552222198875104,2.3476647732729234,2.163507336081358,1.8797962543402764
595,2.5499999999999994,2.549999999999997,2.549999999999955,2.5499999999992116,2.549999999987412,2.5499999998234344,2.549999997851314,2.549999977447359,2.5499997964484606,2.5499984224447085,2.5499895057860003,2.549940059396566,2.5497057378704695,2.5487562957092433,2.5454632461979596,2.535666176728222,2.5105765276081318,2.4549520912866383,2.347274801724361,2.1630351058190564,1.8793228190816045
596,2.549999999999999,2.549999999999997,2.549999999999953,2.5499999999991765,2.549999999986913,2.5499999998172496,2.549999997785277,2.5499999768441644,2.549999791754209,2.549998391403679,2.5499893317206714,2.5499392329379242,2.5497024197971325,2.5487450448701527,2.545431060997694,2.535588559188495,2.510418782443602,2.454681908804097,2.346885035058737,2.162563333288265,1.8788499153742102
597,2.549999999999999,2.549999999999997,2.549999999999951,2.5499999999991396,2.549999999986396,2.5499999998108693,2.5499999977174332,2.5499999762268546,2.5499997869672435,2.5499983598534937,2.5499891553310037,2.5499383977194197,2.5496990747207477,2.548733726883705,2.5453987441980055,2.5355107475633263,2.510260847385919,2.454411673160737,2.3464954732875505,2.1620920175031197,1.8783775418402693
598,2.549999999999999,2.549999999999997,2.5499999999999488,2.549999999999102,2.5499999999858605,2.5499999998042875,2.54999999764774,2.5499999755951515,2.5499997820860667,2.549998327787615,2.5499889765942254,2.549937553679549,2.5496957025194984,2.548722341598421,2.5453662957692753,2.535432742177102,2.5101027231626736,2.4541413850728944,2.3461061164200223,2.161621157481454,1.8779056971084758
599,2.549999999999999,2.5499999999999967,2.549999999999946,2.549999999999063,2.549999999985306,2.5499999997974996,2.5499999975761543,2.549999974948771,2.54999977710916,2.549998295199442,2.5499887954874394,2.5499367007566818,2.5496923030717085,2.548710888863601,2.5453337156831193,2.5353545433545355,2.509944410499388,2.453871045253332,2.3457169644638927,2.161150752244155,1.8774343798127122
600,2.5499999999999994,2.5499999999999967,2.549999999999943,2.549999999999022,2.5499999999847316,2.549999999790499,2.549999997502631,2.5499999742874255,2.5499997720349863,2.549998262082318,2.549988611987622,2.5499358388890347,2.5496888762557925,2.5486993685293164,2.5453010039125172,2.535276151420885,2.509785910119489,2.4536006544108067,2.3453280174250533,2.1606808008154617,1.8769635882529265
601,2.5499999999999994,2.5499999999999967,2.54999999999994,2.5499999999989784,2.549999999984136,2.5499999997832803,2.549999997427125,2.5499999736108183,2.5499997668619767,2.5499982284295073,2.5499884260716286,2.549934968014789,2.5496854219505023,2.5486877804464605,2.54526816043116,2.535197566700888,2.509627222744456,2.4533302132521935,2.3449392753093345,2.160211302221512,1.876493301150056
602,2.5499999999999985,2.5499999999999963,2.5499999999999376,2.549999999998934,2.5499999999835192,2.5499999997758374,2.549999997349589,2.5499999729186493,2.5499997615885577,2.5499981942342314,2.5499882377161818,2.5499340880718804,2.5496819400344735,2.5486761244666445,2.545235185214647,2.535118789520733,2.5094683490935634,2.4530597224785673,2.3445507381191995,2.159742255493019,1.8760235195968782
603,2.5499999999999994,2.5499999999999963,2.5499999999999337,2.549999999998888,2.5499999999828815,2.5499999997681644,2.5499999972699756,2.549999972210618,2.549999756213132,2.5499981594896566,2.5499880468978815,2.549933198998112,2.5496784303864763,2.5486644004422554,2.545202078239837,2.535039820206972,2.509309289884005,2.45278918278735,2.3441624058555646,2.15927365966381,1.8755542487961545
604,2.5499999999999985,2.549999999999996,2.549999999999932,2.54999999999884,2.5499999999822207,2.5499999997602543,2.5499999971882366,2.5499999714864146,2.549999750734083,2.549998124188885,2.549987853593199,2.5499323007311454,2.5496748928853883,2.5486526082264516,2.5451688394848935,2.534960659086622,2.5091500458309097,2.4525185948721364,2.343774278517633,2.158805513770932,1.8750854896519489
605,2.5499999999999994,2.5499999999999954,2.5499999999999283,2.5499999999987892,2.549999999981537,2.5499999997521,2.549999997104322,2.549999970745727,2.549999745149776,2.5499980883249584,2.5499876577784777,2.5499313932084946,2.549671327410199,2.548640747673174,2.545135468929335,2.5348813064871933,2.5089906176472736,2.452247959422555,2.3433863561028323,2.1583378168547434,1.874617242085028
606,2.549999999999999,2.549999999999996,2.5499999999999248,2.5499999999987373,2.5499999999808285,2.549999999743697,2.5499999970181824,2.5499999699882383,2.549999739458556,2.5499980518908645,2.549987459429939,2.549930476367541,2.549667733840002,2.5486288186371073,2.545101966553934,2.534801762736637,2.508831006044097,2.451977277124555,2.342998638606945,2.157870567958563,1.8741495056288142
607,2.549999999999999,2.549999999999995,2.549999999999921,2.549999999998683,2.5499999999800957,2.549999999735037,2.549999996929767,2.549999969213624,2.54999973365875,2.5499980148795314,2.549987258523684,2.549929550145527,2.549664112054002,2.548616820973687,2.5450683323407413,2.5347220281633502,2.5086712117303502,2.451706548660349,2.342611126024093,2.1574037661284255,1.8736822795998924
608,2.549999999999998,2.549999999999995,2.549999999999917,2.5499999999986263,2.549999999979338,2.5499999997261127,2.549999996839022,2.549999968421559,2.549999727748665,2.5499979772838253,2.5499870550356785,2.5499286144795485,2.549660461931527,2.548604754539162,2.5450345662731717,2.534642103096197,2.508511235412823,2.4514357747081443,2.3422238183466306,2.1569374104127443,1.8732155631609564
609,2.5499999999999994,2.5499999999999945,2.549999999999913,2.5499999999985676,2.5499999999785525,2.549999999716918,2.5499999967458966,2.54999996761171,2.5499997217265857,2.549997939096554,2.549986848941769,2.5499276693065736,2.549656783352013,2.5485926191905084,2.545000668335863,2.5345619878644556,2.5083510777963403,2.451164955942578,2.3418367155653366,2.1564714998613894,1.872749355393153
610,2.5499999999999994,2.5499999999999945,2.549999999999909,2.549999999998507,2.5499999999777407,2.549999999707446,2.549999996650334,2.549999966783739,2.54999971559078,2.5499979003104647,2.5499866402176736,2.549926714563427,2.549653076195026,2.548580414785507,2.5449666385147895,2.5344816827978414,2.5081907395835707,2.450894093034365,2.3414498176692717,2.156006033525274,1.8722836553109583
611,2.5499999999999985,2.5499999999999945,2.549999999999905,2.5499999999984437,2.549999999976901,2.5499999996976883,2.5499999965522795,2.549999965937303,2.5499997093394935,2.5499978609182423,2.549986428838985,2.549925750186797,2.5496493403402516,2.5485681411827117,2.544932476797205,2.5344011882264863,2.508030221475116,2.4506231866504797,2.3410631246458644,2.1555410104559076,1.871818461882626
612,2.5499999999999985,2.549999999999994,2.5499999999999003,2.549999999998378,2.549999999976032,2.5499999996876372,2.5499999964516777,2.549999965072056,2.5499997029709514,2.5499978209125147,2.5499862147811703,2.5499247761132438,2.5496455756674985,2.548555798241442,2.5448981831716244,2.534320504480921,2.507869524169523,2.450352237454204,2.3406766364809406,2.1550764297049607,1.871353774051771
613,2.5499999999999985,2.549999999999993,2.549999999999896,2.5499999999983096,2.549999999975134,2.549999999677285,2.549999996348471,2.5499999641876423,2.549999696483359,2.5499977802858464,2.5499859980195723,2.549923792279195,2.5496417820567054,2.5485433858217794,2.544863757627808,2.534239631892068,2.5077086483633027,2.4500812461051718,2.3402903531587502,2.1546122903244185,1.870889590736974
614,2.549999999999999,2.5499999999999923,2.5499999999998906,2.549999999998238,2.5499999999742045,2.5499999996666247,2.549999996242601,2.549999963283704,2.5499996898749018,2.549997739030743,2.549985778529411,2.5499227986209463,2.5496379593879426,2.5485309037845743,2.5448292001567676,2.5341585707912238,2.507547594750916,2.449810213259363,2.3399042746619734,2.1541485913670626,1.8704259108360595
615,2.549999999999999,2.5499999999999923,2.5499999999998857,2.5499999999981644,2.549999999973244,2.549999999655647,2.549999996134008,2.549999962359878,2.549999683143743,2.549997697139649,2.5499855562857823,2.549921795074668,2.5496341075414093,2.548518351991448,2.544794510750756,2.5340773215100563,2.5073863640247676,2.44953913956911,2.3395184009717305,2.153685331886933,1.8699627332332993
616,2.5499999999999985,2.5499999999999923,2.54999999999988,2.5499999999980885,2.54999999997225,2.549999999644344,2.5499999960226303,2.549999961415796,2.5499996762880266,2.5499976546049474,2.5499853312636573,2.5499207815763993,2.5496302263974377,2.5485057303047878,2.544759689403273,2.5339958843806114,2.507224956875222,2.4492680256831068,2.3391327320675765,2.153222510938731,1.8695000567928182
617,2.549999999999998,2.5499999999999923,2.5499999999998746,2.549999999998009,2.5499999999712233,2.5499999996327074,2.5499999959084074,2.549999960451082,2.5499996693058735,2.5499976114189615,2.549985103437883,2.549919758062057,2.5496263158364996,2.5484930385877544,2.5447247361090444,2.53391425973527,2.5070633739905857,2.4489968722464592,2.338747267927559,2.152760127579714,1.869037880381603
618,2.549999999999998,2.5499999999999914,2.549999999999869,2.5499999999979264,2.549999999970162,2.549999999620729,2.549999995791276,2.549999959465355,2.5499996621953858,2.549997567573953,2.5499848727831824,2.549918724467429,2.5496223757392014,2.5484802767042747,2.5446896508640324,2.533832447906784,2.5069016160571267,2.448725679900648,2.338362008528171,2.1522981808680957,1.868576202847614
619,2.549999999999998,2.5499999999999905,2.5499999999998626,2.54999999999784,2.549999999969065,2.5499999996083984,2.549999995671172,2.5499999584582302,2.549999654954644,2.54999752306212,2.5499846392741556,2.5499176807281825,2.5496184059862994,2.5484674445190487,2.544654433665401,2.53375044922821,2.506739683759072,2.4484544492836418,2.3379769538444464,2.151836669865486,1.8681150230476082
620,2.549999999999998,2.5499999999999896,2.5499999999998564,2.549999999997751,2.549999999967931,2.5499999995957072,2.54999999554803,2.549999957429316,2.5499996475817066,2.5499974778756007,2.5499844028852787,2.549916626779859,2.5496144064586854,2.548454541897542,2.544619084511543,2.5336682640329573,2.506577577778608,2.4481831810298105,2.337592103849887,2.151375593635085,1.8676543398247527
621,2.5499999999999985,2.5499999999999896,2.5499999999998497,2.5499999999976586,2.549999999966759,2.549999999582646,2.549999995421784,2.549999956378216,2.549999640074608,2.54999743200647,2.5499841635909055,2.549915562557884,2.5496103770374026,2.5484415687059894,2.5445836034020344,2.533585892654722,2.5064152987958965,2.447911875770058,2.3372074585165588,2.1509149512437746,1.8671941520274915
622,2.5499999999999985,2.54999999999999,2.549999999999843,2.549999999997563,2.5499999999655483,2.5499999995692058,2.549999995292365,2.5499999553045267,2.549999632431364,2.5499973854467424,2.549983921365266,2.5499144879975604,2.5496063176036388,2.548428524811393,2.544547990337663,2.5335033354275294,2.506252847489062,2.447640534131742,2.3368230178150293,2.1504547417607904,1.8667344584976384
623,2.549999999999998,2.5499999999999896,2.5499999999998355,2.549999999997464,2.5499999999642973,2.549999999555377,2.549999995159706,2.5499999542078386,2.549999624649969,2.5499973381883683,2.5499836761824706,2.5499134030340747,2.5496022280387356,2.548415410081524,2.5445122453203957,2.533420592685687,2.5060902245342085,2.447369156738769,2.3364387817144348,2.1499949642590064,1.8662752580782846
624,2.549999999999998,2.549999999999989,2.5499999999998284,2.549999999997361,2.549999999963005,2.5499999995411486,2.5499999950237355,2.5499999530877373,2.549999616728394,2.5499972902232373,2.5499834280165037,2.5499123076025,2.5495981082241905,2.548402224384918,2.5444763683533704,2.5333376647637786,2.5059274306054204,2.447097744211612,2.3360547501824747,2.1495356178145872,1.8658165496122747
625,2.549999999999998,2.5499999999999887,2.549999999999821,2.549999999997254,2.5499999999616705,2.549999999526511,2.549999994884382,2.549999951943802,2.5499996086645864,2.549997241543177,2.5499831768412293,2.549911201637789,2.549593958041649,2.548388967590879,2.5444403594409186,2.533254551996689,2.505764466374754,2.4468262971672505,2.335670923185389,2.149076701506789,1.8653583319410332
626,2.549999999999998,2.5499999999999874,2.549999999999813,2.5499999999971426,2.549999999960292,2.5499999995114537,2.5499999947415732,2.5499999507756073,2.5499996004564753,2.549997192139951,2.549982922630388,2.5499100850747753,2.5495897773729044,2.5483756395694797,2.5444042185885736,2.5331712547196172,2.505601332512234,2.4465548162191464,2.3352873006879418,2.148618214417699,1.8649006039038654
627,2.549999999999998,2.549999999999987,2.5499999999998044,2.549999999997027,2.5499999999588683,2.5499999994959666,2.549999994595235,2.549999949582719,2.549999592101963,2.5499971420052585,2.5499826653576023,2.5499089578481997,2.54958556609994,2.5483622401915533,2.5443679458029296,2.533087773267893,2.5054380296859193,2.446283301977639,2.3349038826536126,2.148160155634526,1.8644433643499214
628,2.5499999999999976,2.549999999999986,2.5499999999997955,2.5499999999969076,2.5499999999573983,2.5499999994800384,2.5499999944452925,2.5499999483647,2.5499995835989324,2.549997091130739,2.5499824049963684,2.5499078198926672,2.5495813241048615,2.5483487693287055,2.5443315410918603,2.53300410797726,2.5052745585617986,2.4460117550493328,2.3345206690443057,2.147702524246222,1.8639866121193986
629,2.549999999999997,2.549999999999985,2.5499999999997858,2.5499999999967833,2.54999999995588,2.5499999994636586,2.5499999942916687,2.549999947121104,2.5499995749452427,2.549997039507967,2.5499821415200645,2.5499066711426854,2.5495770512699583,2.5483352268533035,2.5442950044643253,2.532920259183627,2.505110919803885,2.445740176037642,2.334137659820604,2.147245319346125,1.8635303460593124
630,2.549999999999997,2.5499999999999843,2.5499999999997764,2.5499999999966554,2.5499999999543133,2.549999999446815,2.5499999941342857,2.54999994585148,2.5499995661387294,2.5499969871284547,2.5499818749019494,2.5499055115326605,2.549572747477696,2.548321612638477,2.544258335930389,2.532836227223088,2.5049471140742057,2.4454685655427393,2.333754854941744,2.146788540031614,1.8630745650217508
631,2.5499999999999976,2.549999999999984,2.5499999999997667,2.5499999999965226,2.5499999999526963,2.5499999994294975,2.549999993973065,2.549999944555371,2.5499995571772076,2.549996933983651,2.549981605115157,2.549904340996871,2.5495684126106757,2.5483079265581265,2.544221535501355,2.5327520124321032,2.504783142032736,2.4451969241611695,2.33337225436544,2.146332185402747,1.8626192678541948
632,2.5499999999999976,2.5499999999999834,2.5499999999997565,2.549999999996385,2.549999999951027,2.5499999994116926,2.549999993807924,2.5499999432323124,2.549999548058466,2.5499968800649393,2.5499813321327056,2.549903159469515,2.5495640465517067,2.548294168486908,2.544184603189526,2.532667615147186,2.5046190043375205,2.44492525248653,2.3329898580481907,2.1458762545638495,1.862164453413041
633,2.549999999999997,2.5499999999999825,2.549999999999746,2.5499999999962424,2.549999999949304,2.5499999993933886,2.5499999936387816,2.549999941881835,2.549999538780272,2.5499968253636407,2.5499810559274896,2.5499019668846685,2.549559649183742,2.548280338300245,2.5441475390084167,2.532583035705177,2.5044547016445655,2.4446535511088707,2.33260766594501,2.1454207466225665,1.8617101205536362
634,2.5499999999999967,2.549999999999981,2.549999999999735,2.549999999996094,2.5499999999475254,2.5499999993745734,2.5499999934655535,2.549999940503461,2.5499995293403708,2.549996769871012,2.5499807764722844,2.549900763176304,2.5495552203899083,2.5482664358743246,2.544110342972656,2.532498274443116,2.5042902346078875,2.4443818206149723,2.332225678009555,2.1449656606900924,1.8612562681340337
635,2.5499999999999963,2.5499999999999803,2.5499999999997236,2.5499999999959404,2.5499999999456904,2.549999999355235,2.5499999932881554,2.549999939096707,2.5499995197364793,2.5499967135782464,2.5499804937397488,2.549899548278313,2.5495507600535374,2.5482524610860895,2.544073015097887,2.532413331698126,2.5041256038795683,2.444110061588622,2.3318438941942508,2.1445109958810655,1.8608028950173354
636,2.549999999999996,2.54999999999998,2.5499999999997107,2.549999999995782,2.5499999999437972,2.5499999993353604,2.5499999931065007,2.5499999376610836,2.549999509966296,2.5499966564764738,2.5499802077024176,2.5498983221244593,2.5495462680581,2.548238413813252,2.5440355554009777,2.532328207807666,2.503960810109641,2.4438382746100236,2.3314623144500177,2.1440567513138498,1.8603500000668851
637,2.5499999999999954,2.5499999999999785,2.549999999999698,2.549999999995617,2.5499999999418446,2.5499999993149367,2.5499999929205015,2.549999936196093,2.5499995000274915,2.5499965985567563,2.5499799183327134,2.5498970846484355,2.5495417442872843,2.548224293934274,2.543997963899765,2.5322429031092226,2.5037958539462295,2.4435664602565104,2.3310809387266325,2.143602926109858,1.8598975821511206
638,2.5499999999999954,2.5499999999999776,2.5499999999996845,2.549999999995446,2.54999999993983,2.5499999992939495,2.549999992730067,2.5499999347012325,2.549999489917715,2.5499965398100937,2.5499796256029366,2.5498958357838255,2.5495371886249467,2.5482101013283804,2.54396024061322,2.532157417940509,2.503630736035459,2.4432946191020877,2.330699766972481,2.143149519394125,1.8594456401408064
639,2.5499999999999954,2.5499999999999763,2.5499999999996708,2.5499999999952694,2.5499999999377523,2.5499999992723854,2.5499999925351076,2.5499999331759913,2.5499994796345917,2.549996480227424,2.5499793294852657,2.5498945754640965,2.5495326009550947,2.5481958358755663,2.5439223855615,2.5320717526395278,2.503465457021426,2.44302275171729,2.3303187991344823,2.1426965302954986,1.858994172908257
640,2.5499999999999954,2.5499999999999754,2.5499999999996565,2.5499999999950864,2.5499999999356096,2.549999999250231,2.54999999233553,2.549999931619854,2.5499994691757237,2.549996419799619,2.549979029951762,2.5498933036226266,2.54952798116193,2.5481814974565826,2.5438843987658095,2.531985907544405,2.503300017546274,2.442750858669563,2.3299380351583,2.1422439579461114,1.8585431793294362
641,2.5499999999999954,2.5499999999999745,2.549999999999642,2.549999999994897,2.5499999999333998,2.5499999992274724,2.5499999921312404,2.5499999300322935,2.5499994585386823,2.5499963585174807,2.5499787269743814,2.54989202019276,2.5495233291299275,2.5481670859529064,2.543846280248124,2.5318998829930583,2.503134418250352,2.4424789405240137,2.3295574749888064,2.1417918014802715,1.858092658288065
642,2.549999999999995,2.549999999999973,2.5499999999996263,2.549999999994701,2.549999999931121,2.5499999992040947,2.549999991922143,2.5499999284127814,2.5499994477210226,2.5499962963717535,2.5499784205249454,2.5498907251076677,2.5495186447436335,2.548152601246814,2.543808030031888,2.5318136793240327,2.5029686597718204,2.442206997841511,2.3291771185689263,2.141340060037237,1.857642608665227
643,2.549999999999995,2.5499999999999723,2.549999999999611,2.549999999994498,2.5499999999287715,2.549999999180083,2.5499999917081415,2.5499999267607802,2.5499994367202734,2.5499962333531156,2.5499781105751627,2.5498894183004466,2.5495139278878116,2.5481380432213285,2.5437696481415064,2.531727296875891,2.502802742746937,2.4419350311800683,2.3287969658404792,2.140888732759197,1.8571930293469376
644,2.5499999999999945,2.5499999999999714,2.5499999999995944,2.5499999999942884,2.54999999992635,2.5499999991554225,2.549999991489136,2.5499999250757437,2.5499994255339344,2.549996169452176,2.5499777970966315,2.5498880997041367,2.549509178447462,2.5481234117602107,2.5437311346022815,2.531640735987146,2.5026366678100938,2.4416630410950124,2.3284170167443135,2.1404378187909656,1.8567439192244966
645,2.549999999999994,2.54999999999997,2.549999999999577,2.549999999994071,2.5499999999238527,2.549999999130097,2.549999991265025,2.5499999233571184,2.549999414159481,2.5499961046594786,2.5499774800608352,2.549886769251699,2.549504396307794,2.5481087067479717,2.5436924894405113,2.5315539969963705,2.502470435593763,2.441391028138716,2.328037271220126,2.1399873172804016,1.8562952771933248
646,2.549999999999994,2.5499999999999683,2.5499999999995593,2.5499999999938456,2.5499999999212792,2.5499999991040916,2.549999991035707,2.549999921604346,2.549999402594368,2.549996038965506,2.5499771594391296,2.549885426875951,2.549499581354132,2.548093928069907,2.5436537126838075,2.5314670802425763,2.502304046728313,2.4411189928597454,2.3276577292058915,2.1395372273797606,1.8558471021492287
647,2.5499999999999936,2.5499999999999665,2.5499999999995406,2.549999999993612,2.5499999999186262,2.5499999990773903,2.549999990801078,2.54999991981686,2.549999390836025,2.549995972360676,2.549976835202757,2.5498840725096388,2.5494947334720193,2.548079075612056,2.5436148043607383,2.5313799860647914,2.502137501842212,2.4408469358038154,2.3272783906385026,2.1390875482441793,1.8553993929925907
648,2.549999999999993,2.5499999999999647,2.549999999999521,2.549999999993371,2.549999999915893,2.5499999990499758,2.549999990561033,2.5499999179940844,2.5499993788818474,2.5499959048353316,2.549976507322863,2.5498827060855036,2.549489852547307,2.5480641492611635,2.54357576450052,2.5312927148017095,2.5019708015622166,2.440574857514612,2.326899255454416,2.1386382790301717,1.8549521486300233
649,2.5499999999999927,2.549999999999963,2.549999999999501,2.5499999999931213,2.549999999913076,2.549999999021832,2.549999990315464,2.549999916135438,2.5499993667292142,2.54999583637976,2.549976175770455,2.5498813275361107,2.5494849384659215,2.5480491489047807,2.543536593133825,2.531205266792619,2.501803946512889,2.4403027585316406,2.326520323588025,2.138189418899436,1.8545053679687304
650,2.5499999999999923,2.549999999999961,2.54999999999948,2.5499999999928638,2.5499999999101735,2.549999998992942,2.5499999900642623,2.5499999142403316,2.549999354375478,2.54999576698418,2.5499758405164323,2.549879936793963,2.549479991114018,2.548034074431199,2.543497290292254,2.531117642376794,2.501636937316912,2.440030639391633,2.3261415949727247,2.137740967016362,1.8540590499202025
651,2.549999999999992,2.5499999999999594,2.5499999999994585,2.5499999999925973,2.5499999999071834,2.5499999989632878,2.5499999898073167,2.5499999123081687,2.5499993418179634,2.549995696638743,2.5499755015315833,2.549878533791503,2.5494750103779826,2.5480189257294428,2.5434578560083088,2.5310298418934694,2.5014697745951073,2.4397585006286087,2.3257630695409817,2.1372929225479003,1.8536131933998858
652,2.5499999999999914,2.5499999999999576,2.549999999999436,2.5499999999923215,2.5499999999041028,2.5499999989328526,2.549999989544514,2.5499999103383435,2.549999329053966,2.549995625333533,2.5499751587865895,2.5498771184611257,2.549469996144451,2.548003702689266,2.5434182903153455,2.530941865681791,2.501302458966464,2.4394863427739946,2.3253847472244376,2.1368452846633352,1.8531677973272744
653,2.549999999999991,2.549999999999956,2.5499999999994127,2.549999999992036,2.5499999999009297,2.549999998901618,2.54999998927574,2.5499999083302445,2.5499993160807626,2.549995553058572,2.549974812252002,2.5498756907350804,2.5494649483001757,2.547988405201215,2.5433785932480357,2.5308537140813248,2.5011349910478566,2.439214166355434,2.325006627952915,2.136398052536491,1.8527228606245694
654,2.549999999999991,2.549999999999954,2.5499999999993883,2.5499999999917407,2.5499999998976612,2.5499999988695663,2.5499999890008787,2.549999906283253,2.5499993028956016,2.5499954798038145,2.5499744618982634,2.5498742505455567,2.5494598667321435,2.5479730331565693,2.5433387648419514,2.530765387431598,2.500967371454298,2.4389419718978553,2.3246287116553095,2.135951225343752,1.8522783822178808
655,2.5499999999999905,2.5499999999999523,2.549999999999363,2.549999999991435,2.5499999998942955,2.5499999988366775,2.5499999887198106,2.549999904196737,2.549999289495696,2.549995405559142,2.5499741076957263,2.549872797824762,2.5494547513276666,2.547957586447288,2.5432988051332175,2.530676886071727,2.500799600799168,2.438669759924367,2.324250998260384,2.135504802262547,1.8518343610375099
656,2.54999999999999,2.54999999999995,2.549999999999337,2.54999999999112,2.549999999890829,2.5499999988029325,2.5499999884324165,2.5499999020700628,2.5499992758782435,2.549995330314377,2.5499737496146038,2.549871332504727,2.549449601974143,2.5479420649661484,2.543258714159411,2.530588210341386,2.5006316796936323,2.438397530953947,2.323873487694746,2.1350587824753546,1.851390796016761
657,2.5499999999999896,2.5499999999999474,2.5499999999993097,2.549999999990794,2.5499999998872602,2.549999998768312,2.5499999881385746,2.5499998999025877,2.5499992620404144,2.549995254059277,2.549973387624997,2.5498698545174094,2.549444418559184,2.5479264686066707,2.5432184919590797,2.5304993605802917,2.500463608746958,2.438125285502683,2.3234961798839366,2.1346131651675537,1.8509476860925789
658,2.549999999999989,2.5499999999999448,2.5499999999992813,2.549999999990457,2.5499999998835854,2.549999998732797,2.5499999878381607,2.5499998976936604,2.549999247979353,2.5499951767835314,2.5499730216968963,2.549868363794703,2.5494392009706255,2.5479107972631136,2.543178138571703,2.5304103371281577,2.5002953885665318,2.437853024083861,2.323119074752504,2.134167949527266,1.8505050302055954
659,2.5499999999999883,2.549999999999942,2.549999999999252,2.5499999999901086,2.5499999998798026,2.5499999986963666,2.5499999875310504,2.5499998954426233,2.5499992336921764,2.549995098476763,2.5499726518001786,2.549866860268425,2.5494339490965134,2.547895050830481,2.5431376540377446,2.530321140324751,2.500127019757831,2.437580747207846,2.322742172223901,2.1337231347455714,1.8500628273000688
660,2.549999999999988,2.5499999999999394,2.5499999999992227,2.5499999999897485,2.549999999875908,2.549999998658999,2.5499999872171153,2.5499998931488057,2.5499992191759673,2.5499950191285228,2.54997227790463,2.549865343870399,2.5494286628252083,2.54787922920446,2.5430970383982663,2.5302317705094812,2.499958502924669,2.4373084553830555,2.322365472221333,2.133278720014869,1.8496210763933938
661,2.549999999999988,2.549999999999937,2.54999999999919,2.5499999999893763,2.5499999998718996,2.549999998620676,2.5499999868962226,2.549999890811529,2.549999204427785,2.549994938728297,2.549971899979921,2.5498638145323618,2.549423342045264,2.5478633322814894,2.543056291695364,2.530142228021865,2.49978983866892,2.4370361491148493,2.3219889746667923,2.132834704530797,1.8491797822387956
662,2.549999999999987,2.549999999999934,2.5499999999991587,2.549999999988992,2.549999999867774,2.549999998581374,2.5499999865682432,2.54999988843011,2.549999189444664,2.549994857265508,2.5499715179955986,2.5498622721859485,2.549417986645416,2.5478473599587765,2.543015413972239,2.5300525132016083,2.499621027590467,2.4367638289053435,2.3216126794808956,2.1323910874925094,1.8487389429984755
663,2.549999999999986,2.5499999999999314,2.5499999999991236,2.549999999988595,2.549999999863528,2.5499999985410717,2.5499999862330425,2.549999886003856,2.549999174223611,2.5499947747295084,2.5499711319211067,2.549860716762743,2.549412596514639,2.547831312134253,2.5429744052729695,2.529962626388348,2.4994520702873455,2.4364914952540024,2.321236586583404,2.131947868101673,1.8482985557829203
664,2.549999999999986,2.5499999999999283,2.549999999999088,2.5499999999881853,2.5499999998591583,2.549999998499746,2.549999985890485,2.5499998835320645,2.5499991587616044,2.549994691109584,2.5499707417257795,2.5498591481942694,2.5494071715421307,2.5478151887065783,2.5429332656425374,2.529872567921712,2.4992829673557546,2.4362191486575626,2.320860695893127,2.13150504556264,1.8478586189149493
665,2.549999999999985,2.549999999999925,2.549999999999052,2.549999999987761,2.5499999998546627,2.5499999984573756,2.54999998554043,2.5499998810140254,2.5499991430555933,2.5499946063949537,2.549970347378837,2.549857566411984,2.5494017116173295,2.547798989575179,2.542891995126885,2.5297823381413105,2.4991137193899373,2.435946789609872,2.3204850073278744,2.1310626190826176,1.8474191310044117
666,2.549999999999984,2.5499999999999217,2.5499999999990144,2.549999999987324,2.549999999850037,2.5499999984139357,2.5499999851827404,2.5499998784490203,2.5499991271025033,2.5499945205747716,2.5499699488494003,2.54985597134729,2.5493962166298814,2.5477827146401486,2.5428505937727883,2.5296919373867324,2.498944326982437,2.4356744186022747,2.3201095208045994,2.130620587871309,1.8469800907686906
667,2.5499999999999834,2.549999999999918,2.549999999998975,2.549999999986872,2.5499999998452783,2.5499999983694046,2.549999984817272,2.549999875836323,2.549999110899232,2.5499944336381244,2.549969546106477,2.549854362931532,2.549390686469674,2.547766363802343,2.5428090616279584,2.529601365997539,2.498774790723864,2.435402036123276,2.3197342362392845,2.13017895114132,1.846541497002072
668,2.549999999999983,2.5499999999999146,2.5499999999989345,2.5499999999864054,2.549999999840384,2.549999998323757,2.549999984443881,2.5499998731751954,2.5499990944426454,2.549994345574029,2.549969139118966,2.5498527410959926,2.5493851210268277,2.5477499369633505,2.542767398741015,2.5295106243132546,2.498605111202968,2.4351296426586524,2.319359153546992,2.129737708108202,1.846103348543389
669,2.5499999999999816,2.549999999999911,2.5499999999988923,2.549999999985924,2.5499999998353475,2.549999998276969,2.5499999840624215,2.5499998704648954,2.5499990777295833,2.5499942563714355,2.549968727855659,2.5498511057719035,2.5493795201916982,2.54773343402549,2.542725605161466,2.5294197126733655,2.4984352890066472,2.4348572386914853,2.318984272641879,2.1292968579905844,1.845665644262568
670,2.5499999999999807,2.549999999999907,2.5499999999988483,2.5499999999854275,2.5499999998301695,2.5499999982290147,2.549999983672742,2.549999867704666,2.5499990607568583,2.5499941660192267,2.54996831228524,2.549849456890436,2.5493738838548774,2.547716854891813,2.542683680939715,2.5293286314173113,2.4982653247199393,2.4345848247021418,2.3186095934372006,2.1288564000103802,1.8452283830514302
671,2.5499999999999807,2.549999999999903,2.549999999998803,2.549999999984914,2.5499999998248426,2.549999998179871,2.549999983274694,2.549999864893747,2.549999043521253,2.549994074506218,2.5499678923762876,2.549847794382713,2.549368211907193,2.547700199466093,2.5426416261270393,2.5292373808844792,2.498095218926052,2.434312401168343,2.318235115845337,2.1284163333928525,1.8447915638187258
672,2.549999999999979,2.549999999999899,2.5499999999987564,2.5499999999843843,2.5499999998193656,2.54999999812951,2.5499999828681217,2.549999862031365,2.5499990260195227,2.5499939818211566,2.549967468097271,2.5498461181798024,2.5493625042397094,2.547683467652822,2.5425994407755854,2.5291459614141996,2.497924972206375,2.434039968565171,2.3178608397778073,2.127976657366625,1.8443551854880016
673,2.549999999999978,2.5499999999998946,2.549999999998708,2.549999999983837,2.5499999998137333,2.5499999980779067,2.5499999824528703,2.54999985911674,2.549999008248393,2.5499938879527217,2.5499670394165563,2.549844428212724,2.5493567607437315,2.5476666593572155,2.5425571249383627,2.5290543733457356,2.4977545851404623,2.4337675273650796,2.3174867651452775,2.127537371163609,1.8439192469945611
674,2.549999999999977,2.5499999999998892,2.5499999999986573,2.5499999999832728,2.5499999998079432,2.549999998025032,2.549999982028782,2.5499998561490824,2.5499989902045623,2.549993792889526,2.5499666063024042,2.549842724412447,2.549350981310804,2.547649774485211,2.542514678669246,2.5289626170182906,2.4975840583060482,2.43349507803789,2.3171128918575583,2.1270984740190135,1.8434837472869305
675,2.5499999999999763,2.549999999999885,2.5499999999986054,2.5499999999826906,2.54999999980199,2.5499999979708616,2.549999981595697,2.5499998531275923,2.5499989718847003,2.5499936966201164,2.5499661687229715,2.549841006709892,2.5493451658327126,2.547632812943466,2.542472102022966,2.5288706927709868,2.497413392279039,2.433222621050814,2.31673921982363,2.12665996517114,1.8430486853206698
676,2.549999999999976,2.549999999999881,2.5499999999985516,2.54999999998209,2.5499999997958698,2.549999997915366,2.5499999811534515,2.5499998500514613,2.5499989532854457,2.549993599132969,2.5499657266463083,2.549839275035934,2.5493393142014886,2.5476157746393566,2.5424293950551045,2.52877860094287,2.4972425876335254,2.4329501568684666,2.316365748951646,2.1262218438613365,1.8426140600607195
677,2.5499999999999745,2.549999999999875,2.5499999999984952,2.54999999998147,2.549999999789579,2.5499999978585177,2.5499999807018803,2.5499998469198717,2.5499989344034084,2.549993500416492,2.5499652800403596,2.5498375293213997,2.5493334263094076,2.547598659480977,2.54238655782209,2.528686341872904,2.4970716449417827,2.4326776859528736,2.3159924791489432,2.125784109333924,1.8421798704789822
678,2.5499999999999727,2.5499999999998697,2.549999999998437,2.5499999999808307,2.5499999997831133,2.5499999978002883,2.549999980240816,2.549999843731997,2.5499989152351725,2.549993400459027,2.5499648288729704,2.5498357694970757,2.549327502048992,2.547581467377139,2.5423435903811797,2.5285939158999544,2.4969005647742835,2.432405208763519,2.31561941032207,2.125346760835849,1.8417461155531472
679,2.549999999999971,2.5499999999998644,2.549999999998377,2.5499999999801712,2.5499999997764693,2.5499999977406476,2.5499999797700887,2.5499998404869992,2.549998895777291,2.549993299248847,2.5499643731118784,2.549833995493703,2.549321541313009,2.5475641982373673,2.542300492790476,2.5285013233628004,2.4967293476996897,2.432132725757307,2.315246542376764,2.124909797616957,1.8413127942686616
680,2.54999999999997,2.549999999999858,2.5499999999983145,2.549999999979492,2.54999999976964,2.549999997679565,2.549999979289526,2.549999837184033,2.5499988760262857,2.5499931967741594,2.54996391272472,2.54983220724198,2.5493155439944775,2.5475468519718985,2.542257265108898,2.5284085646001135,2.4965579942848715,2.431860237388622,2.314873875218001,2.124473218929514,1.8408799056161222
681,2.5499999999999687,2.5499999999998524,2.54999999999825,2.5499999999787906,2.549999999762623,2.549999997617011,2.5499999787989527,2.549999833822242,2.5499988559786493,2.549993093023099,2.5499634476790307,2.5498304046725706,2.5493095099866667,2.5475294284916776,2.542213907396178,2.5283156399504527,2.496386505094909,2.4315877441093483,2.3145014087500018,2.1240370240281923,1.8404474485916618
682,2.5499999999999674,2.549999999999846,2.5499999999981835,2.549999999978067,2.549999999755413,2.549999997552956,2.5499999782981906,2.549999830400761,2.5499988356308467,2.5499929879837366,2.5499629779422417,2.549828587716092,2.5493034391830935,2.5475119277083675,2.542170419712886,2.528222549752285,2.496214880693075,2.4313152463688024,2.3141291428761854,2.123601212170447,1.8400154221980958
683,2.549999999999966,2.5499999999998395,2.5499999999981147,2.549999999977321,2.549999999748005,2.5499999974873675,2.5499999777870603,2.549999826918714,2.549998814979311,2.549992881644073,2.5499625034816846,2.5498267563031276,2.5492973314775296,2.5474943495343343,2.5421268021203858,2.528129294343949,2.4960431216408696,2.4310427446138427,2.313757077499255,2.1231657826158874,1.8395838254424906
684,2.5499999999999643,2.5499999999998333,2.5499999999980436,2.549999999976552,2.549999999740395,2.5499999974202137,2.5499999772653794,2.5499998233752157,2.5499987940204485,2.5499927739920416,2.549962024264589,2.549824910364222,2.549291186764002,2.547476693882655,2.54208305468085,2.5280358740636646,2.495871228498008,2.4307702392888393,2.3133852125211707,2.122730734626458,1.8391526573369321
685,2.549999999999963,2.549999999999826,2.54999999999797,2.5499999999757588,2.5499999997325777,2.549999997351462,2.549999976732962,2.5499998197693707,2.5499987727506332,2.549992665015508,2.549961540258083,2.5498230498298833,2.549285004936786,2.547458960667113,2.542039177457262,2.527942289249538,2.4956992018224176,2.430497730835655,2.3130135478431395,2.12229606746659,1.8387219168991034
686,2.549999999999961,2.5499999999998186,2.549999999997893,2.5499999999749416,2.549999999724548,2.5499999972810787,2.5499999761896204,2.549999816100274,2.549998751166208,2.5499925547022686,2.5499610514291957,2.5498211746305937,2.5492787858904205,2.5474411498021876,2.541995170513366,2.5278485402395168,2.4955270421702775,2.4302252196937792,2.3126420833657204,2.1218617804025453,1.838291603149544
687,2.54999999999996,2.5499999999998106,2.5499999999978136,2.5499999999741,2.5499999997163014,2.549999997209031,2.5499999756351635,2.549999812367011,2.549998729263488,2.549992443040052,2.549960557744855,2.5498192846967904,2.5492725295196936,2.547423261203073,2.5419510339137394,2.5277546273714524,2.495354750095963,2.4299527063001465,2.312270818988677,2.121427872703266,1.837861715115262
688,2.549999999999958,2.549999999999803,2.549999999997732,2.549999999973232,2.5499999997078313,2.5499999971352842,2.549999975069399,2.5499998085686553,2.549998707038756,2.5499923300165186,2.5499600591718936,2.5498173799588906,2.5492662357196627,2.5474052947856523,2.5419067677236837,2.5276605509830055,2.4951823261521313,2.4296801910894006,2.311899754611193,2.120994343639382,1.8374322518256507
689,2.549999999999956,2.549999999999795,2.549999999997647,2.549999999972337,2.549999999699133,2.549999997059803,2.5499999744921307,2.5499998047042727,2.5499986844882656,2.5499922156192616,2.5499595556770394,2.5498154603472685,2.5492599043856328,2.547387250466522,2.5418623720093385,2.5275663114117464,2.4950097708896304,2.429407674493622,2.31152889013165,2.1205611924841006,1.8370032123160378
690,2.5499999999999536,2.5499999999997867,2.5499999999975596,2.5499999999714147,2.549999999690201,2.549999996982552,2.5499999739031587,2.549999800772915,2.549998661608239,2.549992099835805,2.549959047226928,2.5498135257922856,2.5492535354131816,2.54736912816296,2.5418178468375516,2.5274719089950417,2.4948370848576054,2.42913515694264,2.3111582254478806,2.1201284185124254,1.8365745956246595
691,2.549999999999952,2.5499999999997778,2.54999999999747,2.549999999970465,2.549999999681031,2.549999996903497,2.549999973302282,2.5499997967736285,2.5499986383948676,2.549991982653605,2.5499585337880926,2.54981157622426,2.5492471286981373,2.5473509277929565,2.5417731922759925,2.527377344070151,2.494664268603404,2.4288626388637606,2.310787760456949,2.11969602100172,1.8361464007948078
692,2.5499999999999496,2.5499999999997685,2.5499999999973766,2.549999999969486,2.549999999671616,2.5499999968226,2.549999972689297,2.549999792705444,2.5499986148443132,2.549991864060049,2.5499580153269736,2.549809611573497,2.549240684136603,2.54733264927518,2.5417284083930287,2.5272826169741234,2.4944913226726784,2.42859012068206,2.3104174950553804,2.1192639992312627,1.835718626872965
693,2.5499999999999474,2.5499999999997587,2.54999999999728,2.5499999999684775,2.5499999996619502,2.549999996739823,2.5499999720639956,2.5499997885673853,2.549998590952705,2.549991744042456,2.5499574918099097,2.549807631770268,2.5492342016249374,2.547314292529004,2.5416834952578236,2.52718772804388,2.4943182476093035,2.4283176028201514,2.3100474291389834,2.1188323524825385,1.8352912729101454
694,2.549999999999945,2.5499999999997494,2.54999999999718,2.5499999999674388,2.549999999652029,2.5499999966551283,2.549999971426169,2.549999784358464,2.5499985667161433,2.549991622588078,2.5499569632031416,2.549805636744811,2.5492276810597554,2.5472958574745053,2.5416384529403295,2.5270926776162073,2.494145043955387,2.4280450856982037,2.309677562602861,2.1184010800392263,1.8348643379618117
695,2.5499999999999425,2.549999999999739,2.549999999997076,2.549999999966369,2.5499999996418454,2.549999996568477,2.549999970775603,2.5499997800776826,2.5499985421306954,2.549991499684096,2.549956429472822,2.5498036264273627,2.549221122337959,2.5472773440324232,2.541593281511146,2.526997466027639,2.4939717122513825,2.4277725697342802,2.3093078953416666,2.1179701811868177,1.8344378210859476
696,2.54999999999994,2.5499999999997285,2.549999999996969,2.549999999965267,2.549999999631393,2.5499999964798317,2.5499999701120823,2.5499997757240314,2.5499985171923973,2.549991375317627,2.5499558905850046,2.549801600748125,2.549214525356706,2.5472587521242005,2.541547981041665,2.526902093614575,2.493798253035972,2.4275000553439954,2.3089384272493474,2.1175396552129935,1.8340117213450076
697,2.549999999999937,2.5499999999997174,2.5499999999968583,2.549999999964133,2.549999999620666,2.5499999963891513,2.549999969435388,2.5499997712964917,2.5499984918972562,2.5499912494757155,2.54995534650564,2.5497995596372673,2.5492078900134088,2.5472400816719865,2.54150255160407,2.526806560713288,2.4936246668460638,2.4272275429405012,2.308569158219134,2.117109501407636,1.8335860378059787
698,2.5499999999999345,2.5499999999997054,2.549999999996744,2.549999999962965,2.549999999609658,2.5499999962963953,2.5499999687452983,2.549999766794032,2.5499984662412447,2.5499911221453404,2.549954797200597,2.5497975030249656,2.5492012162057742,2.547221332598579,2.541456993271154,2.5267108676597623,2.493450954216945,2.426955032934945,2.3082000881438725,2.116679719062404,1.8331607695380352
699,2.549999999999932,2.549999999999694,2.549999999996626,2.549999999961762,2.5499999995983615,2.549999996201522,2.549999968041589,2.54999976221561,2.5499984402203046,2.5499909933134113,2.5499542426356454,2.549795430841367,2.549194503831769,2.547202504827474,2.5414113061164776,2.5266150147898325,2.493277115682152,2.426682525736075,2.30783121691574,2.1162503074710823,1.8327359156145056
700,2.5499999999999288,2.549999999999682,2.549999999996504,2.5499999999605225,2.549999999586771,2.5499999961044897,2.549999967324032,2.5499997575601734,2.549998413830348,2.5499908629667694,2.549953682776454,2.549793343016586,2.5491877527896163,2.5471835982828726,2.5413654902143965,2.5265190024392035,2.493103151773444,2.42641002175018,2.307462544426203,2.115821265929634,1.8323114751131668
701,2.5499999999999257,2.5499999999996694,2.549999999996378,2.5499999999592466,2.549999999574879,2.5499999960052566,2.5499999665923965,2.5499997528266585,2.549998387067253,2.549990731092188,2.54995311758861,2.549791239480746,2.5491809629778346,2.547164612889621,2.541319545639857,2.5264228309432823,2.492929063020977,2.4261375213815812,2.307094070566352,2.115392593735856,1.8318874471141697
702,2.5499999999999226,2.549999999999656,2.5499999999962477,2.5499999999579335,2.549999999562679,2.5499999959037782,2.5499999658464487,2.54999974801399,2.549998359926865,2.5499905976763713,2.5499525470376043,2.549789120163948,2.54917413429521,2.5471455485732535,2.5412734724685455,2.5263265006373024,2.492754849953177,2.425865025032269,2.3067257952266584,2.1149642901896115,1.8314638307014717
703,2.5499999999999194,2.5499999999996423,2.5499999999961127,2.5499999999565826,2.5499999995501645,2.5499999958000115,2.5499999650859513,2.5499997431210817,2.5499983324050013,2.5499904627059555,2.549951971088829,2.5497869849962633,2.5491672666407847,2.547126405260008,2.5412272707769326,2.5262300118563563,2.4925805130967023,2.425592533101802,2.3063577182969084,2.1145363545928864,1.8310406249632205
704,2.549999999999916,2.549999999999628,2.5499999999959737,2.549999999955192,2.549999999537328,2.5499999956939114,2.549999964310664,2.5499997381468367,2.549998304497443,2.54999032616751,2.5499513897075947,2.5497848339077747,2.5491603599138988,2.5471071828767626,2.541180940642075,2.526133364935241,2.492406052976616,2.425320045987778,2.3059898396664993,2.1141087862495627,1.830617828990221
705,2.549999999999912,2.5499999999996135,2.54999999999583,2.549999999953761,2.549999999524162,2.5499999955854316,2.549999963520343,2.549999733090145,2.5499982761999402,2.5499901880475346,2.5499508028591182,2.549782666828549,2.549153414014163,2.5470878813510778,2.541134482141743,2.526036560208555,2.492231470116272,2.4250475640855336,2.3056221592242525,2.1136815844655534,1.8301954418768562
706,2.5499999999999083,2.549999999999598,2.549999999995682,2.549999999952288,2.549999999510659,2.5499999954745265,2.5499999627147427,2.549999727949888,2.5499982475082126,2.549990048332461,2.549950210508518,2.5497804836886235,2.5491464288414485,2.547068500611211,2.5410878953544778,2.525939598010746,2.4920567650372694,2.4247750877880025,2.3052546768583313,2.1132547485488526,1.829773462721461
707,2.549999999999905,2.5499999999995824,2.5499999999955287,2.5499999999507725,2.5499999994968108,2.549999995361149,2.549999961893612,2.549999722724932,2.549998218417944,2.5499899070086522,2.549949612620837,2.549778284418062,2.549139404295932,2.5470490405860438,2.5410411803593496,2.525842478675923,2.4918819382596586,2.4245026174862936,2.3048873924565676,2.1128282778093235,1.8293518906248696
708,2.549999999999901,2.549999999999566,2.5499999999953706,2.5499999999492133,2.5499999994826106,2.5499999952452517,2.5499999610566983,2.549999717414134,2.5499981889247874,2.549989764062405,2.5499490091610215,2.5497760689469056,2.549132340278057,2.547029501205144,2.540994337236165,2.525745202538015,2.4917069903017643,2.4242301535691997,2.304520305906192,2.112402171558875,1.828930724691605
709,2.5499999999998963,2.549999999999549,2.5499999999952077,2.549999999947609,2.54999999946805,2.5499999951267855,2.549999960203745,2.5499997120163393,2.5499981590243643,2.5499896194799456,2.549948400093919,2.5497738372051635,2.549125236688526,2.547009882398786,2.5409473660655215,2.5256477699308144,2.4915319216801373,2.4239576964230634,2.3041534170937563,2.111976429111513,1.8285099640301972
710,2.549999999999892,2.5499999999995313,2.5499999999950393,2.549999999945958,2.5499999994531204,2.549999995005702,2.5499999593344937,2.549999706530383,2.5499981287122644,2.5499894732474333,2.54994778538429,2.549771589122844,2.5491180934283255,2.5469901840979032,2.540900266928657,2.5255501811878607,2.4913567329096833,2.4236852464321386,2.303786725905335,2.111551049783209,1.8280896077523296
711,2.5499999999998875,2.5499999999995135,2.5499999999948657,2.5499999999442604,2.549999999437814,2.5499999948819503,2.549999958448679,2.5499997009550843,2.54999809798404,2.5499893253509587,2.5499471649968277,2.5497693246300033,2.5491109103987637,2.546970406234017,2.540853039907245,2.5254524366422855,2.4911814245038464,2.423412803979078,2.3034202322267774,2.1111260328916996,1.8276696549717104
712,2.549999999999883,2.5499999999994944,2.5499999999946863,2.549999999942514,2.549999999422123,2.5499999947554794,2.5499999575460355,2.549999695289252,2.5499980668352116,2.5499891757765463,2.549946538896125,2.5497670436566606,2.5491036875014044,2.546950548739358,2.5408056850837566,2.525354536627088,2.491005996974289,2.423140369444069,2.3030539359432525,2.1107013777568318,1.8272501048060785
713,2.5499999999998777,2.5499999999994745,2.549999999994501,2.549999999940718,2.5499999994060385,2.549999994626239,2.5499999566262934,2.5499996895316857,2.549998035261272,2.549989024510149,2.549945907046673,2.5497647461328032,2.54909642463807,2.5469306115468635,2.5407582025414563,2.5252564814751297,2.4908304508308965,2.4228679432048486,2.3026878369392585,2.1102770837005584,1.826830956377172
714,2.549999999999873,2.5499999999994536,2.5499999999943097,2.549999999938871,2.5499999993895517,2.5499999944941756,2.54999995568918,2.549999683681172,2.549998003257678,2.549988871537654,2.549945269412881,2.5497624319884267,2.5490891217108747,2.5469105945901163,2.540710592364208,2.5251582715189897,2.4906547865819473,2.4225955256371567,2.30232193509886,2.109853150046756,1.8264122088096697
715,2.5499999999998675,2.5499999999994323,2.549999999994112,2.5499999999369716,2.5499999993726536,2.5499999943592355,2.549999954734417,2.5499996777364813,2.5499979708198484,2.549988716844881,2.5499446259591023,2.549760101153596,2.5490817786222673,2.5468904978032523,2.540662854636219,2.525059907090773,2.490479004734344,2.4223231171153574,2.3019562303059984,2.109429576120957,1.8259938612298847
716,2.549999999999862,2.54999999999941,2.5499999999939087,2.549999999935019,2.5499999993553355,2.549999994221365,2.549999953761724,2.5499996716963755,2.5499979379431728,2.5499885604175807,2.5499439766495806,2.5497577535583256,2.549074395274942,2.5468703211211428,2.5406149894425614,2.5249613885224997,2.4903031057931453,2.422050718011187,2.301590722443859,2.109006361250882,1.8255759127684654
717,2.5499999999998564,2.549999999999388,2.549999999993698,2.549999999933011,2.5499999993375884,2.5499999940805083,2.549999952770818,2.5499996655596058,2.549997904623009,2.549988402241435,2.549943321448464,2.549755389132606,2.549066971571863,2.5468500644793477,2.5405669968690483,2.5248627161460138,2.4901270902616774,2.4217783286940544,2.301225411395025,2.1085835047663095,1.8251583625597445
718,2.5499999999998506,2.5499999999993648,2.5499999999934815,2.5499999999309475,2.549999999319402,2.54999999393661,2.5499999517614116,2.5499996593249095,2.549997870854681,2.5499882423020592,2.5499426603198208,2.5497530078064434,2.549059507416286,2.546829727814065,2.5405188770020715,2.5247638902928613,2.4899509586416784,2.421505949531423,2.300860297041667,2.108161005998916,1.8247412097409177
719,2.5499999999998444,2.549999999999341,2.5499999999932577,2.549999999928826,2.5499999993007676,2.5499999937896143,2.5499999507332136,2.5499996529910107,2.5499978366334775,2.5499880805850004,2.549941993227647,2.5497506095098745,2.5490520027117745,2.5468093110621024,2.5404706299285356,2.5246649112942428,2.489774711433362,2.4212335808889764,2.300495379265622,2.1077388642822035,1.8243244534517458
720,2.5499999999998377,2.5499999999993155,2.549999999993027,2.5499999999266447,2.549999999281675,2.549999993639463,2.5499999496859274,2.54999964655662,2.549997801954651,2.5499879170757382,2.549941320135863,2.5497481941729654,2.549044457362197,2.5467888141608794,2.540422255735854,2.524565779481011,2.4895983491354166,2.4209612231306172,2.3001306579483933,2.107317078951497,1.8239080929016156
721,2.549999999999831,2.54999999999929,2.5499999999927896,2.549999999924403,2.5499999992621145,2.549999993486097,2.5499999486192553,2.5499996400204363,2.5499977668134215,2.549987751759685,2.549940641008298,2.5497457617257604,2.5490368712716864,2.5467682370485045,2.5403737545121814,2.5244664951838427,2.4894218722448045,2.4206888766179224,2.299766132970872,2.106895649344175,1.823492134585199
722,2.549999999999824,2.549999999999263,2.549999999992544,2.5499999999220986,2.5499999992420754,2.5499999933294575,2.549999947532895,2.549999633381146,2.5499977312049773,2.549987584622184,2.5499399558086897,2.549743312098304,2.549029244344665,2.5467475796637467,2.540325126346321,2.52436705873317,2.489245281256831,2.420416541710354,2.2994018042134545,2.1064745747995834,1.8230765765583026
723,2.549999999999817,2.549999999999235,2.5499999999922918,2.549999999919731,2.549999999221548,2.5499999931694837,2.5499999464265413,2.549999626637425,2.549997695124471,2.5499874156485114,2.5499392645006997,2.549740845220656,2.549021576485847,2.5467268419460107,2.5402763713276473,2.524267470459117,2.4890685766652196,2.4201442187654485,2.2990376715561354,2.1060538546589616,1.8226614157136047
724,2.5499999999998098,2.549999999999206,2.54999999999203,2.549999999917298,2.549999999200522,2.549999993006115,2.5499999452998834,2.549999619787933,2.549997658567022,2.549987244823874,2.5499385670479073,2.549738361022889,2.549013867600241,2.546706023835337,2.5402274895461288,2.524167730691526,2.4888917589620925,2.41987190813876,2.298673734878472,2.105633488265452,1.822246650392044
725,2.5499999999998018,2.5499999999991765,2.549999999991762,2.5499999999147978,2.549999999178986,2.5499999928392882,2.5499999441526073,2.5499996128313196,2.5499976215277154,2.5499870721334155,2.549937863413815,2.5497358594350867,2.5490061175931378,2.546685125272394,2.540178481092314,2.5240678397599607,2.488714828638018,2.4195996101839174,2.2983099940595957,2.105213474964062,1.8218322792932917
726,2.5499999999997938,2.549999999999146,2.5499999999914844,2.5499999999122296,2.5499999991569298,2.5499999926689414,2.5499999429843965,2.5499996057662195,2.549997584001601,2.549986897562206,2.5499371535618347,2.5497333403873452,2.5489983263701426,2.5466641461985264,2.5401293460573786,2.5239677979936768,2.4885377861818547,2.4193273252524405,2.2979464489781853,2.1047938141018836,1.82141830128116
727,2.5499999999997858,2.549999999999114,2.5499999999911984,2.5499999999095904,2.549999999134343,2.5499999924950094,2.5499999417949293,2.549999598591256,2.549997545983697,2.549986721095255,2.549936437455311,2.5497308038097746,2.5489904938371213,2.5466430865556484,2.540080084533018,2.523867605721671,2.488360632081053,2.419055053694118,2.297583099512538,2.1043745050278346,1.8210047152847666
728,2.549999999999777,2.5499999999990814,2.5499999999909044,2.5499999999068796,2.549999999111212,2.5499999923174275,2.54999994058388,2.5499995913050393,2.5499975074689853,2.5499865427175035,2.549935715057507,2.549728249632499,2.5489826199002357,2.546621946286314,2.540030696611514,2.523767263272642,2.488183366821454,2.4187827958567643,2.2972199455405304,2.1039555470930473,1.820591520295066
729,2.5499999999997676,2.5499999999990477,2.549999999990601,2.5499999999040948,2.5499999990875275,2.5499999921361294,2.5499999393509194,2.549999583906165,2.5499974684524136,2.5499863624138217,2.5499349863316016,2.549725677785661,2.5489747044659685,2.546600725333766,2.5399811823857745,2.523666770974962,2.4880059908871788,2.418510552086089,2.2968569869395834,2.1035369396512964,1.820178715344442
730,2.5499999999997582,2.5499999999990117,2.5499999999902876,2.5499999999012357,2.549999999063277,2.5499999919510485,2.549999938095716,2.5499995763932173,2.549997428928896,2.549986180169016,2.5499342512406997,2.5497230881994164,2.5489667474410704,2.5465794236418176,2.539931541949224,2.523566129156733,2.487828504760921,2.418238322726056,2.2964942235867483,2.103118682058727,1.819766299490139
731,2.5499999999997494,2.5499999999989753,2.549999999989965,2.5499999998982976,2.549999999038449,2.5499999917621174,2.5499999368179305,2.549999568764767,2.5499973888933085,2.549985995967821,2.5499335097478246,2.5497204808039444,2.548958748732607,2.546558041154952,2.5398817753958878,2.5234653381457344,2.487650908923699,2.417966108118597,2.296131655358646,2.1027007736744423,1.819354271810408
732,2.549999999999739,2.549999999998938,2.549999999989633,2.54999999989528,2.549999999013031,2.549999991569266,2.549999935517222,2.54999956101937,2.5499973483404954,2.549985809794908,2.549932761815924,2.549717855529439,2.548950708247937,2.546536577818271,2.5398318828203457,2.5233643982694405,2.487473203854983,2.417693908603759,2.2957692821315008,2.1022832138603644,1.8189426313994403
733,2.549999999999728,2.5499999999988994,2.549999999989291,2.5499999998921825,2.5499999989870106,2.549999991372424,2.549999934193246,2.549999553155569,2.549997307265264,2.5499856216348786,2.5499320074078677,2.549715212306116,2.548942625894715,2.546515033577502,2.539781864317734,2.5232633098550163,2.487295390032681,2.417421724519698,2.2954071037811414,2.1018660019812416,1.8185313773654745
734,2.5499999999997174,2.549999999998858,2.549999999988938,2.5499999998890015,2.549999998960375,2.549999991171522,2.549999932845652,2.5499995451718944,2.549997265662388,2.5499854314722668,2.549931246486453,2.5497125510642156,2.548934501580888,2.5464934083789834,2.539731719983733,2.523162073229319,2.487117467933164,2.417149556202721,2.2950451201830107,2.101449137404581,1.8181205088262513
735,2.5499999999997063,2.5499999999988163,2.549999999988575,2.5499999998857357,2.549999998933113,2.549999990966486,2.5499999314740878,2.5499995370668636,2.5499972235266064,2.549985239291545,2.549930479014398,2.5497098717339948,2.548926335214702,2.5464717021696766,2.5396814499145672,2.5230606887188936,2.486939438031256,2.416877403987269,2.294683331212169,2.1010326195004323,1.817710024910967
736,2.549999999999695,2.549999999998773,2.549999999988201,2.549999999882383,2.5499999989052093,2.549999990757244,2.549999930078194,2.5499995288389776,2.5499971808526225,2.549985045077113,2.5499297049543492,2.5497071742457407,2.548918126704703,2.546449914897159,2.539631054206999,2.522959156649956,2.486761300800232,2.41660526820593,2.294321736743298,2.100616447641051,1.8172999247558672
737,2.549999999999683,2.549999999998729,2.5499999999878153,2.54999999987894,2.5499999988766526,2.5499999905437205,2.5499999286576096,2.549999520486726,2.5499971376351036,2.5499848488133083,2.5499289242688747,2.5497044585297566,2.5489098759597306,2.546428046509626,2.5395805329583396,2.5228574773484196,2.486583056711821,2.4163331491894247,2.293960336650691,2.1002006212015663,1.8168902075099271
738,2.5499999999996708,2.549999999998683,2.5499999999874188,2.549999999875406,2.5499999988474285,2.5499999903258406,2.5499999272119673,2.549999512008584,2.549997093868684,2.549984650484399,2.549928136920473,2.549701724516379,2.5489015828889277,2.546406096955885,2.53952988626642,2.52275565113986,2.48640470623622,2.416061047266662,2.2935991308082837,2.0997851395587572,1.81648087232408
739,2.549999999999658,2.5499999999986356,2.5499999999870107,2.5499999998717784,2.549999998817524,2.549999990103528,2.549999925740897,2.5499995034030145,2.5499970495479602,2.5499844500745876,2.549927342871567,2.5496989721359653,2.5488932474017347,2.5463840661853605,2.5394791142296165,2.522653678349538,2.4862262498420793,2.415788962764689,2.2932381190896285,2.099370002091987,1.8160719183596894
740,2.5499999999996446,2.5499999999985863,2.54999999998659,2.5499999998680556,2.549999998786925,2.549999989876706,2.549999924244023,2.5499994946684637,2.549997004667495,2.5499842475680095,2.549926542084506,2.5496962013189033,2.5488848694078934,2.5463619541480864,2.5394282169468188,2.52255155930238,2.4860476879965288,2.4155168960087585,2.2928773013679287,2.0989552081823386,1.8156633447818025
741,2.5499999999996303,2.549999999998535,2.5499999999861567,2.549999999864235,2.549999998755616,2.549999989645295,2.5499999227209678,2.549999485803365,2.549996959221815,2.5499840429487337,2.5499257345215667,2.54969341199561,2.548876448817446,2.5463397607947056,2.5393771945174404,2.522449294322981,2.4858690211651706,2.4152448473223123,2.292516677516027,2.098540757212797,1.8152551507602324
742,2.549999999999616,2.549999999998483,2.5499999999857095,2.5499999998603142,2.549999998723584,2.549999989409216,2.549999921171347,2.5499994768061387,2.5499969132054114,2.549983836200763,2.5499249201449548,2.549690604096529,2.548867985540735,2.54631748607647,2.539326047041415,2.522346883735608,2.48569024981208,2.414972817026979,2.2921562474064103,2.098126648568372,1.814847335471799
743,2.5499999999996015,2.5499999999984286,2.54999999998525,2.5499999998562903,2.5499999986908137,2.5499999891683864,2.5499999195947716,2.5499994676751907,2.5499968666127386,2.549983627308035,2.5499240989168066,2.549687777552139,2.5488594794884074,2.5462951299452303,2.539274774619172,2.5222443278641804,2.485511374399833,2.414700805442637,2.291796010911237,2.0977128816354234,1.8144398980955347
744,2.549999999999586,2.549999999998373,2.5499999999847773,2.5499999998521616,2.549999998657291,2.5499999889227247,2.54999991799085,2.5499994584089114,2.5499968194382165,2.54998341625442,2.549923270799186,2.549684932292945,2.5488509305714087,2.5462726923534493,2.5392233773516697,2.5221416270322936,2.485332395389473,2.4144288128873366,2.291435967902302,2.097299455802472,1.8140328378175397
745,2.5499999999995704,2.5499999999983154,2.5499999999842906,2.549999999847926,2.5499999986230004,2.5499999886721487,2.549999916359185,2.5499994490056777,2.54999677167623,2.549983203023722,2.549922435754087,2.5496820682494903,2.5488423387009886,2.54625017325418,2.539171855340343,2.5220387815631873,2.485153313240563,2.4141568396774242,2.291076118251102,2.0968863704591847,1.8136261538265
746,2.549999999999553,2.5499999999982554,2.54999999998379,2.54999999984358,2.5499999985879267,2.549999988416573,2.5499999146993746,2.5499994394638517,2.549996723321127,2.549982987599679,2.5499215937434343,2.5496791853523457,2.548833703788699,2.5462275726010852,2.5391202086871494,2.5219357917797707,2.4849741284111406,2.4138848861274314,2.2907164618287745,2.096473624997255,1.8132198453167139
747,2.549999999999536,2.5499999999981937,2.5499999999832745,2.549999999839122,2.5499999985520536,2.5499999881559123,2.5499999130110127,2.5499994297817823,2.5499966743672178,2.5499827699659656,2.5499207447290853,2.5496762835321287,2.5488250257463982,2.5462048903484047,2.539068437494498,2.521832658004582,2.484794841357788,2.41361295255024,2.2903569985061982,2.0960612188094694,1.8128139114848045
748,2.549999999999519,2.5499999999981298,2.5499999999827443,2.549999999834548,2.5499999985153647,2.5499999878900796,2.549999911293688,2.549999419957804,2.549996624808779,2.549982550106187,2.549919888672824,2.5496733627194743,2.5488163044862424,2.5461821264510065,2.539016541865355,2.5217293805598504,2.4846154525355244,2.4133410392568395,2.28999772815384,2.0956491512908197,1.8124083515340588
749,2.549999999999501,2.549999999998064,2.549999999982198,2.549999999829857,2.5499999984778445,2.5499999876189867,2.5499999095469867,2.549999409990236,2.5499965746400513,2.5499823280038845,2.549919025536366,2.5496704228450615,2.548807539920693,2.5461592808643383,2.538964521903148,2.521625959767441,2.484435962397908,2.4130691465565484,2.2896386506418973,2.095237421837591,1.8120031646705026
750,2.5499999999994825,2.549999999997996,2.5499999999816367,2.549999999825045,2.5499999984394766,2.5499999873425443,2.549999907770487,2.5499993998773816,2.549996523855238,2.549982103642534,2.549918155281372,2.5496674638396213,2.548798731962524,2.546136353544414,2.538912377711724,2.521522395948829,2.4842563713970756,2.412797274757106,2.2892797658403565,2.0948260298471055,1.811598350101211
751,2.5499999999994625,2.549999999997926,2.5499999999810585,2.549999999820111,2.5499999984002435,2.5499999870606618,2.5499999059637646,2.5499993896175317,2.549996472448507,2.5499818770055453,2.549917277869419,2.5496644856338975,2.5487898805248013,2.5461133444478836,2.538860109395516,2.5214186894251953,2.4840766799835707,2.4125254241642966,2.288921073618751,2.0944149747189607,1.8111939070411474
752,2.549999999999442,2.5499999999978535,2.549999999980464,2.5499999998150513,2.549999998360129,2.5499999867732472,2.5499999041263903,2.5499993792089617,2.54999642041399,2.5499816480762623,2.5499163932620226,2.549661488158683,2.548780985520902,2.546090253531967,2.538807717059384,2.5213148405173396,2.483896888606511,2.412253595082309,2.288562573846391,2.0940042558539265,1.8107898347068947
753,2.549999999999421,2.549999999997779,2.549999999979852,2.549999999809862,2.5499999983191155,2.549999986480208,2.549999902257929,2.5499993686499307,2.54999636774578,2.5499814168379653,2.549915501420645,2.5496584713448307,2.5487720468645167,2.5460670807544346,2.538755200808584,2.5212108495456587,2.483716997713619,2.411981787813805,2.2882042663924107,2.0935938726538517,1.8103861323158232
754,2.5499999999993994,2.549999999997702,2.549999999979223,2.549999999804541,2.549999998277185,2.5499999861814495,2.5499999003579426,2.5499993579386855,2.5499963144379367,2.5499811832738675,2.5499146023066652,2.5496554351232037,2.5487630644696284,2.5460438260736997,2.538702560748962,2.521106716830258,2.483537007751019,2.4117100026594818,2.287846151125485,2.0931838245226704,1.8099827990926458
755,2.549999999999377,2.549999999997622,2.5499999999785756,2.5499999997990854,2.54999999823432,2.5499999858768767,2.5499998984259866,2.549999347073456,2.549996260484482,2.549980947367118,2.549913695881405,2.549652379424721,2.548754038250533,2.546020489448731,2.5386497969867707,2.5210024426908464,2.4833569191634313,2.4114382399184913,2.287488227914096,2.0927741108655393,1.8095798342635951
756,2.549999999999354,2.5499999999975405,2.5499999999779104,2.549999999793492,2.549999998190503,2.5499999855663913,2.5499998964616117,2.5499993360524575,2.549996205879401,2.5499807091008018,2.5499127821061305,2.54964930418036,2.548744968121838,2.5459970708390456,2.5385969096286525,2.520898027446732,2.4831767323941896,2.4111664998884708,2.2871304966265495,2.0923647310888955,1.8091772370565196
757,2.5499999999993297,2.5499999999974556,2.5499999999772265,2.5499999997877576,2.5499999981457138,2.549999985249895,2.549999894464364,2.5499993248738906,2.5499961506166415,2.549980468457937,2.5499118609420295,2.549646209321116,2.548735853998447,2.545973570204796,2.5385438987818216,2.520793471416917,2.4829964478850477,2.410894782865136,2.2867729571307276,2.0919556846009257,1.808775006704926
758,2.549999999999304,2.549999999997369,2.549999999976523,2.5499999997818796,2.5499999980999344,2.549999984927289,2.5499998924337857,2.5499993135359413,2.5499960946901172,2.5499802254214785,2.5499109323502336,2.549643094778041,2.548726695795576,2.5459499875066838,2.5384907645538863,2.520688774920004,2.48281606607637,2.410623089142683,2.2864156092943286,2.0915469708111805,1.8083731424443221
759,2.5499999999992777,2.549999999997279,2.5499999999757996,2.5499999997758542,2.549999998053146,2.5499999845984727,2.549999890369411,2.549999302036778,2.5499960380937017,2.5499799799743172,2.5499099962918197,2.5496399604822466,2.548717493428755,2.5459263227059608,2.5384375070528455,2.5205839382741946,2.482635587407137,2.410351419013795,2.2860584529848658,2.0911385891306473,1.8079716435124797
760,2.5499999999992515,2.5499999999971856,2.5499999999750558,2.5499999997696787,2.5499999980053287,2.549999984263343,2.549999888270772,2.549999290374556,2.549995980821235,2.549979732099277,2.5499090527277883,2.5496368063648664,2.5487082468138107,2.5459025757645004,2.5383841263872453,2.5204789617973717,2.482455012314772,2.410079772769286,2.2857014880694697,2.0907305389718323,1.8075705091515957
761,2.549999999999224,2.5499999999970893,2.549999999974291,2.5499999997633496,2.5499999979564625,2.5499999839217957,2.549999886137395,2.549999278547414,2.5499959228665174,2.54997948177912,2.54990810161909,2.549633632357101,2.548698955866885,2.5458787466447084,2.538330622665988,2.5203738458069984,2.482274341235351,2.4098081506985345,2.285344714415119,2.0903228197487085,1.807169738605848
762,2.5499999999991956,2.5499999999969902,2.5499999999735046,2.549999999756863,2.5499999979065273,2.549999983573726,2.5499998839687996,2.5499992665534754,2.549995864223313,2.549979228996545,2.5499071429266196,2.549630438390211,2.5486896205044323,2.5458548353095325,2.5382769959983587,2.520268590620134,2.482093574603575,2.4095365530894237,2.284988131888603,2.089915430876731,1.8067693311217792
763,2.5499999999991663,2.549999999996888,2.5499999999726963,2.5499999997502156,2.5499999978555032,2.549999983219027,2.5499998817645033,2.5499992543908485,2.549995804885351,2.549978973734181,2.5499061766111906,2.549627224395468,2.548680240643203,2.545830841722571,2.5382232464942405,2.520163196553543,2.4819127128525325,2.4092649802278574,2.284631740356294,2.0895083717727996,1.8063692859506235
764,2.549999999999136,2.549999999996783,2.5499999999718654,2.549999999743404,2.5499999978033694,2.549999982857592,2.549999879524016,2.549999242057628,2.5499957448463215,2.549978715974596,2.549905202633562,2.5496239903042044,2.5486708162002594,2.545806765847967,2.5381693742639015,2.520057663923587,2.481731756413934,2.408993432398237,2.2842755396843737,2.0891016418552963,1.8059696023460095
765,2.5499999999991045,2.549999999996675,2.5499999999710115,2.549999999736425,2.5499999977501044,2.54999998248931,2.5499998772468437,2.5499992295518896,2.5499956840998794,2.549978455700295,2.5499042209544416,2.549620736047818,2.548661347092978,2.545782607650395,2.538115379417967,2.5199519930462118,2.481550705718143,2.4087219098835257,2.283919529738854,2.0886952405440806,1.8055702795636628
766,2.549999999999072,2.549999999996563,2.549999999970134,2.549999999729274,2.5499999976956866,2.549999982114071,2.549999874932484,2.5499992168716923,2.549995622639637,2.549978192893724,2.549903231534501,2.549617461557794,2.548651833239053,2.545758367095016,2.5380612620673313,2.5198461842368984,2.4813695611942763,2.4084504129654496,2.2835637103856676,2.0882891672604944,1.8051713168604264
767,2.5499999999990384,2.549999999996448,2.5499999999692324,2.5499999997219485,2.5499999976400947,2.5499999817317622,2.549999872580434,2.5499992040150845,2.5499955604591764,2.549977927537255,2.5499022343343083,2.549614166765598,2.5486422745564687,2.545734044147707,2.538007022323621,2.519740237810903,2.4811883232696865,2.408178941923451,2.283208081490208,2.0878834214273327,1.8047727134992975
768,2.5499999999990037,2.5499999999963294,2.549999999968306,2.549999999714444,2.5499999975833068,2.5499999813422707,2.549999870190183,2.5499991909800963,2.5499954975520396,2.5499776596132,2.549901229314387,2.549610851602769,2.5486326709635247,2.5457096387748575,2.53795266029878,2.5196341540830436,2.4810069923704225,2.4079074970356222,2.282852642917741,2.087478002468872,1.8043744687449343
769,2.5499999999989673,2.549999999996207,2.5499999999673544,2.549999999706756,2.5499999975253003,2.549999980945481,2.549999867761216,2.5499991777647417,2.5499954339117314,2.5499773891038093,2.5499002164352107,2.5496075160009166,2.548623022378834,2.5456851509433855,2.537898176105107,2.519527933367722,2.4808255689211918,2.407636078578622,2.282497394533357,2.0870729098108614,1.8039765818641653
770,2.5499999999989305,2.5499999999960807,2.5499999999663765,2.5499999996988816,2.5499999974660517,2.549999980541275,2.549999865293008,2.549999164367014,2.5499953695317163,2.549977115991277,2.5498991956572334,2.5496041598917607,2.5486133287213364,2.5456605806206385,2.5378435698550588,2.5194215759788223,2.4806440533455825,2.4073646868281275,2.2821423362021496,2.0866681428805265,1.8035790521240742
771,2.549999999998892,2.5499999999959506,2.549999999965372,2.549999999690816,2.5499999974055383,2.5499999801295345,2.5499998627850347,2.5499991507848976,2.549995304405426,2.5499768402577216,2.5498981669407907,2.549600783206981,2.548603589910255,2.5456359277747267,2.5377888416619103,2.5193150822300443,2.4804624460653155,2.40709332205733,2.281787467788625,2.0862637011065597,1.8031818787983644
772,2.5499999999988527,2.549999999995816,2.54999999996434,2.5499999996825555,2.5499999973437366,2.549999979710141,2.5499998602367637,2.5499991370163593,2.5499952385262543,2.549976561885201,2.5498971302461833,2.549597385878345,2.5485938058651305,2.5456111923742464,2.537733991639205,2.5192084524346248,2.480280747500867,2.4068219845381864,2.281432789157196,2.0858595839191287,1.80278506116206
773,2.5499999999988123,2.549999999995677,2.54999999996328,2.549999999674096,2.549999997280623,2.549999979282972,2.549999857647658,2.549999123059349,2.5499951718875558,2.549976280855713,2.5498960855336588,2.5495939678376844,2.5485839765058182,2.545586374388328,2.537679019900855,2.5191016869053917,2.4800989580713577,2.406550674541191,2.2810783001720814,2.0854557907498745,1.8023885984925747
774,2.54999999999877,2.5499999999955345,2.549999999962191,2.549999999665433,2.5499999972161724,2.549999978847905,2.549999855017172,2.549999108911795,2.5499951044826434,2.5499759971512024,2.5498950327634553,2.5495905290169585,2.5485741017524983,2.5455614737864978,2.5376239265608644,2.5189947859546318,2.479917078194868,2.4062793923359984,2.2807240006975213,2.0850523210319154,1.8019924900676436
775,2.549999999998726,2.5499999999953875,2.5499999999610727,2.5499999996565617,2.549999997150361,2.549999978404815,2.5499998523447576,2.5499990945716164,2.549995036304799,2.5499757107535346,2.549893971895691,2.5495870693480827,2.5485641815256392,2.545536490539052,2.5375687117340675,2.5188877498944415,2.4797351082875894,2.4060081381897565,2.280369890597211,2.084649174199837,1.801596735170855
776,2.549999999998681,2.5499999999952365,2.5499999999599243,2.5499999996474787,2.549999997083163,2.549999977953576,2.5499998496298613,2.5499990800367156,2.549994967347266,2.549975421644519,2.5498929028904507,2.5495835887630656,2.548554215746027,2.5455114246167616,2.537513375535546,2.5187805790364504,2.479553048764499,2.4057369123684262,2.2800159697347464,2.084246349689699,1.8012013330872714
777,2.549999999998634,2.5499999999950815,2.5499999999587453,2.549999999638179,2.5499999970145533,2.5499999774940614,2.549999846871923,2.549999065304977,2.549994897603249,2.5499751298059015,2.549891825707765,2.5495800871939744,2.5485442043347595,2.5454862759909456,2.537457918080774,2.5186732736918884,2.479370900039186,2.4054657151364465,2.279662237973514,2.0838438469390343,1.8008062831045446
778,2.549999999998585,2.549999999994921,2.5499999999575347,2.5499999996286578,2.549999996944506,2.54999997702614,2.5499998440703755,2.5499990503742658,2.549994827065913,2.549974835219369,2.549890740307634,2.549576564572972,2.5485341472132528,2.545461044633381,2.537402339485451,2.5185658341715116,2.4791886625240527,2.405194546757121,2.2793086951768027,2.083441665386846,1.8004115845118747
779,2.549999999998535,2.549999999994756,2.5499999999562912,2.549999999618911,2.5499999968729954,2.5499999765496812,2.549999841224647,2.549999035242432,2.5499947557283864,2.5499745378665466,2.549889646649999,2.5495730208322773,2.548524044303232,2.5454357305164055,2.537346639865689,2.5184582607856867,2.4790063366300914,2.404923407492189,2.2789553412076757,2.083039804473606,1.8000172366012046
780,2.549999999998484,2.549999999994585,2.549999999955014,2.549999999608933,2.5499999967999942,2.5499999760645515,2.5499998383341596,2.5499990199073093,2.549994683583758,2.5499742377289984,2.549888544694751,2.5495694559041646,2.5485138955267344,2.545410333612903,2.537290819337994,2.518350553844385,2.4788239227669124,2.4046522976018676,2.27860217592898,2.0826382636412437,1.7996232387009494
781,2.5499999999984313,2.54999999999441,2.5499999999537044,2.54999999959872,2.5499999967254756,2.549999975570618,2.5499998353983293,2.549999004366715,2.5499946106250837,2.5499739347882233,2.5498874344017177,2.549565869720967,2.548503700806104,2.5453848538963086,2.5372348780192757,2.518242713657185,2.478641421342729,2.4043812173448305,2.2782491992033402,2.082237042333152,1.7992296111251742
782,2.5499999999983767,2.5499999999942298,2.549999999952359,2.5499999995882656,2.5499999966494116,2.549999975067744,2.5499998324165674,2.54999898861845,2.5499945368453756,2.5499736290256596,2.5498863157306855,2.5495622622150846,2.5484934600639995,2.5453592913405854,2.5371788160267883,2.5181347405332457,2.4784588327644217,2.4041101669783433,2.277896410893206,2.0818361399941896,1.7988363498698596
783,2.54999999999832,2.5499999999940437,2.5499999999509786,2.5499999995775675,2.549999996571775,2.54999997455579,2.5499998293882795,2.549998972660297,2.549994462237612,2.5499733204226835,2.549885188641387,2.549558633318987,2.548483173223396,2.545333645920219,2.5371226334781376,2.518026634781303,2.478276157437534,2.4038391467582407,2.277543810860844,2.081435556070686,1.79844344785321
784,2.549999999998262,2.5499999999938523,2.549999999949561,2.5499999995666176,2.5499999964925366,2.5499999740346193,2.549999826312863,2.5499989564900245,2.5499943867947312,2.549973008960612,2.549884053093514,2.5495549829652124,2.5484728402075736,2.5453079176102182,2.5370663304912804,2.517918396709685,2.4780933957662805,2.4035681569389453,2.2771913989683377,2.0810352900104094,1.7980509021346687
785,2.5499999999982017,2.549999999993655,2.5499999999481058,2.549999999555412,2.549999996411669,2.549999973504088,2.549999823189711,2.5499989401053806,2.549994310509634,2.549972694620696,2.5498829090466995,2.549551311086368,2.548462460940135,2.5452821063861304,2.5370099071845273,2.5178100266262895,2.4779105481535146,2.4032971977734228,2.276839175077582,2.0806353412626524,1.7976587107642785
786,2.5499999999981395,2.549999999993453,2.549999999946613,2.5499999995439464,2.5499999963291415,2.549999972964055,2.5499998200182117,2.5499989235040976,2.549994233375184,2.549972377384134,2.5498817564605396,2.5495476176151244,2.5484520353449716,2.5452562122239817,2.5369533636765125,2.51770152483863,2.4777276150008603,2.403026269513335,2.276487139050307,2.080235709278157,1.7972668721580336
787,2.549999999998076,2.549999999993244,2.549999999945081,2.549999999532213,2.549999996244926,2.5499999724143754,2.5499998167977442,2.5499989066838924,2.5499941553842054,2.5499720572320577,2.5498805952945776,2.5495439024842286,2.5484415633463087,2.545230235100361,2.5368967000862352,2.517592891653769,2.477544596708517,2.4027553724088313,2.2761352907480488,2.079836393509635,1.7968753850045842
788,2.5499999999980094,2.5499999999930285,2.5499999999435095,2.549999999520208,2.549999996158992,2.5499999718549,2.5499998135276836,2.549998889642463,2.5499940765294844,2.54997173414554,2.5498794255083124,2.5495401656264933,2.5484310448686696,2.54520417499235,2.536839916533019,2.5174841273783657,2.4773614936754313,2.402484506708738,2.2757836300321754,2.079437393412016,1.796484248126257
789,2.549999999997941,2.549999999992808,2.549999999941896,2.549999999507926,2.5499999960713082,2.5499999712854837,2.5499998102073986,2.5499988723774893,2.5499939968037726,2.549971408105593,2.5498782470611956,2.549536406974808,2.548420479836902,2.545178031877564,2.5367830131365356,2.5173752323186456,2.4771783062991832,2.4022136726604324,2.275432156763878,2.0790387084432,1.796093460450786
790,2.54999999999787,2.54999999999258,2.5499999999402414,2.54999999949536,2.5499999959818447,2.5499999707059753,2.549999806836251,2.5499988548866366,2.549993916199776,2.5499710790931682,2.549877059912633,2.549532626462132,2.548409868176166,2.545151805734134,2.5367259900167887,2.517266206780408,2.476995034976039,2.401942870509915,2.2750808708041723,2.078640338064648,1.795703020969673
791,2.549999999997799,2.549999999992346,2.549999999938544,2.5499999994825058,2.5499999958905697,2.549999970116221,2.5499998034135976,2.54999883716755,2.5499938347101674,2.549970747089155,2.549875864021986,2.549528824021498,2.54839920981193,2.5451254965407006,2.536668847294108,2.5171570510690304,2.476811680100968,2.4016721005018162,2.2747297720139072,2.078242281741837,1.7953129287238412
792,2.5499999999977243,2.549999999992105,2.5499999999368024,2.5499999994693563,2.5499999957974504,2.549999969516068,2.549999799938788,2.5499988192178584,2.54999375232758,2.549970412074385,2.549874659348573,2.5495249995860148,2.5483885046699757,2.545099104276413,2.536611585089148,2.5170477654894663,2.4766282420676435,2.4014013628794104,2.274378860253764,2.0778445389444093,1.7949231827965035
793,2.5499999999976475,2.5499999999918566,2.549999999935016,2.5499999994559066,2.549999995702456,2.5499999689053605,2.549999796411165,2.549998801035173,2.549993669044609,2.5499700740296296,2.5498734458516674,2.549521153088861,2.5483777526763975,2.545072628920926,2.536554203522883,2.516938350346241,2.47644472126844,2.4011306578846145,2.2740281353842615,2.0774471091459277,1.7945337823013978
794,2.5499999999975667,2.5499999999916017,2.5499999999331835,2.549999999442149,2.5499999956055523,2.549999968283942,2.5499997928300653,2.549998782617089,2.549993584853811,2.549969732935601,2.5498722234904996,2.5495172844632936,2.5483669537576024,2.545046070454403,2.5364967027166094,2.5168288059434567,2.4762611180944374,2.4008599857579886,2.273677597265753,2.0770499918240213,1.7941447263915329
795,2.549999999997484,2.549999999991339,2.5499999999313037,2.5499999994280786,2.5499999955067074,2.5499999676516523,2.549999789194821,2.5499987639611805,2.5499934997477043,2.5499693887729515,2.5498709922242586,2.5495133936426475,2.5483561078403056,2.545019428857513,2.536439082791936,2.516719132584777,2.476077432935423,2.4005893467387516,2.273327245758434,2.076653186459435,1.7937560142275573
796,2.5499999999973997,2.5499999999910683,2.5499999999293754,2.5499999994136893,2.5499999954058867,2.5499999670083286,2.549999785504757,2.549998745065007,2.5499934137187696,2.5499690415222744,2.5498697520120897,2.54950948056033,2.548345214851538,2.544992704111429,2.536381343870792,2.516609330573443,2.4758936661798936,2.400318741064773,2.2729770807223377,2.0762566925367563,1.793367645006167
797,2.549999999997312,2.5499999999907907,2.549999999927399,2.5499999993989744,2.549999995303056,2.5499999663538087,2.5499997817591895,2.5499987259261094,2.5499933267594486,2.549968691164102,2.5498685028130974,2.5495055451498296,2.5483342747186435,2.5449658961978225,2.536323486075406,2.5164994002122585,2.47570981821507,2.4000481689726043,2.272627102017348,2.075860509542785,1.7929796179219488
798,2.5499999999972225,2.5499999999905056,2.549999999925372,2.549999999383927,2.549999995198181,2.549999965687926,2.549999777957431,2.5499987065420107,2.5499932388621436,2.54996833767891,2.549867244586345,2.5495015873447104,2.5483232873692776,2.5449390050988665,2.5362655095283206,2.5163893418035963,2.475525889426887,2.3997776306974603,2.272277309503192,2.075464636967422,1.7925919321950021
799,2.5499999999971292,2.5499999999902117,2.549999999923293,2.5499999993685405,2.549999995091225,2.549999965010515,2.5499997740987865,2.5499986869102154,2.549993150019219,2.5499679810471143,2.5498659772908545,2.5494976070786186,2.548312252731409,2.5449120307972306,2.5362074143523765,2.516279155649393,2.4753418802000073,2.3995071264732473,2.271927703039452,2.0750690743024105,1.792204587050257
800,2.5499999999970333,2.5499999999899092,2.5499999999211616,2.5499999993528086,2.5499999949821532,2.549999964321406,2.549999770182553,2.54999866702821,2.5499930602230005,2.549967621249072,2.5498647008856103,2.5494936042852783,2.548301170733318,2.544884973276077,2.5361492006707143,2.5161688420511505,2.475157790917827,2.3992366565325653,2.2715782824855695,2.074673821041379,1.7918175817268929
801,2.5499999999969347,2.549999999989598,2.5499999999189766,2.549999999336724,2.5499999948709293,2.549999963620426,2.549999766208023,2.5499986468934637,2.549992969465776,2.5499672582650805,2.5498634153295563,2.549489578898493,2.548290041303597,2.5448578325190656,2.5360908686067742,2.516058401309938,2.474973621962471,2.3989662211067038,2.271229047700841,2.0742788766799545,1.7914309154745642
802,2.549999999996833,2.5499999999892786,2.549999999916736,2.5499999993202804,2.549999994757517,2.549999962907403,2.549999762174481,2.5499986265034287,2.549992877739794,2.549966892075382,2.549862120581598,2.549485530852154,2.54827886437115,2.544830608510338,2.5360324182842744,2.5159478337263774,2.4747893737148203,2.3986958204256847,2.270879998544455,2.0738842407141305,1.791044587548261
803,2.549999999996728,2.5499999999889504,2.54999999991444,2.5499999993034694,2.549999994641878,2.5499999621821607,2.5499997580812064,2.5499986058555377,2.549992785037266,2.549966522660158,2.549860816600601,2.549481460080225,2.548267639865194,2.54480330123454,2.535973849827251,2.515837139600665,2.4746050465544642,2.3984254547181867,2.2705311348754305,2.0734899126431334,1.7906585972190094
804,2.5499999999966203,2.549999999988613,2.5499999999120857,2.5499999992862845,2.549999994523975,2.549999961444522,2.54999975392747,2.5499985849472044,2.549992691350362,2.5499661499995327,2.5498595033453957,2.5494773665167596,2.5482563677152568,2.544775910676794,2.5359151633600057,2.515726319232549,2.4744206408597638,2.398155124211651,2.270182456552702,2.073095891965996,1.7902729437591989
805,2.5499999999965093,2.5499999999882657,2.549999999909673,2.5499999992687186,2.5499999944037692,2.549999960694308,2.5499997497125366,2.549998563775826,2.549992596671215,2.5499657740735726,2.549858180774773,2.5494732500958905,2.548245047851181,2.5447484368227102,2.5358563590071315,2.51561537292134,2.474236157007823,2.397884829132233,2.2698339634350844,2.0727021781829738,1.7898876264490495
806,2.5499999999963943,2.549999999987909,2.5499999999071994,2.549999999250764,2.5499999942812215,2.5499999599313368,2.549999745435665,2.54999854233878,2.549992500991921,2.549965394862286,2.5498568488474853,2.549469110751833,2.5482336802031185,2.5447208796583944,2.5357974368935174,2.5155043009659126,2.474051595374479,2.3976145697047806,2.2694856553812515,2.0723087707963215,1.789502644580282
807,2.5499999999962766,2.549999999987542,2.5499999999046645,2.549999999232414,2.549999994156293,2.5499999591554245,2.549999741096105,2.549998520633426,2.5499924043045334,2.5499650123456252,2.5498555075222566,2.5494649484188963,2.5482222647015336,2.544693239170409,2.535738397144291,2.515393103664684,2.4738669563343767,2.3973443461529675,2.2691375322498666,2.0719156693071503,1.7891179974399007
808,2.549999999996155,2.5499999999871643,2.549999999902067,2.5499999992136595,2.5499999940289437,2.549999958366385,2.5499997366931018,2.5499984986571063,2.5499923066010703,2.5499646265034843,2.5498541567577657,2.5494607630314636,2.5482108012772033,2.544665515345826,2.5356792398849035,2.515281781315645,2.4736822402608625,2.397074158699107,2.2687895938993963,2.071522873219414,1.7887336843313126
809,2.549999999996029,2.549999999986776,2.5499999998994056,2.5499999991944935,2.549999993899132,2.549999957564031,2.5499997322258925,2.549998476407143,2.5499922078735096,2.5499642373157005,2.5498527965126643,2.5494565545240127,2.5481992898612145,2.544637708172171,2.535619965241038,2.5151703342163305,2.4734974475260976,2.39680400756435,2.2684418401883186,2.071130382036497,1.7883497045558703
810,2.5499999999959,2.549999999986378,2.5499999998966785,2.549999999174908,2.549999993766818,2.549999956748171,2.549999727693707,2.5499984538808405,2.5499921081137904,2.549963844762053,2.549851426745566,2.5494523228311032,2.5481877303849663,2.544609817637457,2.535560573338664,2.5150587626638354,2.4733125785009897,2.396533892968565,2.268094270974993,2.0707381952629005,1.7879660574221488
811,2.549999999995767,2.549999999985969,2.549999999893884,2.5499999991548936,2.5499999936319586,2.5499999559186133,2.54999972309577,2.5499984310754846,2.5499920073138145,2.5499634488222656,2.5498500474150485,2.549448067887383,2.5481761227801694,2.5445818437301755,2.5355010643040243,2.5149470669548104,2.4731276335552126,2.3962638151303723,2.2677468861176995,2.070346312404056,1.787582742244646
812,2.54999999999563,2.549999999985548,2.5499999998910203,2.549999999134444,2.549999993494512,2.549999955075164,2.549999718431296,2.5499984079883427,2.5499919054654434,2.549963049476007,2.549848658479662,2.5494437896275928,2.548164466978847,2.5445537864392733,2.535441438263598,2.5148352473854505,2.472942613057257,2.3959937742672253,2.267399685474736,2.0699547329656456,1.7871997583395065
813,2.549999999995489,2.5499999999851157,2.5499999998880862,2.5499999991135507,2.5499999933544353,2.549999954217627,2.549999713699495,2.5499983846166634,2.5499918025605,2.5499626467028857,2.549847259897916,2.549439487986553,2.5481527629133325,2.544525645754192,2.5353816953441624,2.5147233042515147,2.4727575173743417,2.3957237705952665,2.2670526689042423,2.0695634564544543,1.78681710503054
814,2.549999999995344,2.5499999999846716,2.5499999998850806,2.5499999990922038,2.5499999932116846,2.5499999533458007,2.5499997088995694,2.549998360957675,2.549991698590769,2.5499622404824596,2.5498458516283007,2.549435162899189,2.548141010516267,2.5444974216647998,2.5353218356726863,2.5146112378482948,2.4725723468725542,2.3954538043295655,2.266705836264473,2.069172482377699,1.7864347816413377
815,2.5499999999951948,2.5499999999842156,2.549999999882002,2.549999999070395,2.5499999930662165,2.5499999524594856,2.549999704030713,2.549998337008588,2.5499915935479947,2.5499618307942256,2.549844433629261,2.549430814300501,2.5481292097206083,2.544469114161476,2.5352618593764618,2.5144990484706526,2.4723871019166856,2.3951838756838346,2.2663591874134847,2.068781810243469,1.7860527875038223
816,2.5499999999950407,2.5499999999837466,2.549999999878849,2.549999999048116,2.5499999929179857,2.5499999515584784,2.549999699092115,2.549998312766596,2.5499914874238843,2.5499614176176246,2.5498430058592114,2.5494264421255792,2.5481173604596226,2.5444407232350654,2.5352017665830324,2.5143867364130013,2.4722017828703167,2.3949139848705787,2.266012722209298,2.0683914395605383,1.7856711219538521
817,2.5499999999948817,2.549999999983265,2.5499999998756198,2.5499999990253572,2.549999992766947,2.549999950642573,2.5499996940829543,2.549998288228871,2.5499913802101055,2.549961000932046,2.549841568276543,2.5494220463096156,2.5481054626668844,2.544412248876845,2.5351415574201432,2.5142743019692877,2.472016390095891,2.3946441321012117,2.2656664405100058,2.0680013698383153,1.7852897843278122
818,2.5499999999947187,2.5499999999827705,2.5499999998723117,2.5499999990021105,2.549999992613054,2.54999994971156,2.549999689002405,2.549998263392566,2.5499912718982882,2.5499605807168235,2.5498401208396193,2.549417626787895,2.5480935162762797,2.544383691078549,2.5350812320157794,2.514161745433007,2.47183092395466,2.394374317585968,2.2653203421736854,2.0676116005868956,1.7849087739652794
819,2.5499999999945504,2.5499999999822625,2.549999999868924,2.549999998978366,2.5499999924562613,2.5499999487652314,2.5499996838496326,2.549998238254817,2.5499911624800222,2.5499601569512302,2.549838663506758,2.5494131834957785,2.548081521222007,2.544355049832422,2.535020790498247,2.5140490670972233,2.471645384806575,2.3941045415337254,2.26497442705824,2.0672221313171546,1.7845280902140506
820,2.5499999999943777,2.549999999981741,2.5499999998654546,2.549999998954114,2.54999999229652,2.549999947803373,2.549999678623796,2.5499982128127403,2.5499910519468587,2.5499597296144874,2.549837196236255,2.5494087163687276,2.548069477438575,2.544326325131144,2.534960232996058,2.513936267254538,2.471459773010443,2.3938348041522604,2.2646286950216217,2.066832961540663,1.7841477324230255
821,2.5499999999941996,2.5499999999812055,2.549999999861902,2.5499999989293465,2.5499999921337837,2.5499999468257695,2.549999673324045,2.549998187063431,2.5499909402903107,2.549959298685767,2.549835718986396,2.5494042253423213,2.548057384860796,2.544297516967781,2.5348995596378576,2.5138233461970696,2.4712740889240252,2.3935651056484066,2.2642831459219415,2.0664440907698256,1.7837676999386092
822,2.5499999999940166,2.5499999999806553,2.549999999858264,2.5499999989040525,2.549999991968003,2.549999945832204,2.5499996679495243,2.5499981610039666,2.5499908275018512,2.5499588641441777,2.5498342317154115,2.549399710352198,2.5480452434238003,2.5442686253359534,2.5348387705526774,2.5137103042165245,2.4710883329036917,2.3932954462274947,2.2639377796170512,2.066055518517609,1.7833879921183544
823,2.549999999993828,2.54999999998009,2.549999999854539,2.549999998878223,2.5499999917991287,2.549999944822457,2.5499996624993697,2.549998134631407,2.5499907135729156,2.5499584259687755,2.5498327343815097,2.5493951713341003,2.548033053063026,2.544239650229711,2.5347778658697457,2.5135971416041434,2.4709025053046814,2.3930258260937736,2.263592595964856,2.0656672442977433,1.7830086083207275
824,2.5499999999936342,2.54999999997951,2.5499999998507255,2.549999998851847,2.549999991627111,2.549999943796305,2.5499996569727092,2.5499981079427885,2.549990598494899,2.5499579841385693,2.549831226942893,2.5493906082238893,2.5480208137142135,2.544210591643483,2.5347168457184135,2.5134838586506834,2.4707166064812034,2.392756245450576,2.2632475948233695,2.065279267625163,1.7826295479030594
825,2.5499999999934344,2.5499999999789145,2.549999999846821,2.549999998824915,2.5499999914519003,2.549999942753523,2.5499996513686645,2.5499980809351315,2.5499904822591586,2.549957538632507,2.5498297093577174,2.549386020957499,2.5480085253134193,2.544181449572212,2.534655710228357,2.513370455646471,2.4705306367861586,2.392486704499866,2.2629027760504905,2.064891588015191,1.7822508102292387
826,2.5499999999932292,2.5499999999783034,2.549999999842824,2.5499999987974156,2.549999991273445,2.549999941693885,2.5499996456863494,2.5499980536054365,2.5499903648570124,2.549957089429482,2.549828181584112,2.5493814094709606,2.547996187797009,2.5441522240112953,2.5345944595294876,2.513256932881378,2.4703445965712643,2.39221720344244,2.2625581395041054,2.064504204983904,1.7818723946662725
827,2.549999999993018,2.549999999977676,2.5499999998387333,2.5499999987693394,2.5499999910916924,2.5499999406171607,2.549999639924869,2.549998025950683,2.549990246279739,2.5499566365083384,2.5498266435801886,2.5493767737004123,2.547983801101654,2.544122914956537,2.534533093751883,2.513143290644806,2.470158486187148,2.391947742478083,2.262213685042125,2.064117118048506,1.7814943005824282
828,2.5499999999928002,2.549999999977032,2.549999999834545,2.5499999987406756,2.5499999909065907,2.549999939523118,2.5499996340833206,2.5499979979678318,2.5499901265185794,2.549956179847868,2.549825095304041,2.5493721135820984,2.547971365164332,2.5440935224041676,2.5344716130258136,2.51302952922569,2.469972305983314,2.391678321805508,2.261869412522465,2.063730326727197,1.7811165273480616
829,2.549999999992577,2.549999999976371,2.5499999998302587,2.549999998711414,2.5499999907180864,2.5499999384115224,2.549999628160795,2.549997969653824,2.549990005564734,2.5499557194268037,2.549823536713719,2.5493674290523387,2.547958879922336,2.5440640463509205,2.534410017481859,2.51291564891253,2.469786056307979,2.3914089416220947,2.2615253218029934,2.063343830538499,1.7807390743384497
830,2.5499999999923473,2.549999999975693,2.5499999998258716,2.5499999986815434,2.5499999905261257,2.549999937282137,2.5499996221563754,2.5499979410055826,2.5499898834093675,2.5499552552238267,2.5498219677672576,2.5493627200475633,2.5479463453132634,2.5440344867939424,2.5343483072507706,2.5128016499933565,2.469599737508264,2.391139602124197,2.2611814127415837,2.0629576290020433,1.7803619409305653
831,2.5499999999921106,2.5499999999749967,2.5499999998213814,2.5499999986510513,2.5499999903306536,2.5499999361347205,2.549999616069134,2.5499979120200056,2.549989760043601,2.5499547872175783,2.5498203884226966,2.5493579865043317,2.5479337612750084,2.544004843730714,2.5342864824633633,2.5126875327557077,2.4694133499303454,2.3908703035073926,2.2608376851961,2.062571721639144,1.7799851265011777
832,2.549999999991867,2.549999999974282,2.5499999998167864,2.5499999986199273,2.549999990131615,2.549999934969031,2.5499996098981392,2.5499978826939778,2.5499896354585205,2.5499543153866275,2.549818798638007,2.5493532283592546,2.5479211277457914,2.5439751171593135,2.5342245432508945,2.5125732974867128,2.469226893918927,2.39060104596562,2.2604941390243947,2.06218610797075,1.7796086304340701
833,2.549999999991617,2.5499999999735485,2.5499999998120844,2.5499999985881603,2.5499999899289536,2.549999933784825,2.549999603642451,2.549997853024361,2.5499895096451715,2.549953839709498,2.54981719837115,2.5493484455490574,2.5479084446641345,2.5439453070782063,2.5341624897447583,2.5124589444730248,2.469040369817663,2.3903318296918727,2.260150774084312,2.0618007875190907,1.7792324521142386
834,2.5499999999913596,2.549999999972796,2.5499999998072727,2.549999998555738,2.5499999897226133,2.5499999325818545,2.5499995973011202,2.549997823008,2.5499893825945614,2.5499533601646585,2.5498155875800625,2.5493436380105634,2.5478957119688688,2.543915413486302,2.5341003220765694,2.512344474000839,2.468853777969047,2.390062654878013,2.2598075902336863,2.0614157598072387,1.7788565909294396
835,2.549999999991095,2.5499999999720235,2.5499999998023495,2.5499999985226487,2.5499999895125356,2.5499999313598685,2.5499995908731883,2.549997792641713,2.5499892542976577,2.5499528767305413,2.5498139662226977,2.54933880568074,2.5478829295991163,2.5438854363828027,2.5340380403779474,2.512229886355846,2.4686671187147144,2.3897935217152604,2.259464587330316,2.061031024360096,1.7784810462662508
836,2.5499999999908227,2.5499999999712313,2.5499999997973126,2.5499999984888806,2.5499999892986627,2.549999930118614,2.54999958435769,2.549997761922304,2.5499891247453896,2.5499523893855147,2.5498123342569583,2.549333948496625,2.547870097494318,2.543855375767446,2.53397564478086,2.5121151818233076,2.4684803923949556,2.389524430393409,2.2591217652320053,2.060646580702811,1.77810581751639
837,2.5499999999905434,2.5499999999704186,2.5499999997921594,2.549999998454421,2.549999989080936,2.5499999288578357,2.5499995777536544,2.549997730846558,2.5499889939286473,2.5499518981078895,2.5498106916407095,2.5493290663953405,2.547857215594228,2.543825231640451,2.5339131354175533,2.5120003606880377,2.468293599348815,2.3892553811009867,2.2587791237965558,2.0602624283610957,1.7777309040754394
838,2.549999999990256,2.549999999969585,2.549999999786888,2.5499999984192576,2.549999988859295,2.5499999275772764,2.5499995710601002,2.5499976994112368,2.5499888618382824,2.5499514028759283,2.549809038331806,2.549324159314121,2.5478442838389035,2.5437950040024355,2.5338505124204245,2.5118854232343804,2.4681067399142718,2.388986374025543,2.258436662881751,2.059878566861819,1.7773563053404895
839,2.5499999999899607,2.5499999999687306,2.549999999781496,2.5499999983833788,2.5499999886336804,2.5499999262766755,2.5499995642760402,2.549997667613085,2.5499887284651077,2.549950903667842,2.5498073742880827,2.549319227190306,2.5478313021687087,2.543764692854438,2.5337877759220597,2.511770369746213,2.4679198144281864,2.3887174093535695,2.2580943823453605,2.0594949957328272,1.7769820207108455
840,2.5499999999896574,2.5499999999678535,2.5499999997759795,2.5499999983467703,2.549999988404029,2.549999924955769,2.5499995574004743,2.5499976354488214,2.5499885937998976,2.5499504004618023,2.5498056994673863,2.5493142699613727,2.547818270524297,2.5437342981978106,2.5337249260550774,2.5116552005069193,2.467732823226525,2.388448487270854,2.2577522820451117,2.0591117145036137,1.7766080493438814
841,2.5499999999893457,2.549999999966954,2.549999999770337,2.5499999983094197,2.54999998817028,2.549999923614289,2.5499995504323953,2.5499976029151465,2.5499884578333862,2.54994989323593,2.549804013827537,2.549309287564894,2.547805188846634,2.5437038200343536,2.533661962952324,2.5115399157994234,2.4675457666440788,2.3881796079620314,2.2574103618387156,2.058728722704432,1.7762343732182375
842,2.5499999999890246,2.549999999966032,2.5499999997645655,2.5499999982713146,2.5499999879323694,2.5499999222519683,2.549999543370793,2.549997570008744,2.5499883205562694,2.5499493819682826,2.5498023173263147,2.549304279938528,2.5477920570769976,2.5436732583663564,2.5335988867469323,2.511424515906207,2.467358645014384,2.3879107716104557,2.257068621583875,2.058346019866071,1.7758609938481447
843,2.5499999999886955,2.5499999999650855,2.5499999997586626,2.5499999982324404,2.5499999876902346,2.549999920868533,2.5499995362146417,2.549997536726274,2.549988181959204,2.5499488666368735,2.5498006099214954,2.549299247020047,2.5477788751569688,2.543642613196494,2.533535697572167,2.511309001109275,2.4671714586699327,2.3876419783985443,2.256727061138271,2.0579636055205235,1.7754879165283364
844,2.5499999999883567,2.5499999999641147,2.549999999752628,2.5499999981927846,2.5499999874438104,2.5499999194637106,2.5499995289629127,2.5499975030643776,2.5499880420328087,2.5499483472196633,2.5497988915708323,2.549294188747336,2.5477656430284408,2.5436118845278677,2.5334723955614806,2.5111933716901516,2.466984207942077,2.387373228507639,2.2563856803595614,2.0575814792007936,1.77511514245337
845,2.549999999988008,2.5499999999631204,2.549999999746454,2.549999998152332,2.549999987193031,2.549999918037222,2.549999521614565,2.549997469019675,2.5499879007676607,2.549947823694564,2.5497971622320663,2.5492891050583837,2.5477523606336114,2.543581072363992,2.5334089808484963,2.5110776279298954,2.466796893161079,2.387104522118059,2.2560444791053835,2.0571996404408632,1.7747426721535324
846,2.5499999999876515,2.549999999962101,2.5499999997401424,2.54999999811107,2.549999986937831,2.5499999165887863,2.5499995141685545,2.5499974345887666,2.5499877581543027,2.549947296039443,2.5497954218629237,2.5492839958912787,2.5477390279149517,2.543550176708743,2.5333454535669935,2.510961770109148,2.4666095146562195,2.3868358594092114,2.2557034572333534,2.0568180887754957,1.7743705058341366
847,2.5499999999872847,2.549999999961055,2.5499999997336875,2.5499999980689836,2.5499999866781438,2.5499999151181214,2.5499995066238244,2.5499973997682326,2.5499876141832396,2.549946764232113,2.549793670421113,2.5492788611842188,2.547725644815245,2.5435191975664244,2.5332818138509268,2.5108457985080648,2.46642207275565,2.386567240559444,2.2553626146010632,2.056436823740181,1.7739986434433428
848,2.5499999999869067,2.549999999959982,2.5499999997270875,2.549999998026058,2.5499999864139005,2.549999913624942,2.549999498979309,2.549997364554633,2.5499874688449338,2.54994622825034,2.5497919078643294,2.5492737008755233,2.547712211277604,2.543488134941777,2.5332180618344298,2.5107297134062954,2.466234567786347,2.3862986657460143,2.2550219510660807,2.0560558448707478,1.7736270847985718
849,2.549999999986519,2.549999999958883,2.54999999972034,2.549999997982279,2.549999986145033,2.5499999121089556,2.549999491233934,2.5499973289444964,2.5499873221297937,2.5499456880718196,2.549790134150247,2.5492685149036527,2.5476987272455385,2.543456988840071,2.533154197651854,2.5106135150828774,2.4660470000738672,2.3860301351448605,2.254681466485941,2.0556751517026535,1.7732558296375933
850,2.5499999999861207,2.5499999999577563,2.549999999713442,2.549999997937633,2.5499999858714717,2.549999910569873,2.5499994833866215,2.549997292934352,2.5499871740282254,2.5499451436742437,2.549788349236541,2.5492633032070864,2.5476851926626054,2.5434257592666403,2.533090221437575,2.5104972038167728,2.4658593699435998,2.3857616489317675,2.254341160718173,2.055294743770886,1.7728848777002617
851,2.5499999999857117,2.549999999956601,2.5499999997063902,2.5499999978921037,2.5499999855931463,2.549999909007399,2.5499994754362834,2.549997256520698,2.5499870245305787,2.549944595035235,2.549786553080865,2.5492580657244552,2.547671607472783,2.543394446227379,2.5330261333261923,2.5103807798862916,2.4656716777194325,2.385493207281125,2.2540010336202716,2.0549146206096216,1.7725142286500724
852,2.5499999999852916,2.5499999999554177,2.5499999996991813,2.549999997845675,2.5499999853099853,2.5499999074212343,2.5499994673818143,2.549997219699999,2.5499868736271414,2.5499440421323354,2.5497847456408533,2.5492528023945753,2.5476579716205507,2.5433630497288404,2.532961933452568,2.5102642435689666,2.465483923723477,2.3852248103656883,2.2536610850496905,2.0545347817509603,1.7721438820957296
853,2.54999999998486,2.549999999954205,2.5499999996918117,2.549999997798332,2.549999985021917,2.549999905811082,2.5499994592221147,2.54999718246873,2.5499867213082195,2.549943484943113,2.5497829268741463,2.5492475131562076,2.5476442850502354,2.5433315697773757,2.532897621951481,2.510147595142566,2.465296108278388,2.3849564583587126,2.2533213148638946,2.054155226727502,1.7717738376729542
854,2.5499999999844176,2.5499999999529614,2.549999999684279,2.5499999977500605,2.5499999847288684,2.5499999041766332,2.549999450956064,2.549997144823311,2.549986567564014,2.5499429234450033,2.5497810967383514,2.5492421979484137,2.5476305477069774,2.543300006380412,2.532833198958136,2.5100308348835907,2.4651082317039275,2.3846881514307903,2.252981722920278,2.053775955068746,1.7714040949391738
855,2.549999999983963,2.549999999951687,2.5499999996765803,2.549999997700843,2.549999984430765,2.549999902517584,2.5499994425825396,2.5499971067601614,2.549986412384731,2.5499423576154507,2.54977925519108,2.549236856710244,2.5476167595358836,2.5432683595453236,2.532768664607703,2.509913963068593,2.4649202943199993,2.384419889752649,2.2526423090762355,2.0533969663050367,1.7710346534856998
856,2.549999999983496,2.5499999999503813,2.5499999996687124,2.5499999976506635,2.549999984127533,2.549999900833624,2.5499994341004086,2.5499970682756747,2.549986255760525,2.549941787431835,2.549777402189926,2.549231489380898,2.5476029204824613,2.543236629280013,2.5327040190355667,2.5097969799735025,2.4647322964450797,2.3841516734937027,2.2523030731891285,2.0530182599649387,1.7706655128575863
857,2.549999999983016,2.5499999999490437,2.5499999996606713,2.549999997599506,2.549999983819096,2.5499998991244395,2.549999425508529,2.549997029366223,2.5499860976815105,2.5499412128714867,2.549775537692474,2.549226095899691,2.5475890304925275,2.5432048155927824,2.532639262377256,2.5096798858737617,2.464544238396565,2.3838835028223793,2.2519640151162865,2.0526398355772373,1.7702966726010392
858,2.549999999982523,2.5499999999476723,2.549999999652453,2.5499999975473524,2.549999983505378,2.549999897389715,2.5499994168057465,2.549996990028155,2.5499859381377634,2.549940633911689,2.5497736616563,2.549220676206056,2.5475750895122062,2.543172918492331,2.532574394768444,2.50956268104433,2.464356120490777,2.383615377906133,2.2516251347150105,2.0522616926709447,1.7699281322645108
859,2.5499999999820173,2.5499999999462677,2.5499999996440548,2.549999997494187,2.549999983186301,2.5499998956291314,2.5499994079909016,2.549996950257802,2.549985777119322,2.5499400505296776,2.549771774038968,2.5492152302395366,2.5475610974879164,2.543140937987744,2.5325094163449564,2.5094453657597113,2.4641679430429964,2.3833472989114557,2.2512864318425745,2.0518838307739102,1.769559891366112
860,2.549999999981498,2.5499999999448284,2.5499999996354736,2.549999997439992,2.5499999828617868,2.549999893842365,2.549999399062826,2.5499969100514717,2.549985614616186,2.5499394627026457,2.5497698747980366,2.549209757939792,2.5475470543663645,2.543108874088466,2.5324443272427306,2.509327940293944,2.463979706367521,2.383079266003971,2.250947906356213,2.0515062494175873,1.7691919494508663
861,2.549999999980966,2.5499999999433545,2.549999999626706,2.5499999973847514,2.549999982531755,2.5499998920290907,2.5499993900203406,2.549996869405452,2.549985450618314,2.5499388704077357,2.549767963891052,2.549204259246596,2.547532960094573,2.543076726804363,2.532379127597877,2.5092104049205797,2.463791410777518,2.382811279348248,2.2506095581131382,2.0511289481305943,1.7688243060308866
862,2.54999999998042,2.5499999999418446,2.5499999996177483,2.549999997328446,2.5499999821961263,2.54999989018898,2.5499993808622587,2.549996828316009,2.549985285115631,2.5499382736220477,2.549766041275559,2.5491987340998357,2.5475188146198393,2.5430444961456327,2.532313817546602,2.509092759912727,2.463603056585232,2.3825433391080497,2.2502713869705118,2.0507519264461593,1.7684569606331955
863,2.549999999979859,2.549999999940298,2.5499999996085956,2.5499999972710587,2.5499999818548185,2.549999888321701,2.5499993715873837,2.549996786779388,2.549985118098021,2.5499376723226352,2.5497641069090897,2.5491931824395127,2.5475046178897705,2.543012182122882,2.5322483972252705,2.508975005543012,2.463414644101811,2.382275445446128,2.2499333927854708,2.050375183896267,1.76808991277209
864,2.549999999979283,2.5499999999387133,2.549999999599245,2.5499999972125713,2.5499999815077494,2.5499998864269187,2.549999362194511,2.5499967447918133,2.5499849495553306,2.5499370664865064,2.549762160749171,2.5491876042057466,2.5474903698522664,2.5429797847470845,2.532182866770369,2.5088571420835923,2.4632261736374,2.382007598524337,2.2495955754151016,2.04999872001501,1.7677231619609488
865,2.5499999999786924,2.549999999937091,2.5499999995896925,2.5499999971529648,2.549999981154837,2.549999884504294,2.5499993526824243,2.549996702349487,2.5499847794773687,2.5499364560906246,2.5497602027533253,2.549181999338772,2.5474760704555215,2.5429473040295822,2.532117226318505,2.50873916980616,2.463037645501134,2.3817397985036273,2.249257934716439,2.049622534338358,1.7673567077115988
866,2.5499999999780862,2.5499999999354293,2.5499999995799345,2.54999999709222,2.5499999807959965,2.5499998825534855,2.549999343049901,2.549996659448592,2.549984607853905,2.549935841111908,2.5497582328790673,2.549176367778942,2.547461719648028,2.5429147399820997,2.5320514760064228,2.5086210889819327,2.4628490600011057,2.3814720455440086,2.248920470546473,2.049246626402828,1.7669905495322336
867,2.5499999999774636,2.5499999999337275,2.549999999569967,2.5499999970303198,2.5499999804311413,2.5499998805741484,2.5499993332957067,2.549996616085286,2.54998443467467,2.54993522152723,2.5497562510839145,2.549170709466736,2.5474473173785777,2.5428820926167166,2.531985615970959,2.5085028998816408,2.4626604174444178,2.381204339804626,2.248583182762075,2.0488709957476483,1.7666246869358946
868,2.5499999999768255,2.5499999999319845,2.549999999559786,2.5499999969672436,2.549999980060186,2.549999878565934,2.5499993234186005,2.5499965722557096,2.5499842599293583,2.549934597313417,2.5497542573253646,2.5491650243427335,2.5474328635962546,2.5428493619459136,2.5319196463491274,2.508384602775572,2.46247171813711,2.3809366814436284,2.2482460712201746,2.048495641911627,1.7662591194219277
869,2.5499999999761704,2.5499999999301997,2.549999999549388,2.5499999969029723,2.549999979683044,2.5499998765284912,2.5499993134173304,2.5499965279559804,2.5499840836076255,2.5499339684472506,2.549752251560914,2.5491593123476357,2.54741835825044,2.5428165479825386,2.531853567278054,2.508266197933534,2.4622829623842137,2.380669070618268,2.247909135777619,2.0481205644354588,1.7658938464906262
870,2.549999999975499,2.549999999928372,2.5499999995387683,2.549999996837486,2.549999979299627,2.549999874461465,2.549999303290635,2.549996483182194,2.5499839056990874,2.5499333349054725,2.5497502337480635,2.549153573422273,2.5474038012908085,2.5427836507397843,2.5317873788949496,2.508147685624852,2.4620941504897877,2.380401507484961,2.2475723762911155,2.0477457628623283,1.7655288676490135
871,2.5499999999748093,2.5499999999265004,2.549999999527923,2.5499999967707647,2.549999978909844,2.5499998723644963,2.549999293037244,2.5499964379304223,2.5499837261933225,2.549932696664781,2.5497482038443153,2.549147807507599,2.5473891926673304,2.542750670231191,2.531721081337114,2.508029066118372,2.4619052827569163,2.3801339921992763,2.2472357926172464,2.0473712367377455,1.765164182409509
872,2.5499999999741023,2.549999999924585,2.5499999995168467,2.549999996702788,2.5499999785136063,2.5499998702372246,2.5499992826558784,2.5499963921967206,2.549983545079871,2.5499320537018226,2.549746161807147,2.549142014544667,2.547374532330275,2.5427176064707298,2.531654674742056,2.5079103396824913,2.461716359487563,2.3798665249157076,2.246899384612712,2.0469969856063495,1.7647997902645953
873,2.5499999999733767,2.549999999922624,2.5499999995055362,2.5499999966335354,2.549999978110822,2.5499998680792846,2.549999272145249,2.54999634597712,2.549983362348235,2.549931405993202,2.549744107594039,2.549136194474654,2.547359820230207,2.5426844594727203,2.5315881592473746,2.5077915065851264,2.461527380982715,2.379599105787903,2.246563152134085,2.0466230090151383,1.7644356907124215
874,2.5499999999726324,2.549999999920616,2.5499999994939873,2.549999996562986,2.549999977701398,2.5499998658903076,2.5499992615040568,2.5499962992676286,2.54998317798788,2.549930753515489,2.5497420411624887,2.5491303472388758,2.547345056317971,2.5426512292517796,2.5315215349906963,2.5076725670937137,2.4613383475424877,2.379331734968803,2.2462270950377032,2.046249306514276,1.76407188326336
875,2.5499999999718694,2.5499999999185614,2.5499999994821945,2.549999996491119,2.549999977285242,2.5499998636699215,2.5499992507309925,2.5499962520642336,2.5499829919882324,2.5499300962452067,2.5497399624699857,2.549124472778763,2.54733024054471,2.542617915822905,2.531454802109783,2.507553521475217,2.4611492594659623,2.3790644126104086,2.2458912131798687,2.0458758776551447,1.7637083674243936
876,2.549999999971087,2.549999999916458,2.549999999470154,2.5499999964179123,2.5499999768622588,2.5499998614177506,2.5499992398247393,2.5499962043629023,2.54998280433868,2.5499294341588286,2.549737871473999,2.549118571035851,2.5473153728618727,2.542584519201515,2.5313879607425838,2.507434369996138,2.4609601170511057,2.378797138863679,2.245555506416943,2.0455027219894033,1.7633451426915647
877,2.5499999999702854,2.5499999999143053,2.54999999945786,2.5499999963433444,2.5499999764323533,2.549999859133417,2.549999228783971,2.5499961561595788,2.549982615028572,2.5499287672327857,2.549735768132004,2.5491126419518015,2.547300453221197,2.5425510394033646,2.5313210110271256,2.5073151129225018,2.460770920594936,2.3785299138787535,2.2452199746051487,2.0451298390709516,1.7629822085657287
878,2.5499999999694625,2.549999999912102,2.5499999994453098,2.549999996267393,2.5499999759954277,2.549999856816537,2.5499992176073474,2.5499961074501845,2.549982424047223,2.549928095443483,2.549733652401502,2.5491066854684212,2.5472854815746864,2.542517476444463,2.531253953101418,2.507195750519859,2.460581670393691,2.3782627378051746,2.2448846176004493,2.0447572284559428,1.7626195645574596
879,2.549999999968619,2.549999999909847,2.5499999994324973,2.5499999961900364,2.5499999755513842,2.549999854466724,2.5499992062935224,2.54999605823062,2.5499822313839067,2.5499274187672687,2.5497315242399714,2.5491007015276197,2.5472704578746606,2.5424838303412596,2.531186787103677,2.5070762830532902,2.4603923667424517,2.3779956107913907,2.244549435258862,2.0443848897016523,1.7622572101699074
880,2.549999999967754,2.549999999907539,2.5499999994194185,2.549999996111252,2.5499999751001248,2.5499998520835905,2.5499991948411402,2.5499960084967643,2.549982037027859,2.549926737180448,2.5497293836048853,2.5490946900714233,2.547255382073732,2.5424501011105742,2.531119513172237,2.506956710787404,2.4602030099352845,2.3777285329849422,2.2442144274363383,2.04401282236691,1.761895144905317
881,2.5499999999668668,2.549999999905177,2.5499999994060683,2.549999996031016,2.5499999746415485,2.549999849666742,2.549999183248835,2.549995958244476,2.5499818409682784,2.549926050659285,2.5497272304537213,2.5490886510419855,2.547240254124804,2.5424162887695663,2.5310521314455205,2.506837033986335,2.4600136002653037,2.3774615045325445,2.2438795939887157,2.0436410260122773,1.761533368267752
882,2.5499999999659577,2.5499999999027603,2.549999999392441,2.5499999959493054,2.549999974175554,2.549999847215781,2.549999171515228,2.549995907469586,2.5499816431943287,2.5499253591800204,2.5497250647439906,2.549082584381607,2.5472250739810325,2.542382393335617,2.530984642061896,2.506717252913752,2.459824138024907,2.377194525580387,2.2435449347716623,2.043269500198696,1.7611718797665763
883,2.549999999965026,2.5499999999002876,2.549999999378532,2.5499999958660964,2.5499999737020396,2.5499998447303085,2.5499991596389346,2.5499958561679095,2.5499814436951325,2.5499246627188312,2.5497228864331665,2.5490764900326814,2.547209841595908,2.542348414826608,2.530917045160006,2.506597367832845,2.4596346235052153,2.376927596273419,2.24321044964085,2.042898244490021,1.7608106789059537
884,2.549999999964071,2.5499999998977576,2.549999999364336,2.5499999957813655,2.549999973220901,2.5499998422099197,2.5499991476185593,2.5499958043352375,2.5499812424597743,2.5499239612518596,2.549720695478733,2.549070367937733,2.547194556923199,2.5423143532607275,2.530849340878539,2.506477379006335,2.459445056996461,2.376660716755844,2.2428761384518348,2.042527258451278,1.7604497651920896
885,2.549999999963092,2.5499999998951686,2.5499999993498474,2.5499999956950883,2.5499999727320333,2.549999839654207,2.549999135452696,2.5499957519673386,2.549981039477303,2.5499232547552086,2.549718491838184,2.549064218039415,2.547179219916957,2.5422802086564906,2.530781529356253,2.5063572866964714,2.4592554387879533,2.376393887171074,2.242542001060101,2.0421565416486906,1.7600891381323707
886,2.5499999999620884,2.5499999998925205,2.549999999335062,2.54999999560724,2.549999972235331,2.5499998370627575,2.549999123139925,2.5499956990599566,2.549980834736733,2.5499225432049637,2.549716275469059,2.549058040280538,2.5471638305314803,2.5422459810325915,2.530713610731807,2.5062370911650342,2.4590657691683586,2.3761271076620814,2.2422080373211686,2.041786093647735,1.7597287972392324
887,2.54999999996106,2.5499999998898115,2.549999999319973,2.549999995517796,2.5499999717306876,2.5499998344351567,2.549999110678824,2.549995645608819,2.5499806282270354,2.5499218265771315,2.5497140463288264,2.54905183460398,2.547148388721428,2.542211670408338,2.530645585144262,2.5061167926733265,2.4588760484248513,2.3758603783703367,2.241874247090278,2.041415914019004,1.759368742018367
888,2.5499999999600056,2.5499999998870404,2.5499999993045757,2.549999995426731,2.549999971217994,2.5499998317709864,2.549999098067957,2.5499955916096275,2.5499804199371443,2.5499211048476913,2.5497118043749842,2.5490456009527644,2.5471328944417206,2.542177276803283,2.530577452732656,2.505996391482182,2.458686276843841,2.3755936994367164,2.2415406302226595,2.0410460023331956,1.7590089719787978
889,2.5499999999589256,2.549999999884206,2.5499999992888642,2.5499999953340193,2.5499999706971415,2.5499998290698245,2.549999085305879,2.549995537058064,2.5499802098559576,2.5499203779925814,2.5497095495650326,2.549039339270037,2.54711734764757,2.5421428002373263,2.5305092136361185,2.505875887851962,2.458496454710766,2.3753270710012484,2.241207186573458,2.0406763581625147,1.7586494866300624
890,2.549999999957819,2.5499999998813068,2.5499999992728335,2.5499999952396357,2.5499999701680203,2.549999826331245,2.549999072391135,2.549995481949787,2.5499799979723345,2.5499196459876976,2.549707281856473,2.549033049499068,2.5471017482944767,2.542108240730715,2.530440867993876,2.5057552820425557,2.4583065823100982,2.375060493203112,2.240873915997733,2.040306981080672,1.7582902854822136
891,2.5499999999566847,2.5499999998783416,2.549999999256477,2.549999995143553,2.5499999696305164,2.5499998235548147,2.5499990593222535,2.5499954262804296,2.549979784275105,2.5499189088089365,2.5497050012068847,2.5490267315833086,2.5470860963381554,2.5420735983037654,2.5303724159449263,2.50563457431339,2.458116659925889,2.37479396618131,2.240540818350799,2.039937870659807,1.7579313680538997
892,2.5499999999555225,2.549999999875309,2.549999999239789,2.549999995045745,2.549999969084517,2.5499998207400996,2.5499990460977586,2.5499953700456044,2.549979568753053,2.5499181664321164,2.549702707573784,2.5490203854662834,2.5470703917346773,2.542038872977379,2.5303038576286387,2.5055137649234114,2.4579266878407484,2.3745274900734206,2.2402078934875926,2.0395690264762103,1.7575727338573384
893,2.549999999954332,2.5499999998722074,2.5499999992227638,2.5499999949461847,2.5499999685299093,2.549999817886664,2.549999032716166,2.5499953132409052,2.5499793513949265,2.5499174188330107,2.5497004009146758,2.5490140110916313,2.5470546344404124,2.542004064772846,2.5302351931845215,2.5053928541310935,2.457736666336241,2.374261065016079,2.239875141262918,2.039200448108107,1.7572143824041404
894,2.5499999999531124,2.5499999998690357,2.5499999992053954,2.5499999948448453,2.549999967966577,2.5499998149940657,2.54999901917598,2.5499952558619023,2.5499791321894354,2.54991666598736,2.54969808118709,2.549007608403131,2.547038824412001,2.5419691737117254,2.5301664227520875,2.505271842194441,2.457546595693114,2.3739946911452594,2.2395425615315863,2.038832135134377,1.756856313208667
895,2.5499999999518628,2.549999999865792,2.549999999187678,2.5499999947416994,2.549999967394404,2.5499998120618605,2.5499990054756942,2.5499951979041433,2.5499789111252524,2.549915907870867,2.549695748348559,2.549001177344687,2.54702296160637,2.541934199815916,2.530097546470937,2.5051507293709863,2.4573564761911624,2.373728368596105,2.239210154148335,2.0384640871353237,1.7564985257860115
896,2.5499999999505825,2.5499999998624756,2.549999999169605,2.5499999946367184,2.549999966813272,2.549999809089598,2.5499989916137915,2.549995139363153,2.549978688191015,2.5499151444591983,2.54969340235663,2.548994717860335,2.547007045980725,2.541899143107617,2.530028564480708,2.5050295159177924,2.457166308109304,2.373462097503025,2.2388779189678822,2.0380963036922815,1.7561410196530398
897,2.5499999999492715,2.5499999998590845,2.549999999151171,2.5499999945298737,2.5499999662230612,2.5499998060768245,2.5499989775887424,2.549995080234431,2.5499784633753277,2.5499143757280036,2.5496910431688975,2.5489882298942703,2.5469910774925113,2.541864003609206,2.529959476920942,2.5049082020914564,2.4569760917258203,2.373195877999979,2.238545855845106,2.037728784386454,1.755783794331483
898,2.549999999947929,2.549999999855618,2.5499999991323685,2.5499999944211367,2.5499999656236514,2.5499998030230815,2.5499989633990077,2.5499950205134567,2.549978236666754,2.5499136016528823,2.549688670742939,2.5489817133907957,2.5469750560994866,2.541828781343479,2.5298902839313557,2.504786788148102,2.4567858273178844,2.37292971021991,2.2382139646347046,2.0373615288012443,1.7554268493415952
899,2.5499999999465537,2.5499999998520733,2.549999999113191,2.549999994310478,2.549999965014919,2.549999799927907,2.5499989490430375,2.549994960195686,2.5499780080538206,2.549912822209393,2.5496862850363375,2.54897516829434,2.5469589817596927,2.541793476333565,2.529820985651745,2.5046652743433833,2.456595515161729,2.3726635942949406,2.2378822451913525,2.0369945365214956,1.7550701842037013
900,2.549999999945145,2.5499999998484495,2.549999999093631,2.54999999419787,2.5499999643967417,2.549999796790835,2.549998934519272,2.549994899276553,2.549977777525016,2.5499120373730646,2.5496838860066964,2.548968594549469,2.546942854431441,2.5417580886028706,2.5297515822219183,2.504543660932485,2.456405155532756,2.3723975303565155,2.2375506973697274,2.0366278071328354,1.7547137980953766
901,2.549999999943702,2.549999999844745,2.5499999990736844,2.54999999408328,2.549999963768996,2.549999793611397,2.549998919826143,2.5499948377514694,2.549977545068796,2.5499112471193737,2.5496814736116042,2.548961992100862,2.54692667407335,2.541722618175202,2.529682073781847,2.50442194817012,2.4562147487052894,2.3721315185350913,2.237219321024385,2.036261340222954,1.75435765953062
902,2.5499999999422256,2.549999999840958,2.5499999990533424,2.5499999939666798,2.5499999631315546,2.5499997903891183,2.549998904962069,2.549994775615827,2.549977310673574,2.5499104514237687,2.5496790478086733,2.548955360893334,2.546910440644306,2.5416870650746493,2.5296124604715136,2.5043001363105293,2.456024294952818,2.3718655589604394,2.2368881160098857,2.0358951353803634,1.7540017725628563
903,2.5499999999407126,2.5499999998370875,2.549999999032599,2.5499999938480378,2.549999962484291,2.549999787123522,2.549998889925458,2.5499947128649905,2.549977074327731,2.549909650261662,2.5496766085555245,2.548948700871831,2.5468941541034753,2.541651429325607,2.5295427424309533,2.5041782256074874,2.4558337945479356,2.3715996517615725,2.2365570821807723,2.035529192194735,1.7536461463233255
904,2.5499999999391645,2.549999999833132,2.549999999011446,2.549999993727323,2.5499999618270754,2.549999783814126,2.549998874714711,2.5499946494943053,2.5499768360196087,2.549908843608427,2.549674155809792,2.548942011981431,2.5468778144103075,2.5416157109527875,2.529472919800259,2.504056216314293,2.4556432477623305,2.3713337970667276,2.2362262193915705,2.035163510256923,1.753290783759755
905,2.5499999999375786,2.5499999998290876,2.5499999989898785,2.5499999936045046,2.5499999611597794,2.549999780460444,2.5499988593282135,2.549994585499091,2.5499765957375127,2.5499080314394043,2.549671689529121,2.5489352941673395,2.5468614215245244,2.5415799099812055,2.529402992719571,2.5039341086837847,2.4554526548668134,2.3710679950033966,2.23589552749679,2.0347980891588975,1.7529356863514383
906,2.549999999935955,2.549999999824955,2.5499999989678868,2.5499999934795508,2.5499999604822707,2.549999777061987,2.5499988437643433,2.549994520874648,2.549976353469715,2.5499072137298975,2.54966920967117,2.548928547374894,2.5468449754061266,2.541544026436184,2.529332961329085,2.503811902968334,2.455262016131302,2.3708022456983113,2.235565006350929,2.034432928493622,1.7525808549356001
907,2.549999999934293,2.549999999820732,2.549999998945465,2.5499999933524284,2.5499999597944165,2.549999773618259,2.549998828021466,2.5499944556162526,2.5499761092044446,2.5499063904551735,2.5496667161936086,2.5489217715495704,2.5468284760154143,2.5415080603433773,2.5292628257690457,2.503689599419808,2.4550713318247532,2.370536549277388,2.235234655808472,2.0340680278546612,1.7522262899779577
908,2.5499999999325915,2.549999999816416,2.5499999989226056,2.5499999932231057,2.549999959096084,2.5499997701287618,2.5499988120979373,2.549994389719157,2.549975862929901,2.549905561590466,2.5496642090541193,2.548914966636963,2.546811923312932,2.54147201172871,2.5291925861797435,2.503567198289658,2.454880602215342,2.370270905865876,2.234904475723905,2.0337033868354095,1.751871991765452
909,2.54999999993085,2.5499999998120053,2.549999998899301,2.54999999309155,2.5499999583871364,2.549999766592993,2.549998795992102,2.549994323178592,2.5499756146342465,2.5499047271109756,2.549661688210399,2.5489081325827976,2.546795317259502,2.541435880618412,2.529122242701515,2.503444699828865,2.4546898275703564,2.370005315588276,2.234574465951706,2.0333390050283353,1.7515179604355546
910,2.5499999999290677,2.5499999998074996,2.549999998875543,2.549999992957727,2.5499999576674366,2.549999763010447,2.5499987797022947,2.5499942559897706,2.5499753643056056,2.549903886991869,2.5496591536201567,2.548901269332929,2.5467786578162226,2.5413996670390113,2.5290517954747402,2.503322104287949,2.4544990081562084,2.3697397785683445,2.2342446263463547,2.0329748820242095,1.7511641960148943
911,2.549999999927242,2.5499999998028953,2.5499999988513236,2.5499999928216024,2.5499999569368472,2.549999759380612,2.5499987632268373,2.5499941881478736,2.5499751119320644,2.54990304120827,2.5496566052411183,2.5488943768333656,2.5467619449445054,2.541363371017381,2.52898124463985,2.5031994119168934,2.454308144238312,2.369474294928992,2.233914956762336,2.0326110174109933,1.7508106984436973
912,2.5499999999253755,2.54999999979819,2.549999998826636,2.5499999926831434,2.5499999561952285,2.5499997557029714,2.5499987465640426,2.549994119648064,2.549974857501678,2.5499021897352767,2.5496540430310204,2.548887455030224,2.5467451786059896,2.5413269925806428,2.528910590337308,2.5030766229652968,2.4541172360813492,2.3692088647925136,2.233585457054139,2.032247410774312,1.7504574676150602
913,2.549999999923464,2.549999999793383,2.5499999988014728,2.5499999925423147,2.5499999554424386,2.5499997519770057,2.549998729712211,2.5499940504854828,2.5499746010024595,2.54990133254795,2.5496514669476187,2.5488805038697655,2.546728358762621,2.5412905317562466,2.528839832707624,2.5029537376822377,2.453926283949041,2.368943488280391,2.2332561270762636,2.0318840616965836,1.750104503379626
914,2.549999999921508,2.5499999997884717,2.5499999987758244,2.5499999923990804,2.5499999546783343,2.5499997482021914,2.5499987126696326,2.5499939806552465,2.5499743424223884,2.5499004696213157,2.549648876948682,2.5488735232983846,2.546711485376615,2.5412539885719387,2.528768971891345,2.502830756316334,2.4537352881042462,2.368678165513378,2.2329269666832205,2.0315209697578185,1.7497518055388304
915,2.549999999919505,2.549999999783456,2.5499999987496826,2.5499999922534062,2.5499999539027733,2.5499997443779994,2.5499986954345872,2.5499939101524487,2.5499740817494088,2.549899600930368,2.549646272991996,2.5488665132626105,2.5466945584104597,2.5412173630557566,2.5286980080290564,2.502707679115737,2.4535442488089583,2.3684128966115017,2.2325979757295387,2.0311581345354814,1.7493993738812208
916,2.5499999999174574,2.5499999997783314,2.5499999987230395,2.5499999921052554,2.5499999531156092,2.5499997405038974,2.549998678005341,2.5499938389721595,2.5499738189714276,2.549898726450067,2.5496436550353634,2.5488594737091,2.546677577826916,2.5411806552360283,2.5286269412613755,2.5025845063281404,2.45335316632432,2.368147681694073,2.2322691540697597,2.0307955556058523,1.7490472081698816
917,2.549999999915362,2.5499999997730964,2.549999998695886,2.5499999919545915,2.549999952316694,2.549999736579348,2.5499986603801523,2.549993767109427,2.5499735540763164,2.54989784615534,2.549641023036601,2.548852404584645,2.5466605435890153,2.541143865141374,2.5285557717289557,2.50246123820077,2.453162040910612,2.367882520879677,2.2319405015584457,2.030433232543694,1.748695308143514
918,2.549999999913218,2.54999999976775,2.549999998668215,2.549999991801377,2.549999951505879,2.549999732603809,2.549998642557266,2.549993694559277,2.5499732870519116,2.5498969600210826,2.5496383769535433,2.5488453058361715,2.5466434556600577,2.541106992800701,2.528484499572481,2.5023378749803884,2.4529708728272683,2.3676174142861863,2.231612018050182,2.0300711649236773,1.7483436735266007
919,2.5499999999110248,2.5499999997622886,2.5499999986400166,2.549999991645576,2.549999950683015,2.549999728576734,2.549998624534916,2.549993621316711,2.5499730178860136,2.5498960680221576,2.5496357167440453,2.548838177410739,2.5466263140036185,2.541070038243204,2.5284131249326633,2.50221441691329,2.4527796623328584,2.3673523620307573,2.2312837033995696,2.029709352321106,1.7479923040323553
920,2.5499999999087795,2.549999999756711,2.5499999986112822,2.5499999914871494,2.5499999498479506,2.5499997244975727,2.5499986063113265,2.5499935473767104,2.549972746566388,2.549895170133394,2.5496330423659757,2.5488310192555392,2.5466091185835413,2.5410330014983713,2.5283416479502536,2.50209086424531,2.452588409685103,2.3670873642298242,2.2309555574612308,2.0293477943089493,1.7476411993468548
921,2.5499999999064826,2.549999999751014,2.549999998582003,2.5499999913260596,2.549999949000532,2.54999972036577,2.54999858788471,2.54999347273423,2.549972473080764,2.549894266329591,2.549630353777225,2.548823831317901,2.5465918693639433,2.5409958825959706,2.52827006876602,2.501967217221813,2.4523971151408768,2.3668224209991244,2.230627580089802,2.028986490463651,1.7472903591640951
922,2.5499999999041334,2.5499999997451965,2.5499999985521695,2.549999991162268,2.549999948140605,2.549999716180767,2.5499985692532667,2.549993397384202,2.549972197416833,2.5498933565855144,2.5496276509356988,2.5488166135452848,2.5465745663092116,2.5409586815660616,2.5281983875207668,2.5018434760877013,2.452205778956197,2.3665575324536707,2.2302997711399404,2.0286254403599844,1.7469397831533724
923,2.5499999999017304,2.549999999739256,2.549999998521773,2.5499999909957354,2.5499999472680126,2.549999711941999,2.549998550415187,2.549993321321538,2.549971919562255,2.549892440875899,2.5496249337993233,2.5488093658852873,2.546557209384002,2.5409213984389822,2.5281266043553177,2.501719641087413,2.4520144013862435,2.3662926987077797,2.229972130466312,2.028264643574706,1.7465894709819059
924,2.5499999998992733,2.5499999997331892,2.549999998490804,2.5499999908264215,2.5499999463825973,2.549999707648897,2.5499985313686477,2.5499932445411253,2.549971639504652,2.5498915191754494,2.5496222023260446,2.5488020882856426,2.5465397985532383,2.5408840332453493,2.5280547194105174,2.501595712464921,2.4518229826853593,2.366027919875076,2.22964465792359,2.02790409968698,1.7462394223175568
925,2.54999999989676,2.5499999997269946,2.5499999984592527,2.5499999906542863,2.5499999454842,2.549999703300888,2.549998512111816,2.5499931670378286,2.5499713572316116,2.5498905914588357,2.5496194564738266,2.5487947806942155,2.5465223337821166,2.54084658601607,2.527982732827242,2.5014716904637337,2.4516315231070327,2.3657631960684635,2.2293173533664636,2.02754380827518,1.7458896368088916
926,2.54999999989419,2.5499999997206695,2.5499999984271096,2.5499999904792894,2.5499999445726584,2.549999698897394,2.549998492642848,2.5499930888064877,2.5499710727306866,2.5498896577007013,2.5496166962006575,2.5487874430590094,2.5465048150360934,2.540809056782312,2.5279106447463744,2.5013475753269008,2.4514400229039466,2.3654985274001894,2.228990216649589,2.027183768922214,1.7455401141144082
927,2.5499999998915603,2.5499999997142115,2.549999998394364,2.5499999903013904,2.5499999436478116,2.5499996944378314,2.5499984729598872,2.5499930098419212,2.5499707859893936,2.5498887178756564,2.549613921464542,2.548780075328161,2.5464872422809006,2.5407714455755412,2.5278384553088324,2.501223367297004,2.4512484823279164,2.365233913981768,2.228663247627662,2.0268239812100304,1.7451908538749348
928,2.549999999888871,2.5499999997076186,2.5499999983610078,2.5499999901205466,2.549999942709495,2.5499996899216146,2.5499984530610664,2.5499929301389233,2.549970496995215,2.5498877719582835,2.5496111322235087,2.5487726774499446,2.5464696154825304,2.540733752427478,2.5277661646555343,2.5010990666161677,2.4510569016299635,2.3649693559240688,2.2283364461552977,2.0264644447244464,1.744841855736042
929,2.549999999886122,2.5499999997008875,2.54999999832703,2.549999989936716,2.5499999417575423,2.549999685348151,2.5499984329445065,2.549992849692266,2.5499702057355966,2.5498868199231333,2.549608328435606,2.548765249372768,2.546451934607245,2.5406959773701336,2.5276937729274302,2.500974673526051,2.450865281060253,2.3647048533372437,2.2280098120871497,2.026105159051901,1.7444931193338256
930,2.549999999883311,2.549999999694016,2.5499999982924213,2.5499999897498555,2.5499999407917864,2.5499996807168435,2.5499984126083164,2.549992768496698,2.549969912197951,2.549885861744727,2.5496055100589046,2.548757791045179,2.5464341996215687,2.540658120435777,2.527621280265471,2.5008501882678544,2.450673620868152,2.364440406330792,2.2276833452777836,2.0257461237813112,1.7441446443048598
931,2.549999999880436,2.5499999996870018,2.54999999825717,2.549999989559924,2.5499999398120576,2.5499996760270913,2.5499983920505946,2.549992686546945,2.5499696163696557,2.5498848973975567,2.5496026770514977,2.5487503024158578,2.5464164104922915,2.540620181656954,2.5275486868106256,2.5007256110823155,2.450481921302199,2.364176015013528,2.22735704558175,2.0253873385034047,1.7437964302814712
932,2.5499999998774965,2.5499999996798417,2.549999998221266,2.549999989366876,2.5499999388181855,2.549999671278288,2.549998371269427,2.5499926038377096,2.5499693182380514,2.5498839268560833,2.5495998293714965,2.548742783433622,2.5463985671864746,2.5405821610664954,2.5274759927038914,2.500600942209708,2.450290182610081,2.363911679493553,2.22703091285363,2.025028802810297,1.7434484768886047
933,2.5499999998744913,2.549999999672533,2.5499999981847,2.5499999891706686,2.549999937809998,2.549999666469824,2.5499983502628893,2.5499925203636704,2.5499690177904464,2.54988295009474,2.5495969669770404,2.5487352340474256,2.5463806696714357,2.5405440586974817,2.527403198086258,2.500476181889849,2.4500984050387062,2.3636473998783405,2.2267049469478812,2.0246705162965397,1.7431007837543653
934,2.5499999998714187,2.5499999996650726,2.5499999981474595,2.549999988971256,2.54999993678732,2.5499996616010816,2.549998329029043,2.5499924361194823,2.5499687150141153,2.549881967087934,2.5495940898262948,2.5487276542063624,2.546362717914753,2.5405058745832534,2.5273303030987178,2.5003513303620966,2.449906588834181,2.36338317627471,2.226379147718877,2.024312478558817,1.7427533505070563
935,2.5499999998682776,2.549999999657458,2.5499999981095343,2.549999988768594,2.5499999357499763,2.549999656671442,2.5499983075659403,2.549992351099779,2.549968409896295,2.549880977810037,2.549591197877438,2.548720043859658,2.546344711884281,2.5404676087574494,2.527257307882303,2.500226387865342,2.44971473424174,2.363119008788744,2.2260535150210736,2.0239546891950853,1.742406176763892
936,2.5499999998650673,2.5499999996496863,2.549999998070913,2.549999988562636,2.5499999346977895,2.5499996516802788,2.549998285871621,2.54999226529917,2.549968102424189,2.549879982235397,2.549588291088678,2.5487124029566774,2.546326651548127,2.5404292612539523,2.527184212578033,2.5001013546380224,2.4495228415058485,2.3628548975259083,2.2257280487087905,2.0235971478055763,1.7420592621462612
937,2.549999999861785,2.5499999996417553,2.549999998031585,2.549999988353336,2.54999993363058,2.5499996466269623,2.5499982639441114,2.54999217871224,2.5499677925849666,2.549878980338337,2.5495853694182546,2.548704731446926,2.5463085368746525,2.5403908321068824,2.5271110173269093,2.49997623091812,2.4493309108702115,2.3625908425910622,2.2254027486362067,2.023239853992689,1.7417126062800212
938,2.5499999998584304,2.5499999996336618,2.549999997991539,2.549999988140648,2.549999932548168,2.5499996415108575,2.5499982417814286,2.549992091333553,2.549967480365763,2.549877972093144,2.5495824328244185,2.5486970292800417,2.5462903678324977,2.5403523213506705,2.5270377222699834,2.4998510169431474,2.449138942577641,2.3623268440883045,2.2250776146575917,2.022882807360373,1.7413662087790365
939,2.5499999998550016,2.549999999625403,2.5499999979507626,2.549999987924524,2.54999993145037,2.549999636331324,2.549998219381577,2.549992003157649,2.5499671657536775,2.5498769574740825,2.549579481265451,2.5486892964058008,2.546272144390556,2.540313729019987,2.5269643275482907,2.499725712950164,2.4489469368701853,2.3620629021211235,2.224752646627094,2.0225260075145495,1.7410200692604556
940,2.5499999998514973,2.5499999996169755,2.5499999979092447,2.5499999877049166,2.5499999303370013,2.5499996310877173,2.549998196742548,2.5499919141790435,2.549966848735779,2.549875936455394,2.5495765146996687,2.548681532774123,2.546253866517967,2.540275055149725,2.5268908333028364,2.499600319175782,2.4487548939891606,2.3617990167924336,2.224427844398726,2.0221694540627158,1.740674187346031
941,2.5499999998479153,2.5499999996083766,2.5499999978669736,2.549999987481777,2.549999929207876,2.5499996257793875,2.549998173862323,2.54999182439223,2.5499665292990983,2.549874909011283,2.549573533085399,2.5486737383350584,2.5462355341841505,2.54023629977509,2.526817239674674,2.49947483585614,2.4485628141749887,2.361535188204386,2.2241032078265386,2.021813146614662,1.7403285626487885
942,2.5499999998442546,2.5499999995996023,2.5499999978239374,2.549999987255056,2.549999928062806,2.5499996204056803,2.5499981507388703,2.549991733791678,2.549966207430633,2.549873875115932,2.5495705363809997,2.548665913038798,2.54621714735878,2.5401974629315256,2.5267435468048447,2.4993492632269234,2.448370697667326,2.361271416458521,2.2237787367644892,2.0214570847818267,1.739983194783479
943,2.549999999840514,2.54999999959065,2.549999997780123,2.5499999870247043,2.549999926901601,2.5499996149659343,2.5499981273701455,2.549991642371834,2.54996588311735,2.549872834743502,2.5495675245448663,2.5486580568356754,2.54619870601177,2.540158544654691,2.526669754834347,2.499223601523375,2.4481785447051183,2.361007701655827,2.223454431066466,2.0211012681764844,1.7396380833679186
944,2.5499999998366922,2.549999999581517,2.549999997735519,2.5499999867906724,2.54999992572407,2.5499996094594857,2.5499981037540937,2.5499915501271206,2.5499655563461787,2.5498717878681187,2.5495644975354064,2.548650169676155,2.5461802101133157,2.540119544980552,2.526595863904227,2.4990978509802626,2.44798635552642,2.3607440438965352,2.2231302905863055,2.020745696413808,1.7392932280146103
945,2.549999999832787,2.549999999572199,2.549999997690112,2.549999986552909,2.54999992453002,2.5499996038856647,2.5499980798886472,2.5499914570519375,2.549965227104015,2.5498707344638842,2.5495614553110575,2.548642251510843,2.546161659633865,2.5400804639453143,2.526521874155517,2.498972011831904,2.4477941303685222,2.360480443280266,2.222806315177784,2.0203903691103977,1.7389486283367048
946,2.5499999998287968,2.549999999562693,2.5499999976438903,2.549999986311363,2.549999923319255,2.5499995982437946,2.549998055771726,2.5499913631406614,2.549964895377724,2.549869674504887,2.5495583978303036,2.5486343022904903,2.5461430545440895,2.5400413015853607,2.526447785729173,2.4988460843121834,2.4476018694680715,2.3602168999061632,2.2224825046947325,2.0200352858826336,1.7386042839518088
947,2.5499999998247196,2.549999999552996,2.549999997596841,2.549999986065982,2.549999922091578,2.549999592533197,2.549998031401238,2.5499912683876453,2.549964561154134,2.5498686079651725,2.5495553250516307,2.5486263219659757,2.5461243948149628,2.540002057937425,2.526373598766241,2.4987200686544977,2.447409573060743,2.3599534138725224,2.222158858990784,2.019680446351053,1.7382601944705054
948,2.5499999998205536,2.549999999543105,2.5499999975489507,2.549999985816714,2.549999920846791,2.5499995867531857,2.5499980067750814,2.549991172787218,2.5499642244200387,2.549867534818764,2.54955223693356,2.5486183104883215,2.5461056804177007,2.5399627330384633,2.526299313407732,2.4985939650917985,2.4472172413814834,2.3596899852770705,2.221835377919565,2.019325850137075,1.7379163595049443
949,2.549999999816298,2.549999999533015,2.5499999975002066,2.549999985563507,2.549999919584693,2.549999580903071,2.5499979818911394,2.5499910763336877,2.5499638851622004,2.549866455039659,2.5495491334346383,2.548610267808686,2.546086911323778,2.5399233269256847,2.5262249297946555,2.498467773856581,2.447024874664452,2.359426614216892,2.2215120613346446,2.018971496863839,1.7375727786666428
950,2.5499999998119502,2.549999999522724,2.5499999974505942,2.5499999853063056,2.54999991830508,2.5499995749821567,2.5499979567472826,2.5499909790213353,2.549963543367351,2.549865368601848,2.549546014513467,2.548602193878378,2.546068087504883,2.539883839636444,2.526150448067921,2.498341495180917,2.446832473143218,2.3591633007886506,2.2211889090897676,2.0186173861537813,1.737229451573259
951,2.549999999807509,2.5499999995122278,2.5499999974001013,2.5499999850450568,2.549999917007749,2.5499995689897417,2.5499979313413714,2.5499908808444207,2.5499631990221863,2.549864275479279,2.5495428801286515,2.548594088648835,2.5460492089329994,2.5398442712084432,2.526075868368518,2.4982151292963937,2.4466400370503925,2.3589000450881827,2.2208659210384263,2.0182635176331103,1.7368863778360863
952,2.549999999802972,2.5499999995015226,2.549999997348714,2.549999984779706,2.549999915692493,2.5499995629251213,2.5499979056712543,2.5499907817971805,2.5499628521133655,2.549863175645873,2.549539730238824,2.5485859520716327,2.546030275580367,2.5398046216796297,2.526001190837427,2.498088676434144,2.4464475666178087,2.3586368472106987,2.2205430970340725,2.01790989092959,1.736543557066243
953,2.5499999997983385,2.549999999490605,2.5499999972964176,2.549999984510197,2.549999914359104,2.549999556787584,2.549997879734766,2.549990681873828,2.5499625026275163,2.5498620690755294,2.5495365648026493,2.548577784098488,2.546011287419475,2.5397648910881863,2.525926415615609,2.4979621368248495,2.4462550620765477,2.3583737072508084,2.220220436930145,2.0175565056722626,1.7362009888754553
954,2.549999999793606,2.549999999479471,2.549999997243199,2.5499999842364742,2.549999913007372,2.549999550576413,2.549997853529729,2.549990581068551,2.549962150551239,2.5498609557421377,2.5495333837788445,2.548569584681264,2.54599224442303,2.5397250794724506,2.5258515428439328,2.4978355106987693,2.446062523657086,2.3581106253026753,2.219897940580296,2.0172033614898304,1.735858672880049
955,2.5499999997887723,2.549999999468117,2.5499999971890435,2.549999983958481,2.5499999116370837,2.549999544290886,2.5499978270539527,2.5499904793755155,2.5499617958710967,2.5498598356195563,2.5495301871261455,2.5485613537719614,2.545973146564006,2.5396851868710404,2.525776572663288,2.497708798285696,2.445869951589062,2.3578476014597736,2.2195756078380504,2.016850458013234,1.7355166086944445
956,2.549999999783836,2.549999999456539,2.5499999971339364,2.5499999836761593,2.5499999102480264,2.5499995379302764,2.549997800305237,2.5499903767888643,2.5499614385736176,2.5498587086816094,2.5495269748033036,2.548553091322713,2.5459539938156563,2.5396452133228733,2.5257015052146037,2.4975819998149515,2.445677346101238,2.3575846358148427,2.2192534385567417,2.0164977948760936,1.7351747959300305
957,2.549999999778794,2.549999999444733,2.5499999970778644,2.549999983389452,2.549999908839984,2.5499995314938526,2.5499977732813677,2.5499902733027167,2.549961078645297,2.549857574902102,2.549523746769108,2.5485447972857953,2.545934786151473,2.539605158867078,2.5256263406387673,2.497455115515414,2.44548470742167,2.3573217284600707,2.2189314325897684,2.0161453717128173,1.7348332341999557
958,2.5499999997736458,2.5499999994326954,2.5499999970208114,2.549999983098301,2.5499999074127384,2.5499995249808776,2.549997745980119,2.549990168911168,2.5499607160725994,2.5498564342548184,2.5495205029823813,2.5485364716136245,2.5459155235451947,2.5395650235430063,2.525551079076637,2.497328145615517,2.44529203577768,2.357058879487062,2.2186095897905624,2.015793188158921,1.7344919231181586
959,2.549999999768388,2.5499999994204217,2.549999996962762,2.5499999828026456,2.549999905966069,2.5499995183906057,2.54999771839925,2.5499900636082904,2.5499603508419604,2.549855286713531,2.549517243401994,2.548528114258763,2.5458962059707804,2.539524807390181,2.525475720668993,2.4972010903432644,2.445099331395957,2.3567960889869455,2.2182879100127666,2.015441243849941,1.734150862301646
960,2.54999999976302,2.549999999407908,2.5499999969037,2.549999982502427,2.5499999044997543,2.5499995117222882,2.5499976905365105,2.5499899573881315,2.549959982939779,2.5498541322519825,2.549513967986842,2.5485197251739105,2.5458768334024526,2.5394845104483896,2.525400265556623,2.4970739499261994,2.4449065945023807,2.3565333570501856,2.217966393109951,2.015089538423378,1.7338100516907675
961,2.549999999757538,2.54999999939515,2.549999996843613,2.5499999821975843,2.5499999030135685,2.5499995049751734,2.5499976623896345,2.549989850244718,2.5499596123524224,2.5498529708438915,2.5495106766958453,2.548511304311905,2.545857405814695,2.539444132757676,2.525324713880317,2.49694672459141,2.4447138253220344,2.3562706837665965,2.217645038935622,2.0147380715185763,1.7334695173683266
962,2.5499999997519422,2.549999999382143,2.5499999967824847,2.5499999818880563,2.5499999015072876,2.5499994981484995,2.5499976339563473,2.5499897421720497,2.549959239066226,2.5498518024629524,2.5495073694879604,2.5485028516257247,2.545837923182232,2.5394036743583066,2.52524906578083,2.4968194145655365,2.444521024079275,2.3560080692254206,2.21732384734333,2.0143868427758744,1.7331292554192441
963,2.549999999746228,2.549999999368884,2.5499999967202975,2.5499999815737824,2.549999899980683,2.549999491241503,2.5499976052343576,2.5499896331641065,2.5499588630674896,2.5498506270828414,2.5495040463221765,2.5484943670684896,2.5458183854800365,2.53936313529077,2.5251733213988903,2.4966920200747715,2.4443281909977244,2.3557455135153145,2.2170028181866703,2.014035851836772,1.7327892569410845
964,2.549999999740394,2.5499999993553684,2.549999996657037,2.5499999812546976,2.5499998984335246,2.549999484253414,2.549997576221365,2.5499895232148426,2.5499584843424863,2.549849444677211,2.549500707157519,2.5484858505934618,2.545798792683325,2.539322515595782,2.525097480875196,2.4965645413448647,2.4441353263002674,2.35548301672435,2.2166819513192717,2.0136850983439576,1.7324495186526616
965,2.549999999734438,2.5499999993415905,2.5499999965926854,2.5499999809307416,2.54999989686558,2.549999477183455,2.549997546915055,2.5499894123181885,2.549958102877452,2.5498482552196955,2.5494973519530437,2.548477302154041,2.545779144767562,2.5392818153142813,2.5250215443504205,2.4964369786011145,2.4439424302090567,2.355220578940015,2.216361246594801,2.013334581941305,1.7321100385115205
966,2.5499999997283593,2.5499999993275466,2.549999996527229,2.549999980601847,2.5499998952766147,2.5499994700308446,2.549997517313101,2.5499893004680527,2.5499577186585953,2.549847058683906,2.5494939806678447,2.548468721703765,2.545759441708447,2.5392410344874268,2.5249455119652042,2.4963093320683893,2.443749502945529,2.354958200249228,2.216040703866975,2.012984302273946,1.73177081499995
967,2.5499999997221536,2.549999999313232,2.5499999964606475,2.5499999802679527,2.5499998936663935,2.5499994627947964,2.549997487413163,2.5499891876583205,2.5499573316720894,2.5498458550434333,2.549490593261046,2.5484601091963173,2.5457396834819317,2.5392001731566025,2.5248693838601612,2.496181601971099,2.443556544730375,2.3546958807383183,2.215720322989555,2.012634258988622,1.7314318469168826
968,2.5499999997158183,2.5499999992986426,2.5499999963929274,2.5499999799289923,2.549999892034678,2.549999455474518,2.549997457212888,2.5499890738828532,2.5499569419040777,2.5498446442718468,2.5494871896918103,2.5484514645855194,2.5457198700642096,2.539159231363413,2.5247931601758706,2.496053788533214,2.4433635557835642,2.354433620493039,2.2154001038163575,2.01228445173417,1.7310931332508435
969,2.549999999709353,2.5499999992837727,2.549999996324049,2.5499999795848995,2.549999890381225,2.549999448069211,2.5499974267099117,2.5499889591354865,2.5499565493406697,2.549843426342696,2.5494837699193353,2.5484427878253375,2.54570000143172,2.5391182091496867,2.524716841052881,2.495925891978251,2.443170536324327,2.35417141959856,2.2150800462012605,2.0119348801623334,1.7307546731106087
970,2.5499999997027536,2.549999999268618,2.5499999962539976,2.549999979235607,2.5499998887057944,2.549999440578071,2.5499973959018543,2.5499888434100355,2.549956153967946,2.5498422012295117,2.549480333902854,2.5484340788698776,2.5456800775611454,2.5390771065574667,2.524640426631705,2.4957979125292833,2.4429774865711735,2.353909278139482,2.2147601499982024,2.0115855439285233,1.7304164656871406
971,2.549999999696017,2.5499999992531746,2.5499999961827533,2.549999978881048,2.5499998870081413,2.5499994330002886,2.549997364786328,2.5499887267002905,2.549955755771952,2.549840968905803,2.549476881601634,2.5484253376733847,2.5456600984294058,2.5390359236290148,2.524563917052823,2.49566985040895,2.442784406741901,2.3536471961998386,2.2144404150611874,2.011236442692348,1.730078510239125
972,2.5499999996891427,2.5499999992374365,2.5499999961103,2.5499999785211553,2.5499998852880186,2.5499994253350486,2.549997333360927,2.5499886090000174,2.5499553547387044,2.5498397293450616,2.5494734129749808,2.548416564190247,2.545640064013666,2.538994660406806,2.524487312456679,2.4955417058394405,2.4425912970535877,2.353385173863098,2.2141208412442914,2.010887576117815,1.7297408060752621
973,2.5499999996821288,2.5499999992213986,2.549999996036618,2.549999978155861,2.549999883545176,2.5499994175815304,2.5499973016232365,2.5499884903029604,2.5499549508541888,2.549838482520758,2.5494699279822353,2.5484077583749936,2.5456199742913275,2.5389533169335303,2.5244106129836803,2.4954134790425075,2.442398157722596,2.353123211212163,2.213801428401662,2.0105389438731236,1.7294033525551742
974,2.5499999996749705,2.5499999992050557,2.5499999959616915,2.5499999777850917,2.5499998817793634,2.5499994097389065,2.549997269570826,2.549988370602843,2.549954544104358,2.549837228406343,2.5494664265827764,2.548398920182294,2.5455998292400337,2.5389118932520933,2.5243338187741973,2.4952851702394585,2.4422049889645727,2.3528613083293735,2.2134821763875254,2.0101905456306834,1.7290661490663684
975,2.549999999667665,2.549999999188404,2.549999995885501,2.5499999774087794,2.549999879990327,2.5499994018063457,2.5499972372012536,2.5499882498933575,2.549954134475135,2.5498359669752513,2.549462908736019,2.548390049566959,2.5455796288376678,2.5388703894056093,2.5242569299685584,2.49515677965116,2.442011790994456,2.352599465296509,2.2131630850561925,2.009842381066471,1.72872919501677
976,2.5499999996602103,2.5499999991714377,2.5499999958080273,2.549999977026854,2.549999878177811,2.5499993937830094,2.549997204512063,2.5499881281681764,2.54995372195241,2.5498346982008977,2.549459374401416,2.548381146483941,2.5455593730623525,2.538828805437407,2.5241799467070556,2.495028307498036,2.441818564026473,2.3523376821947894,2.2128441542620534,2.0094944498601413,1.728392489845525
977,2.5499999996526044,2.5499999991541507,2.549999995729252,2.5499999766392425,2.549999876341558,2.5499993856680514,2.54999717150079,2.549988005420953,2.549953306522044,2.5498334220566776,2.549455823538458,2.548372210888335,2.545539061892447,2.538787141391022,2.5241028691299414,2.494899754000076,2.441625308274145,2.352075959104883,2.2125253838595924,2.009146751694054,1.7280560330009396
978,2.5499999996448444,2.549999999136538,2.549999995649156,2.549999976245873,2.5499998744813075,2.549999377460624,2.5499971381649504,2.5499878816453116,2.5499528881698663,2.5498321385159697,2.5494522561066746,2.5483632427353773,2.5455186953065483,2.5387453973101985,2.524025697377422,2.494771119376825,2.4414320239502896,2.3518142961069053,2.2122067737033877,2.008799286252785,1.7277198239505775
979,2.549999999636927,2.549999999118594,2.54999999556772,2.549999975846672,2.549999872596797,2.5499993691598726,2.5499971045020513,2.5499877568348563,2.5499524668816753,2.5498308475521343,2.5494486720656315,2.548354241980445,2.5454982732834903,2.5387035732388887,2.5239484315896643,2.4946424038473896,2.441238711267021,2.35155269328042,2.2118883236481155,2.0084520532232517,1.7273838621771445
980,2.5499999996288496,2.5499999991003146,2.549999995484924,2.5499999754415654,2.549999870687763,2.5499993607649327,2.5499970705095847,2.549987630983165,2.5499520426432385,2.5498295491385132,2.5494450713749357,2.5483452085790557,2.545477795802344,2.538661669221249,2.523871071906789,2.4945136076304393,2.441045370435757,2.351291150704447,2.2115700335485595,2.008105052293706,1.7270481471746504
981,2.5499999996206086,2.5499999990816935,2.549999995400749,2.5499999750304783,2.5499998687539374,2.5499993522749387,2.549997036185031,2.5499875040837936,2.549951615440293,2.5498282432484314,2.549441453994231,2.5483361424868707,2.5454572628424166,2.538619685301643,2.5237936184688765,2.4943847309442044,2.4408520016672117,2.351029668457454,2.2112519032596016,2.007758283154755,1.7267126784521571
982,2.5499999996122016,2.5499999990627247,2.5499999953151744,2.5499999746133355,2.549999866795051,2.5499993436890165,2.5499970015258566,2.549987376130275,2.5499511852585464,2.5498269298551977,2.5494378198832024,2.5483270436596928,2.545436674383249,2.538577621524634,2.523716071415956,2.4942557740064797,2.440658605171413,2.3507682466173754,2.2109339326362587,2.007411745496813,1.7263774555214588
983,2.549999999603626,2.5499999990434015,2.54999999522818,2.5499999741900603,2.549999864810833,2.5499993350062877,2.5499969665295166,2.5499872471161185,2.5499507520836744,2.5498256089321036,2.549434169001574,2.548317912053465,2.5454160304046187,2.538535477934993,2.523638430888017,2.4941267370346205,2.4404651811576836,2.350506885261594,2.210616121533643,2.007065439012879,1.7260424779115464
984,2.5499999995948786,2.5499999990237194,2.549999995139746,2.549999973760576,2.5499998628010094,2.5499993262258664,2.5499969311934505,2.5499871170348096,2.5499503159013233,2.5498242804524227,2.549430501309107,2.548308747624274,2.545395330886534,2.538493254577686,2.523560697024994,2.4939976202455467,2.440271729834667,2.3502455844669687,2.210298469807039,2.0067193633947085,1.7257077451483638
985,2.5499999995859555,2.549999999003672,2.5499999950498515,2.5499999733248044,2.5499998607653045,2.5499993173468605,2.549996895515086,2.5499869858798103,2.5499498766971085,2.5498229443894127,2.5494268167656053,2.5482995503283465,2.5453745758092405,2.538450951497886,2.52348286996678,2.493868423855741,2.4400782514103048,2.3499843443098065,2.2099809773118224,2.0063735183364604,1.7253732567742603
986,2.5499999995768547,2.549999998983253,2.549999994958474,2.5499999728826674,2.54999985870344,2.549999308368374,2.5499968594918365,2.5499868536445596,2.5499494344566163,2.5498216007163164,2.549423115330914,2.548290320122052,2.5453537651532123,2.538408568740954,2.5234049498532123,2.493739148081254,2.4398847460918707,2.3497231648659027,2.2096636439035753,2.0060279035309634,1.7250390123293315
987,2.5499999995675737,2.5499999989624573,2.5499999948655923,2.549999972434085,2.5499998566151354,2.5499992992895035,2.549996823121104,2.5499867203224715,2.549948989165401,2.5498202494063578,2.5494193969649173,2.548281056961902,2.5453328988991593,2.538366106352459,2.5233269368240845,2.493609793137699,2.4396912140859346,2.3494620462105016,2.209346469437975,2.005682518672781,1.724705011365924
988,2.5499999995581075,2.5499999989412783,2.5499999947711864,2.5499999719789765,2.549999854500107,2.5499992901093385,2.549996786400276,2.549986585906939,2.54994854080899,2.549818890432748,2.549415661627542,2.5482717608045498,2.54531197702802,2.538323564378158,2.5232488310191314,2.493480359240256,2.4394976555984025,2.3492009884183407,2.2090294537709383,2.0053373634555696,1.7243712534369244
989,2.5499999995484526,2.54999999891971,2.549999994675234,2.549999971517261,2.5499998523580683,2.5499992808269645,2.5499967493267275,2.5499864503913305,2.5499480893728803,2.5498175237686818,2.549411909278754,2.5482624316067914,2.545290999520968,2.538280942864011,2.523170632578044,2.4933508466036716,2.4393040708344835,2.348939991563612,2.208712596758486,2.004992437574012,1.724037738103876
990,2.549999999538607,2.549999998897745,2.549999994577712,2.5499999710488566,2.5499998501887333,2.5499992714414597,2.549996711897819,2.5499863137689904,2.549947634842536,2.5498161493873384,2.5494081398785644,2.5482530693255616,2.545269966359398,2.538238241856157,2.523092341640448,2.4932212554422617,2.4391104599987345,2.3486790557200203,2.2083958982569354,2.004647740722041,1.7237044649283033
991,2.5499999995285667,2.5499999988753776,2.549999994478599,2.54999997057368,2.549999847991811,2.5499992619518963,2.5499966741108984,2.5499861760332414,2.5499471772033937,2.549814767261882,2.5494043533870214,2.5482436739179404,2.5452488775249456,2.5381954614009468,2.52301395834593,2.4930915859699043,2.4389168232950045,2.348418180960707,2.208079358122658,2.0043032725946435,1.7233714334816996
992,2.5499999995183282,2.5499999988526003,2.549999994377872,2.5499999700916485,2.549999845767009,2.549999252357341,2.549996635963301,2.5499860371773804,2.5499467164408602,2.5498133773654605,2.549400549764217,2.548234245341148,2.5452277329994732,2.5381526015449176,2.522935482834017,2.492961838400045,2.438723160926477,2.3481573673583083,2.207762976212264,2.003959032886603,1.7230386433380098
993,2.5499999995078886,2.549999998829408,2.5499999942755087,2.5499999696026765,2.5499998435140316,2.549999242656853,2.549996597452347,2.5499858971946834,2.549946252540315,2.5498119796712113,2.5493967289702892,2.548224783552549,2.5452065327650613,2.53810966233478,2.5228569152441698,2.4928320129457093,2.4385294730956977,2.3478966149849834,2.207446752382699,2.0036150212920023,1.7227060940694625
994,2.549999999497244,2.5499999988057933,2.5499999941714857,2.5499999691066795,2.5499998412325815,2.5499992328494865,2.549996558575345,2.5499857560784016,2.5499457854871057,2.5498105741522514,2.5493928909654118,2.5482152885096467,2.545185276804033,2.5380666438174595,2.522778255715811,2.492702109819476,2.4383357600044913,2.3476359239123203,2.207130686490929,2.0032712375059925,1.7223737852598262
995,2.549999999486392,2.5499999987817494,2.5499999940657787,2.549999968603571,2.5499998389223593,2.5499992229342894,2.5499965193295893,2.5499856138217627,2.5499453152665508,2.5498091607816877,2.549389035709806,2.548205760170089,2.5451639650989333,2.5380235460400584,2.5226995043882963,2.492572129233502,2.4381420218540395,2.3473752942114254,2.206814778394231,2.00292768122329,1.722041716492399
996,2.549999999475327,2.5499999987572695,2.549999993958365,2.5499999680932643,2.549999836583062,2.5499992129103024,2.5499964797123607,2.5499854704179716,2.5499448418639403,2.5498077395326155,2.5493851631637394,2.5481961984916643,2.545142597632525,2.5379803690498512,2.522620661400914,2.4924420713995197,2.437948258844884,2.3471147259529297,2.2064990279502017,2.002584352138235,1.7217098873497467
997,2.5499999994640454,2.5499999987323463,2.5499999938492204,2.5499999675756713,2.5499998342143853,2.5499992027765614,2.549996439720927,2.54998532586021,2.549944365264535,2.549806310378111,2.549381273287516,2.5481866034323035,2.545121174387812,2.5379371128943267,2.5225417268929133,2.492311936528819,2.4377544711768544,2.3468542192068993,2.2061834350164986,2.0022412499457793,1.7213782974240006
998,2.5499999994525444,2.5499999987069732,2.5499999937383198,2.5499999670507036,2.549999831816021,2.549999192532095,2.549996399352542,2.5499851801416358,2.5499438854535668,2.5498048732912397,2.5493773660414876,2.5481769749500804,2.5450996953480147,2.5378937776211377,2.5224627010034695,2.492181724832271,2.4375606590491516,2.3465937740429395,2.205867999451119,2.0018983743406578,1.7210469463060762
999,2.54999999944082,2.549999998681143,2.5499999936256397,2.549999966518271,2.54999982938766,2.549999182175925,2.5499963586044463,2.5499850332553837,2.549943402416241,2.5498034282450557,2.5493734413860514,2.5481673130032085,2.545078160496575,2.537850363278118,2.5223835838716937,2.492051436520321,2.4373668226603282,2.3463333905301673,2.2055527211123276,2.0015557250176,1.7207158335885777
1000,2.5499999994288682,2.549999998654848,2.549999993511155,2.549999965978283,2.5499998269289894,2.5499991717070687,2.5499963174738673,2.5499848851945655,2.5499429161377303,2.5498019752125947,2.5493694992816436,2.548157617550046,2.5450565698171705,2.5378068699133043,2.522304375636652,2.491921071802975,2.4371729622082405,2.3460730687371556,2.2052375998585307,2.001213301671414,1.7203849588700468
1001,2.5499999994166855,2.5499999986280812,2.54999999339484,2.549999965430648,2.549999824439695,2.5499991611245347,2.5499962759580184,2.549984735952269,2.549942426603182,2.549800514166886,2.5493655396887505,2.548147888549092,2.545034923293691,2.5377632975748923,2.5222250764373313,2.491790630889825,2.4369790778901295,2.3458128087320342,2.2049226355484612,2.0008711039971585,1.7200543217486346
1002,2.5499999994042675,2.5499999986008346,2.54999999327667,2.5499999648752736,2.549999821919457,2.549999150427327,2.5499962340541,2.5499845855215595,2.5499419337977125,2.549799045080944,2.5493615625679014,2.5481381259589875,2.5450132209102527,2.5377196463112655,2.5221456864126592,2.4916601139900334,2.436785169902573,2.3455526105824256,2.2046078280410772,2.0005291316898988,1.7197239218254932
1003,2.5499999993916105,2.5499999985731003,2.549999993156619,2.5499999643120668,2.5499998193679567,2.5499991396144437,2.549996191759298,2.549984433895478,2.5499414377064102,2.5497975679277682,2.5493575678796687,2.5481283297385158,2.5449914626512022,2.5376759161709987,2.5220662057015106,2.4915295213123283,2.436591238441472,2.3452924743554338,2.204293177195552,2.000187384444645,1.7193937587053139
1004,2.54999999937871,2.5499999985448714,2.5499999930346604,2.5499999637409334,2.549999816784872,2.549999128684874,2.5499961490707848,2.5499842810670432,2.5499409383143394,2.5497960826803534,2.549353555584677,2.5481184998466024,2.5449696485010866,2.5376321072028065,2.5219866344426687,2.4913988530650326,2.4363972837021497,2.3450324001177694,2.2039786828713517,1.9998458619571606,1.7190638319918266
1005,2.549999999365562,2.5499999985161397,2.5499999929107684,2.549999963161778,2.549999814169877,2.549999117637602,2.54999610598572,2.5499841270292505,2.5499404356065303,2.549794589311676,2.5493495256435894,2.5481086362423135,2.5449477784446954,2.5375882194556176,2.5219069727748766,2.4912681094560254,2.436203305879215,2.3447723879355697,2.203664344928151,1.9995045639227482,1.7187341412938015
1006,2.5499999993521616,2.5499999984868977,2.549999992784916,2.5499999625745056,2.5499998115226443,2.5499991064716063,2.5499960625012483,2.5499839717750707,2.5499399295679868,2.5497930877946984,2.5493454780171136,2.5480987388848595,2.5449258524670393,2.537544252978539,2.5218272208368133,2.4911372906927616,2.4360093051666283,2.344512437874488,2.20335016322587,1.9991634900368584,1.718404686222146
1007,2.549999999338505,2.5499999984571367,2.549999992657077,2.549999961979019,2.5499998088428435,2.549999095185858,2.549996018614503,2.5499838152974523,2.549939420183684,2.5497915781023752,2.549341412666005,2.548088807733591,2.5449038705533455,2.5375002078208464,2.521747378767086,2.491006396982274,2.4358152817577166,2.3442525499997124,2.2030361376246756,1.9988226399952143,1.71807546638928
1008,2.549999999324588,2.5499999984268493,2.5499999925272236,2.5499999613752187,2.5499998061301405,2.549999083779321,2.5499959743226004,2.5499836575893218,2.549938907438576,2.5497900602076595,2.549337329551077,2.548078842748001,2.5448818326890326,2.537456084031936,2.5216674467041957,2.4908754285312034,2.435621235845269,2.3439927243760934,2.2027222679849916,1.9984820134945727,1.7177464814052796
1009,2.5499999993104066,2.5499999983960273,2.5499999923953283,2.5499999607630075,2.5499998033842,2.5499990722509542,2.549995929622646,2.549983498643581,2.5499383913175797,2.549788534083478,2.549333228633173,2.548068843887725,2.54485973885978,2.5374118816614533,2.5215874247866306,2.4907443855457245,2.4354271676212873,2.343732961067811,2.202408554167469,1.9981416102307001,1.7174177308880818
1010,2.549999999295956,2.5499999983646617,2.549999992261363,2.549999960142285,2.5499998006046845,2.5499990605997094,2.5499958845117305,2.5499833384531088,2.549937871805587,2.5497869997027496,2.5493291098731863,2.5480588111125395,2.544837589051475,2.5373676007591977,2.5215073131527967,2.4906132682316016,2.4352330772771755,2.343473260138627,2.2020949960330087,1.9978014298999103,1.7170892144557357
1011,2.5499999992812312,2.549999998332744,2.5499999921253003,2.5499999595129506,2.549999797791252,2.5499990488245317,2.54999583898693,2.5499831770107604,2.549937348887465,2.5497854570383884,2.5493249732320633,2.548048744382364,2.5448153832502105,2.5373232413751143,2.521427111941012,2.4904820767941893,2.4350389650037454,2.343213621651896,2.201781593442732,1.9974614721990982,1.7167609317264807
1012,2.549999999266228,2.5499999983002666,2.5499999919871104,2.5499999588749023,2.5499997949435587,2.549999036924359,2.5499957930453085,2.5499830143093685,2.5499368225480548,2.5497839060633036,2.549320818670803,2.548038643657259,2.544793121442282,2.537278803559293,2.521346821289507,2.490350811438436,2.4348448309912216,2.3429540456705724,2.2014683462579776,1.9971217368257965,1.716432882318495
1013,2.5499999992509417,2.54999999826722,2.5499999918467653,2.549999958228038,2.549999792061258,2.5499990248981232,2.549995746683915,2.5499828503417428,2.5499362927721636,2.54978234675038,2.5493166461504373,2.5480285088974273,2.544770803614238,2.537234287362057,2.5212664413364867,2.490219472368834,2.4346506754290775,2.342694532256982,2.2011552543403745,1.9967822234768464,1.7161050658558117
1014,2.5499999992353675,2.549999998233596,2.5499999917042353,2.549999957572254,2.549999789144002,2.549999012744751,2.5499956998997857,2.549982685100669,2.5499357595445744,2.5497807790724973,2.54931245563205,2.548018340063214,2.5447484297528336,2.5371896928338793,2.5211859722200707,2.4900880597894672,2.4344564985061923,2.3424350814730412,2.200842317551771,1.996442931849664,1.7157774819626845
1015,2.5499999992195006,2.549999998199385,2.5499999915594915,2.549999956907445,2.5499997861914374,2.54999900046316,2.549995652689941,2.5499825185789113,2.5499352228500465,2.549779203002534,2.5493082470767834,2.5480081371151044,2.544725999845012,2.537145020025352,2.5211054140782725,2.4899565739040246,2.4342623004109045,2.342175693380335,2.2005295357541526,1.996103861642654,1.715450130262649
1016,2.5499999992033358,2.5499999981645782,2.5499999914125033,2.549999956233506,2.54999978320321,2.5499989880522604,2.549995605051389,2.549982350769209,2.5499346826733102,2.549777618513355,2.5493040204458217,2.5479979000137267,2.544703513877946,2.537100268987258,2.52102476704905,2.489825014915763,2.434068081330879,2.3419163680399246,2.2002169088097845,1.995765012554157,1.7151230103819721
1017,2.5499999991868685,2.5499999981291666,2.5499999912632414,2.54999995555033,2.5499997801789624,2.5499989755109596,2.549995556981124,2.549982181664279,2.549934138999065,2.5497760255778097,2.549299775700393,2.5479876287198513,2.54468097183904,2.5370554397705725,2.5209440312703073,2.489693383027507,2.433873841453107,2.3416571055123514,2.1999044365812077,1.995426384282459,1.7147961219496166
1018,2.549999999170093,2.5499999980931403,2.5499999911116746,2.5499999548578103,2.549999777118335,2.5499989628381554,2.5499955084761257,2.549982011256816,2.5499335918119863,2.5497744241687403,2.549295512801774,2.54797732319439,2.5446583737159036,2.5370105324264243,2.520863206879865,2.4895616784416688,2.4336795809639757,2.341397905857734,2.1995921189311667,1.9950879765263352,1.7144694645954668
1019,2.5499999991530053,2.5499999980564905,2.5499999909577724,2.5499999541558362,2.5499997740209635,2.5499989500327396,2.5499954595333603,2.5499818395394893,2.549933041096723,2.5497728142589864,2.549291231711297,2.5479669833983962,2.5446357194963465,2.5369655470060755,2.52078229401545,2.4894299013602597,2.4334853000493073,2.3411387691358243,2.199279955722548,1.9947497889853314,1.7141430379497422
1020,2.5499999991356,2.5499999980192083,2.5499999908015027,2.5499999534443,2.5499997708864828,2.549998937093596,2.5499954101497786,2.549981666504949,2.5499324868379003,2.5497711958213802,2.5492869323903475,2.5479566092930637,2.5446130091683847,2.536920483560941,2.5207012928147043,2.4892980519848784,2.4332909988943214,2.3408796954059543,2.198967946818419,1.994411821359479,1.7138168418368003
1021,2.549999999117871,2.5499999979812835,2.549999990642836,2.5499999527230908,2.549999767714525,2.549998924019603,2.549995360322321,2.549981492145818,2.5499319290201137,2.5497695688287423,2.549282614800354,2.547946200839729,2.5445902427202602,2.536875342142623,2.5206202034152128,2.489166130516696,2.4330966776835727,2.3406206847269493,2.198656092082111,1.994074073348789,1.7134908997683171
1022,2.5499999990998132,2.5499999979427055,2.549999990481737,2.549999951992094,2.5499997645047183,2.549998910809633,2.54999531004791,2.5499813164547005,2.5499313676279325,2.5497679332538836,2.5492782789027926,2.5479357579998703,2.5445674201404263,2.5368301228028756,2.520539025954481,2.489034137156469,2.432902336601013,2.3403617371572154,2.1983443913771556,1.9937365446537487,1.7131652079675865
1023,2.549999999081422,2.5499999979034653,2.5499999903181774,2.5499999512512006,2.549999761256687,2.54999889746255,2.549995259323456,2.5499811394241716,2.5499308026459007,2.5497662890696096,2.549273924659194,2.5479252807351074,2.5445445414175407,2.5367848255936103,2.5204577605699288,2.4889020721045414,2.432707975829987,2.3401028527547285,2.1980328445672788,1.9933992349752816,1.7128397585408317
1024,2.549999999062691,2.549999997863553,2.5499999901521218,2.5499999505002946,2.549999757970056,2.5499988839772096,2.5499952081458552,2.5499809610467907,2.5499302340585337,2.5497646362487165,2.549269552031137,2.547914769007202,2.5445216065404765,2.536739450566894,2.5203764073988992,2.4887699355608444,2.4325135955532304,2.3398440315770395,2.197721451516403,1.9930621440147318,1.7125145485677318
1025,2.549999999043615,2.5499999978229577,2.5499999899835384,2.5499999497392625,2.5499997546444444,2.5499988703524656,2.5499951565119914,2.5499807813150883,2.5499296618503235,2.5497629747639956,2.5492651609802497,2.5479042227780546,2.5444986154983087,2.536693997774946,2.5202949665786565,2.4886377277249028,2.432319195952884,2.3395852736812808,2.197410212088637,1.9927252714738788,1.7121895761845483
1026,2.5499999990241897,2.54999999778167,2.5499999898123926,2.5499999489679865,2.54999975127947,2.5499988565871594,2.5499951044187306,2.549980600221577,2.5499290860057364,2.549761304588229,2.5492607514682137,2.5478936420097065,2.544475568280324,2.5366484672701413,2.5202134382463806,2.4885054487958262,2.4321247772104786,2.3393265791241613,2.1970991261482853,1.992388617055049,1.7118648400367624
1027,2.5499999990044064,2.5499999977396786,2.5499999896386525,2.5499999481863505,2.5499997478747445,2.549998842680129,2.549995051862927,2.5499804177587406,2.549928506509212,2.5497596256941932,2.54925632345676,2.5478830266643464,2.544452464876018,2.5366028591050074,2.5201318225391725,2.4883730989723083,2.43193033950694,2.3390679479619645,2.1967881935598363,1.992052180461367,1.7115403390409838
1028,2.549999998984261,2.5499999976969736,2.5499999894622816,2.549999947394236,2.549999744429883,2.549998828630204,2.5499949988414206,2.549980233919047,2.549927923345162,2.549757938054658,2.5492518769076695,2.5478723767042974,2.544429305275094,2.536557173332228,2.520050119594047,2.4882406784526334,2.4317358830225886,2.338809380250556,2.1964774141879655,1.991715961397287,1.7112160722658714
1029,2.549999998963749,2.549999997653543,2.5499999892832474,2.549999946591525,2.549999740944491,2.5499988144362074,2.549994945351038,2.549980048694935,2.5499273364979755,2.549756241642386,2.5492474117827784,2.54786169209203,2.5444060894674605,2.5365114100046333,2.51996832954794,2.4881081874346753,2.431541407937155,2.338550876045395,2.196166787897523,1.9913799595693416,1.7108920388920388
1030,2.5499999989428623,2.549999997609378,2.549999989101515,2.549999945778097,2.549999737418176,2.549998800096954,2.549994891388591,2.549979862078823,2.5499267459520154,2.5497545364301346,2.549242928043971,2.5478509727901506,2.5443828174432332,2.5364655691752067,2.5198864525376985,2.4879756261159027,2.431346914429772,2.338292435401526,2.1958563145535424,1.9910441746867302,1.71056823818711
1031,2.549999998921596,2.5499999975644667,2.5499999889170484,2.5499999449538286,2.5499997338505382,2.5499987856112543,2.549994836950876,2.549979674063108,2.549926151691619,2.549752822390655,2.5492384256531837,2.547840218761408,2.5443594891927304,2.5364196508970767,2.5198044887000903,2.4878429946933704,2.4311524026789777,2.338034058373585,2.195545994021228,1.9907086064617674,1.7102446694797624
1032,2.5499999988999416,2.549999997518798,2.549999988729813,2.5499999441185994,2.549999730241179,2.5499987709779095,2.5499947820346773,2.5499794846401627,2.549925553701097,2.5497510994966928,2.5492339045724064,2.547829429968694,2.5443361047064785,2.5363736552235214,2.5197224381717955,2.4877102933637274,2.4309578728627184,2.3377757450158043,2.1952358261659577,1.9903732546101418,1.7099213321428672
1033,2.549999998877896,2.549999997472361,2.549999988539771,2.549999943272285,2.549999726589695,2.549998756195715,2.5499947266367626,2.549979293802337,2.549924951964737,2.549749367720987,2.549229364763681,2.5478186063750417,2.5443126639752065,2.5363275822079676,2.5196403010894075,2.487577522323215,2.4307633251583494,2.33751749538201,2.194925810853279,1.9900381188509104,1.7095982255864242
1034,2.5499999988554536,2.549999997425143,2.5499999883468876,2.54999994241476,2.5499997228956786,2.5499987412634577,2.5499946707538883,2.549979101541956,2.5499243464668027,2.5497476270362713,2.5492248061891,2.5478077479436196,2.5442891669898464,2.536281431903988,2.519558077589435,2.4874446817676654,2.430568759742637,2.33725930952563,2.1946159479489107,1.9897031989064302,1.709275349245529
1035,2.5499999988326034,2.5499999973771335,2.5499999881511255,2.5499999415459005,2.5499997191587207,2.5499987261799184,2.5499946143827947,2.5499789078513277,2.5499237371915275,2.5497458774152766,2.549220228810811,2.5477968546377423,2.5442656137415343,2.5362352043652945,2.519475767808301,2.4873117718925073,2.430374176791763,2.3370011874996934,2.1943062373187274,1.9893684945018444,1.7089527025810989
1036,2.5499999988093425,2.5499999973283214,2.5499999879524475,2.5499999406655776,2.549999715378409,2.5499987109438704,2.5499945575202094,2.5499787127227322,2.5499231241231244,2.5497441188307275,2.549215632591013,2.5477859264208647,2.544242004221608,2.5361888996457513,2.5193933718823356,2.4871787928927627,2.4301795764813257,2.336743129356834,2.1939966788287757,1.9890340053647613,1.7086302850752932
1037,2.5499999987856627,2.549999997278694,2.549999987750816,2.5499999397736635,2.549999711554328,2.5499986955540805,2.549994500162844,2.54997851614843,2.54992250724578,2.5497423512553445,2.549211017491959,2.5477749632565807,2.544218338421607,2.5361425177993606,2.5193108899477865,2.487045744963047,2.429984958986338,2.3364851351492915,2.193687272345259,1.9886997312251802,1.7083080962298174
1038,2.549999998761559,2.5499999972282392,2.549999987546193,2.5499999388700294,2.5499997076860597,2.5499986800093084,2.5499944423073955,2.5499783181206555,2.54992188654366,2.549740574661841,2.549206383475954,2.547763965108625,2.5441946163332725,2.536096058880269,2.5192283221408096,2.4869126282975706,2.4297903244812322,2.336227204928915,2.1933780177345428,1.9883656718149827,1.707986135561044
1039,2.5499999987370234,2.5499999971769447,2.5499999873385404,2.5499999379545444,2.5499997037731816,2.5499986643083052,2.549994383950549,2.549978118631624,2.5499212620009,2.5497387890229306,2.5492017305053585,2.547752931940874,2.5441708379485455,2.5360495229427604,2.5191456685974725,2.4867794430901426,2.4295956731398642,2.3359693387471667,2.1930689148631513,1.9880318268670842,1.707664402593865
1040,2.5499999987120505,2.549999997124799,2.5499999871278187,2.5499999370270765,2.5499996998152685,2.549998648449815,2.549994325088974,2.5499779176735267,2.549920633601613,2.5497369943113197,2.549197058542585,2.5477418637173432,2.5441470032595683,2.5360029100412635,2.519062929453752,2.486646189534166,2.4294010051355093,2.33571153665512,2.1927599635977693,1.98769819611637,1.7073428968701385
1041,2.5499999986866313,2.5499999970717897,2.5499999869139893,2.5499999360874943,2.549999695811893,2.5499986324325774,2.5499942657193246,2.5499777152385317,2.5499200013298906,2.5497351904997116,2.5491923675500994,2.547730760402189,2.5441231122586805,2.5359562202303425,2.5189801048455336,2.4865128678226434,2.4292063206408745,2.3354537987034694,2.1924511638052424,1.9873647792978673,1.7070216179357434
1042,2.5499999986607595,2.5499999970179044,2.549999986697012,2.5499999351356633,2.5499996917626246,2.549998616255322,2.5499942058382428,2.5499775113187857,2.5499193651697976,2.549733377560806,2.5491876574904238,2.547719621959708,2.5440991649384226,2.5359094535647015,2.5188971949086123,2.486379478148173,2.429011619828089,2.3351961249425237,2.1921425153525775,1.987031576147775,1.70670056534872
1043,2.5499999986344286,2.549999996963129,2.549999986476849,2.5499999341714474,2.5499996876670297,2.549998599916771,2.5499941454423536,2.549977305906412,2.5499187251053743,2.5497315554673,2.5491829283261342,2.5477084483543386,2.544075161291532,2.5358626100991826,2.5188141997786926,2.4862460207029526,2.428816902868708,2.3349385154222153,2.191834018106946,1.9866985864026079,1.7063797386740955
1044,2.5499999986076305,2.549999996907452,2.549999986253457,2.549999933194711,2.5499996835246694,2.549998583415641,2.5499940845282705,2.549977098993511,2.549918081120639,2.5497297241918884,2.5491781800198594,2.5476972395506556,2.544051101310942,2.5358156898887576,2.518731119591382,2.4861124956787815,2.428622169933731,2.3346809701921036,2.191525671935694,1.9863658097987884,1.7060591374824567
1045,2.5499999985803576,2.549999996850859,2.549999986026796,2.549999932205316,2.5499996793351043,2.5499985667506397,2.5499940230925917,2.5499768905721614,2.549917433199585,2.5497278837072606,2.5491734125342838,2.5476859955133784,2.5440269849897863,2.535768692988543,2.5186479544822014,2.485978903267053,2.428427421193572,2.334423489301362,2.191217476706324,1.9860332460740506,1.705738761355798
1046,2.5499999985526034,2.5499999967933373,2.5499999857968243,2.549999931203124,2.5499996750978906,2.5499985499204687,2.5499939611318996,2.549976680634419,2.5499167813261816,2.5497260339861043,2.5491686258321478,2.5476747162073625,2.5440028123213922,2.5357216194537835,2.5185647045865722,2.4858452436587664,2.428232656818094,2.334166072798804,2.1909094322865323,1.985700894965262,1.7054186098774298
1047,2.549999998524361,2.5499999967348743,2.549999985563501,2.549999930187995,2.549999670812582,2.549998532923822,2.549993898642764,2.549976469172319,2.549916125484376,2.5497241750011055,2.5491638198762465,2.5476634015976063,2.5439785832992854,2.5356744693398596,2.5184813700398267,2.485711517044518,2.428037876976589,2.3339087207328655,2.1906015385441817,1.9853687562098525,1.7050986826389627
1048,2.5499999984956223,2.5499999966754565,2.5499999853267843,2.549999929159788,2.549999666478728,2.5499985157593863,2.5499938356217395,2.5499762561778714,2.54991546565809,2.5497223067249464,2.5491589946294293,2.5476520516492465,2.543954297917185,2.535627242702285,2.5183979509772003,2.4855777236145076,2.427843081837787,2.333651433151612,2.190293795347321,1.985036829545192,1.704778979236817
1049,2.549999998466379,2.5499999966150693,2.54999998508663,2.5499999281183596,2.549999662095876,2.54999849842584,2.549993772065365,2.5499760416430646,2.5499148018312234,2.549720429130309,2.5491541500546013,2.547640666327559,2.543929956169004,2.5355799395967002,2.51831444753383,2.4854438635585376,2.4276482715698666,2.333394210102755,2.1899862025642007,1.9847051147079977,1.704459499269157
1050,2.5499999984366237,2.5499999965536992,2.5499999848429957,2.5499999270635665,2.54999965766357,2.549998480921855,2.549993707970167,2.5499758255598652,2.5499141339876523,2.549718542189872,2.549149286114723,2.5476292455979594,2.5439055580488517,2.535532560078884,2.518230859844764,2.4853099370660106,2.427453446340435,2.3331370516336247,2.189678760063239,1.984373611435587,1.7041402423426513
1051,2.549999998406348,2.549999996491332,2.5499999845958388,2.549999925995264,2.549999653181349,2.5499984632460952,2.549993643332657,2.549975607920217,2.5499134621112307,2.5497166458763125,2.549144402772813,2.5476177894260053,2.5438811035510267,2.535485104204734,2.5181471880449453,2.485175944325938,2.4272586063165624,2.332879957791211,2.1893714677130953,1.9840423194643348,1.7038212080631896
1052,2.5499999983755437,2.549999996427952,2.5499999843451144,2.5499999249133065,2.5499996486487504,2.549998445397217,2.5499935781493326,2.5499753887160415,2.5499127861857875,2.549714740162306,2.549139499991943,2.547606297777391,2.5438565926700263,2.5354375720302884,2.518063432269229,2.485041885526927,2.4270637516647424,2.332622928622121,2.189064325382582,1.9837112385310345,1.703502396044766
1053,2.5499999983442025,2.5499999963635473,2.549999984090778,2.5499999238175453,2.5499996440653088,2.54999842737387,2.549993512416675,2.5499751679392393,2.5499121061951304,2.5497128250205288,2.5491345777352437,2.547594770617951,2.5438320254005324,2.5353899636117005,2.5179795926523645,2.4849077608572006,2.4268688825509415,2.3323659641726286,2.1887573329407726,1.9833803683719258,1.7031838059013154
1054,2.5499999983123165,2.549999996298103,2.5499999838327847,2.549999922707832,2.549999639430555,2.549998409174696,2.549993446131153,2.5499749455816874,2.549911422123044,2.549710900423654,2.5491296359659,2.547583207913659,2.5438074017374257,2.5353422790052624,2.5178956693290107,2.484773570504577,2.426673999140554,2.33210906448863,2.1884504902569035,1.9830497087232493,1.7028654372529186
1055,2.5499999982798776,2.549999996231603,2.5499999835710896,2.549999921584017,2.549999634744015,2.5499983907983292,2.5499933792892198,2.5499747216352406,2.5499107339532894,2.549708966344355,2.549124674647155,2.5475716096306282,2.5437827216757714,2.53529451826738,2.5178116624337195,2.4846393146564885,2.426479101598446,2.3318522296156887,2.1881437972004676,1.98271925932104,1.702547289720556
1056,2.5499999982468777,2.549999996164033,2.5499999833056464,2.5499999204459485,2.549999630005213,2.5499983722433965,2.549993311887313,2.549974496091731,2.549910041669606,2.549707022755305,2.549119693742308,2.5475599757351097,2.5437579852108283,2.5352466814545926,2.51772757210095,2.4845049934999697,2.4262841900889254,2.3315954595990034,2.1878372536411494,1.9823890199011496,1.702229362929537
1057,2.5499999982133086,2.5499999960953788,2.5499999830364093,2.549999919293474,2.5499996252136703,2.549998353508517,2.549993243921858,2.549974268942969,2.54990934525571,2.549705069629174,2.549114693214713,2.5475483061934954,2.5437331923380513,2.5351987686235686,2.517643398465064,2.4843706072216576,2.426089264775741,2.3313387544834088,2.1875308594488283,1.9820589901992447,1.701911656509428
1058,2.549999998179161,2.5499999960256234,2.549999982763331,2.5499999181264394,2.549999620368904,2.549998334592302,2.549993175389264,2.5499740401807443,2.549908644695296,2.549703106938635,2.5491096730277865,2.547536600972314,2.5437083430530705,2.5351507798310835,2.517559141660315,2.4842361560078086,2.425894325822133,2.331082114313427,2.187224614493657,1.9817291699509283,1.7015941700890922
1059,2.5499999981444246,2.5499999959547526,2.5499999824863644,2.5499999169446896,2.549999615470427,2.5499983154933554,2.5499931062859273,2.549973809796822,2.549907939972037,2.549701134656359,2.5491046331449985,2.5475248600382354,2.543683437351715,2.535102715134047,2.5174748018208604,2.48410164004428,2.425699373390778,2.33082553913321,2.1869185186459768,1.9813995588915907,1.7012769033021462
1060,2.5499999981090915,2.5499999958827506,2.549999982205462,2.549999915748068,2.5499996105177516,2.549998296210274,2.549993036608228,2.5499735777829464,2.5499072310695814,2.549699152755016,2.5490995735298756,2.5475130833580675,2.543658475230005,2.535054574589496,2.517390379080763,2.483967059516533,2.4255044076437975,2.3305690289865497,2.186612571776332,1.9810701567564353,1.7009598557860883
1061,2.549999998073153,2.549999995809601,2.5499999819205756,2.549999914536417,2.5499996055103837,2.549998276741646,2.5499929663525327,2.5499733441308403,2.5499065179715585,2.5496971612072814,2.549094494146005,2.547501270898754,2.5436334566841343,2.5350063582545674,2.5173058735739704,2.483832414609654,2.425309428742821,2.3303125839169434,2.1863067737555353,1.9807409632807866,1.700643027176799
1062,2.5499999980365997,2.549999995735288,2.549999981631656,2.5499999133095765,2.549999600447827,2.549998257086052,2.5499928955151914,2.5499731088322037,2.5499058006615747,2.549695159985827,2.54908939495703,2.54748942262738,2.543608381710494,2.5349580661865327,2.5172212854343368,2.4836977055083294,2.425114436848912,2.330056203967515,2.1860011244545965,1.9804119781996927,1.7003264171149133
1063,2.5499999979994232,2.549999995659795,2.549999981338655,2.549999912067386,2.5499995953295826,2.549998237242066,2.5499928240925422,2.549972871878714,2.5499050791232123,2.549693149063325,2.5490842759266497,2.547477538511169,2.5435832503056655,2.534909698442788,2.517136614795617,2.483562932396851,2.4249194321225853,2.329799889181036,2.185695623744739,1.9800832012480343,1.7000100252441477
1064,2.549999997961612,2.5499999955831067,2.5499999810415215,2.5499999108096847,2.549999590155147,2.5499982172082536,2.5499927520809065,2.5499726332620285,2.5499043533400365,2.549691128412452,2.5490791370186283,2.54746561851748,2.5435580624664,2.5348612550808243,2.517051861791451,2.4834280954591392,2.4247244147238733,2.3295436395999927,2.1853902714974183,1.979754632161069,1.6996938512071829
1065,2.5499999979231585,2.549999995505206,2.5499999807402065,2.549999909536308,2.5499995849240134,2.549998196983173,2.5499926794765932,2.5499723929737805,2.549903623295587,2.549689098005884,2.549073978196783,2.5474536626138127,2.5435328181896466,2.5348127361582677,2.5169670265553834,2.4832931948787147,2.424529384812241,2.329287455266498,2.185085067584309,1.9794262706736794,1.6993778946508185
1066,2.5499999978840515,2.5499999954260755,2.5499999804346594,2.5499999082470928,2.549999579635672,2.5499981765653748,2.549992606275895,2.5499721510055826,2.5499028889733837,2.5496870578162967,2.5490687994249894,2.547441670767804,2.543507517472541,2.5347641417328637,2.516882109220859,2.4831582308387072,2.4243343425466173,2.329031336222324,2.1847800118773057,1.9790981165206478,1.6990621552241925
1067,2.5499999978442824,2.549999995345699,2.549999980124828,2.549999906941872,2.5499995742896093,2.5499981559534004,2.5499925324750894,2.549971907349026,2.549902150356926,2.5496850078163713,2.5490636006671856,2.547429642947228,2.543482160312387,2.5347154718624516,2.516797109921204,2.4830232035218773,2.424139288085451,2.3287752825089596,2.1844751042484893,1.9787701694373223,1.6987466325762781
1068,2.549999997803841,2.5499999952640584,2.5499999798106607,2.5499999056204774,2.5499995688853074,2.549998135145785,2.549992458070441,2.5499716619956785,2.549901407429692,2.5496829479787873,2.549058381887365,2.5474175791199976,2.5434567467066858,2.534666726605003,2.516712028789652,2.482888113110586,2.4239442215866265,2.328519294167525,2.1841703445701843,1.9784424291586165,1.6984313263594737
1069,2.5499999977627184,2.5499999951811363,2.549999979492106,2.5499999042827417,2.5499995634222468,2.549998114141056,2.5499923830581994,2.5499714149370867,2.5499006601751364,2.5496808782762255,2.549053143049579,2.5474054792541643,2.5434312766531226,2.5346179060186067,2.516626865959331,2.4827529597868074,2.423749143207501,2.328263371238806,2.18386573271493,1.9781148954194516,1.698116236228085
1070,2.549999997720902,2.5499999950969157,2.549999979169111,2.5499999029284934,2.5499995578999024,2.5499980929377313,2.5499923074345974,2.549971166164777,2.549899908576697,2.5496787986813776,2.549047884117946,2.547393343317912,2.543405750149543,2.5345690101614293,2.5165416215632446,2.482617743732153,2.4235540531049784,2.32800751376334,2.1835612685553842,1.9777875679556067,1.697801361835933
1071,2.549999997678383,2.5499999950113788,2.5499999788416217,2.5499999015575616,2.549999552317748,2.549998071534323,2.5499922311958554,2.5499709156702517,2.5498991526177877,2.5496767091669277,2.5490426050566355,2.547381171279567,2.543380167193998,2.5345200390917886,2.516456295734312,2.482482465127825,2.423358951435366,2.327751721781254,2.1832569519645126,1.9774604465020786,1.6974867028409606
1072,2.549999997635151,2.549999994924508,2.549999978509585,2.5499999001697726,2.5499995466752523,2.5499980499293344,2.5499921543381783,2.549970663444992,2.5498983922818006,2.5496746097055634,2.5490373058298776,2.5473689631075938,2.54335452778472,2.534470992868109,2.5163708886053433,2.482347124154645,2.4231638383544594,2.3274959953323644,2.182952782815473,1.9771335307940565,1.6971722589025124
1073,2.549999997591195,2.5499999948362846,2.5499999781729468,2.549999898764953,2.5499995409718803,2.549998028121261,2.5499920768577566,2.549970409480458,2.549897627552108,2.5496725002699767,2.5490319864019617,2.5473567187705926,2.5433288319201175,2.534421871548923,2.516285400309039,2.4822117209930523,2.4229687140175455,2.327240334456173,2.182648760981613,1.9768068205669307,1.6968580296812965
1074,2.5499999975465046,2.5499999947466896,2.5499999778316513,2.549999897342926,2.5499995352070934,2.54999800610859,2.5499919987507655,2.549970153768089,2.549896858412069,2.549670380832872,2.5490266467372473,2.5473444382372943,2.5433030795987492,2.5343726751928255,2.5161998309779694,2.482076255823141,2.422773578579493,2.326984739191969,2.1823448863363297,1.97648031555721,1.6965440148367152
1075,2.549999997501069,2.549999994655705,2.549999977485644,2.5499998959035137,2.5499995293803503,2.5499979838898015,2.5499919200133667,2.549969896299301,2.549896084845011,2.549668251366942,2.54902128680014,2.5473321214765767,2.5432772708193974,2.5343234038585876,2.5161141807446303,2.481940728824572,2.4225784321945185,2.3267292095785748,2.1820411587534223,1.9761540155001571,1.6962302140337335
1076,2.5499999974548766,2.549999994563312,2.5499999771348683,2.5499998944465387,2.5499995234911053,2.549997961463368,2.549991840641706,2.5499696370654883,2.549895306834246,2.5496661118448865,2.549015906555109,2.5473197684574513,2.5432514055810116,2.5342740576050686,2.5160284497414005,2.48180514017664,2.422383275016366,2.3264737456545403,2.1817375781068247,1.9758279201315876,1.6959166269376535
1077,2.549999997407917,2.5499999944694904,2.5499999767792683,2.54999989297182,2.5499995175388093,2.549997938827753,2.549991760631915,2.549969376058024,2.5498945243630637,2.5496639622394097,2.549010505966685,2.547307379149066,2.543225483882719,2.534224636491235,2.5159426381005483,2.4816694900582603,2.422188107198273,2.3262183474581075,2.1814341442706513,1.9755020291875431,1.695603253215067
1078,2.549999997360178,2.5499999943742226,2.5499999764187864,2.5499998914791764,2.54999951152291,2.5499979159814123,2.54999167998011,2.549969113268262,2.5498937374147386,2.549661802523225,2.5490050849994628,2.547294953520703,2.5431995057238046,2.53417514057613,2.515856745954218,2.4815337786479894,2.421992928893028,2.3259630150272685,2.1811308571191073,1.9751763424048192,1.6952900925323433
1079,2.5499999973116494,2.5499999942774876,2.5499999760533654,2.549999889968424,2.549999505442851,2.549997892922794,2.549991598682393,2.5499688486875316,2.5498929459725233,2.5496596326690475,2.5489996436180955,2.547282491541781,2.5431734711037417,2.5341255699189182,2.5157707734344514,2.481398006123994,2.4217977402528836,2.3257077483996764,2.1808277165266206,1.9748508595201335,1.694977144558084
1080,2.5499999972623204,2.549999994179266,2.5499999756829475,2.5499998884393777,2.549999499298071,2.5499978696503374,2.54999151673485,2.5499685823071423,2.549892150019653,2.5496574526495976,2.548994181787299,2.5472699931818563,2.5431473800221753,2.5340759245788624,2.51568472067318,2.481262172664064,2.4216025414295967,2.3254525476126853,2.180524722367781,1.9745255802704917,1.6946644082670437
1081,2.5499999972121774,2.549999994079539,2.5499999753074722,2.5499998868918525,2.5499994930880074,2.5499978461624746,2.5499914341335543,2.549968314118382,2.549891349539339,2.549655262437596,2.548988699471847,2.5472574584106207,2.5431212324789354,2.534026204615343,2.5155985878022302,2.481126278445607,2.4214073325744008,2.3251974127033237,2.180221874517376,1.9742005043929376,1.694351842348886
1082,2.54999999716121,2.5499999939782856,2.5499999749268825,2.5499998853256587,2.549999486812092,2.5499978224576294,2.5499913508745644,2.549968044112518,2.5498905445147737,2.5496530620057687,2.5489831966365744,2.5472448871979028,2.543095028474026,2.5339764100878366,2.5155123749533117,2.4809903236456554,2.421212113838033,2.3249423437083228,2.1799191728503624,1.9738756316248096,1.6940394517304869
1083,2.549999997109404,2.549999993875484,2.5499999745411173,2.5499998837406093,2.549999480469755,2.5499977985342173,2.549991266953921,2.5499677722807936,2.5498897349291307,2.5496508513268497,2.548977673246378,2.5472322795136684,2.543068768007622,2.533926541055922,2.515426082258026,2.4808543084408616,2.4210168853707374,2.3246873406641155,2.1796166172418503,1.9735509617037548,1.6937272494270894
1084,2.5499999970567506,2.5499999937711144,2.5499999741501163,2.5499998821365133,2.549999474060421,2.549997774390647,2.5499911823676547,2.5499674986144334,2.5498889207655657,2.5496486303735746,2.5489721292662164,2.547219635328016,2.5430424510800735,2.5338765975792783,2.5153397098478614,2.480718233007512,2.4208216473222666,2.3244324036068416,2.1793142075671095,1.9732264943676898,1.6934152396631428
1085,2.5499999970032348,2.549999993665158,2.549999973753818,2.549999880513177,2.5499994675835103,2.5499977500253177,2.5499910971117754,2.5499672231046397,2.549888102007214,2.5496463991186835,2.5489665646611086,2.5472069546111813,2.543016077691903,2.533826579717682,2.515253257854196,2.480582097521515,2.4206263998418756,2.3241775325723433,2.17901194370157,1.972902229354792,1.693103424720263
1086,2.5499999969488454,2.5499999935575914,2.5499999733521626,2.5499998788704072,2.549999461038442,2.5499977254366204,2.549991011182284,2.549966945742595,2.549887278637191,2.5496441575349262,2.548960979396136,2.547194237333534,2.542989647843808,2.533776487531013,2.51516672640829,2.4804459021584013,2.4204311430783254,2.3239227275961643,2.1787098255208135,1.9725781664033744,1.6927918060058644
1087,2.5499999968935696,2.549999993448393,2.549999972945086,2.5499998772080095,2.5499994544246296,2.549997700622939,2.5499909245751637,2.549966666519457,2.5498864506385956,2.549641905595054,2.5489553734364407,2.547181483465583,2.542963161536656,2.533726321079248,2.5150801156412945,2.480309647093331,2.420235877179884,2.3236679887135576,2.178407852900576,1.9722543052514434,1.692480384505487
1088,2.549999996837395,2.549999993337542,2.549999972532525,2.5499998755257858,2.5499994477414827,2.549997675582649,2.549990837286382,2.5499663854263663,2.5498856179945046,2.5496396432718265,2.5489497467472297,2.5471686929779693,2.5429366187714884,2.533676080422459,2.5149934256842448,2.480173332501089,2.4200406022943346,2.3234133159594865,2.1781060257167417,1.9719306456357335,1.6921691609101215
1089,2.5499999967803086,2.549999993225018,2.5499999721144184,2.5499998738235377,2.5499994409884073,2.5499976503141166,2.549990749311894,2.5499661024544418,2.549884780687979,2.5496373705380075,2.5489440992937697,2.547155865841469,2.5429100195495167,2.5336257656208194,2.5149066566680625,2.4800369585560915,2.4198453185689717,2.32315870936862,2.1778043438453394,1.9716071872907095,1.691858135696296
1090,2.5499999967222964,2.5499999931107964,2.5499999716907014,2.5499998721010657,2.5499994341648065,2.5499976248157012,2.5499906606476377,2.549965817594777,2.549883938702059,2.5496350873663673,2.5489384310413894,2.547143002026994,2.5428833638721224,2.5335753767345928,2.5148198087235576,2.4799005254323845,2.4196500261506015,2.3229041689753473,2.177502807162541,1.9712839299474376,1.6915473092021447
1091,2.549999996663347,2.5499999929948554,2.549999971261308,2.5499998703581688,2.54999942727008,2.5499975990857533,2.5499905712895377,2.54996553083845,2.549883092019771,2.5496327937296823,2.5489327419554795,2.5471301015055903,2.5428566517408555,2.533524913824142,2.51473288198142,2.4797640333036366,2.419454725185549,2.322649694813764,2.177201415544659,1.9709608733326518,1.6912366816728557
1092,2.549999996603446,2.5499999928771735,2.549999970826175,2.549999868594642,2.54999942030362,2.549997573122616,2.549990481233504,2.549965242176515,2.5498822406241146,2.549630489600737,2.548927032001495,2.547117164248441,2.5428298831574407,2.5334743769499255,2.5146458765722297,2.4796274823431523,2.4192594158196563,2.322395286917685,2.176900168868146,1.970638017168336,1.6909262532792366
1093,2.5499999965425793,2.549999992757727,2.5499999703852345,2.549999866810282,2.54999941326482,2.549997546924622,2.5499903904754295,2.5499649516000056,2.5498813844980774,2.549628174952321,2.5489213011449525,2.54710419022686,2.542803058123766,2.5334237661724908,2.5145587926264477,2.479490872723865,2.4190640981982825,2.3221409453206423,2.176599067009587,1.9703153611717814,1.690616024129644
1094,2.549999996480734,2.5499999926364927,2.5499999699384217,2.5499998650048816,2.5499994061530655,2.549997520490099,2.549990299011195,2.549964659099935,2.5498805236246285,2.54962584975723,2.5489155493514315,2.5470911794122975,2.54277617664189,2.5333730815524804,2.5144716302744214,2.47935420461834,2.418868772466312,2.321886670055887,2.176298109845701,1.9699929050562388,1.6903059942863004
1095,2.5499999964178977,2.549999992513448,2.5499999694856696,2.5499998631782335,2.5499993989677407,2.5499974938173637,2.549990206836666,2.549964364667295,2.5498796579867187,2.5496235139882684,2.5489097765865742,2.5470781317763365,2.542749238714037,2.533322323150628,2.5143843896463816,2.4792174781987746,2.4186734387681477,2.3216324611563888,2.1759972972533386,1.9696706485306548,1.6899961637575118
1096,2.549999996354053,2.549999992388569,2.5499999690269095,2.549999861330128,2.549999391708224,2.549997466904726,2.549990113947691,2.5499640682930576,2.549878787567278,2.5496211676182465,2.548903982816086,2.547065047290697,2.5427222443426016,2.533271491027761,2.5142970708724404,2.4790806936369965,2.418478097247718,2.3213783186548405,2.1756966291094773,1.9693485913012008,1.6896865325304522
1097,2.5499999962891877,2.549999992261831,2.549999968562074,2.5499998594603523,2.5499993843738915,2.5499974397504865,2.5499900203401045,2.5499637699681714,2.5498779123492215,2.5496188106199837,2.548898168005734,2.547051925927231,2.5426951935301436,2.533220585244795,2.5142096740825948,2.4789438511044684,2.4182827480484774,2.321124242583658,2.1753961052912203,1.969026733071176,1.6893771005583826
1098,2.549999996223288,2.5499999921332104,2.5499999680910928,2.549999857568695,2.5499993769641143,2.549997412352938,2.5499899260097285,2.5499634696835662,2.549877032315447,2.549616442966305,2.5488923321213512,2.5470387676579227,2.542668086279388,2.533169605862737,2.5141221994067244,2.4788069507722867,2.418087391313408,2.3208702329749813,2.175095725675792,1.9687050735417058,1.6890678677747946
1099,2.549999996156338,2.5499999920026832,2.549999967613897,2.5499998556549417,2.5499993694782597,2.5499973847103647,2.549989830952367,2.549963167430152,2.5498761474488334,2.5496140646300445,2.5488864751288314,2.5470255724548925,2.5426409225932263,2.5331185529426814,2.514034646974591,2.478669992811184,2.417892027185022,2.3206162898606784,2.17479549014053,1.9683836124132807,1.6887588340984072
1100,2.5499999960883244,2.5499999918702247,2.549999967130417,2.5499998537188766,2.5499993619156918,2.5499973568210437,2.5499897351638103,2.5499628631988167,2.549875257732242,2.5496116755840434,2.548880596994133,2.547012340290394,2.5426137024747146,2.533067426545811,2.513947016915838,2.4785329773915263,2.41769665580536,2.3203624132723437,2.1744953985628883,1.9680623493846554,1.6884499994247086
1101,2.549999996019231,2.5499999917358096,2.549999966640581,2.5499998517602798,2.549999354275769,2.549997328683242,2.5499896386398335,2.5499625569804265,2.5498743631485166,2.5496092758011524,2.54887469768328,2.5469990711368116,2.5425864259270714,2.533016226733396,2.5138593093599915,2.478395904683314,2.4175012773159987,2.320108603241303,2.1741954508204224,1.9677412841548714,1.6881413636379021
1102,2.5499999959490443,2.549999991599413,2.5499999661443185,2.549999849778933,2.5499993465578483,2.5499973002952183,2.549989541376198,2.5499622487658304,2.5498734636804863,2.5496068652542285,2.5488687771623564,2.546985764966666,2.54255909295368,2.532964953566793,2.513771524436456,2.4782587748561893,2.4173058918580494,2.319854859798613,2.1738956467907675,1.967420416423903,1.6878329266119552
1103,2.5499999958777475,2.549999991461009,2.549999965641556,2.549999847774615,2.5499993387612805,2.549997271655224,2.549989443368649,2.5499619385458545,2.54987255931096,2.5496044439161385,2.5488628353975122,2.5469724217526095,2.54253170355809,2.5329136071074467,2.5136836622745196,2.4781215880794254,2.4171104995721526,2.3196011829750574,2.1735959863516885,1.9670997458896964,1.6875246881992074
1104,2.549999995805326,2.549999991320572,2.549999965132222,2.5499998457471027,2.5499993308854134,2.5499972427615014,2.5499893446129174,2.5499616263113034,2.549871650022732,2.5496020117597578,2.548856872354961,2.5469590414674266,2.5425042577440085,2.532862187416885,2.5135957230033505,2.4779843445219383,2.4169151005984935,2.31934757280116,2.1732964693809858,1.9667792722529822,1.6872166482515898
1105,2.5499999957317643,2.549999991178076,2.5499999646162417,2.5499998436961717,2.5499993229295908,2.549997213612285,2.5499892451047192,2.5499613120529623,2.549870735798579,2.5495995687579702,2.54885088800098,2.546945624084035,2.5424767555153083,2.53281069455672,2.5135077067519984,2.4778470443522798,2.416719695076791,2.3190940293071747,2.1729970957565605,1.9664589952142417,1.686908806606519
1106,2.549999995657046,2.5499999910334945,2.549999964093541,2.5499998416215957,2.5499993148931517,2.5499971842058002,2.5499891448397545,2.549960995761596,2.54986981662126,2.5495971148836687,2.5488448823019123,2.546932169575486,2.5424491968760234,2.5327591285886504,2.5134196136493916,2.4777096877386415,2.4165242831463054,2.3188405525230915,2.172697865356364,1.9661389144751495,1.6866011630942028
1107,2.5499999955811554,2.5499999908868016,2.549999963564046,2.549999839523146,2.5499993067754314,2.5499971545402635,2.5499890438137096,2.54996067742795,2.5498688924735187,2.549594650109756,2.5488388552241634,2.5469186779149617,2.542421581830346,2.532707489574453,2.513331443824337,2.477572274848856,2.4163288649458448,2.3185871424786404,2.1723987780583696,1.9658190297397873,1.686293717543478
1108,2.5499999955040757,2.5499999907379696,2.5499999630276804,2.549999837400592,2.5499992985757616,2.549997124613884,2.5499889420222543,2.5499603570427487,2.5498679633380807,2.5495921744091437,2.548832806734204,2.5469051490757777,2.5423939103826334,2.532655777575992,2.513243197405523,2.4774348058503928,2.4161334406137516,2.3183337992032853,2.1720998337406394,1.9654993407120573,1.685986469768951
1109,2.549999995425792,2.549999990586972,2.549999962484368,2.549999835253705,2.5499992902934694,2.549997094424861,2.549988839461047,2.549960034596696,2.549867029197658,2.549589687754752,2.5488267367985693,2.5468915830313796,2.5423661825373967,2.5326039926552077,2.5131548745215153,2.4772972809103697,2.4159380102879258,2.31808052272624,2.171801032281173,1.9651798470992137,1.685679419588883
1110,2.5499999953462877,2.5499999904337813,2.5499999619340312,2.5499998330822504,2.549999281927878,2.5499970639713867,2.5499887361257283,2.5499597100804756,2.549866090034944,2.549587190119511,2.5488206453838584,2.5468779797553482,2.5423383982993113,2.5325521348741273,2.5130664753007594,2.477159700195539,2.4157425741058,2.317827313076447,2.171502373558087,1.96486054860852,1.6853725668081854
1111,2.549999995265545,2.549999990278369,2.549999961376593,2.549999830885993,2.5499992734783063,2.549997033251644,2.5499886320119236,2.5499593834847496,2.549865145832617,2.5495846814763636,2.5488145324567375,2.546864339221392,2.5423105576732077,2.532500204294851,2.5129779998715787,2.477022063872302,2.4155471322043724,2.317574170282603,2.1712038574493735,1.9645414449500658,1.6850659112339363
1112,2.5499999951835477,2.549999990120708,2.549999960811976,2.549999828664695,2.5499992649440695,2.5499970022638063,2.549988527115245,2.549959054800161,2.5498641965733393,2.54958216179826,2.548808397983935,2.5468506614033553,2.5422826606640787,2.5324482009795646,2.5128894483621753,2.476884372106696,2.4153516847201733,2.3173210943731366,2.170905483833138,1.9642225358347938,1.684759452663513
1113,2.5499999951002783,2.5499999899607695,2.5499999602400996,2.5499998264181194,2.5499992563244778,2.5499969710060406,2.5499884214312885,2.5499587240173343,2.5498632422397574,2.5495796310581618,2.5488022419322465,2.5468369462752087,2.5422547072770674,2.5323961249905245,2.512800820900626,2.4767466250644135,2.415156231789309,2.317068085376237,2.1706072525873092,1.9639038209758577,1.6844531908963674
1114,2.5499999950157197,2.549999989798524,2.549999959660885,2.549999824146025,2.549999247618838,2.5499969394765043,2.5499883149556344,2.549958391126872,2.549862282814501,2.5495770892290404,2.5487960642685317,2.5468231938110586,2.542226697517481,2.532343976390074,2.51271211761489,2.47660882291078,2.4149607735474166,2.3168151433198236,2.170309163589937,1.9635853000876975,1.6841471257227973
1115,2.5499999949298537,2.549999989633944,2.5499999590742513,2.54999982184817,2.549999238826453,2.549996907673346,2.54998820768385,2.5499580561193556,2.5498613182801844,2.5495745362838766,2.5487898649597147,2.5468094039851423,2.5421986313907863,2.532291755240636,2.512623338632803,2.476470965810766,2.4147653101296833,2.316562268231558,2.1700112167190553,1.9632669728864147,1.683841256929116
1116,2.5499999948426635,2.5499999894669987,2.5499999584801167,2.5499998195243103,2.54999922994662,2.5499968755947044,2.5499880996114874,2.54995771898535,2.5498603486194087,2.549571972195666,2.548783643972787,2.546795576771824,2.5421705089025903,2.532239461604691,2.5125344840820714,2.476333053929003,2.41456984167089,2.3163094601388785,2.169713411852433,1.9629488390902172,1.6835355843077764
1117,2.5499999947541307,2.54999998929766,2.5499999578784003,2.5499998171741995,2.5499992209786337,2.549996843238712,2.5499879907340826,2.5499573797153974,2.549859373814756,2.549569396937411,2.5487774012748026,2.5467817121456022,2.542142330058673,2.532187095544815,2.5124455540902852,2.476195087429753,2.414374368305334,2.3160567190689414,2.1694157488680244,1.9626308984185892,1.683230107638939
1118,2.5499999946642373,2.5499999891258978,2.549999957269019,2.5499998147975913,2.5499992119217834,2.5499968106034907,2.5499878810471577,2.5499570383000205,2.549858393848795,2.549566810482125,2.548771136832882,2.5467678100811075,2.5421140948649663,2.532134657123659,2.5123565487849118,2.476057066476924,2.4141788901668737,2.315804045048655,2.169118227643712,1.9623131505927636,1.6829248267010914
1119,2.549999994572965,2.5499999889516816,2.549999956651889,2.549999812394236,2.5499992027753553,2.549996777687155,2.5499877705462195,2.549956694729723,2.549857408704081,2.5495642128028373,2.548764850614214,2.5467538705530934,2.542085803327541,2.5320821464039267,2.5122674682932846,2.475918991234092,2.413983407388979,2.3155514381047095,2.1688208480570905,1.9619955953357064,1.682619741280594
1120,2.5499999944802956,2.5499999887749802,2.5499999560269266,2.549999809963882,2.5499991935386306,2.54999674448781,2.5499876592267596,2.549956348994987,2.549856418363151,2.5495616038725832,2.54875854258605,2.5467398935364516,2.5420574554526407,2.532029563448419,2.512178312742624,2.4757808618644606,2.4137879201046246,2.3152988982635128,2.1685236099859364,1.961678232372003,1.682314851151039
1121,2.5499999943862095,2.549999988595763,2.5499999553940476,2.549999807506276,2.5499991842108867,2.549996711003553,2.5499875470842555,2.5499560010862763,2.5498554228085273,2.5495589836644106,2.5487522127157076,2.546725879006202,2.5420290512466583,2.531976908320008,2.5120890822600233,2.475642678530885,2.4135924284463606,2.3150464255512286,2.168226513307909,1.9613610614279082,1.6820101560865302
1122,2.5499999942906886,2.549999988414,2.5499999547531655,2.5499998050211636,2.549999174791395,2.549996677232471,2.5499874341141675,2.5499556509940358,2.54985442202272,2.5495563521513853,2.548745860970573,2.54671182693749,2.5420005907161234,2.5319241810816133,2.5119997769724427,2.4755044413958895,2.413396932546348,2.3147940199938044,2.1679295579004676,1.9610440822306792,1.6817056558661796
1123,2.5499999941937133,2.549999988229659,2.549999954104194,2.5499998025082884,2.5499991652794245,2.5499966431726437,2.5499873203119434,2.549955298708688,2.5498534159882227,2.549553709306577,2.548739487318095,2.546697737305596,2.541972073867737,2.5318713817962544,2.5119103970067274,2.475366150621627,2.4132014325362596,2.3145416816169075,2.1676327436411498,1.9607272945098113,1.6814013502601097
1124,2.549999994095265,2.549999988042708,2.549999953447046,2.5499997999673916,2.549999155674239,2.5499966088221413,2.5499872056730144,2.5499549442206377,2.549852404687513,2.549551055103071,2.548733091725789,2.5466836100859296,2.541943500708349,2.5318185105270152,2.5118209424895954,2.475227806369905,2.4130059285473497,2.3142894104459684,2.1673360704073854,1.960410697996166,1.6810972390389143
1125,2.5499999939953226,2.5499999878531154,2.5499999527816337,2.5499997973982116,2.5499991459750992,2.549996574179025,2.5499870901927983,2.5499545875202703,2.549851388103059,2.549548389513968,2.5487266741612404,2.5466694452540235,2.5419148712449444,2.5317655673370316,2.5117314135476314,2.4750894088022015,2.4128104207104824,2.314037206506192,2.1670395380765104,1.9600942924211309,1.6807933219755786
1126,2.549999993893867,2.5499999876608483,2.5499999521078682,2.549999794800487,2.5499991361812606,2.549996539241348,2.5499869738666976,2.5499542285979504,2.5498503662173095,2.549545712512375,2.5487202345920963,2.5466552427855467,2.541886185484678,2.5317125522895325,2.5116418103073044,2.474950958079625,2.412614909156043,2.3137850698225164,2.1667431465258247,1.95977807751864,1.6804895988374893
1127,2.5499999937908777,2.5499999874658745,2.5499999514256606,2.5499997921739523,2.549999126291974,2.5499965040071553,2.5499868566900985,2.5499538674440236,2.5498493390127006,2.549543024071415,2.548713772986071,2.5466410026562953,2.5418574434348495,2.531659465447808,2.5115521328949533,2.4748124543629433,2.4124193940140035,2.313533000419641,2.1664468956325598,1.959462053023682,1.6801860693921857
1128,2.549999993686335,2.54999998726816,2.54999995073492,2.549999789518343,2.5499991163064855,2.5499964684744807,2.5499867386583737,2.5499535040488173,2.549848306471657,2.5495403241642283,2.5487072893109497,2.5466267248421888,2.541828645102887,2.5316063068751937,2.5114623814367825,2.474673897812601,2.4122238754139635,2.3132809983220444,2.166150785273947,1.9591462186713158,1.6798827334097644
1129,2.5499999935802187,2.5499999870676717,2.5499999500355557,2.5499997868333892,2.549999106224038,2.5499964326413513,2.54998661976688,2.549953138402637,2.5498472685765847,2.549537612763959,2.5487007835345787,2.546612409319284,2.5417997904963983,2.5315530766351277,2.511372556058884,2.4745352885886613,2.41202835348502,2.3130290635539303,2.1658548153270756,1.9588305741997831,1.6795795906541204
1130,2.5499999934725075,2.5499999868643752,2.5499999493274754,2.549999784118822,2.5499990960438703,2.5499963965057852,2.5499865000109603,2.54995277049577,2.5498462253098775,2.549534889843768,2.5486942556248717,2.5465980560637633,2.541770879623132,2.531499774791108,2.5112826568872184,2.4743966268508535,2.4118328283558657,2.31277719613927,2.1655589856689987,1.958515119348152,1.6792766408895798
1131,2.5499999933631803,2.549999986658238,2.549999948610587,2.54999978137437,2.5499990857652155,2.5499963600657902,2.549986379385942,2.5499524003184844,2.549845176653915,2.5495321553768293,2.5486877055498107,2.5465836650519376,2.5417419124909806,2.5314464014066904,2.511192684047618,2.474257912758567,2.411637300154787,2.312525396101795,2.165263296176752,1.9581998538563983,1.6789738838807262
1132,2.549999993252216,2.5499999864492238,2.5499999478847974,2.549999778599757,2.549999075387302,2.549996323319366,2.549986257887136,2.5499520278610306,2.549844122591069,2.549529409336338,2.5486811332774475,2.5465692362602375,2.541712889107962,2.531392956545473,2.5111026376657772,2.474119146470873,2.4114417690097065,2.312273663465019,2.1649677467274264,1.9578847774644945,1.6786713193950702
1133,2.5499999931395934,2.5499999862372986,2.549999947150012,2.5499997757947086,2.5499990649093554,2.5499962862645043,2.5499861355098417,2.549951653113636,2.549843063103689,2.54952665169549,2.5486745387758947,2.546554769665234,2.5416838094822785,2.5313394402711635,2.5110125178672815,2.4739803281464554,2.411246235048027,2.3120219982521775,2.164672337197886,1.957569889915833,1.6783689471930292
1134,2.5499999930252906,2.5499999860224274,2.5499999464061354,2.5499997729589468,2.5499990543305957,2.5499962488991863,2.5499860122493407,2.5499512760665115,2.549841998174114,2.5495238824275,2.5486679220133333,2.5465402652436246,2.5416546736222694,2.531285852647522,2.510922324777583,2.4738414579436667,2.411050698396761,2.3117704004862745,2.1643770674650056,1.957255190954352,1.6780667670363394
1135,2.549999992909285,2.549999985804574,2.549999945653072,2.549999770092191,2.5499990436502387,2.549996211221386,2.5499858881009003,2.549950896709848,2.549840927784671,2.549521101505599,2.5486612829580144,2.546525722972227,2.541625481536405,2.531232193738355,2.5108320585219994,2.4737025360205362,2.4108551591825447,2.311518870190087,2.164081937405729,1.956940680324321,1.6777647786884349
1136,2.5499999927915558,2.549999985583703,2.549999944890726,2.5499997671941603,2.549999032867495,2.549996173229067,2.5499857630597735,2.549950515033819,2.5498398519176777,2.5495183089030355,2.5486546215782577,2.5465111428279847,2.5415962332332933,2.53117846360752,2.510741719225716,2.473563562534763,2.410659617531625,2.3112674073861594,2.163786946897034,1.9566263577706038,1.6774629819137403
1137,2.5499999926720793,2.549999985359778,2.549999944118999,2.5499997642645704,2.5499990219815722,2.5499961349201854,2.549985637121198,2.549950131028576,2.549838770555431,2.549515504593062,2.548647937842444,2.5464965247879796,2.5415669287217173,2.531124662318978,2.5106513070138052,2.4734245376436665,2.410464073569748,2.31101601209677,2.1634920958156525,1.9563122230409664,1.677161376471507
1138,2.549999992550833,2.549999985132762,2.5499999433377933,2.5499997613031353,2.5499990109916726,2.5499960962926878,2.5499855102803957,2.5499497446842523,2.5498376836802166,2.5495126885489494,2.548641231719024,2.546481868829417,2.5415375680105963,2.5310707899367393,2.5105608220112052,2.473285461504238,2.410268527422274,2.3107646843439666,2.1631973840383636,1.9559982758836691,1.6768599621222473
1139,2.549999992427795,2.5499999849026187,2.5499999425470103,2.5499997583095686,2.549998999896994,2.5499960573445115,2.549985382532576,2.5499493559909627,2.549836591274308,2.549509860743984,2.548634503176516,2.546467174929627,2.5415081511089865,2.5310168465248677,2.510470264342723,2.473146334273138,2.4100729792141737,2.3105134241495615,2.1629028114419904,1.9556845160476395,1.6765587386270584
1140,2.5499999923029426,2.5499999846693098,2.5499999417465484,2.549999755283579,2.5499989886967307,2.5499960180735837,2.5499852538729306,2.5499489649388063,2.5498354933199714,2.5495070211514723,2.5486277521835072,2.546452443066062,2.5414786780260714,2.530962832147468,2.5103796341330304,2.473007156106707,2.409877429070047,2.3102622315351393,2.1626083779034753,1.9553709432820194,1.6762577070673814
1141,2.5499999921762497,2.549999984432799,2.549999940936307,2.549999752224874,2.5499989773900698,2.5499959784778237,2.549985124296638,2.549948571517858,2.5498343897994564,2.549504169744732,2.548620978708653,2.5464376732163028,2.5414491487711874,2.53090874686872,2.510288931506673,2.4728679271609364,2.4096818771140613,2.310011106522036,2.162314083299704,1.9550575573374842,1.6759569127230072
1142,2.5499999920476957,2.5499999841930454,2.549999940116186,2.5499997491331605,2.549998965976197,2.5499959385551425,2.549984993798861,2.549948175718177,2.5498332806949997,2.549501306497092,2.5486141827206747,2.546422865358061,2.5414195633538244,2.5308545907528686,2.5101981565880713,2.4727286475914716,2.409486323469955,2.309760049131344,2.16201992750751,1.954744357966111,1.6756563504961348
1143,2.549999991917254,2.5499999839500136,2.549999939286081,2.549999746008143,2.54999895445429,2.5499958983034414,2.549984862374748,2.5499477775298036,2.5498321659888243,2.549498431381901,2.548607364188363,2.5464080194691725,2.541389921783603,2.5308003638642136,2.5101073095015143,2.472589317553623,2.4092907682610765,2.309509059383921,2.16172591040377,1.9544313449206558,1.6753560048115546
1144,2.5499999917849014,2.5499999837036635,2.5499999384458905,2.5499997428495225,2.5499989428235246,2.549995857720612,2.549984730019431,2.5499473769427574,2.5498310456631432,2.5494955443725207,2.5486005230805735,2.5463931355276,2.5413602240702926,2.5307460662671137,2.510016390371155,2.4724499372023634,2.409095211610364,2.309258137300381,2.161432031865385,1.954118517954817,1.6750558700639024
1145,2.5499999916506146,2.549999983453955,2.5499999375955085,2.5499997396569993,2.549998931083071,2.5499958168045387,2.5499845967280304,2.5499469739470415,2.5498299197001577,2.5494926454423292,2.5485936593662326,2.546378213511431,2.5413304702237975,2.5306916980259837,2.509925399321027,2.472310506692341,2.408899653640365,2.309007282901109,2.1611382917692836,1.9538058768231976,1.6747559429667795
1146,2.549999991514367,2.5499999832008484,2.5499999367348307,2.549999736430271,2.549998919232095,2.5499957755530933,2.5499844624956474,2.5499465685326395,2.5498287880820554,2.5494897345647205,2.5485867730143315,2.546363253398876,2.5413006602541595,2.5306372592052915,2.5098343364750266,2.472171026177868,2.4087040944732308,2.3087564962062515,2.1608446899924227,1.9534934212815025,1.6744562212753524
1147,2.5499999913761355,2.549999982944306,2.54999993586375,2.549999733169033,2.5499989072697575,2.549995733964143,2.549984327317371,2.549946160689515,2.5498276507910105,2.5494868117131038,2.548579863993938,2.5463482551682834,2.541270794171578,2.530582749869571,2.509743201956909,2.472031495812892,2.4085085342306716,2.308505777235694,2.160551226411804,1.9531811510872814,1.6741567033158475
1148,2.549999991235894,2.5499999826842847,2.549999934982162,2.54999972987298,2.549998895195216,2.549995692035542,2.5499841911882744,2.5499457504076153,2.5498265078091893,2.5494838768609056,2.548572932274177,2.5463332187981114,2.5412408719863673,2.5305281700834,2.50965199589032,2.4718919157510753,2.4083129730340582,2.308255126009119,2.1602579009044636,1.9528690660003352,1.6738573876825884
1149,2.5499999910936153,2.549999982420744,2.5499999340899566,2.5499997265418024,2.5499988830076212,2.54999564976514,2.5499840541034176,2.5499453376768697,2.549825359118745,2.5494809299815655,2.5485659778242407,2.5463181442669387,2.5412108937089815,2.530473519911412,2.509560718398771,2.4717522861457497,2.40811741100437,2.3080045425459748,2.1599647133474833,1.9525571657840661,1.6735582731941818
1150,2.5499999909492765,2.5499999821536443,2.5499999331870264,2.5499997231751905,2.5499988707061214,2.549995607150773,2.549983916057844,2.5499449224871897,2.5498242047018205,2.5494779710485393,2.548559000613394,2.5463030315534763,2.541180859350017,2.530418799418297,2.5094693696056396,2.4716126071499005,2.407921848262174,2.3077540268654606,2.159671663618,1.9522454502067756,1.673259358851775
1151,2.54999999080285,2.549999981882943,2.549999932273261,2.549999719772831,2.5499988582898583,2.549995564190269,2.549983777046583,2.549944504828464,2.549823044540544,2.549475000035304,2.5485520006109743,2.546287880636569,2.541150768920218,2.530364008668802,2.5093779496341617,2.471472878916162,2.4077262849276133,2.3075035789865264,2.1593787515932084,1.9519339190430554,1.6729606437858013
1152,2.54999999065431,2.5499999816085976,2.5499999313485504,2.5499997163344084,2.5499988457579694,2.5499955208814495,2.5499836370646496,2.5499440846905674,2.5498218786170352,2.549472016915349,2.548544977786379,2.54627269149517,2.5411206224304483,2.5303091477277206,2.5092864586074572,2.471333101596878,2.407530721120493,2.307253198927913,2.1590859771503594,1.9516225720733629,1.672662127186179
1153,2.549999990503629,2.549999981330565,2.5499999304127843,2.5499997128596075,2.5499988331095884,2.5499954772221236,2.5499834961070427,2.5499436620633547,2.5498207069134007,2.5494690216621825,2.548537932109077,2.5462574641083635,2.5410904198917166,2.5302542166599005,2.509194896648509,2.471193275344043,2.407335156960203,2.307002886708113,2.158793340166766,1.951311409084334,1.6723638083620667
1154,2.54999999035078,2.5499999810488037,2.549999929465848,2.5499997093481075,2.549998820343844,2.5499954332100936,2.5499833541687456,2.549943236936663,2.5498195294117383,2.549466014249328,2.548530863548609,2.5462421984553627,2.541060161315172,2.530199215530245,2.509103263880159,2.4710534003093088,2.407139592565725,2.3067526423453732,2.158500840519821,1.951000429869859,1.672065686630654
1155,2.549999990195737,2.5499999807632703,2.549999928507629,2.5499997057995873,2.5499988074598594,2.54999538884315,2.5499832112447276,2.5499428093003105,2.5498183460941335,2.5494629946503276,2.548523772074584,2.546226894515505,2.541029846712099,2.5301441444037067,2.509011560425121,2.4709134766440024,2.406944028055656,2.306502465857709,2.158208478086979,1.950689634229165,1.6717677614011484
1156,2.5499999900384718,2.5499999804739204,2.5499999275380145,2.549999702213725,2.5499987944567524,2.5499953441190764,2.5499830673299435,2.549942379144095,2.549817156942658,2.5494599628387404,2.5485166576566796,2.5462115522682494,2.5409994760939156,2.53008900334529,2.5089197864059765,2.4707735044991264,2.406748463548213,2.3062523572629017,2.1579162527457836,1.9503790219668276,1.6714700320764886
1157,2.549999989878957,2.54999998018071,2.549999926556889,2.549999698590194,2.549998781333637,2.5499952990356456,2.549982922419333,2.5499419464577993,2.5498159619393763,2.5494569187881417,2.548509520264641,2.5461961716931785,2.5409690494721726,2.530033792420047,2.5088279419451753,2.470633484025357,2.4065528991612255,2.3060023165785006,2.157624164373857,1.9500685928911112,1.6711724981123615
1158,2.549999989717164,2.5499999798835944,2.5499999255641366,2.549999694928664,2.5499987680896234,2.549995253590622,2.5499827765078207,2.549941511231189,2.5498147610663433,2.549453862472125,2.548502359868281,2.5461807527699976,2.540938566858554,2.5299785116930793,2.508736027165036,2.470493415373048,2.4063573350121445,2.305752343821825,2.157332212848907,1.9497583468143787,1.67087515898665
1159,2.5499999895530645,2.5499999795825294,2.5499999245596388,2.5499996912288077,2.5499987547238154,2.5499952077817594,2.549982629590316,2.54994107345401,2.5498135543056013,2.549450793864302,2.548495176437482,2.5461652954785317,2.540908028264876,2.5299231612295365,2.5086440421877434,2.4703532986922303,2.406161771218039,2.305502439009961,2.1570403980487436,1.9494482835498672,1.670578014200781
1160,2.5499999893866305,2.5499999792774695,2.5499999235432784,2.549999687490292,2.5499987412353136,2.5499951616068053,2.5499824816617136,2.54994063311599,2.549812341639183,2.5494477129383024,2.5484879699421947,2.546149799798732,2.540877433703088,2.5298677410946167,2.508551987135351,2.4702131341326097,2.405966207895596,2.3052526021597632,2.1567487198512767,1.949138402913925,1.6702810632803666
1161,2.5499999892178318,2.549999978968368,2.5499999225149375,2.5499996837127825,2.5499987276232114,2.549995115063496,2.5499823327168962,2.549940190206841,2.549811123049109,2.5494446196677725,2.5484807403524403,2.546134265710671,2.540846783185271,2.5298122513535644,2.5084598621297762,2.4700729218435646,2.4057706451611223,2.305002833287854,2.1564571781345476,1.9488287047226847,1.6699843057631711
1162,2.5499999890466403,2.549999978655179,2.5499999214744955,2.5499996798959432,2.5499987138866,2.54999506814956,2.549982182750728,2.5499397447162533,2.5498098985173927,2.549441514026377,2.5484734876383057,2.546118693194543,2.5408160767236385,2.5297566920716745,2.5083676672928084,2.4699326619741537,2.405575083130542,2.3047531324106245,2.1561657727766494,1.948519188798131,1.6696877412277498
1163,2.5499999888730254,2.5499999783378557,2.5499999204218318,2.5499996760394343,2.5499987000245636,2.5499950208627133,2.5499820317580597,2.5499392966339034,2.549808668026035,2.5494383959877993,2.54846621176995,2.5461030822306663,2.540785314330535,2.529701063314284,2.5082754027460985,2.4697923546731126,2.405379521919406,2.3045034995442375,2.155874503655893,1.948209854957835,1.6693913692369586
1164,2.549999988696958,2.5499999780163507,2.5499999193568246,2.5499996721429143,2.5499986860361825,2.5499949732006657,2.5499818797337266,2.5499388459494483,2.5498074315570287,2.5494352655257395,2.5484589127176,2.5460874327994807,2.5407544960184363,2.529645365146778,2.5081830686111664,2.4696520000888516,2.405183961642884,2.304253934704622,2.1555833706506857,1.9479007030219215,1.6690951893786186
1165,2.549999988518408,2.5499999776906166,2.549999918279351,2.549999668206039,2.5499986719205325,2.5499949251611156,2.54998172667255,2.549938392652528,2.5498061890923545,2.5494321226139176,2.548451590451551,2.5460717448815484,2.5407236217999527,2.5295895976345912,2.5080906650093997,2.4695115983694573,2.404988402415762,2.304004437907475,2.1552923736395044,1.9475917328145411,1.6687992012743944
1166,2.549999988337345,2.549999977360605,2.5499999171892873,2.5499996642284644,2.5499986576766833,2.549994876741754,2.549981572569336,2.549937936732764,2.5498049406139867,2.5494289672260737,2.548444244942169,2.546056018457551,2.5406926916878114,2.529533760843192,2.507998192062046,2.4693711496627073,2.404792844352475,2.303755009168279,2.155001512501237,1.9472829441500306,1.668503404500706
1167,2.5499999881537376,2.5499999770262676,2.5499999160865094,2.549999660209842,2.549998643303701,2.549994827940262,2.5499814174188775,2.54993747817976,2.5498036861038877,2.549425799335965,2.5484368761598892,2.5460402535082958,2.540661705694883,2.5294778548381043,2.5079056498902252,2.469230654116044,2.4045972875670576,2.3035056485022714,2.1547107871146816,1.946974336851764,1.6682077986947645
1168,2.549999987967555,2.5499999766875554,2.549999914970891,2.549999656149821,2.5499986288006458,2.54999477875431,2.549981261215949,2.5499370169831037,2.54980242554401,2.549422618917366,2.548429484075214,2.5460244500147082,2.5406306638341625,2.5294218796848926,2.50781303861492,2.4690901118765956,2.40440173217318,2.3032563559244688,2.1544201973589154,1.946665910739664,1.6679123834858967
1169,2.549999987778765,2.549999976344419,2.5499999138423064,2.549999652048048,2.5499986141665736,2.5499947291815603,2.5499811039553144,2.549936553132365,2.5498011589162983,2.5494194259440737,2.5484220686587182,2.546008607957834,2.540599566118766,2.529365835449155,2.507720358356979,2.4689495230911813,2.404206178284159,2.303007131449671,2.154129743113409,1.946357665628926,1.667617158491942
1170,2.5499999875873365,2.549999975996809,2.5499999127006263,2.5499996479041696,2.5499985994005354,2.5499946792196653,2.5499809456317193,2.5499360866170955,2.5497998862026874,2.5494162203899013,2.5484146298810435,2.5459927273188425,2.540568412561948,2.5293097221965457,2.5076276092371175,2.4688088879062873,2.404010626012914,2.3027579750924376,2.15383942425757,1.9460496013394368,1.6673221233631805
1171,2.549999987393237,2.549999975644674,2.5499999115457235,2.549999643717827,2.5499985845015765,2.549994628866269,2.5499807862398964,2.54993561742683,2.5497986073851022,2.5494130022286834,2.5484071677129014,2.545976808079023,2.5405372031770845,2.5292535399927525,2.5075347913759147,2.4686682064680907,2.403815075472013,2.3025088868671113,2.1535492406712238,1.9457417176877199,1.6670272777448365
1172,2.5499999871964345,2.549999975287964,2.5499999103774673,2.5499996394886626,2.5499985694687375,2.5499945781190054,2.549980625774564,2.549935145551086,2.549797322445461,2.549409771434274,2.548399682125074,2.545960850219783,2.5405059379776747,2.529197288903504,2.507441904893815,2.4685274789224545,2.403619526773659,2.3022598667878147,2.1532591922344864,1.9454340144889866,1.6667326212866145
1173,2.549999986996897,2.5499999749266267,2.549999909195727,2.549999635216314,2.549998554301055,2.5499945269754987,2.5499804642304245,2.5499346709793627,2.5497960313656693,2.549406527980546,2.5483921730884114,2.5459448537226543,2.5404746169773538,2.529140968994577,2.507348949911131,2.468386705414915,2.40342398002967,2.3020109148684345,2.15296927882753,1.945126491559172,1.6664381536521067
1174,2.5499999867945893,2.549999974560611,2.549999908000371,2.5499996309004156,2.5499985389975586,2.549994475433364,2.5499803016021656,2.5499341937011457,2.5497947341276297,2.549403271841393,2.5483846405738353,2.545928818569281,2.5404432401898664,2.529084580331772,2.5072559265480345,2.4682458860907137,2.403228435351534,2.301762031122663,2.1526795003311996,1.9448191487121795,1.6661438744972017
1175,2.5499999865894796,2.5499999741898645,2.5499999067912666,2.549999626540601,2.549998523557275,2.5499944234902068,2.5499801378844613,2.5499337137058995,2.549793430713231,2.549400002990727,2.5483770845523357,2.5459127447414356,2.540411807629098,2.529028122980946,2.5071628349245674,2.468105021094757,2.40303289285034,2.3015132155639444,2.1523898566262516,1.9445119857618032,1.6658497834948467
1176,2.549999986381534,2.549999973814334,2.54999990556828,2.5499996221365016,2.5499985079792244,2.5499943711436237,2.5499799730719697,2.5499332309830733,2.549792121104354,2.54939672140248,2.5483695049949713,2.545896632221008,2.540380319309059,2.5289715970079953,2.507069675160636,2.467964110571636,2.4028373526368125,2.3012644682055012,2.152100347593709,1.9442050025210318,1.6655558803238462
1177,2.5499999861707185,2.549999973433967,2.549999904331276,2.549999617687746,2.5499984922624224,2.5499943183912017,2.549979807159335,2.549932745522098,2.5497908052828713,2.5493934270506036,2.548361901872871,2.545880480990008,2.5403487752438836,2.528915002478854,2.506976447376011,2.467823154665631,2.402641814821317,2.3010157890603393,2.151810973114939,1.943898198801943,1.6652621646658194
1178,2.5499999859569975,2.5499999730487084,2.5499999030801193,2.5499996131939606,2.5499984764058796,2.5499942652305174,2.5499796401411867,2.5499322573123906,2.549789483230652,2.549390119909076,2.5483542751572363,2.545864291030557,2.540317175447804,2.5288583394594673,2.506883151690322,2.467682153520739,2.4024462795139114,2.300767178141292,2.1515217330721463,1.9435915744152519,1.6649686361852898
1179,2.549999985740337,2.5499999726585054,2.549999901814672,2.5499996086547694,2.549998460408602,2.549994211659139,2.5499794720121396,2.549931766343348,2.54978815492955,2.549386799951886,2.5483466248193345,2.5458480623249065,2.5402855199352126,2.528801608015856,2.5067897882230707,2.467541107280601,2.402250746824216,2.300518635460909,2.1512326273471025,1.9432851291715856,1.664675294580262
1180,2.549999985520702,2.5499999722633024,2.5499999005347966,2.549999604069794,2.54999844426959,2.5499941576746252,2.549979302766793,2.54993127260435,2.5497868203614122,2.549383467153048,2.5483389508305043,2.5458317948554248,2.5402538087206143,2.5287448082140687,2.506696357093622,2.4674000160885563,2.4020552168615104,2.3002701610315417,2.1509436558221005,1.942978862880525,1.6643821395441563
1181,2.5499999852980566,2.5499999718630444,2.549999899240354,2.5499995994386526,2.5499984279878385,2.549994103274525,2.549979132399732,2.5499307760847625,2.54978547950808,2.549380121486596,2.548331253162154,2.5458154886045947,2.5402220418186285,2.528687940120181,2.506602858421202,2.4672588800876456,2.401859689734737,2.3000217548653437,2.1506548183798984,1.942672775350901,1.6640891707672818
1182,2.5499999850723647,2.5499999714576758,2.5499998979312037,2.5499995947609624,2.549998411562338,2.549994048456377,2.5499789609055274,2.549930276773934,2.5497841323513897,2.549376762926591,2.548323531785763,2.545799143555013,2.540190219243984,2.5286310038002897,2.5065092923248984,2.467117699420617,2.4016641655525106,2.2997734169742827,2.150366114903794,1.9423668663908196,1.6637963879333744
1183,2.5499999848435904,2.5499999710471397,2.5499998966072046,2.5499995900363372,2.5499983949920733,2.5499939932177127,2.549978788278735,2.549929774661193,2.5497827788731637,2.5493733914471046,2.548315786672878,2.5457827596894065,2.54015834101156,2.5285739993205616,2.506415658923669,2.466976474229867,2.4014686444230207,2.299525147370049,2.1500775452769427,1.9420611358074575,1.6635037907501307
1184,2.5499999846116967,2.5499999706313803,2.5499998952682144,2.549999585264389,2.549998378276025,2.5499939375560516,2.549978614513895,2.549929269735854,2.5497814190552166,2.5493700070222336,2.548308017795118,2.5457663369906163,2.5401264071363494,2.5285169267471885,2.5063219583363345,2.466835204657495,2.4012731264541216,2.29927694606414,2.1497891093829833,1.9417555834072477,1.6632113789212506
1185,2.5499999843766474,2.5499999702103393,2.5499998939140895,2.5499995804447275,2.549998361413168,2.5499938814689047,2.5499784396055354,2.549928761987217,2.5497800528793624,2.5493666096261007,2.548300225124171,2.545749875441594,2.540094417633446,2.5284597861463753,2.506228190681575,2.4666938908453173,2.4010776117533554,2.2990288130678884,2.1495008071060235,1.9414502089968295,1.6629191521445117
1186,2.549999984138405,2.549999969783959,2.5499998925446854,2.549999575576958,2.549998344402471,2.5499938249537735,2.549978263548168,2.5499282514045616,2.549778680327404,2.5493631992328463,2.548292408631797,2.5457333750254127,2.540062372518072,2.5284025775843704,2.506134356077936,2.4665525329348297,2.4008821004278933,2.298780748392398,2.1492126383304444,1.9411450123818135,1.6626271101236876
1187,2.549999983896932,2.5499999693521818,2.5499998911598563,2.5499995706606864,2.549998327242899,2.5499937680081493,2.54997808633629,2.549927737977153,2.549777301381134,2.54935977581663,2.548284568289822,2.5457168357252686,2.5400302718055854,2.5283453011274726,2.5060404546438297,2.466411131067202,2.4006865925845213,2.2985327520485295,2.148924602940856,1.9408399933665106,1.6623352525711832
1188,2.5499999836521905,2.549999968914948,2.5499998897594556,2.549999565695514,2.549998309933412,2.5499937106295154,2.5499779079643847,2.549927221694238,2.5497759160223383,2.5493563393516334,2.5482767040701457,2.5457002575244734,2.539998115511457,2.528287956842008,2.5059464864975314,2.466269685383303,2.4004910883296846,2.2982848240469465,2.148636700822243,1.9405351517548455,1.6620435791992023
1189,2.5499999834041414,2.549999968472199,2.549999888343335,2.5499995606810404,2.5499982924729627,2.5499936528153437,2.5499777284269194,2.549926702545051,2.549774524232804,2.549352889812068,2.548268815944737,2.545683640406443,2.539965903651247,2.528230544794303,2.505852451757171,2.4661281960237353,2.4002955877695435,2.298036964398197,2.148348931859861,1.9402304873525411,1.6617520897150084
1190,2.5499999831527456,2.549999968023874,2.5499998869113463,2.5499995556168615,2.549998274860501,2.5499935945630976,2.5499775477183473,2.5499261805188076,2.549773125994301,2.549349427172157,2.548260903885634,2.545666984354725,2.5399336362406686,2.528173065050753,2.5057583505407517,2.4659866631287515,2.4001000910098367,2.297789173112528,2.1480612959393395,1.9399259999622558,1.6614607838361504
1191,2.549999982897965,2.549999967569913,2.5499998854633388,2.5499995505025725,2.5499982570949697,2.549993535870231,2.549977365833108,2.549925655604705,2.5497717212885957,2.5493459514061487,2.548252967864945,2.5456502893529818,2.5399013132955464,2.5281155176777794,2.5056641829661372,2.4658450868383044,2.399904598155964,2.297541450199998,2.1477737929466163,1.939621689386626,1.6611696612809386
1192,2.549999982639759,2.549999967110255,2.5499998839991616,2.549999545337765,2.5499982391753084,2.5499934767341874,2.5499771827656255,2.549925127791928,2.549770310097448,2.549342462488315,2.5482450078548498,2.5456335553849874,2.539868934831816,2.5280579027418253,2.5055699491510532,2.465703467292054,2.3997091093129965,2.2972937956704937,2.14748642276788,1.9393175554284923,1.6608787217682681
1193,2.549999982378088,2.549999966644838,2.5499998825186614,2.5499995401220277,2.5499982211004486,2.5499934171524004,2.549976998510311,2.549924597069647,2.54976889240262,2.549338960392958,2.5482370238275998,2.5456167824346183,2.5398365008654933,2.5280002203093295,2.5054756492130825,2.4655618046294028,2.3995136245857354,2.2970462095338218,2.1471991852893346,1.939013597893048,1.6605879650127537
1194,2.5499999821129116,2.5499999661736004,2.549999881021685,2.5499995348549476,2.5499982028693187,2.5499933571222955,2.549976813061559,2.5499240634270097,2.549767468185853,2.5493354450943873,2.5482290157555125,2.545599970485894,2.539804011412775,2.527942470446826,2.5053812832696822,2.4654200989893664,2.399318144078497,2.296798691799379,2.1469120803979895,1.9387098165802703,1.660297390742228
1195,2.549999981844189,2.549999965696479,2.549999879508078,2.5499995295361093,2.549998184480842,2.549993296641288,2.5499766264137502,2.5499235268531506,2.5497660374288844,2.5493319165669384,2.548220983610978,2.545583119522941,2.539771466489953,2.527884653220857,2.505286851438168,2.465278350510685,2.3991226678953033,2.2965512424764394,2.146625107980973,1.9384062112915041,1.6600069986825197
1196,2.54999998157188,2.5499999652134107,2.5499998779776845,2.5499995241650946,2.549998165933936,2.549993235706783,2.5499764385612504,2.5499229873371876,2.5497646001134475,2.5493283747849698,2.5482129273664555,2.545566229530002,2.539738866113436,2.527826768697997,2.505192353835719,2.4651365593317935,2.398927196139823,2.296303861574074,2.146338267925724,1.9381027818276158,1.6597167885617232
1197,2.5499999812959415,2.5499999647243317,2.549999876430347,2.549999518741483,2.549998147227513,2.5499931743161777,2.549976249498411,2.549922444868222,2.549763156221266,2.5493248197228624,2.5482048469944747,2.545549300491438,2.539706210299752,2.527768816944852,2.505097790579378,2.4649947255908233,2.3987317289153807,2.296056549101154,2.1460515601199845,1.9377995279890585,1.6594267601100252
1198,2.549999981016333,2.5499999642291784,2.5499998748659083,2.5499995132648494,2.5499981283604787,2.549993112466858,2.5499760592195697,2.549921899435343,2.5497617057340674,2.549321251355027,2.548196742467638,2.54553233239171,2.5396734990655134,2.5277107980280236,2.505003161786044,2.4648528494256414,2.3985362663250207,2.295809305066465,2.1457649844515148,1.9374964495781644,1.659136913053584
1199,2.549999980733012,2.549999963727886,2.5499998732842077,2.549999507734769,2.549998109331735,2.5499930501561994,2.54997586771905,2.5499213510276233,2.549760248633569,2.549317669655895,2.5481886137586165,2.5455153252153995,2.539640732427454,2.5276527120141496,2.504908467572481,2.464710930973808,2.398340808471433,2.2955621294785784,2.14547854080841,1.937193546396534,1.658847247121476
1200,2.5499999804459352,2.549999963220387,2.549999871685086,2.5499995021508126,2.5499980901401766,2.549992987381569,2.54997567499116,2.5499207996341196,2.5497587849014804,2.549314074599923,2.5481804608401517,2.5454982789472016,2.5396079104024256,2.5275945589698994,2.5048137080553157,2.4645689703725786,2.398145355456963,2.2953150223458754,2.1451922290790204,1.9368908182452673,1.658557761133317
1201,2.5499999801550586,2.5499999627066177,2.5499998700683806,2.5499994965125485,2.5499980707846954,2.5499929241403243,2.5499754810301933,2.54992024524387,2.549757314519507,2.5493104661615824,2.548172283685057,2.5454811935719324,2.539575033007399,2.527536338961977,2.504718883351037,2.464426967758897,2.3979499073835964,2.2950679836765193,2.144906049152036,1.9365882649245787,1.6582684035469422
1202,2.5499999798603405,2.5499999621865097,2.5499998684339285,2.5499994908195434,2.5499980512641764,2.5499928604298128,2.54997528583043,2.5499196878459003,2.5497558374693456,2.549306844315375,2.5481640822662146,2.545464069074518,2.5395421002594585,2.527478052057111,2.504623993575999,2.464284923269415,2.3977544643529893,2.2948210134785048,2.144620000916368,1.9362858862348802,1.657979180329861
1203,2.5499999795617345,2.549999961659997,2.5499998667815653,2.5499994850713597,2.5499980315774993,2.5499927962473725,2.5499750893861353,2.549919127429218,2.549754353732691,2.549303209035822,2.548155856556577,2.545446905440003,2.5395091121757973,2.527419698322053,2.504529038846413,2.464142837040483,2.3975590264664617,2.2945741117596516,2.1443340842611605,1.9359836819765335,1.6576901081220374
1204,2.5499999792591987,2.549999961127011,2.549999865111126,2.549999479267559,2.549998011723539,2.5499927315903315,2.5499748916915586,2.5499185639828177,2.549752863291229,2.5492995602974715,2.5481476065291684,2.545429702653542,2.53947606877372,2.52736127782358,2.5044340192783574,2.464000709208163,2.397363593825006,2.2943272785276023,2.14404829907579,1.9356816519498166,1.6574011924405663
1205,2.549999978952687,2.549999960587483,2.5499998634224434,2.5499994734076985,2.5499979917011637,2.5499926664560078,2.549974692740937,2.5499179974956765,2.549751366126643,2.5492958980748934,2.5481393321570844,2.5454124607004056,2.539442970070646,2.527302790628494,2.504338934987765,2.4638585399082085,2.3971681665292675,2.2940805137898233,2.143762645249866,1.9353797959549022,1.657112436251765
1206,2.5499999786421537,2.5499999600413443,2.5499998617153508,2.549999467491334,2.549997971509238,2.54999260084171,2.5499744925284906,2.5499174279567565,2.54974986222061,2.5492922223426815,2.548131033413488,2.5453951795659737,2.539409816084097,2.527244236803619,2.5042437860904427,2.4637163292760946,2.396972744679579,2.2938338175536126,2.1434771226732097,1.935078113791699,1.656823841528423
1207,2.549999978327554,2.5499999594885256,2.5499998599896783,2.54999946151802,2.549997951146619,2.5499925347447387,2.54997429104843,2.5499168553550056,2.5497483515548014,2.549288533075453,2.5481227102716137,2.545377859235742,2.539376606831711,2.5271856164158044,2.504148572702052,2.463574077446995,2.396777328375936,2.293587189826097,2.1431917312358633,1.9347766052593336,1.656535409644452
1208,2.5499999780088425,2.5499999589289577,2.549999858245256,2.5499994554873036,2.549997930612161,2.5499924681623822,2.5499740882949453,2.5499162796793553,2.5497468341108833,2.54928483024785,2.548114362704767,2.5453604996953154,2.539343342331233,2.5271269295319225,2.504053294938117,2.4634317845557923,2.3965819177180014,2.2933406306142343,2.142906470828078,1.9344752701551524,1.6562471415921558
1209,2.5499999776859696,2.5499999583625677,2.5499998564819113,2.549999449398734,2.54999790990471,2.54999240109192,2.5499738842622177,2.549915700918724,2.54974530987052,2.5492811138345393,2.5481059906863206,2.5453431009304155,2.5393100226005134,2.527068176218868,2.5039579529140297,2.4632894507370766,2.396386512805116,2.2930941399248135,2.142621341340313,1.9341741082735526,1.6559590381196063
1210,2.5499999773588926,2.549999957789285,2.5499998546994735,2.5499994432518562,2.549997889023109,2.5499923335306223,2.5499736789444105,2.5499151190620104,2.549743778815368,2.5492773838102103,2.5480975941897253,2.5453256629268766,2.5392766476575206,2.5270093565435565,2.5038625467450344,2.4631470761251366,2.396191113736279,2.292847717764455,2.142336342663231,1.9338731194044712,1.6556710997938013
1211,2.5499999770275608,2.5499999572090375,2.5499998528977676,2.5499994370462113,2.549997867966194,2.5499922654757494,2.549973472335674,2.5499145340981015,2.5497422409270794,2.5492736401495795,2.5480891731884974,2.545308185670645,2.5392432175203283,2.5269504705729284,2.5037670765462385,2.463004660853967,2.395995720610163,2.2926013641396126,2.142051474687692,1.933572303332207,1.6553833270658718
1212,2.549999976691926,2.5499999566217526,2.5499998510766173,2.5499994307813383,2.5499978467327953,2.5499921969245505,2.549973264430144,2.5499139460158693,2.5497406961873006,2.5492698828273865,2.548080727656225,2.5452906691477803,2.539209732207117,2.526891518373944,2.503671542432613,2.4628622050572724,2.3958003335251172,2.2923550790565788,2.1417667373047498,1.9332716598349984,1.6550957202896435
1213,2.549999976351943,2.5499999560273574,2.549999849235847,2.549999424456775,2.5499978253217384,2.5499921278742668,2.549973055221941,2.5499133548041693,2.5497391445776776,2.5492661118183944,2.548072257566568,2.5452731133444537,2.539176191736175,2.5268325000135845,2.50357594451899,2.462719708868473,2.395604952579166,2.292108862521487,2.141482130405638,1.9329711886846102,1.6548082797504595
1214,2.5499999760075607,2.5499999554257777,2.54999984737528,2.549999418072054,2.5499978037318436,2.54999205832213,2.549972844705173,2.5499127604518432,2.549737586079849,2.5492623270973933,2.5480637628932543,2.5452555182469436,2.539142596125897,2.5267734155588486,2.5034802829200653,2.462577172420693,2.3954095778700104,2.291862714540311,2.1411976538817696,1.932670889647366,1.6545210056686708
1215,2.5499999756587295,2.5499999548169385,2.5499998454947352,2.549999411626707,2.5499977819619253,2.5499919882653597,2.5499726328739323,2.549912162947717,2.5497360206754482,2.5492585286391973,2.5480552436100856,2.5452378838416454,2.5391089453947844,2.5267142650767593,2.5033845577503926,2.4624345958467684,2.39521420949503,2.2916166351188667,2.1409133076247366,1.9323707624845505,1.654233898208775
1216,2.5499999753054006,2.5499999542007648,2.5499998435940325,2.549999405120262,2.549997760010792,2.5499919177011674,2.5499724197222986,2.549911562280603,2.5497344483461073,2.5492547164186448,2.5480466996909312,2.5452202101150623,2.5390752395614435,2.526655048634357,2.503288769124391,2.4622919792792475,2.3950188475512797,2.2913706242628127,2.140629091526304,1.9320708069526695,1.6539469574851273
1217,2.549999974947524,2.5499999535771813,2.549999841672991,2.5499993985522442,2.5499977378772463,2.549991846626755,2.549972205244336,2.5499109584392974,2.5497328690734524,2.549250890410599,2.548038131109732,2.5452024970538103,2.539041478644588,2.5265957662987018,2.5031929171563387,2.46214932285039,2.3948234921354947,2.291124681977651,2.140345005478404,1.9317710228049125,1.6536601835876108
1218,2.5499999745850492,2.5499999529461115,2.549999839731427,2.549999391922177,2.5499977155600866,2.5499917750393135,2.5499719894340944,2.5499103514125827,2.5497312828391063,2.54924705058995,2.5480295378405002,2.5451847446446147,2.5390076626630367,2.526536418136872,2.503097001960377,2.462006626692165,2.394628143344088,2.2908788082687326,2.1400610493731276,1.9314714097913401,1.6533735765697126
1219,2.5499999742179242,2.5499999523074774,2.5499998377691577,2.5499993852295804,2.5499976930581045,2.5499917029360257,2.5499717722856103,2.549909741189225,2.5497296896246886,2.549243196931612,2.5480209198573185,2.545166952874313,2.538973791635713,2.5264770042159626,2.503001023650506,2.461863890936253,2.3944328012731537,2.290633003141253,2.1397772231027203,1.931171967659744,1.6530871364685762
1220,2.5499999738460972,2.549999951661202,2.549999835785996,2.5499993784739705,2.5499976703700873,2.549991630314063,2.5499715537929055,2.549909127757979,2.549728089411814,2.549239329410526,2.5480122771343403,2.5451491217298514,2.5389398655816438,2.5264175246030884,2.5029049823405876,2.46172111571405,2.3942374660184687,2.2903872666002605,2.1394935265595683,1.9308726961571159,1.6528008632989528
1221,2.5499999734695176,2.549999951007207,2.5499998337817553,2.549999371654862,2.5499976474948154,2.5499915571705865,2.549971333949986,2.5499085111075823,2.5497264821820926,2.5492354480016566,2.548003609645789,2.5451312511982884,2.5389058845199606,2.526357979365383,2.502808878144347,2.461578301156666,2.3940421376754912,2.29014159865065,2.139209959636209,1.9305735950283773,1.6525147570549454
1222,2.549999973088132,2.549999950345413,2.5499998317562476,2.5499993647717667,2.549997624431064,2.5499914835027506,2.549971112750847,2.5499078912267588,2.5497248679171345,2.549231552679995,2.5479949173659597,2.5451133412667906,2.5388718484698973,2.526298368569993,2.5027127111753686,2.4614354473949245,2.393846816339367,2.2898959992971726,2.138926522225278,1.9302746640199937,1.6522288177183786
1223,2.5499999727018876,2.54999994967574,2.5499998297092827,2.5499993578241935,2.5499976011776027,2.5499914093076974,2.5499708901894684,2.5499072681042176,2.5497232465985444,2.549227643420557,2.547986200269218,2.5450953919226342,2.538837757450793,2.5262386922840836,2.5026164815470997,2.4612925545593627,2.393651502104922,2.289650468544427,2.1386432142195626,1.929975902876375,1.6519430452492265
1224,2.549999972310731,2.5499999489981082,2.549999827640671,2.5499993508116474,2.5499975777331954,2.5499913345825584,2.5499706662598145,2.549906641728654,2.549721618207923,2.549223720198388,2.5479774583299997,2.5450774031532055,2.538803611482086,2.526178950574833,2.5025201893728464,2.461149622780237,2.393456195066675,2.2894050063968767,2.1383600355118677,1.9296773113458305,1.651657439606212
1225,2.549999971914608,2.5499999483124354,2.549999825550219,2.5499993437336324,2.549997554096601,2.5499912593244574,2.5499704409558364,2.549906012088749,2.549719982726868,2.549219782988556,2.547968691522811,2.5450593749460015,2.5387694105833196,2.5261191435094394,2.5024238347657786,2.461006652187513,2.3932608953188224,2.2891596128588256,2.1380769859952116,1.929378889172834,1.6513720007186061
1226,2.549999971513464,2.5499999476186406,2.549999823437734,2.5499993365896483,2.5499975302665714,2.5499911835305067,2.5499702142714713,2.5499053791731683,2.5497183401369754,2.5492158317661553,2.5479598998222297,2.545041307288626,2.538735154774139,2.5260592711551144,2.502327417838925,2.4608636429108777,2.393065602955253,2.2889142879344417,2.1377940655626184,1.9290806361050352,1.6510867285145583
1227,2.549999971107244,2.5499999469166412,2.5499998213030204,2.549999329379192,2.549997506241854,2.54999110719781,2.549969986200642,2.5499047429705652,2.549716690419837,2.5492118665063073,2.5479510832029035,2.545023200168792,2.538700844074287,2.5259993335790836,2.5022309387051767,2.4607205950797377,2.392870318069549,2.2886690316277556,2.1375112741071187,1.9287825518928896,1.6508016229205937
1228,2.549999970695893,2.549999946206355,2.549999819145882,2.5499993221017574,2.5499974820211904,2.5499910303234605,2.5499697567372572,2.5499041034695775,2.549715033557041,2.5492078871841586,2.5479422416395523,2.5450050535743234,2.5386664785036133,2.52593933084859,2.502134397477286,2.4605775088232087,2.3926750407549706,2.2884238439426414,2.1372286115219628,1.9284846362840102,1.65051668383422
1229,2.5499999702793548,2.5499999454876976,2.549999816966121,2.549999314756837,2.5499974576033155,2.5499909529045413,2.549969525875212,2.5499034606588293,2.549713369530176,2.549203893774884,2.5479333751069646,2.544986867493149,2.538632058082061,2.525879263030885,2.5020377942678644,2.460434384270134,2.392479771104485,2.2881787248828527,2.136946077700174,1.9281868890325249,1.6502319111721668
1230,2.549999969857572,2.5499999447605832,2.5499998147635394,2.5499993073439193,2.5499974329869595,2.549990874938126,2.5499692936083873,2.5499028145269307,2.5497116983208232,2.5491998862536844,2.547924483580002,2.5449686419133086,2.5385975828296785,2.5258191301932373,2.5019411291893863,2.4602912215490704,2.392284509210737,2.287933674451988,2.1366636725349992,1.9278893098908108,1.6499473048260376
1231,2.549999969430489,2.5499999440249277,2.5499998125379357,2.5499992998624896,2.5499974081708467,2.5499907964212793,2.54996905993065,2.5499021650624782,2.5497100199105645,2.5491958645957857,2.547915567033594,2.54495037682295,2.538563052766613,2.52575893240293,2.5018444023541866,2.460148020788292,2.3920892551660686,2.2876886926535103,2.1363813959196514,1.9275918986134315,1.6496628646842486
1232,2.5499999689980473,2.549999943280645,2.5499998102891084,2.5499992923120303,2.5499973831536957,2.5499907173510534,2.5499688248358527,2.5499015122540536,2.54970833428098,2.549191828776442,2.547906625442743,2.544932072210325,2.538528467913107,2.525698669727254,2.5017476138744605,2.460004782115802,2.391894009062527,2.2874437794907583,2.136099247747144,1.92729465495861,1.649378590641132
1233,2.54999996856019,2.549999942527649,2.549999808016854,2.5499992846920216,2.5499973579342194,2.5499906377244925,2.5499685883178342,2.549900856090226,2.5497066414136453,2.549187778770933,2.5478976587825217,2.544913728063798,2.5384938282895066,2.5256383422335174,2.5016507638622647,2.4598615056593127,2.3916987709918356,2.2871989349669155,2.1358172279107257,1.9269975786841729,1.649094482572057
1234,2.549999968116858,2.5499999417658517,2.549999805720968,2.54999927700194,2.5499973325111243,2.549990557538631,2.5499683503704196,2.549900196559549,2.5497049412901345,2.5491837145545664,2.547888667028073,2.5448953443718367,2.538459133916253,2.5255779499890365,2.501553852429517,2.4597181915462674,2.3915035410454304,2.2869541590850435,2.1355353363033953,1.9267006695508118,1.6488105403561542
1235,2.5499999676679916,2.5499999409951655,2.5499998034012443,2.54999926924126,2.5499973068831117,2.549990476790493,2.54996811098742,2.549899533650564,2.5497032338920196,2.5491796361026773,2.5478796501546106,2.5448769211230187,2.538424384813885,2.5255174930611397,2.5014568796879955,2.4595748399038273,2.3913083193144375,2.286709451848065,2.135253572818165,1.9264039273208562,1.648526763866117
1236,2.549999967213532,2.549999940215501,2.5499998010574756,2.549999261409453,2.549997281048876,2.549990395477092,2.549967870162632,2.549898867351798,2.549701519200869,2.549175543390627,2.547870608137419,2.5448584583060283,2.538389581003043,2.5254569715171695,2.5013598457493393,2.4594314508588737,2.391113105889678,2.286464813258763,2.1349719373480522,1.9261073517581702,1.6482431529683998
1237,2.5499999667534192,2.5499999394267694,2.5499997986894525,2.549999253505985,2.5499972550071086,2.549990313595433,2.549967627889839,2.549898197651767,2.549699797198255,2.549171436393806,2.5478615409518537,2.5448399559096506,2.538354722504452,2.525396385424469,2.501262750725048,2.459288024538022,2.390917900861695,2.2862202433198076,2.134690429785741,1.925810942628373,1.6479597075338022
1238,2.5499999662875914,2.54999993862888,2.5499997962969654,2.5499992455303233,2.5499972287564927,2.54999023114251,2.54996738416281,2.54989752453897,2.5496980678657404,2.5491673150876286,2.5478524485733396,2.5448214139227856,2.5383198093389496,2.525335734850404,2.5011655947264826,2.4591445610675944,2.3907227043206976,2.2859757420337083,2.1344090500241943,1.9255146996989625,1.647676427418623
1239,2.5499999658159878,2.549999937821742,2.5499997938798025,2.5499992374819294,2.5499972022957063,2.5499901481153073,2.5499671389753,2.5498968480018926,2.5496963311848893,2.5491631794475382,2.547843330977374,2.544802832334438,2.538284841527466,2.5252750198623506,2.5010683778648652,2.4590010605736397,2.390527516356602,2.2857313094028484,2.1341277979562174,1.9252186227391463,1.647393312477972
1240,2.5499999653385466,2.5499999370052637,2.54999979143775,2.549999229360261,2.5499971756234214,2.5499900645108,2.549966892321051,2.5498961680290093,2.549694587137266,2.549159029449007,2.547834188139524,2.544784211133713,2.538249819091018,2.525214240527682,2.500971100251278,2.4588575231819445,2.3903323370590526,2.2854869454294957,2.1338466734743213,1.9249227115195573,1.6471103625721377
1241,2.5499999648552065,2.549999936179353,2.549999788970594,2.5499992211647755,2.549997148738304,2.5499899803259516,2.5499666441937903,2.5498954846087796,2.549692835704432,2.549154865067534,2.5478250200354267,2.5447655503098243,2.5382147420507226,2.5251533969137863,2.5008737619966643,2.458713949018015,2.390137166517385,2.2852426501157797,2.133565676470998,1.9246269658126174,1.646827577555768
1242,2.549999964365904,2.549999935343916,2.549999786478117,2.5499992128949254,2.549997121639015,2.549989895557717,2.5499663945872317,2.549894797729649,2.5496910768679455,2.549150686278644,2.5478158266407913,2.5447468498520953,2.5381796104277994,2.525092489088068,2.5007763632118287,2.4585703382070707,2.3899420048206172,2.284998423463685,2.133284806838832,1.9243313853926804,1.6465449572736186
1243,2.5499999638705764,2.5499999344988584,2.5499997839601023,2.5499992045501605,2.5499970943242087,2.549989810203041,2.5499661434950753,2.549894107380051,2.5496893106093643,2.54914649305789,2.547806607931397,2.5447281097499532,2.5381444242435602,2.5250315171179385,2.500678904007436,2.4584266908740617,2.3897468520574807,2.2847542654750708,2.133004064470221,1.9240359700355902,1.6462625015716557
1244,2.5499999633691584,2.549999933644087,2.549999781416331,2.5499991961299275,2.5499970667925345,2.5499897242588587,2.549965890911008,2.549893413548408,2.5496875369102487,2.549142285380859,2.5477973638830935,2.5447093299929207,2.538109183519388,2.524970481070794,2.5005813844940112,2.4582830071436934,2.389551708316465,2.2845101761516946,2.1327234492571883,1.9237407195177372,1.6459802103072732
1245,2.549999962861586,2.5499999327795053,2.549999778846583,2.549999187633671,2.5499970390426343,2.5499896377220947,2.549965636828701,2.549892716223126,2.549685755752153,2.5491380632231584,2.547788094471801,2.5446905105706388,2.5380738882767906,2.5249093810140684,2.5004838047819415,2.4581392871403605,2.389356573685697,2.284266155495148,2.1324429610920155,1.9234456336185073,1.645698083318008
1246,2.549999962347795,2.5499999319050177,2.5499997762506355,2.5499991790608316,2.5499970110731467,2.549989550589664,2.549965381241814,2.5498920153925977,2.5496839671166307,2.5491338265604258,2.5477787996735115,2.5446716514728505,2.5380385385373603,2.524848217015194,2.5003861649814736,2.4579955309881942,2.389161448253029,2.284022203506902,2.1321625998667746,1.923150712118473,1.6454161204446631
1247,2.549999961827719,2.5499999310205266,2.549999773628265,2.549999170410847,2.5499969828827016,2.549989462858471,2.5499651241439913,2.549891311045206,2.5496821709852373,2.5491295753683283,2.5477694794642862,2.5446527526893954,2.5380031343227714,2.5247869891415995,2.5002884652027153,2.4578517388110708,2.388966332106052,2.2837783201883086,2.131882365473391,1.9228559547986914,1.6451343215316407
1248,2.5499999613012916,2.5499999301259346,2.5499997709792477,2.549999161683152,2.549996954469924,2.549989374525411,2.549964865528865,2.5498906031693194,2.5496803673395276,2.5491253096225623,2.547760133820256,2.5446338142102207,2.537967675654792,2.524725697460723,2.5001907055556356,2.457707910732592,2.388771225332059,2.283534505540588,2.131602257803698,1.922561361441846,1.6448526864208928
1249,2.5499999607684463,2.549999929221143,2.549999768303356,2.5499991528771777,2.549996925833434,2.549989285587369,2.549964605390052,2.549889891753291,2.549678556161052,2.5491210292988487,2.5477507627176244,2.544614836025383,2.5379321625552977,2.5246643420400203,2.5000928861500644,2.4575640468760724,2.388576128018026,2.283290759564823,2.131322276749471,1.922266931833042,1.644571214947688
1250,2.5499999602291155,2.5499999283060526,2.549999765600363,2.5499991439923533,2.5499968969718445,2.5499891960412198,2.549964343721156,2.549889176785464,2.549676737431362,2.549116734372939,2.5477413661326644,2.544595818125041,2.5378965950462473,2.5246029229469475,2.4999950070956913,2.4574201473645623,2.388381040250652,2.283047082261969,2.1310424222023774,1.9219726657582987,1.6442899069481762
1251,2.5499999596832317,2.5499999273805627,2.549999762870037,2.5499991350281035,2.549996867883763,2.549989105883828,2.5499640805157684,2.5498884582541694,2.5496749111320125,2.5491124248206165,2.5477319440417205,2.5445767604994467,2.5378609731496735,2.5245414402489486,2.4998970685020687,2.45727621232087,2.3881859621163977,2.282803473632857,2.13076269405411,1.9216785630029083,1.6440087622625723
1252,2.549999959130726,2.549999926444573,2.549999760112149,2.5499991259838515,2.54999683856779,2.5499890151120486,2.5499638157674656,2.5498877361477232,2.5496730772445524,2.5491081006176888,2.547722496421207,2.544557663138969,2.5378252968877253,2.524479894013496,2.4997990704786077,2.4571322418674995,2.3879908937013736,2.282559933678183,2.1304830921961293,1.9213846233560696,1.6437277807229167
1253,2.54999995857153,2.549999925497982,2.5499997573264648,2.5499991168590155,2.549996809022522,2.5499889237227267,2.54996354946981,2.549887010454429,2.5496712357505316,2.549103761739992,2.547713023247609,2.5445385260340765,2.5377895662826364,2.524418284308062,2.499701013134582,2.456988236126695,2.387795835091421,2.2823164623985157,2.1302036165198532,1.9210908466075078,1.643446962162008
1254,2.5499999580055728,2.5499999245406864,2.5499997545127515,2.549999107653012,2.5499967792465483,2.5499888317126977,2.5499632816163516,2.5498862811625798,2.549669386631503,2.5490994081633955,2.5477035244974813,2.5445193491753324,2.537753781356714,2.524356611200107,2.4996028965791237,2.456844195220456,2.387600786372138,2.2820730597942878,2.1299242669168215,1.9207972325466114,1.6431663064147624
1255,2.5499999574327843,2.5499999235725834,2.549999751670773,2.5499990983652534,2.5499967492384514,2.5499887390787865,2.5499630122006267,2.5498855482604568,2.5496675298690183,2.5490950398637966,2.5476940001474486,2.5445001325534053,2.5377179421323603,2.524294874757102,2.499504720921228,2.456700119270506,2.3874057476288235,2.2818297258658027,2.12964504327844,1.9205037809644678,1.6428858133139312
1256,2.5499999568530938,2.549999922593569,2.5499997488002912,2.549999088995149,2.5499967189968102,2.5499886458178085,2.549962741216157,2.549884811736324,2.549665665444625,2.5490906568171168,2.5476844501742084,2.5444808761590774,2.5376820486320866,2.524233075046537,2.49940648626975,2.456556008398277,2.387210718946451,2.28158646061324,2.12936594549585,1.920210491654949,1.6426054826878238
1257,2.54999995626643,2.5499999216035376,2.5499997459010686,2.549999079542106,2.5499966885201957,2.549988551926569,2.549962468656451,2.5498840715784357,2.549663793339872,2.5490862589993086,2.547674874554528,2.544461579983228,2.537646100878485,2.5241712121359003,2.499308192733405,2.4564118627249436,2.3870157004097288,2.281343264036646,2.1290869734602134,1.9199173644123866,1.6423253143651888
1258,2.5499999556727206,2.5499999206023847,2.5499997429728647,2.549999070005528,2.5499966578071733,2.549988457401862,2.549962194515003,2.549883327775032,2.549661913536307,2.549081846386353,2.5476652732652445,2.544442244016842,2.5376100988942403,2.524109286092685,2.49920984042077,2.456267682371412,2.3868206921030786,2.281100136135938,2.1288081270626145,1.9196243990323842,1.642045308173513
1259,2.5499999550718937,2.549999919590003,2.549999740015438,2.549999060384815,2.549996626856303,2.5499883622404735,2.5499619187852964,2.549882580314344,2.5496600260154834,2.5490774189542638,2.5476556462832654,2.5444228682509955,2.537574042702107,2.5240472969843712,2.4991114294402834,2.4561234674583443,2.3866256941106827,2.280857076910894,2.1285294061943,1.9193315953100867,1.6417654639429886
1260,2.5499999544638747,2.5499999185662845,2.5499997370285437,2.549999050679365,2.5499965956661375,2.5499882664391773,2.5499616414607993,2.5498818291845904,2.5496581307589548,2.549072976679085,2.5476459935855686,2.5444034526768653,2.537537932324925,2.5239852448784386,2.4990129599002437,2.455979218106145,2.386430706516455,2.2806140863611577,2.128250810746524,1.919038953041376,1.6414857815500141
1261,2.5499999538485896,2.549999917531122,2.549999734011938,2.549999040888569,2.549996564235224,2.549988169994741,2.549961362534966,2.549881074373977,2.5496562277482733,2.549068519536887,2.5476363151492016,2.544383997285737,2.5375017677856344,2.523923129842378,2.49891443190881,2.455834934434938,2.386235729404004,2.2803711644862443,2.1279723406103983,1.918746472024178,1.6412062761233492
1262,2.549999953225964,2.549999916484405,2.5499997309653724,2.5499990310118203,2.549996532562104,2.549988072903917,2.549961082001239,2.5498803158706966,2.5496543169649897,2.5490640475037702,2.5476266109512835,2.5443645020689942,2.53746554910726,2.5238609519436848,2.498815845574003,2.455690616564584,2.38604076285666,2.2801283112855337,2.127693995676996,1.9184541520573852,1.6409269451485322
1263,2.5499999525959245,2.5499999154260253,2.5499997278886006,2.549999021048505,2.5499965006453125,2.5499879751634515,2.5499607998530447,2.5498795536629304,2.549652398390657,2.549059560555867,2.547616880969005,2.5443449670181257,2.537429276312913,2.5237987112498494,2.4987172010037018,2.4555462646146826,2.385845806957482,2.279885526758275,2.1274157758374015,1.918161992940637,1.640647783741199
1264,2.549999951958391,2.5499999143558716,2.549999724781371,2.549999010998006,2.5499964684833785,2.54998787677008,2.5499605160837997,2.549878787738848,2.5496504720068285,2.5490550586693344,2.5476071251796233,2.544325392124716,2.5373929494257923,2.5237364078283675,2.4986184983056496,2.4554018787045693,2.3856508617892556,2.279642810903582,2.1271376809826976,1.9178699944744597,1.640368790110629
1265,2.5499999513132914,2.54999991327383,2.5499997216434327,2.549999000859707,2.549996436074826,2.5499877777205255,2.549960230686904,2.549878018086607,2.5496485377950604,2.5490505418203644,2.5475973435604677,2.544305777380453,2.5373565684691752,2.5236740417467307,2.4985197375874533,2.455257458953328,2.385455927434499,2.2794001637204366,2.1268597110039633,1.9175781564602326,1.6400899631325714
1266,2.549999950660545,2.5499999121797923,2.5499997184745333,2.549998990632982,2.5499964034181706,2.5499876780115063,2.549959943655746,2.549877244694352,2.5496465957369066,2.5490460099851764,2.5475875360889386,2.544286122777122,2.537320133466432,2.523611613072434,2.4984209189565747,2.455113005479773,2.3852610039754536,2.2791575852076837,2.1265818657922906,1.9172864787002455,1.639811302005654
1267,2.5499999500000765,2.549999911073641,2.5499997152744176,2.54999898031721,2.5499963705119244,2.549987577639725,2.5499596549837,2.549876467550217,2.5496446458139235,2.549041463140019,2.547577702742506,2.5442664283066105,2.537283644441014,2.5235491218729686,2.498322042520339,2.4549685184024606,2.38506609149409,2.2789150753640333,2.1263041452387794,1.9169949609978,1.639532806096357
1268,2.5499999493318066,2.5499999099552646,2.5499997120428284,2.5499989699117567,2.549996337354591,2.5499874766018773,2.5499593646641285,2.5498756866423253,2.5496426880076695,2.5490369012611738,2.5475678434987095,2.544246693960908,2.537247101416458,2.5234865682158287,2.4982231083859334,2.4548239978396844,2.3848711900721056,2.2786726341880605,2.1260265492345503,1.9167036031574802,1.6392544748654894
1269,2.549999948655655,2.549999908824546,2.5499997087795077,2.5499989594159933,2.5499963039446687,2.5499873748946484,2.549959072690378,2.549874901958786,2.5496407222997037,2.549032324324951,2.5475579583351604,2.544226919732099,2.537210504416387,2.523423952168504,2.4981241166604033,2.4546794439094843,2.384676299790932,2.2784302616782046,2.1257490776707484,1.916412404985554,1.6389763078443753
1270,2.5499999479715445,2.5499999076813715,2.549999705484197,2.5499989488292836,2.5499962702806527,2.549987272514712,2.549958779055784,2.5498741134876983,2.5496387486715846,2.549027732307688,2.547548047229539,2.544207105612371,2.537173853464501,2.523361273798484,2.498025067450658,2.454534856729637,2.384481420731732,2.2781879578327686,2.1254717304385498,1.9161213662903163,1.6386983046185861
1271,2.5499999472793924,2.549999906525622,2.5499997021566347,2.5499989381509884,2.549996236361025,2.549987169458735,2.5499584837536675,2.549873321217149,2.549636767104875,2.5490231251857587,2.547538110159596,2.5441872515940087,2.5371371485845904,2.523298533173256,2.4979259608634674,2.4543902364176633,2.3842865529754023,2.2779457226499207,2.1251945074291636,1.915830486882368,1.6384204648104415
1272,2.5499999465791174,2.5499999053571805,2.549999698796557,2.5499989273804666,2.5499962021842677,2.5499870657233705,2.5499581867773373,2.5498725251352146,2.549634777581139,2.549018502935563,2.5475281471031517,2.544167357669396,2.537100389800524,2.5232357303603057,2.497826797005462,2.4542455830908274,2.384091696602571,2.2777035561276913,2.1249174085338405,1.9155397665747125,1.6381427880718598
1273,2.5499999458706393,2.549999904175929,2.5499996954036988,2.5499989165170707,2.549996167748856,2.5499869613052635,2.5499578881200895,2.5498717252299583,2.5496327800819416,2.5490138655335333,2.5475181580380974,2.5441474238310167,2.537063577136257,2.5231728654271164,2.4977275759831334,2.454100896866134,2.383896851693599,2.2774614582639745,2.1246404336438753,1.9152492051828585,1.6378652740744168
1274,2.5499999451538766,2.5499999029817477,2.5499996919777947,2.5499989055601526,2.5499961330532557,2.549986856201049,2.549957587775204,2.5498709214894335,2.549630774588847,2.549009212956131,2.547508142942394,2.5441274500714517,2.5370267106158217,2.5231099384411677,2.4976282979028355,2.4539561778603347,2.383702018328585,2.277219429056529,2.1243635826506138,1.9149588025247137,1.637587922505511
1275,2.5499999444287424,2.5499999017745156,2.5499996885185774,2.5499988945090615,2.549996098095929,2.549986750407353,2.5499572857359514,2.5498701139016817,2.5496287610834245,2.5490045451798484,2.5474981017940728,2.54410743638338,2.5369897902633354,2.5230469494699364,2.497528962870781,2.4538114261899224,2.383507196587364,2.2769774685029747,2.1240868554454586,1.914668558420309,1.637310733068416
1276,2.549999943695155,2.5499999005541123,2.5499996850257753,2.5499988833631404,2.549996062875331,2.549986643920789,2.549956981995586,2.5498693024547334,2.5496267395472447,2.5489998621812093,2.5474880345712334,2.5440873827595802,2.536952816102996,2.5229838985808963,2.497429570993046,2.4536666419711364,2.3833123865495067,2.2767355766007937,2.123810251919874,1.9143784726914606,1.6370337054777562
1277,2.5499999429530296,2.5499998993204147,2.5499996814991173,2.5499988721217313,2.5499960273899105,2.549986536737962,2.549956676547351,2.5498684871366084,2.549624709961881,2.5489951639367683,2.547477941252047,2.544067289192929,2.5369157881590834,2.5229207858415164,2.4973301223755677,2.4535218253199598,2.3831175882943216,2.276493753347333,2.12353377196538,1.914088545162088,1.6367568394622711
1278,2.5499999422022825,2.5499998980733,2.5499996779383305,2.5499988607841715,2.5499959916381116,2.549986428855467,2.549956369384476,2.5498676679353145,2.5496226723089057,2.5489904504231107,2.547467821814755,2.544047155676397,2.5368787064559557,2.522857611319263,2.4972306171241443,2.4533769763521236,2.3829228019008553,2.2762519987398004,2.123257415473576,1.9137987756572388,1.6364801347553144
1279,2.549999941442826,2.549999896812644,2.54999967434314,2.5499988493497954,2.5499959556183707,2.5499863202698876,2.5499560605001768,2.5498668448388484,2.549620626569896,2.5489857216168526,2.547457676237668,2.5440269822030563,2.536841571018053,2.5227943750815958,2.4971310553444352,2.453232095183104,2.3827280274478935,2.276010312775268,2.1229811823361278,1.9135091640035513,1.6362035911006119
1280,2.5499999406745735,2.549999895538321,2.54999967071327,2.5499988378179332,2.5499959193291177,2.5499862109777993,2.549955749887658,2.5498660178351944,2.549618572726431,2.548980977494641,2.5474475044991665,2.544006768766074,2.536804381869895,2.522731077195973,2.4970314371419606,2.453087181928123,2.3825332650139637,2.27576869545067,2.122705072444783,1.9132197100286226,1.6359272082459626
1281,2.5499999398974387,2.5499998942502056,2.549999667048441,2.5499988261879136,2.549995882768777,2.549986100975766,2.5499554375401092,2.5498651869123297,2.5496165107600923,2.5489762180331548,2.5474373065776996,2.543986515358715,2.5367671390360793,2.5226677177298433,2.4969317626221033,2.4529422367021523,2.382338514677333,2.2755271467628018,2.1224290856913783,1.9129304135607614,1.635650985944351
1282,2.5499999391113333,2.549999892948171,2.5499996633483732,2.5499988144590606,2.5499958459357663,2.549985990260342,2.549955123450708,2.549864352058219,2.549614440652463,2.5489714432091026,2.547427082451788,2.5439662219743413,2.5367298425412863,2.5226042967506523,2.4968320318901087,2.4527972596199112,2.38214377651601,2.2752856667083217,2.122153221967831,1.9126412744294379,1.6353749239552662
1283,2.5499999383161676,2.5499998916320896,2.5499996596127854,2.549998802630695,2.549995808828497,2.549985878828073,2.549954807612618,2.549863513260814,2.5496123623851297,2.5489666529992254,2.547416832100023,2.54394588860641,2.53669249241027,2.522540814325842,2.49673224505108,2.4526522507958655,2.381949050607748,2.275044255283752,2.1218774811661683,1.912352292464246,1.6350990220408246
1284,2.549999937511852,2.5499998903018324,2.5499996558413938,2.5499987907021335,2.549995771445375,2.549985766675493,2.5499544900189917,2.549862670508058,2.54961027593968,2.548961847380296,2.5474065555010625,2.543925515248476,2.536655088667866,2.522477270522845,2.496632402209985,2.452507210344232,2.381754337030041,2.2748029124854776,2.121601863178511,1.9120634674955874,1.6348232799681766
1285,2.5499999366982977,2.5499998889572693,2.549999652033912,2.5499987786726908,2.549995733784799,2.5499856537991255,2.549954170662967,2.549861823787883,2.549608181297707,2.5489570263291186,2.5473962526336367,2.5439051018941883,2.5366176313389865,2.522413665409088,2.4965325034716517,2.452362138378978,2.38155963586013,2.274561638309745,2.121326367897098,1.911774799354013,1.634547697507229
1286,2.549999935875414,2.5499998875982697,2.5499996481900533,2.5499987665416763,2.5499956958451624,2.5499855401954856,2.54995384953767,2.54986097308821,2.5496060784408043,2.5489521898225274,2.547385923476545,2.543884648537295,2.536580120448624,2.522349999051994,2.4964325489407697,2.4522170350138173,2.3813649471749962,2.274320432752664,2.12105099521425,1.9114862878710597,1.6342722744335463
1287,2.5499999350431084,2.5499998862247018,2.549999644309529,2.5499987543083975,2.549995657624851,2.549985425861077,2.549953526636213,2.54986011839695,2.54960396735057,2.5489473378373892,2.547375568008654,2.5438641551716348,2.5365425560218426,2.522286271518974,2.496332538721893,2.45207190036222,2.381170271051374,2.2740792958102096,2.120775745022468,1.9111979328774922,1.6339970105212638
1288,2.549999934201289,2.549999884836433,2.5499996403920493,2.549998741972158,2.5499956191222455,2.5499853107923944,2.549953201951697,2.5498592597020027,2.549601848008605,2.5489424703506014,2.547365186208903,2.5438436217911473,2.53650493808379,2.522222482877437,2.4962324729194343,2.451926734537401,2.3809756075657345,2.273838227478218,2.120500617214305,1.9109097342054144,1.6337219055520444
1289,2.5499999333498615,2.5499998834333297,2.5499996364373207,2.5499987295322573,2.549995580335719,2.549985194985922,2.549952875477208,2.549858396991258,2.5495997203965115,2.548937587339095,2.5473547780562997,2.5438230483898634,2.536467266659686,2.5221586331947803,2.4961323516376686,2.451781537652332,2.3807809567943035,2.273597227752391,2.1202256116825073,1.910621691686285,1.6334469593062946
1290,2.549999932488733,2.549999882015258,2.5499996324450493,2.549998716987993,2.5499955412636393,2.5499850784381337,2.5499525472058204,2.5498575302525954,2.5495975844958974,2.5489326887798325,2.547344343529922,2.5438024349619113,2.5364295417748273,2.5220947225383954,2.496032174980732,2.451636309819736,2.380586318813052,2.2733562966282914,2.1199507283199397,1.910333805151878,1.6331721715675207
1291,2.5499999316178084,2.5499998805820816,2.549999628414939,2.5499987043386576,2.5499955019043674,2.5499849611454937,2.5499522171305955,2.5498566594738836,2.5495954402883716,2.548927774649807,2.5473338826089176,2.5437817815015134,2.536391763454588,2.522030750975666,2.495931943052625,2.4514910511520855,2.380391693697698,2.273115434101349,2.119675967019593,1.910046074434288,1.6328975421222753
1292,2.5499999307369925,2.549999879133664,2.549999624346692,2.54999869158354,2.5499954622562586,2.5499848431044563,2.5499518852445826,2.5498557846429817,2.549593287755548,2.5489228449260435,2.5473233952725,2.5437610880029853,2.5363539317244137,2.521966718573965,2.495831655957208,2.4513457617616123,2.3801970815237143,2.272874640166859,2.119401327674667,1.909758499365187,1.6326230707565574
1293,2.5499999298461895,2.549999877669868,2.5499996202400084,2.549998678721927,2.5499954223176617,2.5499847243114644,2.5499515515408167,2.549854905747737,2.5495911268790437,2.5489178995855997,2.547312881499957,2.5437403544607387,2.53631604660983,2.5219026254006605,2.4957313137982045,2.451200441760296,2.3800024823663155,2.272633914819978,2.1191268101784404,1.909471079776798,1.6323487572607138
1294,2.5499999289453026,2.5499998761905545,2.549999616094587,2.5499986657531006,2.5499953820869177,2.5499846047629533,2.5499512160123223,2.5498540227759903,2.5495889576404793,2.5489129386055662,2.547302341270642,2.543719580869277,2.5362781081364325,2.5218384715231057,2.495630916679199,2.4510550912598768,2.379807896300478,2.2723932580557333,2.1188524144244396,1.9091838155010254,1.6320746014244185
1295,2.5499999280342345,2.5499998746955845,2.5499996119101245,2.5499986526763396,2.5499953415623624,2.5499844844553468,2.5499508786521106,2.549853135715568,2.549586780021479,2.548907961963064,2.54729177456398,2.5436987672232,2.536240116329895,2.521774257008649,2.4955304647036383,2.4509097103718447,2.379613323400919,2.272152669869013,2.1185781403062824,1.9088967063700435,1.6318006030406038
1296,2.549999927112886,2.5499998731848166,2.549999607686315,2.5499986394909193,2.5499953007423257,2.5499843633850583,2.5499505394531785,2.549852244554289,2.5495845940036714,2.5489029696352485,2.5472811813594647,2.543677913517199,2.5362020712159614,2.5217099819246274,2.495429957974832,2.45076429920745,2.379418763742116,2.2719121502545754,2.11830398771781,1.908609752215973,1.6315267619024727
1297,2.5499999261811577,2.54999987165811,2.5499996034228527,2.5499986261961123,2.5499952596251294,2.5499842415484917,2.5499501984085113,2.5498513492799617,2.5495823995686875,2.5488979615993053,2.547270561636658,2.54365701974606,2.53616397282045,2.5216456463383667,2.4953293965959515,2.450618857877698,2.379224217398298,2.2716716992070456,2.1180299565530283,1.908322952870986,1.6312530778048133
1298,2.5499999252389496,2.5499998701153217,2.5499995991194275,2.5499986127911862,2.5499952182090913,2.5499841189420405,2.5499498555110818,2.549850449880384,2.549580196698163,2.5488929378324534,2.5472599153751934,2.5436360859046627,2.5361258211692568,2.5215812503171864,2.495228780670029,2.4504733864933446,2.3790296844434384,2.27143131672091,2.117756046706064,1.9080363081673506,1.6309795505448574
1299,2.549999924286161,2.549999868556308,2.5499995947757297,2.549998599275406,2.5499951764925206,2.549983995562089,2.5499495107538497,2.549849546343344,2.549577985373737,2.5488878983119436,2.547249242554771,2.5436151119879797,2.536087616288347,2.521516793928393,2.495128110299962,2.4503278851649086,2.3788351649512745,2.2711910027905295,2.117482258071278,1.9077498179373251,1.6307061799197973
1300,2.549999923322691,2.5499998669809236,2.5499995903914456,2.5499985856480327,2.549995134473721,2.54998387140501,2.549949164129763,2.549848638656622,2.549575765577055,2.54888284301506,2.5472385431551614,2.5435940979910727,2.536049358203754,2.5214522772392787,2.495027385588508,2.450182354002671,2.3786406589953035,2.270950757410135,2.1172085905432416,1.9074634820131817,1.6304329657273189
1301,2.549999922348437,2.549999865389024,2.549999585966261,2.5499985719083242,2.5499950921509904,2.5499837464671686,2.5499488156317565,2.549847726807986,2.549573537289763,2.5488777719191176,2.547227817156205,2.543573043909103,2.536011046941595,2.521387700317133,2.4949266066382876,2.450036793116657,2.3784461666487595,2.270710580573817,2.116935044016618,1.9071773002273003,1.6301599077683449
1302,2.5499999213632956,2.549999863780462,2.54999958149986,2.5499985580555338,2.54999504952262,2.549983620744917,2.5499484652527524,2.549846810785195,2.5495713004935134,2.548872685001465,2.547217064537809,2.5435519497373194,2.535972682528051,2.5213230632292287,2.494825773551784,2.449891202616659,2.3782516879846454,2.27047047227554,2.116661618386309,1.9068912724120806,1.6298870058435473
1303,2.549999920367163,2.5499998621550897,2.5499995769919246,2.549998544088912,2.549995006586892,2.5499834942346,2.549948112985662,2.549845890576,2.549569055169965,2.5488675822394864,2.5472062852799517,2.54353081547106,2.5359342649893692,2.5212583660428223,2.494724886431343,2.449745582612238,2.378057223075731,2.270230432509151,2.116388313547459,1.9066053983999682,1.6296142597531207
1304,2.549999919359934,2.549999860512758,2.549999572442134,2.549998530007706,2.549994963342086,2.5499833669325502,2.549947758823381,2.549844966168141,2.5495668013007777,2.548862463610594,2.547195479362679,2.5435096411057625,2.5358957943518794,2.521193608825168,2.4946239453791716,2.449599933212697,2.377862771994521,2.2699904612683475,2.116115129395304,1.906319678023449,1.6293416693007101
1305,2.5499999183415034,2.549999858853318,2.5499995678501666,2.5499985158111587,2.549994919786473,2.549983238835092,2.549947402758796,2.549844037549347,2.549564538867617,2.5488573290922356,2.5471846467661075,2.543488426636953,2.535857270641978,2.521128791643504,2.4945229504973407,2.449454254527105,2.377668334813289,2.2697505585467064,2.1158420658253085,1.9060341111150867,1.629069234289861
1306,2.5499999173117653,2.549999857176617,2.549999563215698,2.549998501498509,2.549994875918318,2.5499831099385384,2.549947044784779,2.5498431047073415,2.5495622678521537,2.548852178661891,2.547173787470419,2.5434671720602426,2.5358186938861245,2.5210639145650493,2.4944219018877853,2.449308546664306,2.377473911604083,2.2695107243376937,2.1155691227331714,1.9057486975076359,1.6287969545235412
1307,2.549999916270612,2.5499998554825036,2.5499995585384028,2.5499984870689922,2.549994831735879,2.5499829802391925,2.549946684894191,2.5498421676298357,2.5495599882360622,2.548847012297073,2.5471629014558683,2.5434458773713438,2.535780064110859,2.52099897765702,2.4943207996522996,2.449162809732885,2.3772795024386855,2.2692709586346242,2.115296300014722,1.9054634370337438,1.6285248298075132
1308,2.549999915217936,2.5499998537708253,2.5499995538179525,2.5499984725218416,2.549994787237409,2.5499828497333477,2.5499463230798796,2.5498412263045314,2.549557700001022,2.548841829975326,2.547151988702778,2.543424542566057,2.53574138134279,2.5209339809866163,2.494219643892543,2.449017043841195,2.377085107388647,2.2690312614306922,2.1150235975659974,1.9051783295261941,1.628252859947738
1309,2.549999914153627,2.549999852041427,2.549999549054018,2.549998457856285,2.549994742421152,2.549982718417288,2.54994595933468,2.549840280719123,2.54955540312872,2.5488366316742326,2.547141049191536,2.5434031676402653,2.535702645608583,2.5208689246210176,2.494118434710039,2.4488712490973668,2.376890726525297,2.2687916327189894,2.1147510152832414,1.9048933748181103,1.6279810447498952
1310,2.5499999130775763,2.5499998502941543,2.5499995442462673,2.549998443071547,2.549994697285348,2.5499825862872862,2.5499455936514153,2.5498393308612957,2.5495530976008443,2.5488314173714026,2.547130082902604,2.5433817525899536,2.535663856934988,2.5208038086274005,2.494017172206171,2.448725425609273,2.376696359919702,2.2685520724924535,2.1144785530628694,1.9046085727424085,1.6277093840217118
1311,2.5499999119896732,2.5499998485288504,2.5499995393943675,2.5499984281668486,2.549994651828229,2.5499824533396063,2.5499452260228965,2.5498383767187227,2.549550783399089,2.548826187044481,2.547119089816509,2.543360297411194,2.5356250153488196,2.5207386330729245,2.493915856482187,2.4485795734845546,2.3765020076426953,2.2683125807439044,2.1142062108014934,1.9043239231321814,1.6274378775713334
1312,2.5499999108898064,2.549999846745357,2.549999534497981,2.549998413141408,2.549994606048021,2.549982319570501,2.549944856441924,2.549837418279073,2.549548460505158,2.548820940671149,2.547108069913846,2.543338802100138,2.5355861208769435,2.520673398024722,2.493814487639199,2.44843369283064,2.3763076697649046,2.2680731574660817,2.113933988395887,1.9040394258210263,1.6271665252063647
1313,2.549999909777863,2.549999844943517,2.549999529556772,2.549998397994438,2.5499945599429434,2.5499821849762143,2.549944484901283,2.5498364555300017,2.549546128900754,2.548815678229117,2.547097023175282,2.5433172666530433,2.5355471735463184,2.5206081035499293,2.493713065778181,2.4482877837546893,2.3761133463566786,2.267833802651547,2.1136618857430456,1.903755080642158,1.6268953267367132
1314,2.54999990865373,2.54999984312317,2.5499995245703997,2.549998382725149,2.549994513511209,2.5499820495529786,2.5499441113937484,2.549835488459157,2.5495437885675867,2.54881039969613,2.5470859495815503,2.5432956910662514,2.535508173383963,2.5205427497156636,2.4936115909999694,2.4481418463636353,2.3759190374881394,2.2675945162927533,2.1133899027401424,1.9034708874290471,1.6266242819725463
1315,2.5499999075172943,2.5499998412841554,2.5499995195385234,2.549998367332747,2.5499944667510244,2.5499819132970183,2.549943735912081,2.549834517054177,2.549541439487371,2.548805105049966,2.5470748491134545,2.5432740753361958,2.535469120416966,2.5204773365890287,2.4935100634052634,2.4479958807641733,2.3757247432291715,2.26735529838203,2.1131180392845392,1.9031868460152697,1.6263533907247711
1316,2.54999990636844,2.5499998394263104,2.5499995144607994,2.5499983518164346,2.5499944196605884,2.5499817762045454,2.5499433584490325,2.549833541302696,2.5495390816418335,2.54879979426844,2.5470637217518606,2.5432524194593817,2.5354300146724573,2.5204118642370923,2.4934084830946315,2.447849887062805,2.3755304636494756,2.267116148911655,2.112846295273719,1.9029029562350814,1.6260826528030625
1317,2.5499999052070526,2.549999837549473,2.5499995093368826,2.54999833617541,2.549994372238095,2.5499816382717633,2.54994297899734,2.549832561192334,2.549536715012698,2.5487944673293965,2.5470525674777105,2.5432307234324263,2.535390856177666,2.520346332726934,2.493306850168498,2.4477038653657464,2.3753361988184514,2.2668770678737014,2.1125746706054285,1.9026192179222006,1.625812068020042
1318,2.5499999040330144,2.5499998356534785,2.5499995041664256,2.5499983204088696,2.5499943244817307,2.5499814994948657,2.549942597549728,2.549831576710702,2.549534339581697,2.5487891242107144,2.547041386272011,2.543208987252029,2.535351644959881,2.52028074212561,2.4932051647271534,2.447557815778993,2.375141948805283,2.2666380552601453,2.1123031651775754,1.902335630910682,1.6255416361882762
1319,2.549999902846209,2.549999833738162,2.549999498949079,2.5499983045160035,2.5499942763896755,2.549981359870035,2.5499422140989103,2.5498305878454044,2.5495319553305658,2.548783764890305,2.547030178115839,2.543187210914979,2.5353123810464573,2.520215092500162,2.493103426870751,2.4474117384083063,2.3749477136789183,2.2663991110628428,2.112031778888254,1.9020521950347122,1.625271357120982
1320,2.5499999016465176,2.5499998318033565,2.5499994936844907,2.5499982884959995,2.5499942279601027,2.5499812193934455,2.5499418286375897,2.549829594584038,2.5495295622410503,2.5487783893461162,2.5470189429903365,2.543165394418147,2.535273064464803,2.520149383917607,2.4930016366993093,2.4472656333592337,2.3747534935080954,2.2661602352735684,2.111760511635702,1.901768910128884,1.625001230971951
1321,2.54999990043382,2.5499998298488946,2.5499994883723067,2.549998272348042,2.5499941791911804,2.5499810780612595,2.5499414411584564,2.5498285969141916,2.5495271602949052,2.5487729975561306,2.5470076808767144,2.543143537758491,2.53523369524239,2.520083616444942,2.4928997943127116,2.447119500737094,2.374559288361326,2.265921427883987,2.111489363318325,1.9014857760279764,1.6247313000480117
1322,2.5499998992079975,2.5499998278746063,2.549999483012172,2.5499982560713086,2.5499941300810667,2.549980935869631,2.5499410516541863,2.5498275948234435,2.5495247494738833,2.548767589498363,2.546996391756254,2.5431216409330615,2.5351942734067685,2.5200177901491574,2.492797899810704,2.4469733406469567,2.374365098306869,2.2656826888856205,2.111218333834729,1.90120279256675,1.6244615577926131
1323,2.5499998979689287,2.5499998258803247,2.5499994776037287,2.549998239664977,2.549994080627916,2.5499807928147025,2.5499406601174464,2.549826588299364,2.549522329759748,2.54876216515086,2.546985075610302,2.5430997039389984,2.5351547989855456,2.5199519050972228,2.4926959532928943,2.4468271531936683,2.3741709234127586,2.26544401826989,2.1109474230836827,1.9009199595802067,1.6241919909355198
1324,2.5499998967164905,2.5499998238658756,2.549999472146618,2.5499982231282203,2.549994030829876,2.549980648892607,2.5499402665408892,2.5498255773295155,2.549519901134268,2.548756724491706,2.5469737324202772,2.543077726773526,2.5351152720063976,2.519885961356093,2.4925939548587546,2.446680938481841,2.3739767637467986,2.265205416028102,2.1106766309641305,1.900637276903537,1.6239225946822873
1325,2.5499998954505614,2.549999821831088,2.549999466640477,2.5499982064602063,2.5499939806850853,2.549980504099468,2.549939870917158,2.5498245619014526,2.549517463579218,2.5487512674990165,2.546962362167659,2.5430557094339576,2.5350756924970588,2.5198199589927017,2.4924919046076255,2.446534696615865,2.3737826193765708,2.2649668821514584,2.1104059573751788,1.9003547443721402,1.623653366166944
1326,2.5499998941710174,2.5499998197757896,2.5499994610849424,2.549998189660098,2.5499939301916803,2.5499803584313994,2.5499394732388807,2.5498235420027204,2.5495150170763794,2.5487457941509417,2.546950964834001,2.5430336519176895,2.5350360604853317,2.5197538980739678,2.4923898026387095,2.4463884276999,2.3735884903694227,2.2647284166310486,2.110135402216102,1.900072361821765,1.623384303446338
1327,2.5499998928777328,2.5499998176998036,2.5499994554796483,2.5499981727270584,2.5499938793477863,2.5499802118845043,2.5499390734986775,2.5498225176208575,2.5495125616075396,2.5487403044256665,2.5469395404009223,2.5430115542222103,2.53499637599908,2.51968777866679,2.4922876490510717,2.4462421318378733,2.3733943767924783,2.264490019457856,2.109864965386342,1.89979012908888,1.623115405045008
1328,2.549999891570583,2.5499998156029555,2.5499994498242264,2.549998155660243,2.5499938281515235,2.549980064454875,2.5499386716891532,2.549821488743391,2.5495100971544926,2.54873479830141,2.54692808885011,2.542989416345093,2.534956639066231,2.5196216008380516,2.492185443943642,2.446095809133484,2.3732002787126265,2.264251690622752,2.109594646785508,1.899508046011445,1.622846669773847
1329,2.549999890249442,2.5499998134850674,2.549999444118309,2.5499981384588053,2.549993776601008,2.549979916138596,2.5499382678029017,2.5498204553578465,2.549507623699039,2.5487292757564255,2.54691661016332,2.542967238283998,2.534916849714777,2.519555364654613,2.4920831874152123,2.4459494596902043,2.373006196196537,2.2640134301165062,2.1093244463133667,1.8992261124299947,1.622578096630249
1330,2.549999888914182,2.5499998113459634,2.549999438361521,2.5499981211218956,2.549993724694345,2.549979766931739,2.549937861832507,2.5498194174517343,2.5495051412229857,2.5487237367690003,2.546905104322375,2.542945020036671,2.534877007972769,2.51948907018332,2.4919808795644434,2.4458030836112794,2.37281212931065,2.263775237929782,2.1090543638698462,1.8989443281889424,1.6223096847517617
1331,2.5499998875646734,2.549999809185461,2.549999432553488,2.549998103648658,2.549993672429635,2.549979616830369,2.5499374537705397,2.5498183750125607,2.549502649708148,2.548718181317455,2.5468935713091656,2.5429227616009435,2.534837113868319,2.5194227174909978,2.49187852048986,2.44565668099973,2.3726180781211808,2.263537114053138,2.108784399355035,1.8986626931370605,1.622041433396028
1332,2.5499998862007867,2.549999807003381,2.549999426693835,2.549998086038234,2.5499936198049715,2.5499794658305377,2.549937043609558,2.5498173280278245,2.549500149136347,2.5487126093801478,2.5468820111056503,2.5429004629747345,2.5347971674296055,2.5193563066444513,2.4917761102898472,2.4455102519583494,2.372424042694124,2.2632990584770307,2.1085145526691766,1.898381207128198,1.6217733418916767
1333,2.5499998848223933,2.5499998047995422,2.549999420782185,2.5499980682897605,2.5499935668184426,2.549979313928289,2.54993663134211,2.549816276485015,2.5494976394894096,2.5487070209354683,2.546870423693854,2.5428781241560467,2.5347571686848656,2.5192898377104673,2.4916736490626588,2.4453637965897044,2.3722300230952453,2.2630610711918124,2.1082448237126736,1.8980998700209333,1.6215054096469723
1334,2.549999883429361,2.5499998025737614,2.5499994148181555,2.5499980504023747,2.5499935134681295,2.5499791611196576,2.549936216960731,2.549815220371616,2.549495120749171,2.5487014159618413,2.546858809055869,2.542855745142967,2.534717117662395,2.519223310755812,2.4915711369064106,2.4452173149961376,2.37203601939009,2.262823152187735,2.1079752123860818,1.8978186816790916,1.6212376361032765
1335,2.549999882021558,2.549999800325853,2.549999408801364,2.549998032375203,2.5499934597521037,2.5499790074006667,2.5499358004579453,2.5498141596751007,2.549492592897472,2.5486957944377284,2.5468471671738557,2.5428333259336706,2.5346770143905557,2.5191567258472323,2.4914685739190867,2.4450708072797673,2.3718420316439808,2.262585301454951,2.1077057185901094,1.8975376419708119,1.6209700207415436
1336,2.5499998805988513,2.549999798055633,2.5499994027314266,2.5499980142073717,2.5499934056684337,2.549978852767329,2.5499353818262653,2.5498130943829365,2.5494900559161633,2.5486901563416224,2.5468354980300427,2.5428108665264166,2.5346368588977657,2.5190900830514544,2.491365960198533,2.4449242735424868,2.371648059922016,2.2623475189835123,2.1074363422256175,1.8972567507679843,1.6207025630824168
1337,2.5499998791611054,2.5499997957629135,2.549999396607955,2.549997995898004,2.5499933512151793,2.549978697215647,2.549934961058192,2.549812024482583,2.5494875097871,2.548684501652052,2.5468238016067257,2.542788366919548,2.534596651212504,2.519023382435185,2.491263295842462,2.444777713885966,2.3714541042890747,2.262109804763372,2.1071670831936196,1.8969760079456672,1.6204352626743075
1338,2.5499998777081863,2.5499997934475065,2.5499993904305605,2.5499979774462163,2.549993296390394,2.5499785407416162,2.549934538146214,2.5498109499614925,2.549484954492147,2.5486788303475807,2.546812077886266,2.542765827111492,2.5345563913633082,2.518956624065109,2.491160580948451,2.4446311284116535,2.371260164809814,2.261872158784385,2.106897941395282,1.8966954133813216,1.6201681190916366
1339,2.5499998762399576,2.5499997911092236,2.5499993841988515,2.5499979588511237,2.5499932411921264,2.54997838334122,2.549934113082811,2.5498098708071097,2.5494823900131753,2.548673142406807,2.546800326851093,2.5427432471007614,2.5345160793787778,2.5188898080078914,2.4910578156139414,2.4444845172207716,2.371066241548672,2.2616345810363088,2.1066289167319248,1.896414966955448,1.619901131936763
1340,2.5499998747562826,2.5499997887478743,2.549999377912436,2.5499979401118362,2.549993185618415,2.5499782250104315,2.5499336858604478,2.549808787006872,2.5494798163320627,2.548667437808365,2.5467885484837036,2.5427206268859517,2.53447571528757,2.5188229343301742,2.4909549999362413,2.444337880414323,2.3708723345698663,2.261397071508808,2.1063600091050194,1.896134668548953,1.6196343008216114
1341,2.5499998732570233,2.549999786363267,2.5499993715709177,2.549997921227461,2.5499931296672935,2.5499780657452145,2.5499332564715798,2.5498076985482094,2.549477233430695,2.548661716530923,2.546776742766661,2.542697966465744,2.534435299118402,2.5187560030985803,2.490852134012523,2.4441912180930867,2.3706784439373956,2.261159630191447,2.1060912184161977,1.89585451804524,1.6193676253844516
1342,2.5499998717420387,2.5499997839552075,2.549999365173899,2.549997902197098,2.5499930733367884,2.5499779055415237,2.5499328249086495,2.5498066054185444,2.549474641290966,2.548655978553183,2.5467649096825973,2.542675265838903,2.5343948309000472,2.51868901437971,2.4907492179398263,2.444044530357622,2.370484569715041,2.2609222570737,2.1058225445672516,1.8955745153269015,1.6191011052653128
1343,2.5499998702111903,2.549999781523502,2.549999358720979,2.5499978830198473,2.549993016624919,2.5499777443953024,2.5499323911640897,2.5498055076052935,2.5494720398947774,2.5486502238538833,2.546753049214209,2.542652525004275,2.5343543106613393,2.5186219682401423,2.4906462518150536,2.4438978173082675,2.370290711966365,2.2606849521449437,2.105553987460137,1.895294660278249,1.6188347401266985
1344,2.549999868664337,2.5499997790679556,2.5499993522117554,2.5499978636948017,2.5499929595297,2.549977582302485,2.5499319552303206,2.5498044050958644,2.5494694292240387,2.5486444524117973,2.5467411613442605,2.5426297439607892,2.5343137384311674,2.5185548647464326,2.4905432357349753,2.44375107904514,2.3700968707547134,2.260447715394465,2.105285546996988,1.895014952782373,1.6185685296339507
1345,2.549999867101337,2.549999776588371,2.549999345645825,2.5499978442210525,2.549992902049138,2.5499774192589952,2.5499315170997523,2.549803297877659,2.5494668092606667,2.5486386642057326,2.546729246055583,2.542606922707459,2.5342731142384802,2.5184877039651163,2.4904401697962255,2.4436043156681375,2.3699030461432153,2.2602105468114577,2.105017223080112,1.8947353927232051,1.618302473468613
1346,2.549999865522047,2.5499997740845495,2.5499993390227806,2.549997824597685,2.5499928441812316,2.549977255260748,2.549931076764781,2.549802185938071,2.5494641799865865,2.5486328592145324,2.5467173033310746,2.542584061243383,2.5342324381122836,2.5184204859627037,2.490337054095307,2.443457527276938,2.369709238194786,2.259973446385025,2.104749015612009,1.8944559799835008,1.618036571318079
1347,2.5499998639263226,2.5499997715562923,2.5499993323422134,2.549997804823782,2.5499927859239735,2.549977090303647,2.5499306342177945,2.549801069264489,2.549461541383731,2.5486270374170745,2.546705333153701,2.542561159567738,2.5341917100816387,2.5183532108056847,2.4902338887285858,2.4433107139710017,2.369515446972125,2.2597364141041796,2.104480924495391,1.8941767144457085,1.617770822878689
1348,2.549999862314018,2.5499997690033984,2.549999325603712,2.5499977848984217,2.5499927272753498,2.549976924383586,2.549930189451168,2.549799947844293,2.5494588934340414,2.548621198792273,2.546693335506493,2.542538217679785,2.5341509301756635,2.5182858785605253,2.4901306737922946,2.44316387584957,2.3693216725377164,2.2594994499578456,2.1042129496331667,1.8938975959916304,1.6175052278550552
1349,2.549999860684988,2.5499997664256657,2.549999318806864,2.5499977648206777,2.5499926682333394,2.549976757496451,2.549929742457265,2.5497988216648575,2.549456236119467,2.5486153433190757,2.54668131037255,2.5425152355788687,2.534110098423535,2.5182184892936696,2.490027409382531,2.443017013011662,2.3691279149538267,2.259262553934851,2.1039450909283937,1.8936186245035926,1.6172397859651277
1350,2.549999859039085,2.549999763822891,2.549999311951253,2.549997744589621,2.549992608795916,2.5499765896381157,2.549929293228439,2.5497976907135493,2.5494535694219653,2.548609470976467,2.546669257735035,2.542492213264412,2.5340692148544823,2.5181510430715357,2.4899240955952626,2.4428701255560887,2.3689341742825194,2.2590257260239484,2.103677348284496,1.89333979986063,1.616974496919487
1351,2.5499998573761604,2.5499997611948695,2.549999305036461,2.549997724204317,2.5499925489610447,2.5499764208044455,2.549928841757031,2.549796554977729,2.5494508933235025,2.5486035817434662,2.5466571775771794,2.542469150735924,2.534028279497793,2.51808353996052,2.4898207325263195,2.442723213581434,2.368740450585635,2.25878896621379,2.103409721604988,1.8930611219430864,1.6167093604476894
1352,2.549999855696066,2.549999758541395,2.5499992980620685,2.5499977036638275,2.5499924887266854,2.5499762509912953,2.549928388035372,2.549795414444749,2.5494482078060527,2.5485976755991278,2.5466450698822807,2.542446047992993,2.5339872923828106,2.5180159800269966,2.4897173202714,2.442576277186067,2.368546743924802,2.258552274492943,2.103142210793634,1.892782590630095,1.616444376283196
1353,2.54999985399865,2.5499997558622605,2.549999291027653,2.5499976829672115,2.549992428090789,2.5499760801945097,2.549927932055781,2.549794269101959,2.549445512851599,2.548591752522542,2.5466329346337027,2.542422905035288,2.5339462535389288,2.517948363337311,2.489613858926068,2.442429316468148,2.3683530543614504,2.2583156508499016,2.1028748157546038,1.892504205797999,1.6161795441518825
1354,2.549999852283762,2.549999753157257,2.5499992839327907,2.5499976621135216,2.5499923670513014,2.549975908409923,2.549927473810566,2.5497931189366976,2.549442808442132,2.548585812492834,2.546620771814876,2.5423997218625605,2.533905162995602,2.5178806899577895,2.4895103485857537,2.442282331525612,2.368159381956784,2.258079095273057,2.1026075363921195,1.892225967324201,1.6159148637993346
1355,2.5499998505512487,2.549999750426174,2.5499992767770543,2.549997641101809,2.5499923056061604,2.549975735633361,2.5499270132920246,2.549791963936299,2.5494400945596514,2.548579855489165,2.5466085814092962,2.542376498474643,2.533864020782337,2.5178129599547314,2.4894067893457543,2.4421353224561826,2.3679657267718035,2.257842607750724,2.102340372610762,1.891947875084286,1.6156503349685987
1356,2.5499998488009563,2.5499997476688017,2.549999269560014,2.5499976199311174,2.549992243753298,2.54997556186064,2.5499265504924433,2.5497908040880928,2.5494373711861678,2.548573881490731,2.546596363400526,2.5423532348714457,2.533822826928692,2.5177451733944114,2.4893031813012354,2.441988289357374,2.3677720888673046,2.257606188271141,2.1020733243154393,1.891669928952514,1.6153859574031624
1357,2.5499998470327307,2.5499997448849254,2.5499992622812386,2.5499975986004895,2.549992181490638,2.549975387087566,2.549926085404096,2.549789639379399,2.549434638303697,2.5485678904767632,2.5465841177721953,2.542329931052964,2.533781581464284,2.517677330343081,2.489199524547226,2.4418412323264747,2.3675784683038645,2.257369836822448,2.101806391411195,1.8913921288027025,1.6151217308577832
1358,2.549999845246416,2.549999742074332,2.5499992549402943,2.5499975771089622,2.5499921188160997,2.549975211309933,2.549925618019248,2.5497884697975333,2.5494318958942666,2.5485618824265304,2.5465718445079966,2.5423065870192696,2.5337402844187786,2.517609430866964,2.4890958191786248,2.4416941514605703,2.367384865141861,2.2571335533927157,2.101539573803465,1.8911144745076665,1.6148576550852036
1359,2.5499998434418565,2.5499997392368057,2.5499992475367455,2.5499975554555694,2.5499920557275937,2.549975034523528,2.549925148330152,2.5497872953298044,2.5494291439399106,2.5485558573193363,2.546559543591692,2.5422832027705153,2.533698935821896,2.5175414750322607,2.488992065290198,2.441547046856527,2.3671912794414616,2.256897337969927,2.1012728713979274,1.890836965939212,1.61459372984328
1360,2.549999841618894,2.5499997363721296,2.5499992400701537,2.5499975336393406,2.5499919922230245,2.5499748567241256,2.5499246763290504,2.549786115963515,2.5494263824226735,2.5485498151345194,2.5465472150071067,2.5422597783069354,2.5336575357034135,2.5174734629051465,2.4888882629765754,2.4413999186109967,2.366997711262621,2.2566611905419798,2.1010062841004995,1.8905596029681446,1.6143299548950352
1361,2.5499998397773678,2.5499997334800852,2.5499992325400775,2.5499975116592997,2.549991928300289,2.549974677907494,2.5499242020081745,2.549784931685963,2.5494236113246105,2.5485437558514548,2.5465348587381333,2.5422363136288384,2.5336160840931505,2.5174053945517656,2.488784412332259,2.4412527668204302,2.366804160665108,2.256425111096716,2.1007398118174923,1.890282385465312,1.6140663299999312
1362,2.549999837917119,2.549999730560454,2.5499992249460743,2.549997489514469,2.549991863957278,2.549974498069388,2.5499237253597444,2.549783742484439,2.549420830627783,2.5485376794495527,2.54652247476873,2.542212808736619,2.5335745810209906,2.5173372700382446,2.4886805134516137,2.441105591581051,2.366610627708461,2.2561890996218654,2.1004734544553747,1.89000531329958,1.6138028549283343
1363,2.5499998360379856,2.549999727613014,2.549999217287699,2.549997467203864,2.549991799191875,2.5499743172055553,2.5499232463759696,2.549782548346226,2.5494180403142623,2.5485315859082593,2.5465100630829216,2.5421892636307515,2.5335330265168676,2.5172690894306813,2.488576566428873,2.4409583929888723,2.366417112452017,2.255953156105087,2.10020721192093,1.8897283863392622,1.6135395294516826
1364,2.5499998341398062,2.5499997246375425,2.5499992095645037,2.549997444726498,2.549991734001957,2.549974135311732,2.549922765049049,2.549781349258604,2.549415240366129,2.548525475207056,2.546497623664797,2.5421656783117843,2.5334914206107633,2.5172008527951464,2.488472571358138,2.440811171139702,2.3662236149549174,2.2557172805339722,2.0999410841212436,1.889451604452275,1.6132763533414167
1365,2.5499998322224164,2.549999721633817,2.549999201776038,2.5499974220813795,2.549991668385393,2.5499739523836453,2.5499222813711717,2.5497801452088473,2.549412430765476,2.5485193473254633,2.546485156498509,2.542142052780341,2.5334497633327056,2.5171325601976795,2.4883685283333814,2.4406639261291474,2.366030135276113,2.25548147289605,2.0996750709637086,1.8891749675062643,1.6130133263681097
1366,2.5499998302856524,2.5499997186016112,2.5499991939218494,2.5499973992675127,2.5499916023400475,2.5499737684170127,2.549921795334514,2.549778936184221,2.5494096114944007,2.548513202243033,2.54647266156828,2.5421183870371356,2.5334080547127864,2.5170642117043034,2.4882644374484366,2.440516658052582,2.365836673474319,2.2552457331787363,2.0994091723559416,1.8888984753669378,1.6127504483129362
1367,2.5499998283293484,2.549999715540699,2.5499991860014832,2.5499973762838968,2.549991535863776,2.5499735834075414,2.5499213069312425,2.549777722171986,2.5494067825350117,2.5485070399393543,2.5464601388583965,2.5420946810829554,2.533366294781147,2.5169958073810115,2.4881602987970073,2.4403693670051756,2.3656432296080574,2.2550100613693806,2.0991433882058614,1.8886221278996105,1.612487718957041
1368,2.549999826353337,2.5499997124508518,2.549999178014483,2.549997353129529,2.549991468954427,2.549973397350929,2.5499208161535134,2.5497765031593995,2.5494039438694314,2.5485008603940558,2.5464475883532085,2.5420709349186583,2.5333244835679647,2.5169273472937608,2.4880561124726697,2.440222053081909,2.3654498037356775,2.254774457455297,2.098877718421641,1.888345924970261,1.6122251380763346
1369,2.5499998243574513,2.5499997093318396,2.549999169960388,2.5499973298034004,2.549991401609843,2.549973210242863,2.549920322993472,2.5497752791337116,2.549401095479787,2.548494663586798,2.5464350100371327,2.5420471485451883,2.533282621103479,2.5168588315084888,2.4879518785688637,2.4400747163775347,2.3652563959153015,2.2545389214236917,2.09861216291175,1.8880698664431093,1.611962705454798
1370,2.5499998223415212,2.549999706183432,2.549999161838737,2.5499973063044985,2.54999133382786,2.5499730220790218,2.5499198274432526,2.5497740500821657,2.5493982373482167,2.54848844949728,2.546422403894652,2.542023321963568,2.5332407074179826,2.516790260091109,2.4878475971788956,2.4399273569865936,2.365063006204845,2.2543034532616915,2.0983467215849396,1.8877939521815055,1.611700420879593
1371,2.5499998203053775,2.5499997030053962,2.5499991536490656,2.549997282631807,2.5499912656063057,2.5499728328550733,2.549919329494979,2.5497728159919997,2.5493953694568674,2.5484822181052342,2.5464097699103143,2.5419994551748966,2.533198742541814,2.516721633107503,2.4877432683959424,2.439779975003423,2.364869634662031,2.2540680529563617,2.0980813943502086,1.887518182048601,1.6114382841379478
1372,2.5499998182488475,2.5499996997974987,2.549999145390906,2.5499972587843036,2.5499911969430022,2.5499726425666767,2.5499188291407653,2.5497715768504507,2.5493924917879003,2.548475969390433,2.546397108068729,2.5419755481803397,2.5331567265053483,2.5166529506235173,2.4876388923130532,2.4396325705221735,2.3646762813444124,2.2538327204947413,2.0978161811166887,1.887242555908513,1.6111762950135118
1373,2.5499998161717587,2.549999696559505,2.54999913706379,2.5499972347609643,2.549991127835764,2.54997245120948,2.549918326372714,2.549770332644745,2.549389604323481,2.5484697033326817,2.5463844183545743,2.5419516009811556,2.533114659339029,2.5165842127049824,2.4875344690231387,2.4394851436367584,2.364482946309301,2.253597455863735,2.0975510817939607,1.8869670736226836,1.6109144532991584
1374,2.5499998140739377,2.5499996932911775,2.549999128667244,2.5499972105607585,2.549991058282399,2.5499722587791225,2.5499178211829174,2.549769083362105,2.549386707045788,2.548463419911822,2.5463717007525943,2.541927613578675,2.533072541073344,2.5165154194176984,2.4874299986189805,2.43933769444089,2.36428962961382,2.2533622590501956,2.0972860962918123,1.886691735052674,1.6106527587871569
1375,2.54999981195521,2.549999689992278,2.5499991202007966,2.549997186182653,2.5499909882807072,2.5499720652712337,2.549917313563457,2.5497678289897485,2.5493837999370093,2.5484571191077343,2.5463589552475936,2.5419035859742993,2.5330303717388225,2.5164465708274313,2.4873254811932313,2.439190223028088,2.3640963313149137,2.253127130040937,2.0970212245201476,1.8864165400604476,1.6103912112694379
1376,2.5499998098153984,2.5499996866625665,2.5499991116639693,2.54999716162561,2.5499909178284836,2.5499718706814334,2.549916803506405,2.549766569514889,2.549380882979346,2.5484508009003353,2.5463461818244437,2.5418795181695075,2.532988151366042,2.5163776669999183,2.487220916838412,2.439042729491664,2.3639030514693284,2.252892068822704,2.0967564663891154,1.886141488507534,1.6101298105394781
1377,2.5499998076543267,2.549999683301802,2.5499991030562845,2.5499971368885874,2.549990846923515,2.5499716750053314,2.549916291003822,2.549765304924732,2.549377956155004,2.5484444652695757,2.546333380468083,2.5418554101658626,2.532945879985638,2.516308708000876,2.48711630564691,2.4388952139247095,2.363709790133591,2.252657075382141,2.0964918218092654,1.8858665802539871,1.6098685563946489
1378,2.5499998054718156,2.5499996799097415,2.549999094377261,2.5499971119705385,2.5499907755635807,2.5499714782385277,2.5499157760477575,2.549764035206479,2.549375019446202,2.5484381121954427,2.546320551163513,2.5418312619650005,2.5329035576282912,2.5162396938959897,2.4870116477109803,2.4387476764201135,2.3635165473640396,2.2524221497058385,2.096227290691331,1.8855918151598232,1.6096074486329752
1379,2.549999803267686,2.5499996764861415,2.5499990856264136,2.5499970868704125,2.549990703746454,2.5499712803766124,2.549915258630253,2.549762760347328,2.5493720728351694,2.5484317416579607,2.546307693895799,2.5418070735686293,2.5328611843247235,2.51617062475091,2.4869069431227517,2.438600117070573,2.3633233232168336,2.252187291780353,2.095962872946113,1.8853171930855372,1.6093464870522587
1380,2.5499998010417566,2.549999673030757,2.5499990768032563,2.5499970615871534,2.549990631469901,2.549971081415167,2.5499147387433387,2.5497614803344715,2.5493691163041468,2.5484253536371906,2.546294808650071,2.541782844978534,2.532818760105706,2.516101500631261,2.4868021919742205,2.4384525359685743,2.3631301177479314,2.2519525015921644,2.0956985684847007,1.8850427138909502,1.6090856710662251
1381,2.5499997987938445,2.5499996695433396,2.549999067907299,2.5499970361197035,2.5499905587316816,2.5499708813497617,2.549914216379034,2.5497601951550966,2.5493661498353846,2.548418948113229,2.5462818954115236,2.541758576196575,2.532776285002056,2.516032321602637,2.486697394357251,2.4383049332064033,2.362936931013101,2.2517177791277003,2.0954343772183543,1.8847683774357278,1.608824931212086
1382,2.549999796523769,2.54999966602364,2.5499990589380532,2.5499970104669973,2.5499904855295457,2.549970680175958,2.5499136915293494,2.549758904796385,2.549363173411145,2.548412525066212,2.5462689541654178,2.541734267224687,2.53273375904464,2.515963087730604,2.4865925503635786,2.438157308876139,2.3627437630679107,2.2514831243733187,2.095170299058578,1.8844941835789688,1.6085642748298319
1383,2.5499997942313417,2.549999662471409,2.549999049895023,2.549996984627967,2.549990411861241,2.549970477889308,2.549913164186282,2.5497576092455163,2.5493601870136975,2.548406084476308,2.546255984897075,2.541709918064886,2.532691182264369,2.5158937990806964,2.486487660084806,2.4380096630696513,2.3625506139677355,2.251248537315317,2.0949063339170864,1.88422013217957,1.608303726522085
1384,2.5499997919163797,2.5499996588863953,2.5499990407777124,2.549996958601541,2.5499903377245023,2.549970274485353,2.549912634341821,2.5497563084896595,2.5493571906253254,2.548399626323726,2.546242987591887,2.5416855287192552,2.532648554692205,2.5158244557184206,2.4863827236124063,2.4378619958786163,2.3623574837677626,2.2510140179399425,2.094642481705761,1.883946223096272,1.6080432921907482
1385,2.549999789578695,2.5499996552683446,2.5499990315856222,2.549996932386643,2.549990263117064,2.5499700699596266,2.5499121019879474,2.5497550025159863,2.5493541842283207,2.5483931505887076,2.546229962235302,2.541661099189957,2.5326058763591486,2.5157550577092525,2.4862777410377226,2.4377143073945065,2.362164372522988,2.2507795662333834,2.0943787423366778,1.883672456187554,1.6077829762808513
1386,2.5499997872180993,2.5499996516170023,2.5499990223182514,2.5499969059821894,2.5499901880366482,2.549969864307649,2.5499115671166255,2.5497536913116563,2.549351167804991,2.5483866572515406,2.5462169088128515,2.5416366294792416,2.5325631472962598,2.5156856051186307,2.486172712451942,2.4375665977085497,2.3619712802881785,2.250545182181761,2.0941151157221256,1.8833988313111698,1.607522781489575
1387,2.5499997848344034,2.549999647932112,2.5499990129750962,2.5499968793870957,2.5499901124809723,2.5499696575249344,2.5499110297198153,2.549752374863831,2.5493481413376484,2.5483801462925357,2.546203827310105,2.5416121195894057,2.5325203675346253,2.515616098011974,2.4860676379461717,2.4374188669118486,2.361778207117983,2.250310865771164,2.0938516017745017,1.883125348323951,1.6072627099627501
1388,2.5499997824274163,2.549999644213415,2.5499990035556497,2.549996852600273,2.5499900364477477,2.549969449606987,2.5499104897894678,2.5497510531596643,2.5493451048086175,2.548373617692043,2.5461907177127,2.5415875695228265,2.5324775371053803,2.51554653645467,2.485962517611373,2.437271115095289,2.361585153066843,2.250076616987624,2.093588200406393,1.8828520070806065,1.60700276315429
1389,2.5499997799969454,2.5499996404606544,2.5499989940594032,2.5499968256206276,2.5499899599346763,2.5499692405493004,2.5499099473175195,2.5497497261863056,2.549342058200238,2.5483670714304583,2.5461775800063555,2.5415629792819723,2.5324346560397175,2.515476920512067,2.485857351538352,2.4371233423495084,2.361392118188972,2.249842435817107,2.0933249115305874,1.8825788074313745,1.6067429421271735
1390,2.5499997775427983,2.5499996366735678,2.5499989844858457,2.54999679844706,2.5499898829394563,2.5499690303473597,2.5499094022959006,2.5497483939309005,2.5493390014948556,2.5483605074882014,2.546164414176833,2.541538348869363,2.5323917243688587,2.5154072502494915,2.4857521398178224,2.4369755487650058,2.361199102538448,2.2496083222455416,2.093061735059984,1.8823057492219755,1.6064832478358542
1391,2.54999977506478,2.549999632851891,2.549998974834462,2.549996771078467,2.5499898054597736,2.5499688189966347,2.5499088547165245,2.549747056380589,2.5493359346748337,2.5483539258457526,2.5461512202099947,2.5415136782876337,2.5323487421240944,2.5153375257322215,2.4856468825402924,2.4368277344319633,2.361006106169054,2.2493742762587794,2.0927986709077313,1.8820328322882702,1.6062236809255912
1392,2.5499997725626944,2.5499996289953604,2.5499989651047335,2.549996743513738,2.549989727493308,2.549968606492588,2.5499083045712965,2.5497457135225066,2.5493328577225474,2.5483473264836234,2.546137998091761,2.5414889675394865,2.5323057093367565,2.5152677470255056,2.485541579796155,2.4366798994403873,2.3608131291344097,2.249140297842627,2.092535718987109,1.8817600564587478,1.6059642419828288
1393,2.549999770036346,2.5499996251037116,2.5499989552961453,2.5499967157517673,2.5499896490377423,2.549968392830687,2.549907751852128,2.549744365343791,2.5493297706203637,2.5483407093823054,2.546124747808016,2.5414642166275807,2.532262626038151,2.5151979141946113,2.4854362316758767,2.436532043880394,2.3606201714882364,2.2489063869829202,2.0922728792113063,1.8814874215656063,1.6057049316881706
1394,2.549999767485534,2.5499996211766756,2.5499989454081717,2.549996687791433,2.549989570090736,2.549968178006362,2.549907196550892,2.549743011831564,2.5493266733506936,2.548334074522429,2.546111469344883,2.5414394255548505,2.532219492259749,2.5151280273046863,2.4853308382694355,2.4363841678413536,2.360427233283558,2.248672543665309,2.0920101514940708,1.8812149274127805,1.6054457503155561
1395,2.5499997649100616,2.5499996172139863,2.549998935440294,2.5499966596316233,2.5499894906499647,2.5499679620150717,2.54990663865949,2.5497416529729597,2.5493235658959157,2.548327421884523,2.546098162688312,2.5414145943240305,2.532176308032901,2.5150580864209653,2.4852253996671663,2.436236271413181,2.3602343145739084,2.2484387678755806,2.0917475357487376,1.8809425738254704,1.6051866984429823
1396,2.5499997623097252,2.5499996132153697,2.549998925391978,2.5499966312712026,2.5499894107130654,2.5499677448522178,2.5499060781697653,2.549740288755087,2.5493204482384755,2.548320751449327,2.546084827824614,2.5413897229382716,2.532133073389205,2.514988091608501,2.485119915958661,2.436088354684655,2.36004141541176,2.2482050595992464,2.0914850318894542,1.8806703605876518,1.6049277761651763
1397,2.5499997596843262,2.5499996091805586,2.5499989152627025,2.549996602709054,2.5499893302777057,2.5499675265132455,2.5499055150736054,2.5497389191650743,2.5493173203607675,2.54831406319742,2.546071464739824,2.5413648114004053,2.5320897883600693,2.5149180429324853,2.4850143872340813,2.4359404177454262,2.3598485358504,2.247971418822028,2.0912226398297484,1.8803982875149419,1.6046689839358164
1398,2.5499997570336568,2.5499996051092744,2.549998905051929,2.5499965739440333,2.549989249341508,2.5499673069935387,2.549904949362837,2.5497375441900245,2.5493141822452596,2.548307357109612,2.5460580734203755,2.5413398597137196,2.5320464529771733,2.514847940457909,2.4849088135827744,2.4357924606838983,2.359655675941953,2.247737845529355,2.090960359483979,1.8801263543854123,1.6044103218317318
1399,2.549999754357513,2.5499996010012436,2.549998894759124,2.549996544975006,2.5499891679021105,2.5499670862885035,2.5499043810293065,2.54973616381705,2.549311033874393,2.5483006331666314,2.54604465385256,2.5413148678813413,2.532003067272102,2.5147777842498336,2.484803195094375,2.4356444835889164,2.359462835738956,2.2475043397067593,2.0906981907662163,1.879854560989783,1.604151790051608
1400,2.5499997516556907,2.5499995968561895,2.549998884383751,2.54999651580083,2.5499890859571424,2.549966864393531,2.5499038100648472,2.5497347780332547,2.5493078752306277,2.548293891349265,2.546031206022767,2.541289835906505,2.531959631276498,2.5147075743732685,2.484697531858322,2.43549648654903,2.3592700152936734,2.2472709013397143,2.09043613359061,1.8795829071258834,1.603893388851083
1401,2.549999748927982,2.549999592673833,2.54999887392527,2.5499964864203584,2.5499890035042223,2.549966641303999,2.549903236461279,2.5497333868257406,2.54930470629644,2.5482871316383475,2.5460177299174704,2.541264763792545,2.531916145022068,2.514637310893183,2.484591823963879,2.435348469652517,2.359077214658115,2.2470375304136203,2.0901741878715856,1.8793113925704938,1.6036351182928479
1402,2.549999746174178,2.5499995884538937,2.5499988633831383,2.549996456832439,2.5499889205409616,2.5499664170152783,2.5499026602104125,2.549731990181604,2.5493015270543142,2.548280354014748,2.5460042255232023,2.5412396515428615,2.531872608540555,2.5145669938745163,2.4844860715001933,2.4352004329874792,2.3588844338841257,2.2468042269138415,2.0899123535236463,1.8790400171006285,1.6033769784379246
1403,2.5499997433940678,2.5499995841960903,2.54999885275681,2.5499964270359157,2.5499888370649644,2.5499661915227274,2.5499020813040474,2.5497305880879377,2.549298337486752,2.548273558459376,2.545990692826563,2.5412144991609265,2.531829021863742,2.5144966233821653,2.484380274556269,2.4350523766418077,2.358691673023366,2.24657099082571,2.089650630461176,1.87876878051432,1.603118969470054
1404,2.5499997405874395,2.5499995799001387,2.549998842045737,2.549996397029627,2.549988753073829,2.5499659648216952,2.5499014997339744,2.5497291805318327,2.549295137576264,2.5482667449531773,2.545977131814212,2.5411893066502858,2.5317853850234555,2.5144261994810004,2.484274433220992,2.4349043007032054,2.358498932127312,2.2463378221345045,2.089389018598832,1.8784976825889934,1.602861091424231
1405,2.549999737754081,2.549999575565754,2.549998831249369,2.5499963668124086,2.5499886685651454,2.5499657369075233,2.5499009154919747,2.5497277675003733,2.5492919273053727,2.548259913477133,2.5459635424728755,2.5411640740145556,2.531741698051565,2.5143557222358597,2.484168547583114,2.4347562052591765,2.3583062112472595,2.2461047208254596,2.089127517851359,1.87822672310119,1.6026033443150782
1406,2.5499997348937775,2.5499995711926493,2.549998820367152,2.54999633638309,2.5499885835364977,2.5499655077755428,2.5499003285698216,2.5497263489806437,2.549288706656614,2.548253064012262,2.5459499247893342,2.5411388012574143,2.5316979609799706,2.5142851917115436,2.4840626177312717,2.4346080903970546,2.358113510434354,2.2458716868837896,2.0888661281332244,1.8779559018482002,1.6023457282441385
1407,2.5499997320063135,2.549999566780535,2.549998809398531,2.549996305740497,2.5499884979854612,2.5499652774210753,2.5498997389592772,2.549724924959723,2.5492854756125354,2.5482461965396217,2.5459362787504376,2.5411134883826176,2.531654173840619,2.514214607972821,2.4839566437539644,2.434459956203963,2.3579208297395433,2.2456387202946546,2.0886048493591294,1.8776852186174093,1.6020882432466945
1408,2.549999729091472,2.5499995623291216,2.549998798342946,2.5499962748834513,2.549988411909606,2.549965045839432,2.5498991466520935,2.549723495424686,2.549282234155697,2.5482393110403057,2.545922604343099,2.541088135393995,2.531610336665501,2.5141439710844278,2.4838506257395596,2.4343118027668242,2.3577281692135883,2.2454058210431707,2.088343681443912,1.8774146731919474,1.6018308893193944
1409,2.5499997261490357,2.5499995578381167,2.5499987871998364,2.549996243810769,2.5499883253064937,2.549964813025918,2.549898551640016,2.5497220603626056,2.5492789822686706,2.5482324074954428,2.5459089015542866,2.541062742295433,2.5315664494866352,2.5140732811110644,2.483744563776312,2.4341636301723955,2.357535528907106,2.24517298911443,2.088082624302021,1.8771442653678776,1.6015736664947766
1410,2.549999723178783,2.549999553307227,2.5499987759686378,2.549996212521263,2.5499882381736816,2.5499645789758256,2.5498979539147797,2.5497206197605524,2.54927571993404,2.5482254858861992,2.545895170371032,2.5410373090908904,2.531522512336083,2.5140025381173983,2.483638457952347,2.4340154385072377,2.3573429088705327,2.2449402244934826,2.087821677847981,1.8768739949412174,1.6013165747877591
1411,2.549999720180494,2.549999548736157,2.5499987646487834,2.549996181013741,2.5499881505087165,2.5499643436844392,2.5498973534681086,2.5497191736055913,2.549272447134402,2.5482185461937794,2.5458814107804337,2.5410118357844023,2.5314785252459506,2.5139317421680634,2.4835323083556546,2.4338672278577063,2.3571503091541106,2.2447075271653305,2.0875608419965386,1.8766038617044363,1.6010596141821585
1412,2.549999717153946,2.54999954412461,2.5499987532397035,2.549996149287006,2.5499880623091404,2.5499641071470345,2.54989675029172,2.5497177218847855,2.549269163852366,2.548211588399425,2.5458676227696477,2.5409863223800673,2.5314344882483772,2.5138608933276574,2.4834261150741046,2.4337189983099803,2.3569577298079283,2.2444748971149475,2.0873001166619964,1.8763338654557609,1.6008027846708348
1413,2.549999714098915,2.5499995394722874,2.5499987417408256,2.5499961173398566,2.5499879735724877,2.549963869358876,2.5498961443773194,2.5497162645851965,2.549265870070555,2.5482046124844135,2.545853806325892,2.5409607688820515,2.5313904013755386,2.5137899916607442,2.48331987819544,2.4335707499500505,2.356765170881904,2.244242334327271,2.087039501758521,1.876064005995712,1.600546086239813
1414,2.549999711015175,2.5499995347788884,2.549998730151575,2.549996085171087,2.5499878842962858,2.54996363031522,2.549895535716605,2.549714801693881,2.5492625657716013,2.5481976184300605,2.5458399614364486,2.5409351752945946,2.5313462646596556,2.5137190372318545,2.483213597807276,2.4334224828637083,2.356572632425769,2.2440098387871923,2.086778997200574,1.8757942831250374,1.6002895188548596
1415,2.5499997079025003,2.5499995300441114,2.549998718471374,2.5499960527794863,2.549987794478054,2.549963390011313,2.549894924301265,2.549713333197892,2.5492592509381544,2.54819060621772,2.5458260880886607,2.540909541622,2.5313020781329785,2.5136480301054793,2.483107273997098,2.433274197136563,2.356380114489098,2.2437774104795722,2.086518602901898,1.8755246966468486,1.600033082495963
1416,2.5499997047606624,2.549999525267651,2.5499987066996423,2.5499960201638396,2.549987704115305,2.549963148442392,2.549894310122979,2.549711859084283,2.5492559255528766,2.5481835758287845,2.5458121862699348,2.540883867868639,2.531257841827795,2.5135769703460724,2.4830009068522645,2.433125892854034,2.356187617121296,2.2435450493892355,2.08625831877603,1.8752552463660963,1.5997767771392613
1417,2.5499997015894325,2.5499995204492016,2.549998694835796,2.549995987322928,2.5499876132055452,2.5499629056036857,2.549893693173416,2.5497103793401004,2.5492525895984377,2.5481765272446792,2.545798255967737,2.5408581540389585,2.5312135557764424,2.513505858018065,2.482894496460012,2.4329775701013445,2.3559951403715753,2.24331275550096,2.085998144737283,1.8749859320899793,1.5995206027210642
1418,2.5499996983885787,2.5499995155884574,2.54999868287925,2.5499959542555266,2.549987521746274,2.5499626614904116,2.5498930734442364,2.549708893952389,2.549249243057523,2.5481694604468688,2.5457842971695963,2.5408324001374702,2.5311692200112907,2.5134346931858476,2.4827880429074485,2.432829228963532,2.3558026842889856,2.2430805287994904,2.085738080699482,1.8747167536274172,1.5992645591842354
1419,2.549999695157869,2.549999510685108,2.5499986708294156,2.5499959209604075,2.549987429734983,2.549962416097779,2.5498924509270915,2.54970740290819,2.5492458859128293,2.548162375416854,2.5457703098631033,2.5408066061687564,2.531124834564749,2.5133634759137764,2.482681546281554,2.4326808695254427,2.3556102489224027,2.242848369269532,2.0854781265763664,1.8744477107892192,1.5990086464633237
1420,2.54999969189707,2.549999505738843,2.5499986586857006,2.5499958874363364,2.5499873371691564,2.549962169420988,2.5498918256136247,2.5497059061945455,2.549242518147071,2.5481552721361775,2.5457562940359098,2.540780772137458,2.5310803994692517,2.5132922062661636,2.482575006669184,2.4325324918717492,2.355417834320561,2.2426162768957583,2.0852182822807785,1.8741788033886315,1.5987528645226914
1421,2.549999688605945,2.549999500749349,2.5499986464475106,2.549995853682075,2.549987244046271,2.5499619214552296,2.5498911974954717,2.5497044037984957,2.5492391397429777,2.5481481505864196,2.5457422496757274,2.5407548980482795,2.5310359147572625,2.5132208843072794,2.4824684241570676,2.432384096086944,2.355225440532042,2.242384251662809,2.0849585477249906,1.873910031241116,1.5984972133410809
1422,2.549999685284258,2.549999495716312,2.5499986341142487,2.5499958196963806,2.549987150363798,2.5499616721956846,2.5498905665642546,2.549702895707072,2.549235750683282,2.5481410107491915,2.5457281767703335,2.540728983906013,2.530991380461312,2.5131495101013814,2.4823617988318043,2.4322356822552975,2.3550330676051905,2.2421522935552733,2.084698922822812,1.873641394162937,1.5982416928131644
1423,2.5499996819317707,2.549999490639416,2.549998621685315,2.549995785478007,2.5499870561192006,2.549961421637524,2.5498899328115887,2.5497013819073047,2.549232350950735,2.5481338526061457,2.5457140753075667,2.5407030297155107,2.530946796613955,2.5130780837126823,2.4822551307798686,2.432087250460906,2.3548407155882107,2.241920402557709,2.084439407487166,1.873372891972788,1.5979863028628736
1424,2.5499996785482435,2.5499994855183434,2.549998609160108,2.549995751025702,2.549986961309935,2.549961169775911,2.5498892962290793,2.5496998623862224,2.5492289405280983,2.5481266761389714,2.545699945275325,2.5406770354816923,2.5309021632477844,2.51300660520536,2.4821484200876083,2.431938800787676,2.3546483845291344,2.2416885786546352,2.08418000163084,1.8731045244912863,1.59773104340821
1425,2.5499996751334355,2.5499994803527737,2.5499985965380207,2.549995716338209,2.5499868659334495,2.549960916605998,2.5498886568083257,2.549698337130854,2.549225519398153,2.548119481329397,2.545685786661566,2.540651001209533,2.530857480395413,2.5129350746435453,2.482041666841251,2.4317903333193542,2.354456074475869,2.241456821830531,2.0839207051658843,1.872836291540621,1.5974759143936363
1426,2.549999671687104,2.549999475142385,2.5499985838184447,2.549995681414266,2.549986769987187,2.549960662122931,2.549888014540919,2.5496968061282304,2.5492220875436953,2.54811226815919,2.5456715994543027,2.5406249269040635,2.5308127480894735,2.512863492091324,2.481934871126904,2.4316418481395243,2.354263785476193,2.241225132069834,2.083661518003628,1.8725681929445623,1.597220915789162
1427,2.5499996682090047,2.5499994698868544,2.549998571000769,2.5499956462526074,2.549986673468582,2.5499604063218433,2.5498873694184363,2.549695269365369,2.5492186449475245,2.5481050366101505,2.5456573836416223,2.540598812570416,2.530767966362682,2.5127918576127746,2.481828033030531,2.431493345331513,2.3540715175776046,2.2409935093569535,2.083402440056762,1.8723002285296786,1.596966047478579
1428,2.5499996646988925,2.5499994645858566,2.54999855808438,2.549995610851963,2.549986576375062,2.5499601491978594,2.5498867214324488,2.549693726829288,2.549215191592458,2.548097786664119,2.5456431392116685,2.540572658213775,2.530723135247769,2.512720171271926,2.4817211526379785,2.4313448249784892,2.3538792708274827,2.2407619536762557,2.0831434712371326,1.8720323981240476,1.5967113093778271
1429,2.5499996611565208,2.549999459239065,2.549998545068661,2.549995575211058,2.549986478704048,2.549959890746096,2.5498860705745168,2.549692178507005,2.549211727461326,2.5480905183029723,2.5456288661526467,2.5405464638393926,2.530678254777504,2.5126484331327728,2.481614230034965,2.4311962871634365,2.3536870452730385,2.2405304650120694,2.082884611456409,1.8717647015576464,1.5964567013992073
1430,2.5499996575816404,2.5499994538461506,2.549998531952992,2.5499955393286116,2.5499863804529532,2.54995963096166,2.5498854168361964,2.5496906243855366,2.5492082525369746,2.5480832315086257,2.545614564452818,2.5405202294525755,2.530633324984674,2.5125766432592638,2.4815072653070915,2.4310477319691786,2.3534948409613587,2.240299043348665,2.082625860625984,1.8714971386599644,1.5962022234666728
1431,2.549999653974,2.5499994484067816,2.5499985187367495,2.5499955032033395,2.5499862816191836,2.5499593698396508,2.5498847602090353,2.5496890644519037,2.5492047668022706,2.5480759262630346,2.545600234100496,2.5404939550586776,2.5305883459020824,2.5125048017152998,2.4814002585398467,2.430899159478393,2.3533026579394236,2.240067688670245,2.082367218656926,1.8712297092589432,1.5959478755226328
1432,2.5499996503333486,2.549999442920626,2.549998505419309,2.549995466833952,2.549986182200139,2.5499591073751557,2.549884100684567,2.5496874986931117,2.5492012702400806,2.548068602548188,2.545585875084075,2.5404676406631626,2.530543317562616,2.512432908564773,2.481293209818565,2.4307505697734832,2.3531104962539136,2.239836400961038,2.082108685460439,1.8709624131918108,1.5956936574585145
1433,2.5499996466594337,2.54999943738735,2.5499984920000425,2.549995430219156,2.5499860821932105,2.5499588435632536,2.549883438254318,2.5496859270961703,2.54919776283329,2.5480612603461137,2.545571487392001,2.540441286271542,2.5304982399991767,2.5123609638715276,2.481186119228467,2.430601962936706,2.3529183559514024,2.239605180205206,2.081850260947407,1.8706952502943202,1.595439569183731
1434,2.549999642952,2.549999431806617,2.5499984784783187,2.5499953933576527,2.549985981595784,2.5499585783990146,2.5498827729098066,2.5496843496480857,2.549194244564798,2.548053899638877,2.5455570710127815,2.5404148918893936,2.5304531132447012,2.51228896769937,2.481078986854649,2.4304533390501324,2.3527262370782984,2.23937402638687,2.081591945028529,1.8704282204039298,1.595185610605297
1435,2.549999639210792,2.5499994261780885,2.5499984648535032,2.5499953562481386,2.549985880405237,2.5499583118774996,2.5498821046425446,2.5496827663358643,2.54919071541752,2.548046520408582,2.5455426259349814,2.540388457522351,2.5304079373321495,2.512216920112064,2.480971812782086,2.4303046981956715,2.35253413968088,2.239142939490078,2.081333737614578,1.870161323356744,1.594931781633179
1436,2.549999635435551,2.549999420501425,2.549998451124958,2.5499953188893048,2.54998577861894,2.5499580439937617,2.5498814334440376,2.5496811771465184,2.549187175374391,2.54803912263737,2.5455281521472157,2.540361983176094,2.530362712294488,2.5121448211733233,2.480864597095646,2.430156040455095,2.352342063805331,2.238911919498761,2.0810756386166758,1.8698945589842761,1.594678082185953
1437,2.5499996316260187,2.549999414776284,2.549998437292044,2.5499952812798394,2.549985676234256,2.549957774742843,2.5498807593057755,2.549679582067044,2.549183624418347,2.54803170630742,2.54551364963818,2.5403354688564073,2.5303174381647704,2.5120726709468504,2.4807573398800415,2.430007365909901,2.352150009497539,2.2386809663969536,2.0808176479447473,1.869627927131665,1.594424512158957
1438,2.5499996277819332,2.549999409002323,2.549998423354119,2.549995243418425,2.549985573248543,2.5499575041197757,2.549880082219243,2.549677981084441,2.549180062532344,2.548024271400948,2.545499118396622,2.5403089145691253,2.5302721149760625,2.5120004694963005,2.4806500412198713,2.429858674641442,2.3519579768032868,2.2384500801685863,2.0805597655089807,1.8693614276404829,1.5941710714543496
1439,2.549999623903034,2.5499994031791955,2.549998409310536,2.5499952053037394,2.5499854696591484,2.549957232119585,2.5498794021759155,2.549676374185708,2.5491764896993505,2.5480168179002067,2.5454845584113492,2.5402823203201477,2.530226742761464,2.5119282168852908,2.480542701199611,2.4297099667308886,2.3517659657681937,2.2382192607975493,2.080301991219402,1.869095060353718,1.593917759972395
1440,2.549999619989055,2.5499993973065544,2.5499983951606486,2.5499951669344565,2.5499853654634155,2.5499569587372855,2.549878719167261,2.5496747613578394,2.5491729059023505,2.548009345787489,2.545469969671231,2.5402556861154375,2.530181321554107,2.5118559131774005,2.480435319903611,2.429561242259231,2.351573976437726,2.237988508267681,2.080044324985928,1.8688288251152898,1.5936645784505097
1441,2.5499996160397327,2.54999939138405,2.549998380903803,2.5499951283092415,2.5499852606586786,2.549956683967884,2.5498780331847413,2.5496731425878383,2.549169311124347,2.548001855045124,2.545455352165186,2.540229011960999,2.5301358513871293,2.5117835584361567,2.4803278974161125,2.429412501307328,2.3513820088572603,2.2377578225626755,2.079786766719171,1.868562721763554,1.5934115632273746
1442,2.5499996120547985,2.5499993854113314,2.549998366539346,2.54999508942676,2.549985155242267,2.5499564078063774,2.549877344219807,2.549671517862696,2.5491657053483525,2.54799434565548,2.545440705882202,2.540202297862923,2.5300903322937254,2.511711152725061,2.480220433821219,2.429263743955814,2.3511900630719516,2.237527203666246,2.079529316329103,1.8682967501444838,1.5931587104085414
1443,2.549999608033983,2.5499993793880456,2.549998352066618,2.5499950502856694,2.5499850492115,2.5499561302477542,2.5498766522639014,2.5496698871694057,2.5491620885573933,2.547986817600961,2.545426030811326,2.5401755438273597,2.530044764307115,2.5116386961075747,2.4801129292029125,2.4291149702851516,2.3509981391268115,2.2372966515620485,2.0792719737256045,1.8680309101041666,1.5929060073003176
1444,2.5499996039770174,2.5499993733138364,2.5499983374849613,2.549995010884625,2.5499849425636913,2.549955851286993,2.5498759573084593,2.5496682504949586,2.5491584607345126,2.5479792708640114,2.5454113269416627,2.54014874986052,2.529999147460554,2.511566188647119,2.480005383645051,2.4289661803756246,2.3508062370666956,2.2370661662336784,2.0790147388185027,1.8677652014894903,1.5926534497532099
1445,2.5499995998836305,2.5499993671883465,2.5499983227937104,2.5499949712222754,2.549984835296148,2.549955570919063,2.5498752593449066,2.549666607826346,2.5491548218627647,2.547971705427112,2.5453965942623773,2.540121915968681,2.5299534817873237,2.5114936304070774,2.479897797231372,2.4288173743073465,2.350614356936312,2.236835747664679,2.078757611517572,1.86749962414826,1.592401035271251
1446,2.5499995957535457,2.549999361011219,2.5499983079921993,2.5499949312972645,2.5499847274061676,2.5499552891389254,2.549874558364662,2.5496649591505554,2.549151171925222,2.5479641212727784,2.5453818327626925,2.5400950421581756,2.5299077673207373,2.5114210214507953,2.4797901700454927,2.4286685521602522,2.3504224987802185,2.236605395838535,2.078500591732533,1.8672341779292834,1.5921487621390553
1447,2.5499995915864906,2.5499993547820914,2.54999829307976,2.5499948911082324,2.5499846188910444,2.5499550059415323,2.549873854359136,2.5496633044545747,2.5491475109049673,2.5479565183835673,2.545367042431893,2.540068128435406,2.5298620040941384,2.511348361841578,2.479682502170902,2.4285197140141004,2.3502306626428116,2.23637511073867,2.0782436793730628,1.866968862682729,1.5918966291002576
1448,2.549999587382189,2.5499993485005996,2.549998278055718,2.5499948506538144,2.5499845097480622,2.5499547213218254,2.54987314731973,2.5496616437253916,2.549143838785103,2.5479488967420734,2.545352223259321,2.5400411748068343,2.529816192140903,2.5112756516426913,2.4795747936909667,2.42837085994847,2.3500388485683423,2.2361448923484524,2.0779868743488015,1.8667036782606414,1.5916446351556557
1449,2.54999958314036,2.5499993421663825,2.5499982629194005,2.54999480993264,2.549984399974499,2.5499544352747407,2.549872437237837,2.549659976949991,2.5491401555487427,2.5479412563309283,2.5453373752343795,2.540014181278985,2.5297703314944355,2.5112028909173603,2.479467044688933,2.4282219900427626,2.3498470566009053,2.2359147406511863,2.0777301765693617,1.8664386245178637,1.5913927794682128
1450,2.549999578860724,2.549999335779069,2.5499982476701257,2.5499947689433333,2.5499842895676257,2.5499541477952006,2.5498717241048454,2.5496583041153555,2.5491364611790144,2.5479335971328028,2.5453224983465295,2.539987147858446,2.529724422188171,2.5111300797287743,2.4793592552479202,2.428073104376209,2.3496552867844454,2.235684655630114,2.0774735859443334,1.8661737013130215,1.5911410613176689
1451,2.5499995745430013,2.5499993293382937,2.5499982323072152,2.5499947276845147,2.549984178524704,2.54995385887812,2.5498710079121305,2.549656625208471,2.549132755659063,2.5479259191304022,2.545307592585292,2.539960074551864,2.5296784642555705,2.5110572181400785,2.4792514254509275,2.4279242030278625,2.3494635391627576,2.2354546372684196,2.0772171023832935,1.8659089085093616,1.5908894800802786
1452,2.5499995701869076,2.5499993228436844,2.5499982168299837,2.549994686154801,2.5499840668429936,2.5499535685184074,2.5498702886510625,2.549654940216317,2.5491290389720476,2.547918222306474,2.5452926579402466,2.5399329613659485,2.52963245773013,2.510984306214383,2.4791435553808334,2.4277752860766046,2.3492718137794895,2.23522468554922,2.076960725795813,1.8656442459750828,1.5906380352048657
1453,2.5499995657921586,2.5499993162948686,2.5499982012377442,2.549994644352803,2.5499839545197416,2.549953276710961,2.549869566313003,2.549653249125877,2.549125311101142,2.5479105066437993,2.5452776944010314,2.5399058083074704,2.5295864026453714,2.5109113440147537,2.479035645120393,2.4276263536011413,2.349080110678137,2.234994800455573,2.076704456091456,1.865379713583014,1.5903867262119655
1454,2.549999561358466,2.5499993096914713,2.5499981855298053,2.5499946022771254,2.5499838415521894,2.5499529834506687,2.5498688408893058,2.54965155192413,2.549121572029533,2.5479027721251986,2.545262701957342,2.5398786153832633,2.5295402990348443,2.510838331604221,2.47892769475224,2.4274774056800044,2.3488884299020465,2.234764981970468,2.0764482931797943,1.8651153112110281,1.5901355526595378
1455,2.549999556885543,2.5499993030331156,2.5499981697054745,2.549994559926369,2.549983727937572,2.54995268873241,2.5498681123713167,2.5496498485980563,2.5491178217404253,2.547895018733532,2.5452476805989357,2.539851382600219,2.52949414693213,2.510765269045772,2.4788197043588847,2.4273284423915538,2.3486967714944185,2.234535230076829,2.0761922369704173,1.8648510387411152,1.5898845141284552
1456,2.5499995523731003,2.5499992963194242,2.5499981537640553,2.5499945172991314,2.5499836136731187,2.5499523925510563,2.549867380750374,2.5496481391346357,2.549114060217037,2.5478872464516966,2.5452326303156263,2.539824109965292,2.529447946370838,2.5106921564023543,2.4787116740227155,2.427179463813975,2.3485051354983026,2.2343055447575155,2.075936287372919,1.864586896059748,1.5896336102503812
1457,2.549999547820845,2.549999289550015,2.549998137704846,2.5499944743940026,2.549983498756049,2.5499520949014696,2.5498666460178065,2.5496464235208456,2.5491102874426024,2.5478794552626254,2.5452175510972848,2.5397967974854962,2.5294016973846025,2.5106189937368777,2.4786036038260018,2.4270304700252816,2.3483135219566016,2.234075925995321,2.075680444296933,1.8643228830561667,1.5893828406586088
1458,2.5499995432284837,2.5499992827245057,2.549998121527146,2.54999443120957,2.549983383183577,2.5499517957785027,2.5498659081649384,2.5496447017436634,2.5491065034003695,2.547871645149291,2.5452024429338436,2.539769445167907,2.529355400007089,2.5105457811122087,2.478495493850888,2.4268814611033154,2.3481219309120718,2.2338463737729692,2.075424707652117,1.864058999622947,1.589132205021867
1459,2.5499995385957224,2.5499992758425116,2.5499981052302494,2.549994387744414,2.549983266952907,2.5499514951770004,2.5498651671830834,2.5496429737900663,2.5491027080736024,2.547863816094705,2.545187305815293,2.53974205301966,2.529309054271991,2.510472518591174,2.478387344179398,2.4267324371257475,2.347930362407322,2.233616888073117,2.0751690773481677,1.8637952456547309,1.588881703023407
1460,2.5499995339222643,2.5499992689036457,2.5499980888134473,2.5499943439971116,2.5499831500612404,2.5499511930917973,2.5498644230635477,2.5496412396470305,2.5490989014455803,2.5478559680819144,2.5451721397316796,2.5397146210479495,2.529262660213027,2.510399206236561,2.4782791548934373,2.426583398170076,2.3477388164848167,2.233387468878351,2.0749135532948544,1.8635316210464956,1.5886313343580676
1461,2.5499995292078115,2.5499992619075194,2.549998072276028,2.549994299966235,2.549983032505768,2.5499508895177208,2.5498636757976305,2.5496394993015326,2.549095083499597,2.547848101094005,2.545156944673111,2.539687149260031,2.529216217863946,2.510325844111116,2.478170926074787,2.426434344313627,2.347547293186872,2.2331581161711918,2.074658135401951,1.8632681256978902,1.5883810987504574
1462,2.549999524452063,2.549999254853742,2.549998055617276,2.549994255650351,2.549982914283674,2.5499505844495878,2.549862925376623,2.5496377527405474,2.5490912542189617,2.5478402151141006,2.54514172062975,2.539659637663219,2.529169727258522,2.5102524322775435,2.4780626578051086,2.4262852756335596,2.347355792555661,2.232928829934088,2.074402823579342,1.863004759506844,1.588130995922788
1463,2.5499995196547167,2.54999924774192,2.549998038836473,2.5499942110480216,2.549982795392137,2.549950277882207,2.549862171791809,2.54963599995105,2.5490874135870007,2.547832310125364,2.5451264675918184,2.539632086264889,2.5291231884305554,2.5101789707985076,2.477954350165941,2.426136192206862,2.347164314633208,2.232699610149421,2.074147617736957,1.8627415223733477,1.5878810256152356
1464,2.5499995148154704,2.549999240571659,2.549998021932898,2.549994166157804,2.549982675828327,2.549949969810379,2.5498614150344645,2.5496342409200152,2.5490835615870537,2.5478243861109946,2.545111185549597,2.539604495072475,2.529076601413876,2.5101054597366326,2.477846003238704,2.4259870941103503,2.346972859461396,2.2324704567994997,2.0738925177848055,1.8624784141983495,1.5876311875800122
1465,2.5499995099340182,2.5499992333425623,2.5499980049058277,2.5499941209782495,2.5499825555894073,2.5499496602288945,2.5498606550958582,2.549632475634418,2.5490796982024775,2.54781644305423,2.545095874493423,2.5395768640934686,2.529029966242339,2.5100318991545003,2.477737617104696,2.4258379814206723,2.346781427081962,2.2322413698665624,2.0736375236330438,1.8622154348806879,1.5873814815644443
1466,2.5499995050100535,2.5499992260542297,2.549997987754534,2.5499940755079056,2.549982434672534,2.5499493491325365,2.549859891967251,2.549630704081233,2.5490758234166426,2.547808480938345,2.5450805344136924,2.5395491933354233,2.5289832829498264,2.509958289114653,2.477629191845095,2.425688854214306,2.346590017536498,2.2320123493327784,2.073382635191845,1.861952584322351,1.5871319073399952
1467,2.5499995000432674,2.5499992187062612,2.5499979704782865,2.549994029745316,2.549982313074856,2.549949036516078,2.5498591256398964,2.549628926247433,2.5490719372129362,2.5478004997466535,2.5450651653008585,2.5395214828059474,2.5289365515702436,2.5098846296795894,2.4775207275409596,2.425539712567566,2.3463986308664575,2.2317833951802424,2.0731278523716283,1.8616898624217735,1.586882464668371
1468,2.5499994950333504,2.5499992112982532,2.549997953076352,2.5499939836890175,2.5499821907935147,2.5499487223742836,2.54985835610504,2.5496271421199914,2.5490680395747596,2.5477924994625067,2.545049767145432,2.539493732512711,2.528889772137526,2.509810920911769,2.4774122242732277,2.4253905565565916,2.346207267113145,2.2315545073909804,2.0728731750828078,1.8614272690800011,1.5866331533305065
1469,2.5499994899799896,2.5499992038298003,2.5499979355479927,2.5499939373375424,2.5499820678256455,2.5499484067019096,2.54985758335392,2.5496253516858833,2.5490641304855326,2.5477844800692937,2.545034339937982,2.5394659424634423,2.5288429446856306,2.5097371628736083,2.4773036821227157,2.4252413862573596,2.346015926317726,2.2313256859469446,2.072618603236067,1.8611648041957747,1.5863839731050966
1470,2.5499994848828704,2.5499991963004947,2.549997917892469,2.549993890689418,2.549981944168375,2.549948089493703,2.549856807377768,2.5496235549320834,2.549060209928689,2.5477764415504423,2.545018883669133,2.5394381126659273,2.528796069248543,2.509663355627483,2.4771951011701208,2.4250922017456764,2.3458246085212218,2.231096930830018,2.072364136742162,1.8609024676683101,1.5861349237800415
1471,2.5499994797416776,2.5499991887099265,2.549997900109038,2.549993843743167,2.5499818198188233,2.549947770744403,2.549856028167807,2.5496217518455646,2.549056277887679,2.547768383889417,2.545003398329569,2.5394102431280094,2.5287491458602727,2.509589499235727,2.4770864814960207,2.4249430030971832,2.345633313764512,2.23086824202201,2.0721097755120916,1.8606402593959093,1.5858860051456503
1472,2.549999474556094,2.5499991810576854,2.549997882196953,2.549993796497308,2.5499816947741047,2.549947450448739,2.549855245715254,2.5496199424133,2.549052334345967,2.547760307069722,2.5449878839100295,2.539382333857589,2.5287021745548537,2.509515593760632,2.4769778231808752,2.424793790387357,2.345442042088337,2.230639619504658,2.0718555194570376,1.8603781792762395,1.585637216996605
1473,2.5499994693257997,2.5499991733433567,2.5499978641554653,2.5499937489503526,2.5499815690313246,2.549947128601432,2.5498544600113178,2.549618126622265,2.5490483792870346,2.547752211074897,2.5449723404013125,2.539354384862628,2.528655155366348,2.509441639264449,2.4768691263050195,2.424644563691501,2.3452507935332894,2.230411063259629,2.071601368488211,1.860116227207337,1.585388559137458
1474,2.549999464050474,2.5499991655665246,2.549997845983821,2.5499937011008087,2.549981442587581,2.549946805197195,2.5498536710471993,2.5496163044594318,2.54904441269438,2.547744095888522,2.544956767794273,2.5393263961511434,2.5286080883288395,2.509367635809387,2.4767603909486735,2.4244953230847566,2.3450595681398236,2.230182573268518,2.071347322517142,1.859854403085956,1.58514003137206
1475,2.5499994587297943,2.5499991577267713,2.549997827681266,2.5499936529471796,2.549981315439967,2.5499464802307314,2.5498528788140944,2.549614475911777,2.5490404345515154,2.547735961494213,2.544941166079821,2.539298367731207,2.528560973476435,2.50929358345761,2.4766516171919384,2.4243460686421066,2.3448683659482596,2.2299541495128485,2.07109338145573,1.8595927068074047,1.584891633501673
1476,2.5499994533634363,2.5499991498236767,2.54999780924704,2.5499936044879625,2.549981187585565,2.549946153696737,2.549852083303189,2.549612640966274,2.54903644484197,2.5477278078756247,2.5449255352489266,2.5392702996109526,2.5285138108432714,2.509219482271245,2.4765428051147915,2.4241968004383554,2.3446771869987657,2.229725791974071,2.0708395452157555,1.8593311382679296,1.5846433653433023
1477,2.5499994479510733,2.549999141856818,2.5499977906803815,2.5499935557216507,2.549981059021454,2.5499458255898975,2.549851284505663,2.5496107996098973,2.5490324435492893,2.5477196350164504,2.5449098752926154,2.53924219179857,2.528466600463507,2.509145332312374,2.476433954797094,2.4240475185481483,2.344486031331373,2.2294975006335664,2.070585813709344,1.859069697362535,1.58439522671231
1478,2.5499994424923766,2.5499991338257715,2.5499977719805242,2.549993506646732,2.5499809297447045,2.5499454959048906,2.5498504824126904,2.549608951829624,2.5490284306570348,2.547711442900421,2.5448941862019674,2.5392140443023012,2.5284193423713175,2.5090711336430336,2.476325066318591,2.4238982230459767,2.344294898985984,2.2292692754726438,2.0703321868491535,1.8588083839845393,1.5841472174158002
1479,2.549999436987017,2.5499991257301096,2.549997753146701,2.549993457261689,2.549980799752378,2.549945164636385,2.5498496770154366,2.549607097612429,2.5490244061487837,2.547703231511305,2.5448784679681227,2.5391858571304504,2.5283720366009126,2.508996886325223,2.476216139758904,2.4237489140061514,2.3441037900023463,2.22904111647254,2.0700786645476645,1.8585471980279074,1.5838993372782735
1480,2.5499994314346623,2.549999117569404,2.5499977341781395,2.5499934075650006,2.549980669041531,2.5499448317790425,2.54984886830506,2.5496052369452884,2.5490203700081286,2.5476950008329093,2.5448627205822776,2.539157630291379,2.5283246831865225,2.508922590420898,2.476107175197536,2.423599591502824,2.343912704420072,2.2288130236144204,2.0698252467177007,1.858286139385545,1.5836515861228515
1481,2.549999425834978,2.549999109343224,2.5499977150740634,2.5499933575551386,2.549980537609212,2.5499444973275147,2.5498480562727126,2.5496033698151797,2.5490163222186815,2.547686750849078,2.544846944035681,2.5391293637934953,2.5282772821623922,2.508848245991968,2.4759981727138776,2.4234502556099975,2.3437216422786467,2.228584996879388,2.069571933272626,1.8580252079496524,1.5834039637655162
1482,2.5499994201876297,2.5499991010511365,2.5499976958336954,2.549993307230571,2.5499804054524624,2.549944161276445,2.5498472409095387,2.549601496209079,2.549012262764067,2.5476784815436933,2.544831138319642,2.5391010576452744,2.5282298335628015,2.5087738531003043,2.4758891323871937,2.423300906401494,2.3435306036174017,2.2283570362484673,2.069318724125716,1.857764403611854,1.583156470035122
1483,2.549999414492279,2.549999092692706,2.549997676456254,2.5499932565897607,2.5499802725683165,2.549943823620468,2.549846422206676,2.5495996161139645,2.5490081916279275,2.5476701929006755,2.544815303425525,2.5390727118552445,2.5281823374220487,2.5086994118077346,2.475780054296633,2.423151543950978,2.3433395884755335,2.2281291417026123,2.069065619190585,1.8575037262631096,1.5829091047598023
1484,2.5499994087485867,2.5499990842674944,2.5499976569409535,2.5499932056311656,2.549980138953802,2.5499434843542104,2.549845600155255,2.5495977295168157,2.549004108793922,2.547661884903983,2.54479943934475,2.5390443264319837,2.528134793774451,2.50862492217604,2.4756709385212297,2.4230021683319594,2.343148596892108,2.22790131322272,2.0688126183812137,1.857243175794398,1.5826618677660031
1485,2.549999402956212,2.549999075775063,2.5499976372870075,2.5499931543532393,2.5499800046059384,2.5499431434722895,2.5498447747463997,2.5495958364046123,2.5490000142457268,2.547653557537613,2.5447835460687944,2.539015901384132,2.528087202654352,2.5085503842669628,2.475561785139897,2.42285277961778,2.342957628906047,2.2276735507896097,2.0685597216117526,1.8569827520957116,1.5824147588848436
1486,2.549999397114812,2.549999067214969,2.549997617493624,2.5499931027544296,2.549979869521739,2.549942800969314,2.5498439459712268,2.5495939367643343,2.5489959079670323,2.5476452107855985,2.5447676235891907,2.538987436720384,2.52803956409612,2.5084757981422015,2.4754525942314296,2.422703377881617,2.3427666845561324,2.22744585438403,2.06830692879659,1.856722455056391,1.582167777950008
1487,2.5499993912240417,2.549999058586768,2.549997597560008,2.549993050833178,2.5499797336982093,2.5499424568398856,2.5498431138208466,2.5495920305829625,2.5489917899415477,2.547636844632012,2.5447516718975263,2.5389589324494852,2.5279918781341375,2.5084011638634087,2.475343365874507,2.4225539631964987,2.342575763881018,2.2272182239866813,2.0680542398504103,1.8564622845661296,1.581920924793512
1488,2.5499993852835545,2.5499990498900145,2.549997577485361,2.5499929985879226,2.549979597132347,2.549942111078597,2.5498422782863632,2.5495901178474796,2.5489876601529975,2.547628459060964,2.544735690985444,2.5389303885802383,2.5279441448028126,2.5083264814921953,2.4752341001476914,2.422404535635289,2.3423848669192178,2.22699065957819,2.0678016546881413,1.8562022405138405,1.5816741992502283
1489,2.5499993792930016,2.5499990411242597,2.5499975572688833,2.5499929460170963,2.5499794598211443,2.549941763680031,2.5498414393588718,2.549588198544867,2.548983518585122,2.547620054056602,2.544719680844647,2.5389018051215055,2.5278963641365806,2.508251751090131,2.4751247971294226,2.4222550952706783,2.3421939937090994,2.2267631611391,2.0675491732249416,1.855942322787298,1.581427601159248
1490,2.549999373252033,2.549999032289052,2.549997536909769,2.5499928931191262,2.5499793217615854,2.5499414146387624,2.549840597029462,2.549586272662109,2.5489793652216792,2.547611629603113,2.5447036414668913,2.538873182082203,2.5278485361698975,2.508176972718742,2.4750154568980243,2.4221056421752025,2.342003144288897,2.2265357286498926,2.067296795376233,1.8556825312740903,1.5811811303602652
1491,2.5499993671602956,2.5499990233839394,2.5499975164072115,2.549992839892435,2.549979182950647,2.5499410639493587,2.549839751289216,2.54958434018619,2.5489752000464425,2.5476031856847197,2.544687572843988,2.5388445194712954,2.5278006609372334,2.508102146439509,2.474906079531707,2.421956176421246,2.3418123186967144,2.226308362091006,2.0670445210576793,1.85542286586199,1.5809347866919314
1492,2.549999361017435,2.5499990144084657,2.5499974957603992,2.5499927863354412,2.5499790433853,2.5499407116063786,2.5498389021292134,2.549582401104098,2.5489710230432068,2.5475947222856843,2.5446714749678003,2.538815817297799,2.527752738473076,2.5080272723138655,2.4747966651085678,2.421806698081045,2.34162151697053,2.2260810614428346,2.0667923501851817,1.8551633264390943,1.5806885699912792
1493,2.549999354823096,2.5499990053621744,2.5499974749685177,2.5499927324465568,2.549978903062506,2.5499403576043718,2.5498380495405213,2.549580455402818,2.5489668341957774,2.5475862393903066,2.5446553478302545,2.538787075570797,2.5277047688119487,2.5079523504032095,2.474687213706576,2.421657207226647,2.3414307391481612,2.225853826685653,2.066540282674922,1.8549039128913025,1.5804424801041432
1494,2.5499993485769195,2.549998996244605,2.5499974540307493,2.549992678224189,2.5499787619792214,2.5499400019378795,2.5498371935142026,2.549578503069337,2.5489626334879785,2.547577736982924,2.544639191423329,2.538758294299422,2.527656751988392,2.507877380768893,2.4745777254035866,2.421507703929951,2.341239985267299,2.225626657799692,2.0662883184433203,1.854644625104784,1.5801965168749639
1495,2.5499993422785456,2.5499989870552957,2.549997432946274,2.5499926236667405,2.549978620132394,2.5499396446014346,2.549836334041313,2.549576544090645,2.5489584209036513,2.547569215047913,2.5446230057390578,2.53872947349286,2.527608688036964,2.507802363472223,2.474468200277341,2.421358188262699,2.3410492553655,2.2253995547651284,2.066036457407025,1.854385462965562,1.579950680148639
1496,2.5499993359276125,2.549998977793781,2.549997411714265,2.5499925687726077,2.549978477518966,2.549939285589563,2.549835471112905,2.549574578453736,2.5489541964266578,2.5475606735696856,2.5446067907695213,2.5387006131603354,2.527560576992228,2.5077272985744554,2.474358638405474,2.4212086602965095,2.3408585494802105,2.2251725175621537,2.0657846994827795,1.8541264263612192,1.5797049697642582
1497,2.5499993295237564,2.5499989684595956,2.5499973903338975,2.549992513540183,2.5499783341358713,2.5499389248967796,2.549834604720021,2.5495726061455994,2.5489499600408707,2.5475521125326934,2.5445905465068677,2.5386717133111487,2.5275124188887923,2.5076521861368146,2.474249039865487,2.421059120102793,2.340667867648705,2.224945546170787,2.065533044587784,1.8538675151762605,1.579459385572145
1498,2.549999323066611,2.549998959052269,2.549997368804339,2.5499924579678535,2.549978189980036,2.549938562517593,2.549833734853696,2.5495706271532277,2.5489457117301817,2.5475435319214266,2.5445742729432967,2.5386427739546473,2.527464213761277,2.5075770262204755,2.4741394047347702,2.420909567752819,2.340477209908136,2.2247186405710266,2.0652814926394054,1.8536087292958252,1.5792139274202122
1499,2.549999316555809,2.5499989495713318,2.5499973471247555,2.5499924020540012,2.549978045048381,2.549938198446502,2.549832861504961,2.5495686414636154,2.5489414514784996,2.5475349317204117,2.5445579700710623,2.538613795100232,2.527415961644324,2.507501818886571,2.474029733090597,2.4207600033176973,2.340286576295519,2.2244918007428076,2.065030043555254,1.8533500686047044,1.5789685951575767
1500,2.5499993099909806,2.549998940016309,2.5499973252943087,2.5499923457970026,2.549977899337819,2.549937832677999,2.5498319846648396,2.5495666490637583,2.548937179269751,2.547526311914214,2.544541637882471,2.538584776757351,2.5273676625725874,2.5074265641961855,2.4739200250101305,2.420610426868397,2.3400959668477475,2.224265026666046,2.0647786972530686,1.8530915329883495,1.5787233885193317
1501,2.5499993033717527,2.549998930386726,2.5499973033121575,2.549992289195231,2.549977752845255,2.549937465206567,2.549831104324352,2.5495646499406566,2.548932895087882,2.547517672487436,2.544525276369883,2.5385557189355006,2.527319316580736,2.5073512622103578,2.4738102805704205,2.4204608384757353,2.339905381601584,2.224038318320619,2.0645274536507454,1.852833122332153,1.5784782951869265
1502,2.5499992966977523,2.5499989206821034,2.549997281177458,2.5499922322470514,2.549977605567588,2.549937096026681,2.549830220474508,2.5495626440813086,2.5489285989168513,2.547509013424719,2.544508885525715,2.5385266216442424,2.5272709237034716,2.507275912990089,2.473700499848392,2.4203112382103558,2.3397148205936453,2.2238116756863073,2.064276312666487,1.852574836520462,1.578233316726814
1503,2.5499992899686044,2.549998910901961,2.5499972588893614,2.549992174950825,2.549977457501709,2.5499367251328082,2.549829333106313,2.549560631472715,2.5489242907406373,2.5475003347107426,2.5444924653424414,2.538497484893183,2.5272224839755073,2.50720051659633,2.4735906829208596,2.420161626142753,2.3395242838604178,2.2235850987428583,2.064025274218685,1.852316675437734,1.5779884568369367
1504,2.5499992831839307,2.5499989010458157,2.549997236447017,2.549992117304909,2.549977308644502,2.549936352519404,2.5498284422107655,2.549558612101879,2.5489199705432357,2.5474916363302222,2.5444760158125863,2.538468308691985,2.527173997431578,2.5071250730899903,2.4734808298645197,2.420012002343265,2.3393337714382567,2.223358587469964,2.0637743382259286,1.8520586389682763,1.5777437166893133
1505,2.549999276343351,2.5499988911131823,2.5499972138495695,2.549992059307655,2.549977158992845,2.5499359781809217,2.549827547778858,2.5495565859558043,2.548915638308659,2.5474829182679133,2.544459536928731,2.5384390930503593,2.527125464106436,2.507049582531934,2.4733709407559563,2.419862366882077,2.3391432833633834,2.223132141847271,2.0635235046070086,1.8518007269962535,1.5774990968944624
1506,2.549999269446485,2.5499988811035736,2.5499971910961614,2.5499920009574075,2.549977008543607,2.5499356021118014,2.549826649801576,2.5495545530214963,2.5489112940209333,2.547474180508607,2.5444430286835082,2.5384098379780724,2.527076884034853,2.5069740449829827,2.4732610156716395,2.4197127198292234,2.3389528196718934,2.2229057618543764,2.0632727732808975,1.8515429394056757,1.5772545978238088
1507,2.5499992624929475,2.5499988710165,2.549997168185932,2.549991942252509,2.5499768572936508,2.549935224306476,2.5498257482699014,2.5495525132859647,2.5489069376641087,2.5474654230371323,2.544426491069607,2.538380543484939,2.5270282572516174,2.5068984605039106,2.4731510546879223,2.4195630612545815,2.338762380399743,2.2226794474708322,2.063022144166767,1.8512852760802945,1.5770102197044336
1508,2.549999255482353,2.549998860851469,2.5499971451180135,2.5499918831912955,2.549976705239833,2.549934844759373,2.5498248431748074,2.549550466736217,2.5489025692222493,2.547456645838359,2.5444099240797717,2.5383512095808287,2.526979583791538,2.5068228291554484,2.473041057881041,2.4194133912278746,2.3385719655827604,2.2224531986761433,2.0627716171839703,1.8510277369034354,1.576765962679261
1509,2.5499992484143137,2.5499988506079854,2.5499971218915407,2.549991823772097,2.5499765523790017,2.5499344634649064,2.549823934507261,2.5495484133592656,2.5488981886794346,2.547447848897192,2.544393327706798,2.5383218362756614,2.5269308636894414,2.506747150998281,2.4729310253271204,2.419263709818672,2.3383815752566384,2.2222270154497687,2.062521192252044,1.8507703217577143,1.5765218268364551
1510,2.5499992412884414,2.5499988402855522,2.5499970985056404,2.549991763993238,2.5499763987079986,2.5499340804174895,2.549823022258224,2.5495463531421247,2.548893796019765,2.547439032198575,2.544376701943536,2.5382924235794087,2.5268820969801697,2.5066714260930487,2.472820957102168,2.4191140170963887,2.3381912094569435,2.222000897771126,2.0622708692907032,1.8505130305247286,1.5762778122278498
1511,2.5499992341043427,2.5499988298836707,2.5499970749594376,2.5499917038530406,2.549976244223657,2.5499336956115193,2.5498221064186546,2.549544286071809,2.5488893912273576,2.547430195727492,2.5443600467828933,2.5382629715020926,2.526833283698586,2.506595654500345,2.472710853282079,2.4189643131302914,2.3380008682191074,2.2217748456195907,2.0620206482198316,1.8502558630848032,1.576033918875531
1512,2.549999226861624,2.549998819401839,2.549997051252053,2.549991643349819,2.5499760889228043,2.5499333090413896,2.549821186979499,2.5495422121353353,2.5488849742863446,2.5474213394689587,2.544343362217826,2.5382334800537856,2.5267844238795676,2.5065198362807224,2.4726007139426325,2.4188145979894924,2.3378105515784338,2.2215488589744954,2.0617705289594848,1.8499988193168941,1.575790146777671
1513,2.549999219559888,2.549998808839552,2.549997027382605,2.549991582481884,2.5499759328022606,2.5499329207014854,2.5498202639317022,2.549540131319724,2.5488805451808796,2.547412463408034,2.5443266482413462,2.538203949244613,2.526735517558012,2.5064439714946856,2.472490539159496,2.418664871742952,2.337620259570097,2.221322937815133,2.061520511429884,1.8497418990986223,1.575546495913921
1514,2.5499992121987414,2.5499987981963037,2.5499970033502084,2.54999152124754,2.5499757758588397,2.5499325305861835,2.549819337266203,2.549538043611997,2.548876103895132,2.5474035675298126,2.544309904846519,2.5381743790847477,2.5266865647688315,2.506368060202695,2.4723803290082205,2.41851513445948,2.337429992229139,2.221097082120756,2.0612705955514157,1.8494851023062597,1.5753029662479716
1515,2.549999204777779,2.5499987874715853,2.549996979153973,2.549991459645087,2.5499756180893463,2.5499321386898512,2.549818406973932,2.549535948999177,2.5488716504132864,2.5473946518194266,2.5442931320264663,2.538144769584416,2.5266375655469555,2.506292102465164,2.4722700835642457,2.4183653862077343,2.337239749590474,2.220871291870581,2.06102078124462,1.849228428814847,1.5750595577369484
1516,2.5499991972966005,2.549998776664885,2.549996954793007,2.54999139767282,2.5499754594905797,2.549931745006849,2.5498174730458163,2.549533847468291,2.5488671847195485,2.5473857162620477,2.5442763297743576,2.538115120753892,2.526588519927332,2.5062160983424633,2.472159802902896,2.4182156270562216,2.337049531688886,2.2206455670437846,2.0607710684301974,1.8489718784984002,1.5748162703266724
1517,2.5499991897548018,2.5499987657756904,2.549996930266415,2.5499913353290267,2.549975300059332,2.5499313495315286,2.5498165354727744,2.5495317390063676,2.548862706798142,2.5473767608428837,2.544259498083418,2.5380854326035016,2.526539427944925,2.5061400478949163,2.4720494870993828,2.418065857073299,2.3368593385590324,2.2204199076195072,2.0605214570289987,1.8487154512299442,1.5745731039557425
1518,2.549999182151977,2.5499987548034833,2.5499969055732974,2.549991272611992,2.549975139792387,2.5499309522582356,2.5498155942457226,2.549529623600437,2.5488582166333047,2.54736778554718,2.5442426369469286,2.5380557051436208,2.526490289634712,2.5060639511828016,2.471939136228803,2.4179160763271703,2.3366691702354365,2.220194313576854,2.060271946962022,1.848459146881919,1.5743300585566133
1519,2.549999174487718,2.5499987437477456,2.54999688071275,2.549991209519995,2.549974978686522,2.549930553181306,2.5498146493555685,2.5495275012375322,2.5488537142092955,2.547358790360221,2.54422574635822,2.5380259383846737,2.5264411050316906,2.5059878082663514,2.4718287503661416,2.417766284885894,2.3364790267525004,2.2199687848948977,2.0600225381504056,1.8482029653264072,1.5740871340565663
1520,2.549999166761614,2.5499987326079565,2.549996855683866,2.549991146051309,2.5499748167385072,2.5499301522950666,2.549813700793214,2.5495253719046884,2.5488491995103892,2.547349775267328,2.5442088263106784,2.5379961323371356,2.5263918741708737,2.505911619205753,2.4717183295862704,2.417616482817376,2.3362889081444926,2.2197433215526736,2.0597732305154413,1.847946906434545,1.5738443303750593
1521,2.549999158973252,2.549998721383592,2.5499968304857368,2.5499910822042033,2.5499746539451063,2.549929749593838,2.5498127485495576,2.5495232355889437,2.54884467252088,2.5473407402538606,2.5441918767977403,2.53796628701153,2.526342597087288,2.505835384061149,2.471607873963948,2.4174666701893743,2.3360988144455574,2.2195179235291866,2.0595240239785433,1.847690970077819,1.573601647430959
1522,2.549999151122217,2.5499987100741257,2.549996805117448,2.549991017976942,2.549974490303075,2.5499293450719325,2.5498117926154906,2.5495210922773377,2.548840133225079,2.5473316853052155,2.544174897812897,2.5379364024184303,2.5262932738159782,2.505759102892635,2.4714973835738188,2.417316847069497,2.3359087456897094,2.219292590803405,2.059274918461276,1.8474351561269478,1.5733590851360055
1523,2.549999143208093,2.54999869867903,2.5499967795780836,2.549990953367782,2.549974325809163,2.549928938723655,2.5498108329818985,2.5495189419569146,2.548835581607315,2.547322610406827,2.5441578893496914,2.5379064785684586,2.526243904392003,2.5056827757602607,2.471386858490417,2.4171670135252032,2.3357187019108387,2.2190673233542717,2.0590259138853146,1.8471794644531891,1.5731166434022026
1524,2.5499991352304616,2.5499986871977733,2.549996753866722,2.5499908883749747,2.549974160460111,2.5499285305433004,2.549809869639661,2.54951678461472,2.5488310176519375,2.5473135155441677,2.5441408514017207,2.537876515472288,2.526194488850437,2.5056064027240295,2.4712762987881627,2.4170171696238043,2.3355286831427065,2.2188421211606935,2.0587770101724745,1.8469238949274247,1.5728743221367356
1525,2.5499991271889013,2.5499986756298223,2.5499967279824394,2.5499908229967696,2.549973994252654,2.549928120525158,2.549808902579653,2.549514620237801,2.5488264413433095,2.5473044007027474,2.5441237839626325,2.537846513140638,2.5261450272263697,2.5055299838439002,2.471165704541364,2.4168673154324636,2.3353386894189483,2.2186169842015517,2.0585282072446742,1.8466684474210118,1.5726321212459575
1526,2.5499991190829885,2.549998663974641,2.5499967019243077,2.54999075723141,2.5499738271835204,2.5499277086635064,2.5498079317927433,2.5495124488132084,2.548821852665814,2.5472952658681156,2.544106687026129,2.537816471584278,2.5260955195549073,2.5054535191797864,2.471055075824216,2.416717451018197,2.3351487207730734,2.2183919124556954,2.0582795050239615,1.846413121805299,1.5723900406333748
1527,2.5499991109122986,2.5499986522316913,2.5499966756913963,2.549990691077132,2.5499736592494298,2.5499272949526195,2.5498069572697957,2.5495102703279957,2.548817251603854,2.5472861110258567,2.544089560585963,2.537786390814025,2.5260459658711683,2.5053770087915535,2.4709444127108027,2.4165675764478722,2.3349587772384672,2.2181669059019473,2.058030903432481,1.8461579179520182,1.572148080200965
1528,2.5499991026764035,2.5499986404004322,2.549996649282771,2.549990624532168,2.549973490447097,2.5499268793867627,2.5498059790016687,2.54950808476922,2.5488126381418477,2.5472769361615932,2.5440724046359406,2.5377562708407426,2.5259963662102884,2.505300452739021,2.470833715275096,2.416417691788211,2.3347688588483893,2.2179419645191003,2.0577824023924913,1.8459028357331189,1.5719062398487433
1529,2.549999094374874,2.5499986284803193,2.5499966226974924,2.549990557594744,2.549973320773228,2.549926461960191,2.549804996979215,2.54950589212394,2.5488080122642334,2.547267741260987,2.5440552191699197,2.537726111675347,2.5259467206074153,2.5052238510819635,2.4707229835909557,2.4162677971057884,2.3345789656359734,2.217717088285923,2.057534001826328,1.8456478750210228,1.571664519475901
1530,2.5499990860072774,2.5499986164708073,2.5499965959346187,2.549990490263082,2.5499731502245218,2.5499260426671535,2.549804011193282,2.5495036923792176,2.548803373955467,2.547258526309735,2.5440380041818105,2.537695913328798,2.5258970290977127,2.505147203880108,2.4706122177321297,2.4161178924670312,2.3343890976342303,2.2174922771811554,2.0572857016564448,1.845393035688327,1.5714229189793987
1531,2.54999907757318,2.549998604371347,2.549996568993205,2.549990422535398,2.549972978797671,2.5499256215018913,2.5498030216347103,2.5495014855221183,2.5487987232000227,2.5472492912935745,2.5440207596655755,2.537665675812108,2.5258472917163592,2.505070511193136,2.4705014177722533,2.415967977938219,2.334199254876042,2.2172675311835057,2.0570375018054143,1.8451383176078047,1.5711814382540008
1532,2.549999069072147,2.5499985921813884,2.549996541872302,2.549990354409903,2.549972806489361,2.549925198458638,2.549802028294337,2.5494992715397093,2.548794059982393,2.5472400361982785,2.5440034856152285,2.5376353991363314,2.525797508498544,2.504993773080683,2.470390583784854,2.415818053585492,2.3340094373941755,2.2170428502716724,2.0567894021957986,1.8448837206532653,1.570940077196856
1533,2.5499990605037395,2.5499985799003775,2.549996514570956,2.5499902858848036,2.5499726332962696,2.5499247735316186,2.549801031162994,2.5494970504190615,2.5487893842870877,2.5472307610096596,2.5439861820248355,2.537605083312574,2.525747679479475,2.504916989602337,2.4702797158433434,2.4156681194748364,2.333819645221265,2.2168182344243124,2.0565414027503506,1.8446292446982366,1.5706988357002858
1534,2.5499990518675175,2.5499985675277577,2.5499964870882126,2.5499902169582995,2.5499724592150685,2.549924346715051,2.5498000302315056,2.549494822147248,2.5487846960986356,2.5472214657135654,2.5439688488885155,2.5375747283519887,2.5256978046943708,2.504840160817641,2.4701688140210236,2.415518175672097,2.3336298783898246,2.2165936836200624,2.0562935033918692,1.8443748896168664,1.5704577136568816
1535,2.549999043163037,2.549998555062971,2.549996459423111,2.5499901476285864,2.5499722842424206,2.5499239180031448,2.549799025490694,2.5494925867113474,2.548779995401585,2.547212150295883,2.543951486200436,2.5375443342657733,2.525647884178463,2.5047632867860905,2.4700578783910885,2.4153682222429764,2.3334401369322517,2.2163691978375453,2.05604570404315,1.8441206552840996,1.5702167109609195
1536,2.5499990343898524,2.549998542505457,2.5499964315746877,2.5499900778938542,2.549972108374984,2.549923487390101,2.5497980169313745,2.5494903440984378,2.5487752821805003,2.547202814742535,2.54393409395482,2.537513901065176,2.525597917967,2.5046863675671354,2.4699469090266173,2.415218259253028,2.333250420880812,2.2161447770553466,2.0557980046271673,1.8438665415748354,1.5699758275026783
1537,2.549999025547518,2.5499985298546504,2.5499964035419764,2.5499900077522875,2.549971931609407,2.5499230548701144,2.5497970045443568,2.549488094295604,2.5487705564199663,2.5471934590394847,2.5439166721459388,2.5374834287614885,2.52554790609524,2.504609403220177,2.4698359060005806,2.4150682867676614,2.3330607302676545,2.2159204212520356,2.0555504050669087,1.8436125483646009,1.5697350631733857
1538,2.5499990166355846,2.5499985171099855,2.549996375324006,2.549989937202065,2.5499717539423346,2.5499226204373726,2.5497959883204464,2.5494858372899323,2.5487658181045862,2.5471840831727306,2.543899220768116,2.5374529173660503,2.5254978485984543,2.504532393804571,2.469724869385838,2.4149183048521468,2.332871065124809,2.2156961304061635,2.0553029052853944,1.8433586755294236,1.5694944178644543
1539,2.5499990076536005,2.549998504270892,2.5499963469198015,2.549989866241362,2.549971575370401,2.5499221840860535,2.5497949682504437,2.549483573068512,2.54876106721898,2.5471746871283103,2.5438817398157276,2.537422366890249,2.5254477455119284,2.504455339379627,2.4696137992551375,2.414768313571603,2.332681425484177,2.2154719044962503,2.055055505205777,1.8431049229456333,1.56925389146512
1540,2.549998998601112,2.5499984913368006,2.549996318328386,2.549989794868346,2.5499713958902355,2.549921745810328,2.5497939443251427,2.549481301618437,2.548756303747788,2.5471652708922967,2.5438642292831997,2.5373917773455164,2.525397596870961,2.504378240004607,2.4695026956811184,2.4146183129910117,2.332491811377546,2.215247743500801,2.054808204751209,1.842851290489996,1.5690134838653782
1541,2.549998989477662,2.5499984783071357,2.549996289548777,2.5499897230811817,2.5499712154984597,2.54992130560436,2.5497929165353344,2.5494790229268025,2.548751527675668,2.547155834450802,2.5438466891650098,2.537361148743331,2.525347402710862,2.504301095738727,2.4693915587363096,2.414468303175211,2.332302222836582,2.2150236473982976,2.054561003844914,1.8425977780397078,1.5687731949544887
1542,2.5499989802827927,2.549998465181321,2.5499962605799897,2.5499896508780275,2.549971034191689,2.549920863462305,2.549791884871802,2.5494767369807083,2.5487467389872958,2.547146377789974,2.5438291194556877,2.5373304810952195,2.525297163066957,2.504223906641156,2.469280388493128,2.414318284188891,2.332112659892825,2.214799616167196,2.0543139024102,1.8423443854724004,1.5685330246207976
1543,2.549998971016044,2.5499984519587775,2.549996231421035,2.549989578257036,2.54997085196653,2.5499204193783114,2.549790849325328,2.5494744437672594,2.5487419376673683,2.5471369008960014,2.54381152014981,2.537299774412749,2.5252468779745754,2.504146672771013,2.469169185023886,2.4141682560966093,2.3319231225777095,2.214575649785944,2.0540669003703558,1.8420911126659167,1.5682929727537496
1544,2.5499989616769527,2.549998438638923,2.54999620207092,2.5499895052163546,2.549970668819584,2.5499199733465203,2.5497898098866862,2.549472143273561,2.5487371237005987,2.547127403755107,2.543793891242009,2.537269028707538,2.5251965474690676,2.5040693941873737,2.4690579484007804,2.4140182189627706,2.331733610922536,2.214351748232955,2.0538199976488007,1.84183795949872,1.5680530392408534
1545,2.549998952265054,2.549998425221173,2.5499961725286497,2.5499894317541267,2.549970484747444,2.5499195253610636,2.5497887665466465,2.549469835486724,2.5487322970717194,2.547117886353553,2.5437762327269664,2.5372382439912506,2.5251461715857952,2.5039920709492667,2.4689466786959,2.4138681728516387,2.3315441249584876,2.2141279114866235,2.053573194168992,1.841584925849626,1.567813223969573
1546,2.5499989427798804,2.5499984117049403,2.5499961427932236,2.5499893578684882,2.5499702997466973,2.5499190754160677,2.549787719295974,2.5494675203938617,2.5487274577654815,2.547108348677638,2.543758544599415,2.537207420275594,2.5250957503601277,2.5039147031156714,2.468835375981223,2.4137181178273392,2.331354664716634,2.2139041395253285,2.0533264898544203,1.8413320115977687,1.5675735268275748
1547,2.5499989332209623,2.549998398089635,2.5499961128636377,2.5499892835575717,2.549970113813923,2.5499186235056492,2.54978666812543,2.549465197982092,2.5487226057666565,2.547098790713698,2.5437408268541333,2.537176557572317,2.525045283827444,2.503837290745521,2.468724040328625,2.413568053953863,2.3311652302279353,2.213680432327436,2.0530798846285894,1.84107921662252,1.5673339477032813
1548,2.5499989235878275,2.5499983843746645,2.5499960827388852,2.549989208819503,2.5499699269456935,2.5499181696239184,2.5497856130257697,2.549462868238536,2.548717741060033,2.5470892124481073,2.5437230794859573,2.5371456558932213,2.5249947720231427,2.503759833897702,2.468612671809862,2.413417981295045,2.330975821523215,2.213456789871277,2.052833378415125,1.840826540803906,1.5670944864829568
1549,2.5499989138800023,2.549998370559434,2.5499960524179555,2.549989133652404,2.549969739138574,2.5499177137649776,2.549784553987742,2.549460531150317,2.5487128636304166,2.547079613867277,2.543705302489772,2.5371147152501523,2.5249442149826304,2.503682332631054,2.468501270496586,2.4132678999145836,2.3307864386331834,2.213233212135167,2.0525869711376803,1.8405739840222481,1.5668551430532167
1550,2.54999890409701,2.549998356643345,2.5499960218998337,2.5499890580543894,2.549969550389123,2.549917255922923,2.5497834910020956,2.5494581867045656,2.5487079734626366,2.5470699949576554,2.543687495860508,2.537083735654994,2.52489361274132,2.5036047870043676,2.4683898364603434,2.4131178098760473,2.3305970815884507,2.2130096990974115,2.05234066271992,1.8403215461579818,1.5666159173018956
1551,2.5499988942383713,2.5499983426257984,2.5499959911835006,2.549988982023571,2.549969360693893,2.549916796091842,2.549782424059571,2.5494558348884135,2.548703070541537,2.547060355705729,2.54366965959315,2.537052717119678,2.5248429653346394,2.503527197076387,2.4682783697725696,2.4129677112428576,2.3304077504194995,2.21278625073629,2.052094453085581,1.8400692270920622,1.5663768091157995
1552,2.549998884303605,2.549998328506191,2.549995960267935,2.549988905558053,2.549969170049428,2.5499163342658138,2.5497813531509044,2.5494534756889964,2.548698154851982,2.5470506960980206,2.543651793682733,2.537021659656185,2.5247922727980296,2.503449562905809,2.4681668705045876,2.412817604078289,2.3302184451566887,2.21256286703006,2.051848342158464,1.8398170267058986,1.5661378183810681
1553,2.5499988742922275,2.5499983142839167,2.549995929152111,2.549988828655936,2.5499689784522643,2.549915870438912,2.5497802782668275,2.5494511090934537,2.5486932263788544,2.5470410161210912,2.5436338981243427,2.536990563276538,2.5247415351669416,2.5033718845512842,2.4680553387276136,2.4126674884454813,2.3300291658302656,2.2123395479569608,2.051602329862408,1.8395649448811697,1.5658989449841154
1554,2.549998864203754,2.5499982999583666,2.5499958978349984,2.5499887513153134,2.5499687858989337,2.5499154046052017,2.5497791993980687,2.549448735088931,2.548688285107058,2.547031315761538,2.5436159729131087,2.5369594279927945,2.5246907524768276,2.503294162071412,2.467943774512762,2.4125173644074485,2.3298399124703835,2.212116293495221,2.0513564161212914,1.8393129814995275,1.5656601888125232
1555,2.5499988540376957,2.5499982855289303,2.549995866315565,2.5499886735342754,2.549968592385959,2.5499149367587397,2.5497781165353506,2.5494463536625744,2.548683331021513,2.547021595005995,2.5435980180442175,2.5369282538170688,2.524639924763162,2.503216395524748,2.4678321779310304,2.412367232027045,2.329650685107052,2.2118931036230407,2.0511106008590554,1.839061136443436,1.56542154975215
1556,2.5499988437935626,2.5499982709949935,2.5499958345927736,2.5499885953109054,2.5499683979098573,2.5499144668935765,2.5497770296693907,2.5494439648015366,2.548678364107159,2.5470118538411364,2.5435800335129044,2.5368970407615157,2.5245890520614274,2.5031385849697996,2.4677205490533094,2.4122170913669922,2.3294614837701726,2.2116699783186022,2.050864883999685,1.8388094095955467,1.565183027689284
1557,2.5499988334708616,2.5499982563559396,2.549995802665583,2.5499885166432814,2.5499682024671375,2.5499139950037555,2.5497759387909023,2.549441568492972,2.5486733843489557,2.547002092253671,2.5435620193144524,2.536865788838333,2.5245381344071145,2.503060730465026,2.467608887950384,2.412066942489875,2.3292723084895375,2.211446917560071,2.05061926546722,1.8385578008387589,1.564944622510318
1558,2.5499988230690973,2.5499982416111493,2.549995770532949,2.549988437529478,2.549968006054302,2.5499135210833117,2.5497748438905967,2.549439164724043,2.548668391731882,2.5469923102303467,2.5435439754441935,2.5368344980597595,2.5244871718357205,2.502982832068837,2.467497194692934,2.4119167854581454,2.3290831592948322,2.2112239213255944,2.050373745185759,1.8383063100561545,1.564706334101895
1559,2.549998812587772,2.5499982267600005,2.549995738193824,2.549988357967562,2.5499678086678474,2.5499130451262744,2.5497737449591784,2.549436753481913,2.548663386240935,2.5469825077579475,2.5435259018975107,2.5368031684380803,2.5244361643827564,2.5029048898395985,2.4673854693515285,2.4117666203341117,2.3288940362156216,2.2110009895932996,2.050128323079447,1.8380549371312287,1.5644681623503796
1560,2.549998802026387,2.5499982118018707,2.549995705647156,2.5499882779555962,2.5499676103042614,2.5499125671266625,2.5497726419873463,2.5494343347537503,2.548658367861133,2.546972684823294,2.5435077986698342,2.536771799985619,2.5243851120837415,2.5028269038356243,2.4672737119966297,2.4116164471799486,2.328704939281362,2.2107781223412926,2.049882999072497,1.8378036819477113,1.5642301071540101
1561,2.5499987913844375,2.5499981967361296,2.5499956728918876,2.5499881974916367,2.5499674109600248,2.5499120870784906,2.5497715349657977,2.5494319085267274,2.5486533365775093,2.546962841413244,2.5434896657566477,2.536740392714748,2.524334014974204,2.5027488741151833,2.4671619226985917,2.41146626605769,2.328515868521391,2.2105553195476615,2.04963777308917,1.8375525443896896,1.5639921730614308
1562,2.5499987806614204,2.549998181562148,2.5499956399269608,2.5499881165737364,2.549967210631613,2.5499116049757644,2.5497704238852243,2.549429474788021,2.5486482923751197,2.5469529775146946,2.5434715031534805,2.5367089466378814,2.5242828730896845,2.5026708007364955,2.4670501015276614,2.411316077029231,2.328326823964938,2.2103325811904746,2.0493926450537843,1.8373015243415187,1.5637543592319134
1563,2.5499987698568294,2.5499981662792934,2.5499956067513114,2.5499880351999398,2.5499670093154942,2.549911120812483,2.549769308736314,2.5494270335248124,2.548643235239039,2.5469430931145776,2.543453310855913,2.5366774617674754,2.524231686465729,2.502592683757735,2.4669382485539795,2.4111658801563336,2.328137805641119,2.2101099072477823,2.0491476148907126,1.8370506216878213,1.5635166641245588
1564,2.549998758970153,2.5499981508869305,2.5499955733638724,2.5499879533682903,2.5499668070081287,2.549910634582638,2.5497681895097477,2.549424584724286,2.54863816515436,2.5469331881998634,2.543435088859573,2.5366459381160293,2.524180455137896,2.502514523237023,2.466826363847577,2.4110156755006207,2.3279488135789386,2.209887297697613,2.048902682524389,1.8367998363134967,1.5632790871389115
1565,2.5499987480008808,2.54999813538442,2.549995539763574,2.5499878710768216,2.549966603705969,2.549910146280213,2.5497670661962064,2.549422128373633,2.5486330821061975,2.54692326275756,2.543416837160139,2.5366143756960837,2.5241291791417497,2.502436319232439,2.466714447478384,2.410865463123582,2.3277598478072936,2.209664752517978,2.0486578478793027,1.8365491681037047,1.5630416278702681
1566,2.549998736948498,2.549998119771121,2.5499955059493398,2.549987788323565,2.5499663994054647,2.549909655899186,2.549765938786365,2.5494196644600464,2.5486279860796794,2.5469133167747096,2.5433985557533374,2.5365827745202227,2.524077858512866,2.502358071802011,2.466602499516219,2.410715243086571,2.3275709083549687,2.209442271686869,2.0484131108800057,1.836298616943888,1.562804286013896
1567,2.549998725812487,2.549998104046391,2.549995471920093,2.5499877051065454,2.549966194103054,2.5499091634335254,2.549764807270893,2.5494171929707248,2.5486228770599597,2.546903350238394,2.543380244634942,2.5365511346010714,2.5240264932868275,2.502279781003722,2.466490520030797,2.410565015450805,2.3273819952506396,2.2092198551822575,2.0481684714511106,1.836048182719796,1.5625670613165203
1568,2.549998714592331,2.5499980882095814,2.54999543767475,2.5499876214237807,2.5499659877951695,2.549908668877195,2.5497636716404557,2.5494147138928724,2.54861775503221,2.5468933631357316,2.54336190380078,2.5365194559512987,2.5239750834992254,2.502201446895499,2.466378509091721,2.410414780277363,2.327193108522868,2.2089975029820956,2.04792392951729,1.8357978653175597,1.5623299535560435
1569,2.549998703287507,2.549998072260043,2.549995403212226,2.5499875372732874,2.5499657804782374,2.54990817222415,2.549762531885718,2.549412227213696,2.548612619981619,2.5468833554538786,2.5433435332467216,2.5364877385836144,2.5239236291856604,2.5021230695352306,2.466266466768494,2.4102645376271896,2.327004248200111,2.208775215064316,2.047679485003281,1.835547664623788,1.5620929625300208
1570,2.5499986918974895,2.549998056197124,2.54999536853143,2.5499874526530726,2.5499655721486776,2.5499076734683377,2.549761387997336,2.5494097329204077,2.5486074718933955,2.546873327180026,2.543325132968689,2.53645598251077,2.523872130381739,2.502044648980751,2.4661543931305085,2.4101142875610986,2.3268154143107145,2.208552991406829,2.0474351378338853,1.8352975805257006,1.5618560880514594
1571,2.5499986804217536,2.54999804002017,2.5499953336312675,2.549987367561139,2.549965362802901,2.549907172603699,2.5497602399659645,2.5494072310002256,2.5486023107527713,2.546863278301404,2.543306702962652,2.5364241877455607,2.523820587123079,2.5019661852898487,2.4660422882470527,2.4099640301397667,2.3266266068829156,2.2083308319875288,2.047190887933966,1.8350476129111752,1.561619329946519
1572,2.549998668859771,2.549998023728522,2.549995298510642,2.549987281995487,2.5499651524373133,2.549906669624168,2.549759087782253,2.5494047214403706,2.548597136544993,2.5468532088052784,2.5432882432246284,2.536392354300819,2.5237689994453043,2.5018876785202644,2.4659301521873114,2.409813765423736,2.326437825944845,2.2081087367842884,2.0469467352284525,1.834797761668827,1.5613826880491335
1573,2.549998657211009,2.5499980073215194,2.5499952631684524,2.549987195954108,2.5499649410483127,2.5499061645236716,2.549757931436848,2.5494022042280684,2.548591949255328,2.546843118678953,2.543269753750685,2.5363604821894215,2.523717367384046,2.5018091287296884,2.4658179850203603,2.4096634934734156,2.326249071524524,2.207886705774961,2.04670267964234,1.8345480266879826,1.5611461622012126
1574,2.5499986454749326,2.549997990798499,2.549995227603593,2.5499871094349866,2.5499647286322915,2.5499056572961303,2.549756770920392,2.54939967935055,2.5485867488690648,2.5468330079097674,2.5432512345369354,2.5363285714242862,2.5236656909749433,2.501730535975764,2.46570578681517,2.4095132143490803,2.326060343649868,2.2076647389373787,2.046458721100692,1.8342984078587166,1.5609097522490807
1575,2.54999863365101,2.5499979741587953,2.549995191814954,2.5499870224361074,2.5499645151856334,2.5499051479354544,2.5497556062235227,2.5493971467950516,2.548581535371511,2.5468228764851,2.5432326855795426,2.5362966220183716,2.5236139702536446,2.501651900316086,2.465593557640606,2.409362928110873,2.325871642348685,2.2074428362493554,2.0462148595286385,1.8340489050717825,1.5606734580430668
1576,2.549998621738698,2.5499979574017373,2.5499951558014233,2.549986934955446,2.549964300704716,2.549904636435551,2.549754437336875,2.5493946065488133,2.5485763087479927,2.5468127243923635,2.543214106874717,2.536264633984676,2.523562205255802,2.5015732218082016,2.465481297565428,2.4092126348188017,2.325682967648675,2.207220997688683,2.0459710948513776,1.8337995182185234,1.5604372794377248
1577,2.549998609737456,2.5499979405266537,2.549995119561883,2.5499868469909734,2.5499640851859096,2.5499041227903185,2.5497532642510783,2.5493920585990817,2.5485710689838563,2.5468025516190087,2.5431954984187164,2.5362326073362396,2.523510396017078,2.501494500509608,2.4653690066582925,2.409062334532743,2.325494319577433,2.2069992232331344,2.0457274269941776,1.8335502471908292,1.5602012162908672
1578,2.549998597646741,2.5499979235328705,2.5499950830952134,2.549986758540655,2.549963868625579,2.5499036069936474,2.5497520869567603,2.549389502933106,2.5485658160644666,2.546792358152525,2.5431768602078484,2.5362005420861427,2.523458542573141,2.5014157364777554,2.4652566849877497,2.4089120273124394,2.325305698162447,2.206777512860462,2.0454838558823765,1.8333010918811028,1.5599652684634024
1579,2.5499985854660063,2.5499979064197094,2.549995046400289,2.54998666960245,2.54996365102008,2.549903089039422,2.549750905444543,2.549386939538141,2.54856054997521,2.5467821439804355,2.5431581922384656,2.5361684382475063,2.5234066449596657,2.501336929770044,2.465144332622245,2.4087617132175034,2.3251171034311016,2.206555866548397,2.0452403814413835,1.8330520521821756,1.5597294358185718
1580,2.5499985731947037,2.5499978891864905,2.5499950094759827,2.5499865801743145,2.5499634323657627,2.549902568921519,2.549749719705046,2.549384368401449,2.5485552707014922,2.5467719090903023,2.54313949450697,2.5361362958334923,2.523354703212335,2.501258080443827,2.465031949630117,2.4086113923074137,2.324928535410673,2.206334284274652,2.04499700359668,1.8328031279872696,1.5594937182217485
1581,2.5499985608322815,2.5499978718325296,2.549994972321161,2.5499864902541973,2.5499632126589704,2.54990204663381,2.549748529728885,2.5493817895102944,2.5485499782287375,2.5467616534697237,2.543120767009811,2.536104114857302,2.5233027173668376,2.5011791885564088,2.464919536079602,2.4084610646415183,2.324739994128336,2.206112766016918,2.044753722273818,1.8325543191899039,1.5592581155399585
1582,2.549998548378185,2.5499978543571395,2.5499949349346855,2.549986399840042,2.5499629918960407,2.549901522170158,2.5497473355066704,2.5493792028519473,2.548544672542391,2.546751377106334,2.5431020097434835,2.536071895332176,2.523250687458869,2.5011002541650447,2.4648070920388325,2.4083107302790348,2.324551479611158,2.2058913117528665,2.0445105373984265,1.832305625683905,1.5590226276418
1583,2.5499985358318584,2.5499978367596317,2.5499948973154187,2.5499863089297867,2.549962770073302,2.549900995524419,2.549746137029011,2.549376608413683,2.5485393536279166,2.546741079987806,2.5430832227045332,2.5360396372713967,2.5231986135241304,2.501021277326941,2.464694617575835,2.408160389279047,2.3243629918861037,2.2056699214601476,2.0442674488962087,1.832057047363282,1.5587872543971666
1584,2.5499985231927433,2.5499978190393153,2.5499948594622173,2.549986217521364,2.549962547187076,2.549900466690443,2.5497449342865117,2.5493740061827816,2.548534021470799,2.5467307621018476,2.543064405889551,2.5360073406882835,2.5231464955983305,2.500942258099256,2.4645821127585315,2.40801004170051,2.324174530980034,2.205448595116393,2.044024456692945,1.831808584122307,1.5585519956773726
1585,2.549998510460278,2.5499978011954947,2.549994821373932,2.5499861256127025,2.549962323233679,2.5498999356620713,2.5497437272697727,2.54937139614653,2.5485286760565415,2.5467204234362035,2.5430455592951744,2.535975005596198,2.523094333717182,2.5008631965390986,2.464469577654741,2.4078596876022482,2.3239860969197066,2.205227332699212,2.0437815607144945,1.8315602358553498,1.5583168513547472
1586,2.549998497633897,2.5499977832274725,2.549994783049409,2.549986033201724,2.54996209820942,2.54989940243314,2.5497425159693923,2.549368778292219,2.5485233173706683,2.546710063978656,2.5430266829180894,2.5359426320085388,2.5230421279164044,2.5007840927035314,2.464357012332178,2.4077093270429555,2.3237976897317747,2.2050061341861937,2.043538760886791,1.831312002457014,1.558081821302979
1587,2.549998484713036,2.5499977651345462,2.549994744487495,2.5499859402863456,2.549961872110601,2.549898866997478,2.5497413003759632,2.5493661526071443,2.5485179453987232,2.5466996837170246,2.543007776755027,2.5359102199387458,2.522989878231724,2.5007049466495648,2.4642444168584547,2.407558960081196,2.3236093094427916,2.204784999554907,2.043296057135861,1.8310638838218751,1.5578469053961477
1588,2.5499984716971236,2.549997746916013,2.5499947056870296,2.549985846864478,2.5499616449335174,2.5498983293489075,2.5497400804800754,2.5493635190786077,2.5485125601262704,2.5466892826391634,2.542988840802768,2.5358777694002974,2.5229375846988726,2.500625758434163,2.4641317913010767,2.4074085867754045,2.3234209560792047,2.2045639287828993,2.043053449387799,1.8308158798448404,1.5576121035101265
1589,2.54999845858559,2.5499977285711655,2.5499946666468474,2.549985752934027,2.549961416674457,2.5498977894812427,2.5497388562723162,2.5493608776939167,2.5485071615388932,2.5466788607329653,2.5429698750581378,2.5358452804067113,2.5228852473535874,2.5005465281142407,2.464019135727448,2.4072582071838835,2.32323262966736,2.2043429218476995,2.0428109375687837,1.830567990420889,1.5573774155215179
1590,2.5499984453778595,2.5499977100992957,2.549994627365783,2.5499856584928935,2.5499611873297012,2.5498972473882926,2.5497376277432684,2.5493582284403833,2.5485017496221944,2.546668417986358,2.5429508795180085,2.535812752971542,2.5228328662316093,2.5004672557466625,2.463906450204869,2.4071078213648116,2.3230443302335053,2.2041219787268163,2.0425685216050993,1.8303202154448646,1.5571428413066335
1591,2.549998432073356,2.5499976914996907,2.549994587842664,2.549985563538971,2.5499609568955255,2.5498967030638577,2.5497363948835123,2.5493555713053246,2.5484963243617966,2.546657954387306,2.5429318541793005,2.535780187108386,2.5227804413686883,2.500387941388245,2.4637937348005354,2.4069574293762335,2.322856057803781,2.203901099397737,2.042326201423087,1.8300725548120151,1.5569083807440782
1592,2.5499984186715,2.5499976727716356,2.549994548076315,2.54998546807015,2.5499607253681966,2.5498961565017333,2.5497351576836245,2.5493529062760647,2.5484908857433433,2.5466474699238115,2.5429127990389797,2.5357475828308766,2.5227279728005767,2.500308585095757,2.4636809895815417,2.406807031276068,2.3226678124042315,2.203680283837928,2.0420839769491943,1.8298250084174736,1.5566740337121547
1593,2.5499984051717086,2.5499976539144105,2.549994508065555,2.549985372084315,2.5499604927439767,2.549895607695707,2.5497339161341777,2.5493502333399314,2.5484854337524996,2.5466369645839126,2.5428937140940584,2.535714940152684,2.522675460563031,2.500229186925917,2.4635682146148796,2.4066566271221075,2.322479594060799,2.203459532024836,2.0418418481099603,1.8295775761563946,1.5564398000895536
1594,2.5499983915733977,2.5499976349272946,2.5499944678092015,2.549985275579344,2.5499602590191186,2.549895056639559,2.5497326702257417,2.5493475524842584,2.5484799683749473,2.546626438355685,2.5428745993415958,2.5356822590875203,2.522622904691815,2.5001497469353957,2.4634554099674357,2.406506216972011,2.3222914027993236,2.2032388439358868,2.041599814831995,1.8293302579241728,1.5562056797565493
1595,2.5499983778759794,2.5499976158095645,2.549994427306067,2.5499851785531105,2.549960024189871,2.549894503327065,2.549731419948884,2.5493448636963865,2.5484744895963907,2.546615891227238,2.5428554547786963,2.535649539649132,2.5225703052226955,2.5000702651808133,2.4633425757059957,2.4063558008833152,2.3221032386455485,2.2030182195484866,2.041357877042028,1.8290830536160894,1.5559716725928245
1596,2.5499983640788644,2.5499975965604915,2.549994386554961,2.5499850810034816,2.5499597882524734,2.5498939477519915,2.549730165294168,2.549342166963661,2.5484689974025527,2.5466053231867205,2.5428362804025113,2.535616781851306,2.522517662191446,2.4999907417187424,2.4632297118972417,2.406205378913426,2.3219151016251134,2.202797658840022,2.0411160346668606,1.828835963127582,1.5557377784793074
1597,2.54999835018146,2.549997577179347,2.5499943455546874,2.5499849829283203,2.5499595512031603,2.5498933899080996,2.5497289062521533,2.549339462273432,2.5484634917791773,2.5465947342223156,2.542817076210239,2.5355839857078677,2.522464975633843,2.499911176605706,2.4631168186077534,2.406054951119622,2.3217269917635592,2.2025771617878585,2.040874287633389,1.8285889863541462,1.5555039972974074
1598,2.5499983361831706,2.5499975576653964,2.549994304304046,2.549984884325483,2.549959313038158,2.549892829789144,2.549727642813397,2.5493367496130577,2.548457972712027,2.5465841243222442,2.5427978421991213,2.535551151232676,2.5224122455856657,2.4998315698981775,2.46300389590401,2.405904517559059,2.3215389090863328,2.2023567283693417,2.0406326358686218,1.8283421231913102,1.5552703289285201
1599,2.549998322083399,2.5499975380179047,2.549994262801833,2.5499847851928203,2.5499590737536875,2.5498922673888718,2.549726374968453,2.5493340289698994,2.5484524401868858,2.5465734934747637,2.5427785783664487,2.5355182784396324,2.522359472082701,2.499751921652581,2.4628909438523863,2.4057540782887616,2.3213508536187746,2.2021363585617966,2.04039107929964,1.8280953735346883,1.555036773255077
1600,2.549998307881544,2.549997518236132,2.5499942210468425,2.5499846855281785,2.5499588333459617,2.5498917027010246,2.5497251027078716,2.549331300331325,2.5484468941895577,2.546562841668166,2.5427592847095553,2.5354853673426723,2.5223066551607376,2.4996722319252944,2.462777962519156,2.4056036333656317,2.3211628253861325,2.20191605234253,2.040149617853634,1.8278487372799659,1.5548033301595805
1601,2.5499982935770027,2.549997498319336,2.5499941790378617,2.549984585329398,2.5499585918111882,2.549891135719336,2.5497238260222015,2.5493285636847096,2.548441334705868,2.546552168890781,2.5427399612258212,2.5354524179557685,2.522253794855568,2.499592500772642,2.4626649519704906,2.4054531828464447,2.320974824413556,2.201695809688828,2.0399082514578932,1.8276022143228983,1.5545699995249287
1602,2.5499982791691695,2.549997478266771,2.5499941367736763,2.5499844845943143,2.549958349145567,2.549890566437533,2.5497225449019867,2.5493258190174313,2.5484357617216595,2.5465414751309754,2.5427206079126745,2.5354194302929343,2.522200891202991,2.499512728250903,2.4625519122724593,2.4053027267878457,2.320786850726091,2.201475630577955,2.039666980039786,1.8273558045592857,1.5543367812348832
1603,2.549998264657436,2.5499974580776894,2.549994094253066,2.549984383320756,2.5499581053452904,2.5498899948493365,2.5497212593377685,2.549323066316876,2.548430175222797,2.5465307603771503,2.5427012247675878,2.5353864043682197,2.5221479442388097,2.499432914416305,2.4624388434910283,2.405152265246355,2.3205989043486848,2.2012555149871575,2.0394258035267816,1.8271095078850017,1.5541036751735327
1604,2.5499982500411904,2.5499974377513404,2.5499940514748074,2.549984281506547,2.549957860406545,2.5498894209484626,2.5497199693200865,2.5493203055704368,2.548424575195166,2.546520024617745,2.542681811788076,2.535353340195704,2.5220949539988236,2.499353059325027,2.462325745692069,2.405001798278379,2.320410985306203,2.2010354628936657,2.0391847218464703,1.8268633241960472,1.5538706812243839
1605,2.549998235319819,2.5499974172869693,2.5499940084376735,2.549984179149507,2.5499576143255105,2.5498888447286183,2.5497186748394762,2.54931753676551,2.5484189616246704,2.5465092678412335,2.5426623689717034,2.5353202377895125,2.522041920518843,2.499273163033198,2.462212618941344,2.4048513259401845,2.320223093623397,2.2008154742746844,2.0389437349265096,1.8266172533884266,1.553637799272484
1606,2.549998220492706,2.549997396683819,2.549993965140432,2.549984076247448,2.5499573670983597,2.5498882661835047,2.5497173758864693,2.549314759889499,2.5484133344972357,2.5464984900361283,2.54264289631608,2.5352870971638053,2.521988843834682,2.4991932255969003,2.462099463304515,2.4047008482879164,2.3200352293249225,2.200595549107401,2.038702842694661,1.8263712953582318,1.553405029202975
1607,2.549998205559231,2.5499973759411287,2.5499939215818483,2.549983972798178,2.5499571187212586,2.549887685306817,2.549716072451597,2.549311974929813,2.5484076937988074,2.5464876911909755,2.5426233938188583,2.5352539183327765,2.521935723982154,2.499113247072165,2.4619862788471463,2.4045503653776,2.3198473924353458,2.200375687368986,2.0384620450787896,1.8261254500016575,1.5531723709010428
1608,2.5499981905187727,2.5499973550581356,2.549993877760682,2.549983868799499,2.5499568691903676,2.549887102092244,2.549714764525385,2.5493091818738693,2.548402039515352,2.5464768712943577,2.5426038614777347,2.5352207013106534,2.521882560997074,2.4990332275149725,2.4618730656347023,2.4043998772651416,2.3196595829791424,2.2001558890365907,2.0382213420068642,1.825879717215006,1.55293982425187
1609,2.5499981753707064,2.5499973340340727,2.5499938336756895,2.5499837642492067,2.5499566185018385,2.549886516533467,2.549713452098358,2.5493063807090874,2.548396371632855,2.546466030334895,2.542584299290455,2.5351874461117077,2.521829354915267,2.4989531669812566,2.461759823732541,2.4042493840063104,2.3194718009806774,2.199936154087344,2.0379807334069353,1.8256340968945846,1.5527073891417593
1610,2.5499981601144053,2.5499973128681708,2.5499937893256237,2.5499836591450933,2.5499563666518177,2.5498859286241613,2.549712135161037,2.5493035714228953,2.5483906901373223,2.546455168301244,2.542564707254808,2.535154152750244,2.521776105772557,2.498873065526901,2.461646553205921,2.4040988856567544,2.319284046464223,2.199716482498357,2.037740219207157,1.825388588936801,1.5524750654570858
1611,2.5499981447492384,2.5499972915596567,2.549993744709232,2.5499835534849438,2.5499561136364446,2.549885338357997,2.5497108137039413,2.549300754002728,2.5483849950147826,2.546444285182094,2.542545085368625,2.535120821240596,2.521722813604767,2.498792923207738,2.461533254120006,2.4039483822720125,2.3190963194539713,2.199496874246727,2.0374997993357797,1.8251431932382531,1.5522428530839478
1612,2.549998129274573,2.549997270107755,2.549993699825259,2.5499834472665386,2.549955859451852,2.549884745728635,2.5497094877175868,2.5492979284360247,2.548379286251282,2.546433380966174,2.542525433629785,2.5350874515971413,2.521669478447727,2.498712740079554,2.461419926539854,2.403797873907487,2.318908619974005,2.1992773293095276,2.03725947372115,1.8248979096955222,1.552010751909311
1613,2.549998113689774,2.5499972485116875,2.549993654672444,2.549983340487652,2.549955604094166,2.549884150729732,2.5497081571924864,2.549295094710232,2.5483735638328886,2.5464224556422486,2.5425057520362118,2.535054043834292,2.521616100337271,2.498632516198083,2.461306570530422,2.4036473606184563,2.3187209480483117,2.1990578476638136,2.037019242291712,1.8246527382052804,1.5517787618204044
1614,2.5499980979942025,2.5499972267706714,2.5499936092495235,2.5499832331460532,2.549955347559505,2.5498835533549378,2.5497068221191506,2.5492922528128017,2.5483678277456905,2.5464115091991166,2.5424860405858727,2.5350205979664944,2.5215626793092323,2.498552251619012,2.461193186156568,2.4034968424600818,2.3185333037007894,2.198838429286624,2.0367791049760027,1.8244076786643284,1.5515468827046104
1615,2.5499980821872184,2.549997204883923,2.5499935635552293,2.5499831252395064,2.549955089843982,2.5498829535978964,2.5497054824880876,2.5492894027311945,2.548362077975796,2.546400541625614,2.5424662992767773,2.5349871140082265,2.5215092153994436,2.4984719463979754,2.461079773483056,2.40334631948741,2.3183456869552495,2.1986190741549843,2.036539061702645,1.8241627309696338,1.5513151144493709
1616,2.5499980662681767,2.549997182850654,2.54999351758829,2.5499830167657693,2.5499548309437023,2.549882351452244,2.5497041382898025,2.5492865444528743,2.548356314509335,2.546389552910613,2.542446528106983,2.5349535919740087,2.5214557086437464,2.498391600590561,2.4609663325745403,2.40319579175535,2.3181580978353944,2.198399782245894,2.0362991124003735,1.8239178950181327,1.5510834569427923
1617,2.549998050236432,2.549997160670073,2.549993471347429,2.549982907722595,2.5499545708547653,2.5498817469116113,2.5497027895147975,2.5492836779653127,2.548350537332456,2.5463785430430215,2.542426727074592,2.5349200318783938,2.5214021590779825,2.4983112142523067,2.4608528634955786,2.4030452593186937,2.3179705363648373,2.198180553536336,2.036059256998012,1.8236731707068963,1.5508519100731413
1618,2.549998034091334,2.5499971383413866,2.549993424831366,2.5499827981077305,2.5499543095732635,2.5498811399696226,2.549701436153573,2.549280803255988,2.548344746431329,2.5463675120117832,2.5424068961777486,2.5348864337359682,2.521348566737994,2.4982307874387,2.4607393663106305,2.4028947222321158,2.317783002567101,2.1979613880032796,2.035819495424474,1.8234285579331295,1.5506204737288616
1619,2.54999801783223,2.5499971158637953,2.5499933780388147,2.5499826879189174,2.5499540470952837,2.5498805306198973,2.5497000781966275,2.549277920312384,2.5483389417921467,2.5463564598058754,2.5423870354146416,2.5348527975613524,2.5212949316596247,2.4981503202051787,2.460625841084058,2.402744180550172,2.3175954964656187,2.197742285623677,2.035579827608759,1.8231840565941664,1.5503891477985916
1620,2.5499980014584667,2.549997093236499,2.549993330968489,2.5499825771538918,2.549953783416905,2.5498799188560453,2.549698715634455,2.549275029121994,2.548333123401118,2.5463453864143166,2.542367144783503,2.5348191233692003,2.5212412538787183,2.49806981260713,2.4605122878801216,2.4025936343272933,2.3174080180837286,2.1975232463744634,2.0353402534799647,1.8229396665874218,1.550157932126196
1621,2.5499979849693855,2.549997070458695,2.5499932836190946,2.549982465810385,2.5499535185341995,2.549879304671673,2.5496973484575496,2.549272129672312,2.5483272912444757,2.546334291826155,2.542347224282608,2.534785411174205,2.521187533431123,2.4979892646998962,2.4603987067629824,2.4024430836177926,2.317220567444673,2.1973042702325545,2.0351007729672803,1.8226953878104002,1.5499268235907533
1622,2.549997968364327,2.5499970475295775,2.5499932359893345,2.549982353886121,2.549953252443232,2.5498786880603808,2.549695976656401,2.5492692219508455,2.548321445308472,2.546323176030481,2.5423272739102813,2.5347516609910925,2.521133770352688,2.497908676538765,2.460285097796702,2.402292528475857,2.3170331445716057,2.197085357174851,2.0348613859999887,1.8224512201607208,1.5496958224722985
1623,2.5499979516426245,2.5499970244483343,2.549993188077909,2.549982241378819,2.549952985140063,2.5498780690157603,2.5496946002214966,2.5492663059451033,2.548315585579381,2.5463120390164153,2.5423072936648863,2.534717872834622,2.5210799646792625,2.497828048178975,2.460171461045244,2.4021419689555565,2.3168457494875843,2.1968665071782363,2.034622092507461,1.8222071635361143,1.5494649296334788
1624,2.549997934803616,2.549997001214154,2.5499931398835125,2.5499821282861963,2.5499527166207465,2.5498774475313986,2.549693219143323,2.549263381642603,2.548309712043494,2.5463008807731176,2.5422872835448294,2.5346840467195872,2.5210261164466994,2.4977473796757192,2.46005779657247,2.401991405110843,2.3166583822155786,2.196647720219578,2.034382892419161,1.8219632178344232,1.549234145300382
1625,2.54999791784663,2.5499969778262197,2.549993091404836,2.5499820146059586,2.5499524468813246,2.549876823600876,2.549691833412363,2.5492604490308692,2.5483038246871272,2.5462897012897816,2.542267243548565,2.534650182660816,2.5209722256908504,2.497666671084135,2.4599441044421457,2.401840836995544,2.3164710427784634,2.1964289962757273,2.0341437856646403,1.821719382953603,1.5490034695530095
1626,2.5499979007709963,2.5499969542837118,2.5499930426405655,2.5499819003358097,2.5499521759178405,2.5498761972177686,2.549690443019097,2.549257508097432,2.5482979234966154,2.546278500555639,2.542247173674589,2.534616280673171,2.520918292447568,2.497585922459315,2.4598303847179372,2.4016902646633715,2.316283731199025,2.1962103353235203,2.0339047721735435,1.82147565879171,1.5487729024098746
1627,2.5499978835760384,2.5499969305858077,2.5499929935893832,2.549981785473448,2.5499519037263263,2.5498755683756436,2.549689047954005,2.5492545588298277,2.5482920084583136,2.5462672785599523,2.5422270739214374,2.534582340771547,2.5208643167527076,2.497505133856302,2.459716637463419,2.401539688167924,2.3160964474999632,2.1959917373397775,2.0336658518755932,1.821232045246879,1.5485424438582251
1628,2.549997866261081,2.549996906731682,2.549992944249968,2.5499816700165647,2.549951630302806,2.5498749370680636,2.5496876482075628,2.5492516012156012,2.5482860795585958,2.5462560352920245,2.5422069442876936,2.5345483629708716,2.5208102986421244,2.497424305330087,2.4596028627420576,2.401389107562674,2.3159091917038817,2.195773202301302,2.03342702470061,1.820988542217286,1.5483120938610022
1629,2.5499978488254413,2.5499968827205057,2.5499928946209955,2.5499815539628474,2.549951355643302,2.549874303288584,2.5496862437702448,2.549248635242304,2.5482801367838612,2.5462447707411915,2.542186784771981,2.534514347286108,2.5207562381516735,2.497343436935614,2.459489060617229,2.401238522900979,2.3157219638332966,2.1955547301848846,2.033188290578498,1.8207451496010705,1.548081852368188
1630,2.549997831268438,2.5499968585514465,2.5499928447011344,2.5499814373099774,2.5499510797438267,2.5498736670307567,2.549684834632523,2.549245660897493,2.548274180120527,2.5462334848968253,2.542166595372968,2.5344802937322517,2.5207021353172103,2.497262528727774,2.4593752311522077,2.4010879342360765,2.3155347639106325,2.1953363209672987,2.0329496494392494,1.8205018672962832,1.5478517193187413
1631,2.5499978135893855,2.54999683422367,2.54999279448905,2.549981320055629,2.549950802600385,2.549873028288124,2.5496834207848673,2.549242678168733,2.5482682095550313,2.546222177748336,2.542146376089369,2.534446202324333,2.520647990174592,2.4971815807614095,2.4592613744101652,2.4009373416210833,2.3153475919582216,2.195117974625302,2.0327111012129464,1.8202586952008166,1.5476216946446448
1632,2.549997795787594,2.5499968097363364,2.5499927439834043,2.549981202197473,2.549950524208978,2.549872387054224,2.5496820022177467,2.5492396870435963,2.5482622250738336,2.546210849285166,2.542126126919939,2.5344120730774145,2.5205938027596764,2.497100593091312,2.4591474904541806,2.400786745109001,2.3151604479983083,2.1948996911356407,2.032472645829755,1.8200156332123445,1.5473917782734292
1633,2.5499977778623717,2.549996785088603,2.5499926931828565,2.549981083733175,2.5499502445655993,2.5498717433225897,2.549680578921626,2.5492366875096595,2.5482562266634132,2.5461994994967947,2.5421058478634735,2.5343779060065903,2.5205395731083198,2.4970195657722267,2.4590335793472353,2.400636144752713,2.3149733320530497,2.1946814704750426,2.0322342832199265,1.8197726812283197,1.5471619701281971
1634,2.5499977598130235,2.549996760279628,2.5499926420860577,2.549980964660392,2.5499499636662355,2.549871097086746,2.5496791508869685,2.5492336795545105,2.548250214310272,2.546188128372738,2.542085538918815,2.5343437011269914,2.520485301256378,2.496938498858844,2.458919641152211,2.4004855406049854,2.3147862441445115,2.1944633126202246,2.031996013313796,1.8195298391460002,1.5469322701283252
1635,2.5499977416388524,2.54999673530856,2.5499925906916583,2.5499808449767793,2.5499496815068667,2.5498704483402133,2.549677718104237,2.5492306631657398,2.5482441880009308,2.546176735902545,2.5420652000848443,2.534309458453776,2.5204309872397097,2.49685739240581,2.458805675931895,2.40033493271847,2.314599184294673,2.1942452175478873,2.0317578360417863,1.8192871068625172,1.5467026781909092
1636,2.549997723339158,2.5499967101745495,2.5499925389983025,2.5499807246799833,2.549949398083465,2.5498697970765036,2.5496762805638915,2.549227638330948,2.5482381477219316,2.546165322075801,2.5420448313604886,2.534275178002139,2.5203766310941713,2.4967762464677166,2.4586916837489756,2.400184321145701,2.314412152525424,2.1940271852347184,2.031519751334402,1.8190444842747784,1.5464731942289334
1637,2.549997704913237,2.549996684876741,2.5499924870046313,2.549980603767648,2.5499491133919996,2.5498691432891274,2.5496748382563887,2.549224605037741,2.548232093459838,2.546153886882127,2.542024432744716,2.534240859787305,2.5203222328556194,2.4966950610991088,2.4585776646660444,2.4000337059390944,2.3142251488585663,2.193809215657391,2.0312817591222307,1.8188019712797239,1.5462438181558236
1638,2.549997686360383,2.5499966594142762,2.5499924347092815,2.54998048223741,2.5499488274284308,2.549868486971586,2.549673391172185,2.5492215632737323,2.548226025201234,2.54614243031118,2.5420040042365377,2.5342065038245334,2.5202677925599115,2.4966138363544808,2.4584636187455953,2.3998830871509518,2.3140381733158133,2.1935913087925645,2.0310438593359454,1.818559567774071,1.5460145498807796
1639,2.5499976676798872,2.549996633786295,2.549992382110885,2.5499803600869004,2.5499485401887116,2.5498678281173754,2.549671939301734,2.549218513026543,2.5482199429327244,2.5461309523526507,2.541983545835006,2.5341721101291146,2.520213310242901,2.496532572288276,2.458349546050027,2.3997324648334573,2.313851225918791,2.193373464616885,2.0308060519063003,1.8183172736547082,1.5457853893145372
1640,2.549997648871037,2.549996607991933,2.549992329208071,2.549980237313745,2.549948251668791,2.549867166719986,2.5496704826354892,2.5492154542838006,2.5482138466409356,2.5461194529962654,2.541963057539217,2.534137678716372,2.5201587859404437,2.496451268954889,2.45823544664164,2.399581839038679,2.3136643066890374,2.193155683106986,2.0305683367641327,1.8180750888183457,1.5455563363644824
1641,2.5499976299331175,2.5499965820303214,2.549992275999463,2.5499801139155647,2.5499479618646084,2.5498665027729017,2.5496690211639,2.5492123870331405,2.5482077363125133,2.546107932231788,2.541942539348308,2.5341032096016587,2.520104219688395,2.496369926408665,2.458121320582638,2.3994312098185735,2.3134774156480047,2.192937964239487,2.0303307138403603,1.8178330131619487,1.5453273909388814
1642,2.549997610865411,2.5499965559005884,2.5499922224836795,2.549979989889975,2.5499476707720987,2.5498658362696007,2.549667554877416,2.549209311262205,2.5482016119341253,2.546096390049016,2.5419219912614586,2.5340687028003615,2.5200496115226083,2.4962885447038987,2.458007167935129,2.399280577224979,2.3132905528170564,2.192720307990996,2.0300931830659827,1.8175910465823806,1.5450985529439438
1643,2.549997591667197,2.549996529601862,2.549992168659337,2.549979865234585,2.5499473783871913,2.549865167203556,2.549666083766483,2.5492062269586446,2.5481954734924606,2.5460848264377813,2.5419014132778903,2.5340341583278985,2.519994961478936,2.4962071238948345,2.4578929887611256,2.3991299413096194,2.3131037182174716,2.1925027143381053,2.0298557443720764,1.817349188976782,1.5448698222859247
1644,2.5499975723377513,2.549996503133264,2.549992114525047,2.5499797399469974,2.549947084705807,2.5498644955682344,2.549664607821546,2.549203134110116,2.548189320974228,2.5460732413879517,2.541880805396868,2.5339995761997196,2.5199402695932305,2.4961256640356675,2.4577787831225426,2.398979302124104,2.3129169118704422,2.1922851832573973,2.0296183976897986,1.8171074402423104,1.5446411988700146
1645,2.5499975528763468,2.5499964764939134,2.549992060079416,2.549979614024811,2.5499467897238604,2.5498638213570968,2.5496631270330488,2.5492000327042823,2.5481831543661575,2.54606163488943,2.5418601676176955,2.5339649564313054,2.5198855359013415,2.496044165180542,2.4576645510812,2.3988286597199293,2.3127301337970736,2.192067714725442,2.029381142950382,1.816865800276394,1.5444126826012734
1646,2.549997533282254,2.5499964496829257,2.549992005321048,2.5499794874656185,2.5499464934372607,2.5498631445635986,2.5496616413914333,2.5491969227288163,2.5481769736550013,2.5460500069321537,2.541839499939722,2.5339302990381687,2.5198307604391186,2.4959626273835536,2.4575502926988206,2.398678014148474,2.3125433840183836,2.191850308718795,2.0291439800851445,1.8166242689763987,1.5441842733834161
1647,2.5499975135547404,2.549996422699414,2.5499919502485406,2.5499793602670073,2.5499461958419096,2.5498624651811888,2.549660150887139,2.5491938041713964,2.5481707788275316,2.546038357506097,2.5418188023623354,2.5338956040358527,2.51977594324241,2.495881050698747,2.457436008037033,2.398527365461006,2.312356662555308,2.1916329652140014,2.02890690902547,1.8163828462400902,1.5439559711207738
1648,2.5499974936930703,2.5499963955424865,2.549991894860488,2.5499792324265598,2.5499458969337025,2.5498617832033115,2.549658655510605,2.549190677019709,2.5481645698705417,2.5460266866012677,2.5417980748849662,2.533860871439932,2.519721084347062,2.495799435180119,2.457321697157369,2.3983767137086804,2.3121699694286946,2.1914156841875934,2.0286699297028234,1.8161415319653194,1.5437277757168453
1649,2.5499974736965045,2.5499963682112505,2.5499918391554797,2.549979103941852,2.54994559670853,2.5498610986234045,2.5496571552522664,2.5491875412614475,2.548158346770846,2.5460149942077104,2.541777317507087,2.5338261012660133,2.5196661837889205,2.4957177808816136,2.4572073601212634,2.398226058942535,2.311983304659305,2.1911984656160906,2.0284330420487495,1.815900326050028,1.5434996870743298
1650,2.5499974535643015,2.5499963407048076,2.5499917831321017,2.5499789748104544,2.549945295162273,2.5498604114349,2.5496556501025607,2.549184396884315,2.54815210951528,2.546003280315502,2.54175653022821,2.5337912935297315,2.5196112416038274,2.495636087857126,2.45709299699006,2.398075401213499,2.3117966682678217,2.190981309476004,2.0281962459948484,1.8156592283926394,1.5432717050971816
1651,2.549997433295717,2.5499963130222576,2.549991726788936,2.549978845029932,2.549944992290809,2.549859721631225,2.5496541400519206,2.54918124387602,2.5481458580906993,2.545991544914757,2.5417357130478924,2.5337564482467556,2.519556257827625,2.4955543561605027,2.456978607825004,2.3979247405723845,2.3116100602748366,2.1907642157438287,2.0279595414728115,1.8154182388915086,1.5430438296876474
1652,2.5499974128900034,2.5499962851626967,2.5499916701245593,2.5499787145978448,2.5499446880900076,2.5498590292058,2.5496526250907787,2.549178082224279,2.5481395924839814,2.5459797879956234,2.5417148659657287,2.5337215654327827,2.519501232496154,2.495472585845538,2.4568641926872457,2.397774077069893,2.311423480700859,2.1905471843960522,2.0277229284143945,1.8151773574453085,1.5428160607484058
1653,2.54999739234641,2.5499962571252173,2.5499916131375455,2.5499785835117463,2.549944382555733,2.54985833415204,2.549651105209566,2.5491749119168152,2.5481333126820256,2.545968009548284,2.5416939889813563,2.53368664510354,2.5194461656452503,2.4953907769659787,2.456749751637842,2.397623410756616,2.3112369295663164,2.1903302154091504,2.0274864067514144,1.814936583952989,1.542588398182357
1654,2.549997371664183,2.5499962289089084,2.549991555826463,2.5499784517691846,2.549944075683841,2.5498576364633543,2.549649580398712,2.549171732941361,2.5481270186717517,2.545956209562957,2.5416730820944533,2.533651687274786,2.5193910573107523,2.495308929575519,2.4566352847377524,2.397472741683028,2.3110504068915474,2.190113308759585,2.0272499764157743,1.8146959183136033,1.5423608418915766
1655,2.5499973508425655,2.5499962005128567,2.549991498189876,2.549978319367704,2.549943767470183,2.549856936133147,2.5496480506486443,2.549168545285655,2.5481207104401,2.5459443880298958,2.5416521453047394,2.533616691962309,2.519335907528491,2.4952270437278044,2.4565207920478445,2.3973220698994964,2.310863912696813,2.1898964644238097,2.0270136373394303,1.814455360426484,1.5421333917785371
1656,2.5499973298807976,2.549996171936144,2.5499914402263446,2.549978186304842,2.549943457910603,2.5498562331548174,2.549646515949789,2.549165348937445,2.5481143879740316,2.5459325449393875,2.5416311786119743,2.533581659181929,2.519280716334298,2.495145119476432,2.4564062736288896,2.397171395456274,2.3106774470022877,2.189679682378265,2.0267773894544154,1.8142149101911595,1.541906047745411
1657,2.5499973087781176,2.5499961431778497,2.5499913819344244,2.5499780525781306,2.5499431470009393,2.549855527521758,2.5496449762925724,2.5491621438844856,2.54810805126053,2.545920680281755,2.54161018201596,2.533546588949495,2.5192254837640022,2.4950631568749455,2.4562917295415643,2.3970207184035024,2.3104910098280613,2.189462962599381,2.026541232692831,1.8139745675073644,1.5416788096942198
1658,2.549997287533759,2.5499961142370497,2.5499913233126676,2.5499779181850952,2.549942834737023,2.5498548192273556,2.5496434316674184,2.54915893011454,2.5481017002865993,2.5459087940473557,2.5415891555165357,2.5335114812808817,2.519170209853429,2.4949811559768413,2.456177159846455,2.396870038791218,2.3103046011941486,2.189246305063582,2.026305166986826,1.8137343322750423,1.5414516775273726
1659,2.5499972661469523,2.549996085112816,2.5499912643596208,2.549977783123257,2.5499425211146796,2.549854108264993,2.549641882064749,2.549155707615378,2.5480953350392648,2.5458968862265814,2.5415680991135856,2.5334763361920003,2.5191148946384043,2.494899116835565,2.4560625646040473,2.3967193566693363,2.310118221120472,2.189029709747275,2.0260691922686433,1.8134942043943576,1.5412246511465963
1660,2.5499972446169266,2.549996055804218,2.549991205073827,2.5499776473901314,2.5499422061297277,2.549853394628045,2.549640327474986,2.5491524763747786,2.5480889555055724,2.5458849568098594,2.541547012807033,2.5334411536987895,2.5190595381547487,2.4948170395045115,2.455947943874736,2.3965686720876658,2.309931869626873,2.1888131766268573,2.025833308470585,1.8132541837656844,1.5409977304537057
1661,2.5499972229429066,2.549996026310321,2.549991145453825,2.5499775109832283,2.5499418897779798,2.5498526783098834,2.5496387678885495,2.549149236380526,2.5480825616725893,2.5458730057876506,2.541525896596841,2.533405933817215,2.5190041404382804,2.494734924037027,2.455833297718822,2.396417985095908,2.3097455467331165,2.1885967056787194,2.0255975155250066,1.8130142702895924,1.540770915350851
1662,2.549997201124114,2.5499959966301877,2.549991085498149,2.5499773739000524,2.5499415720552414,2.5498519593038727,2.5496372032958594,2.5491459876204163,2.5480761535274055,2.5458610331504508,2.541504750483011,2.5333706765632718,2.5189487015248124,2.4946527704864065,2.4557186261965156,2.3962672957436544,2.3095592524588855,2.1883802968792425,2.0253618133643267,1.8127744638668595,1.5405442057402148
1663,2.5499971791597678,2.5499959667628773,2.5499910252053293,2.5499772361381026,2.549941252957313,2.5498512376033724,2.549635633687333,2.549142730082249,2.5480697310571294,2.5458490388887918,2.54148357446559,2.533335381952988,2.5188932214501603,2.494570578905895,2.4556039293679257,2.3961166040803796,2.309372986823773,2.188163950204792,2.0251262019210494,1.8125347643984913,1.5403176015234081
1664,2.549997157049084,2.5499959367074454,2.5499909645738907,2.5499770976948724,2.5499409324799864,2.549850513201737,2.549634059053387,2.5491394637538347,2.5480632942488928,2.5458370229932386,2.541462368544663,2.533300050002421,2.5188377002501343,2.494488349348689,2.4554892072930716,2.3959659101554496,2.309186749847293,2.1879476656317247,2.0248906811277365,1.8122951717856957,1.5400911026022113
1665,2.549997134791275,2.549995906462943,2.549990903602356,2.5499769585678482,2.5499406106190503,2.5498497860923157,2.549632479384437,2.5491361886229913,2.5480568430898485,2.54582498545439,2.54144113272035,2.533264680727649,2.518782137960537,2.4944060818679326,2.4553744600318845,2.3958152140181355,2.3090005415488926,2.187731443136394,2.0246552509169864,1.8120556859298154,1.539864708879257
1666,2.549997112385551,2.5499958760284196,2.5499908422892408,2.549976818754513,2.549940287370285,2.5498490562684526,2.549630894670898,2.5491329046775446,2.5480503775671686,2.545812926262882,2.5414198669928183,2.5332292741447873,2.518726534617173,2.494323776516721,2.455259687644195,2.3956645157175815,2.308814361947921,2.187515282695137,2.0244199112214933,1.8118163067324737,1.5396384202562798
1667,2.5499970898311184,2.5499958454029206,2.5499907806330584,2.549976678252343,2.5499399627294648,2.549848323723485,2.5496293049031817,2.5491296119053275,2.5480438976680486,2.5458008454093832,2.541398571362272,2.5331938302699792,2.5186708902558443,2.4942414333481007,2.4551448901897417,2.3955138153028277,2.30862821106365,2.187299184284281,2.024184661974007,1.8115770340954818,1.539412236635223
1668,2.549997067127181,2.549995814585487,2.5499907186323174,2.5499765370588094,2.5499396366923577,2.5498475884507457,2.5496277100717024,2.549126310294182,2.548037403379704,2.5457887428845964,2.5413772458289565,2.533158349119395,2.518615204912346,2.4941590524150654,2.4550300677281713,2.395363112822807,2.3084420889152732,2.187083147880145,2.0239495031073393,1.8113378679208214,1.539186157918226
1669,2.549997044272938,2.5499957835751577,2.5499906562855212,2.549976395171378,2.549939309254725,2.5498468504435623,2.5496261101668716,2.5491229998319587,2.548030894689373,2.545776618679259,2.5413558903931524,2.5331228307092286,2.518559478622467,2.4940766337705615,2.4549152203190427,2.3952124083263517,2.308255995521914,2.186867173459042,2.023714434554356,1.8110988081106072,1.5389601840077856
1670,2.5499970212675875,2.5499957523709664,2.54999059359117,2.5499762525875087,2.5499389804123234,2.549846109695256,2.5496245051790996,2.5491196805065144,2.5480243715843134,2.545764472784143,2.541334505055185,2.5330872750557103,2.518503711422,2.4939941774674836,2.4548003480218137,2.395061701862173,2.3080699309025996,2.18665126099727,2.0234794562480007,1.810859854567259,1.5387343148059065
1671,2.549996998110323,2.549995720971946,2.5499905305477593,2.5499761093046556,2.549938650160901,2.5498453661991443,2.549622895098796,2.549116352305716,2.5480178340518043,2.545752305190056,2.5413130898154197,2.533051682175097,2.51844790334673,2.493911683558677,2.454685450895852,2.394910993478875,2.3078838950762814,2.1864354104711183,2.0232445681212763,1.8106210071933564,1.5385085502148184
1672,2.5499969748003357,2.5499956893771234,2.549990467153779,2.5499759653202685,2.5499383184962015,2.549844619948539,2.5496212799163698,2.549113015217437,2.5480112820791474,2.545740115887838,2.5412916446742564,2.5330160520836684,2.5183920544324367,2.493829152096936,2.454570529000437,2.394760283224966,2.3076978880618415,2.1862196218568712,2.023009770107247,1.8103822658915802,1.5382828901370174
1673,2.549996951336813,2.549995657585524,2.5499904034077163,2.5499758206317904,2.5499379854139614,2.549843870936746,2.549619659622229,2.5491096692295607,2.5480047156536654,2.5457279048683636,2.541270169632137,2.5329803847977366,2.5183361647148965,2.493746583135005,2.4544555823947527,2.3946095711488393,2.3075119098780754,2.1860038951308005,2.0227750621390435,1.8101436305648493,1.538057334474939
1674,2.54999692771894,2.549995625596168,2.549990339308053,2.5499756752366594,2.549937650909911,2.549843119157067,2.5496180342067802,2.5491063143299773,2.5479981347627016,2.5457156721225433,2.541248664689545,2.532944680333643,2.518280234229885,2.4936639767255793,2.4543406111378876,2.3944588572987766,2.3073259605436967,2.1857882302691682,2.0225404441498593,1.8099051011163079,1.537831883130989
1675,2.5499969039458983,2.5499955934080742,2.5499902748532675,2.549975529132308,2.549937314979775,2.549842364602797,2.5496164036604294,2.5491029505065854,2.5479915393936214,2.5457034176413207,2.5412271298470017,2.532908938707755,2.5182242630131713,2.4935813329213032,2.454225615288842,2.3943081417229557,2.307140040077342,2.1855726272482277,2.0223059160729524,1.8096666774492505,1.537606536007712
1676,2.5499968800168653,2.549995561020255,2.5499902100418326,2.549975382316162,2.5499369776192706,2.549841607267227,2.549614767973584,2.549099577747295,2.5479849295338104,2.5456911414156704,2.541205565105061,2.5328731599364587,2.5181682511005143,2.493498651774772,2.4541105949065325,2.3941574244694643,2.306954148497588,2.185357086044226,2.0220714778416538,1.8094283594669909,1.5373812930080208
1677,2.5499968559310173,2.5499955284317224,2.549990144872218,2.549975234785644,2.5499366388241103,2.549840847143642,2.549613127136648,2.5490961960400194,2.547978305170677,2.545678843436607,2.5411839704643255,2.532837344036183,2.518112198527679,2.49341593333853,2.4539955500497688,2.3940067055862575,2.306768285822905,2.1851416066333966,2.0218371293893465,1.809190147073268,1.5371561540344503
1678,2.5499968316875257,2.5499954956414825,2.5499900793428876,2.549975086538169,2.549936298589999,2.5498400842253224,2.5496114811400235,2.5490928053726827,2.547971666291649,2.5456665236951763,2.5411623459254353,2.5328014910233785,2.518056105330423,2.493333177665072,2.4538804807772734,2.393855985121191,2.306582452071693,2.184926188991965,2.0216028706494815,1.8089520401719177,1.536931118989761
1679,2.54999680728556,2.5499954626485404,2.5499900134523026,2.5499749375711476,2.549935956912636,2.5498393185055424,2.5496098299741146,2.5490894057332163,2.5479650128841773,2.5456541821824596,2.541140691489068,2.5327656009145243,2.5179999715444996,2.4932503848068417,2.4537653871476763,2.3937052631220133,2.306396647262275,2.184710833096147,2.021368701555574,1.80871403866696,1.5367061877767771
1680,2.5499967827242846,2.5499954294518954,2.549989947198918,2.549974787881984,2.5499356137877136,2.5498385499775718,2.549608173629324,2.549085997109561,2.5479583449357333,2.54564181888957,2.541119007155942,2.532729673726128,2.517943797205658,2.4931675548162335,2.453650269219516,2.3935545396363676,2.3062108714128935,2.18449553892215,2.021134622041205,1.8084761424625806,1.5364813603254313
1681,2.5499967580028637,2.5499953960505435,2.549989880581187,2.5499746374680767,2.54993526921092,2.549837778634676,2.549606512096054,2.5490825794896663,2.54795166243381,2.545629433807657,2.5410972929268074,2.532693709474714,2.5178875823496356,2.493084687745593,2.4535351270512504,2.393403814711806,2.3060251245417343,2.1842803064461767,2.0209006320400285,1.8082383514629985,1.5362566411849394
1682,2.549996733120455,2.549995362443478,2.549989813597555,2.549974486326821,2.5499349231779354,2.549837004470115,2.5496048453647058,2.549079152861491,2.547944965365923,2.5456170269279017,2.5410755488024566,2.5326577081768415,2.5178313270121695,2.493001783647213,2.4534199607012357,2.3932530883957654,2.3058394066668875,2.1840651356444174,2.0206667314857585,1.808000665572721,1.536032029554837
1683,2.5499967080762156,2.5499953286296875,2.5499897462464656,2.5499743344556047,2.5499345756844347,2.549836227477143,2.5496031734256808,2.5490757172130003,2.5479382537196065,2.54560459824152,2.5410537747837236,2.532621669849096,2.5177750312289935,2.4929188425733373,2.4533047702277395,2.393102360735574,2.3056537178063716,2.183850026493053,2.0204329203121754,1.8077630846964057,1.535807523916008
1684,2.549996682869297,2.5499952946081614,2.549989678526357,2.5499741818518085,2.549934226726085,2.54983544764901,2.5496014962693803,2.5490722725321686,2.5479315274824197,2.5455921477397623,2.5410319708714773,2.5325855945080895,2.517718695035836,2.4928358645761604,2.453189555688939,2.392951631778459,2.3054680579781284,2.1836349789682568,2.020199198453124,1.8075256087388714,1.5355831236593984
1685,2.5499966574988497,2.5499952603778784,2.549989610435662,2.549974028512812,2.54993387629855,2.5498346649789605,2.5495998138862017,2.54906881880698,2.54792478664194,2.5455796754139137,2.5410101370666283,2.5325494821704613,2.5176623184684175,2.492752849707825,2.4530743171429186,2.3928009015715377,2.305282427200018,2.1834199930461926,2.0199655658425195,1.8072882376051114,1.5353588284087196
1686,2.549996631964019,2.5499952259378182,2.5499895419728116,2.5499738744359846,2.5499335243974848,2.5498338794602327,2.549598126266546,2.549065356025428,2.5479180311857683,2.5455671812552922,2.5409882733701235,2.5325133328528757,2.5176059015624572,2.4926697980204238,2.4529590546476725,2.3926501701618306,2.305096825489832,2.183205068703016,2.01973202241434,1.8070509712002862,1.5351346378728792
1687,2.54999660626395,2.549995191286958,2.5499894731362294,2.549973719618693,2.54993317101854,2.5498330910860623,2.5495964334008123,2.5490618841755093,2.5479112611015253,2.5455546652552465,2.5409663797829456,2.5324771465720235,2.5175494443536666,2.4925867095660044,2.452843768261111,2.392499437596252,2.3049112528652858,2.1829902059148747,2.0194985681026263,1.8068138094297599,1.534910551810279
1688,2.549996580397781,2.5499951564242678,2.549989403924337,2.549973564058299,2.549932816157359,2.5498322998496796,2.549594735279398,2.5490584032452346,2.5479044763768535,2.5455421274051644,2.540944456306118,2.5324409233446223,2.517492946877754,2.4925035843965606,2.452728458041048,2.39234870392161,2.304725709344017,2.1827754046579058,2.019265202841491,1.80657675219918,1.5346865700164243
1689,2.5499965543646494,2.5499951213487173,2.5499893343355513,2.5499734077521556,2.549932459809579,2.549831505744308,2.5495930318927016,2.5490549132226215,2.5478976769994173,2.5455295676964633,2.5409225029407025,2.5324046631874157,2.5174364091704198,2.4924204225640354,2.4526131240452087,2.3921979691846125,2.304540194943587,2.18256066490824,2.019031926565114,1.8063397994145756,1.5344626923062832
1690,2.549996528163689,2.54999508605927,2.549989264368283,2.5499732506976125,2.549932101970832,2.5498307087631673,2.549591323231121,2.549051414095697,2.5478908629569026,2.545516986120596,2.540900519687799,2.5323683661171734,2.51737983126736,2.4923372241203228,2.452497766331227,2.3920472334318603,2.304354709681482,2.182345986641998,2.0187987392077402,1.806102950982424,1.5342389185129297
1691,2.5499965017940283,2.5499950505548874,2.549989194020939,2.549973092892014,2.549931742636743,2.5498299088994743,2.549589609285054,2.5490479058524955,2.547884034237016,2.54550438266905,2.540878506548545,2.5323320321506917,2.5173232132042656,2.4922539891172666,2.4523823849566466,2.3918964967098484,2.304169253575114,2.182131369835292,2.0185656407036823,1.8058662068097835,1.5340152484794354
1692,2.549996475254796,2.549995014834528,2.5499891232919234,2.549972934332699,2.5499313818029314,2.5498291061464364,2.5495878900448963,2.54904438848106,2.5478771908274873,2.5454917573333473,2.540856463524115,2.532295661304793,2.517266555016821,2.4921707176066588,2.452266979978921,2.391745759064971,2.3039838266418187,2.181916814464227,2.0183326309873233,1.8056295668043663,1.5337916820560165
1693,2.5499964485451154,2.5499949788971437,2.549989052179634,2.5499727750169994,2.5499310194650113,2.5498283004972584,2.5495861655010454,2.5490408619694453,2.5478703327160663,2.545479110105041,2.540834390615723,2.532259253596325,2.517209856740706,2.492087409640243,2.452151551455412,2.3915950205435204,2.303798428898857,2.181702320504897,2.0180997099931126,1.8053930308745416,1.5335682191001234
1694,2.5499964216641064,2.549994942741687,2.549988980682465,2.5499726149422433,2.549930655618589,2.5498274919451416,2.5495844356438977,2.5490373263057124,2.5478634598905257,2.5454664409757175,2.5408122878246204,2.5322228090421595,2.5171531184115925,2.492004065269712,2.4520360994433967,2.3914442811916845,2.303613060363418,2.181487887933392,2.0178668776555657,1.8051565989293057,1.533344859475109
1695,2.5499963946108863,2.5499949063671035,2.549988908798806,2.5499724541057516,2.5499302902592653,2.5498266804832808,2.5495827004638496,2.549033781477931,2.5478565723386573,2.545453749936999,2.5407901551520946,2.5321863276591956,2.517096340065148,2.4919206845467103,2.45192062400006,2.3912935410555507,2.303427721052616,2.1812735167257897,2.0176341339092674,1.804920270878195,1.5331216030485493
1696,2.5499963673845687,2.549994869772337,2.549988836527041,2.5499722925048407,2.549929923382635,2.549825866104867,2.549580959951297,2.54903022747418,2.5478496700482767,2.54544103698054,2.540767992599471,2.5321498094643573,2.517039521737034,2.49183726752283,2.451805125182499,2.391142800181104,2.3032424109834917,2.1810592068581607,2.0174014786888694,1.8046840466313534,1.5328984496934208
1697,2.549996339984264,2.5499948329563273,2.549988763865552,2.5499721301368217,2.549929554984287,2.5498250488030862,2.5495792140966356,2.549026664282548,2.5478427530072194,2.5454283020980286,2.540745800168112,2.532113254474594,2.516982663462905,2.4917538142496154,2.4516896030477207,2.3909920586142266,2.3030571301730114,2.1808449583065683,2.017168911929092,1.8044479260993411,1.5326753992850266
1698,2.54999631240908,2.549994795918009,2.5499886908127154,2.549971966998999,2.5499291850598045,2.5498242285711172,2.549577462890261,2.5490230918911316,2.547835821203343,2.545415545281186,2.5407235778594193,2.5320766627068796,2.516925765278411,2.491670324778559,2.4515740576526412,2.3908413164006994,2.3028718786380677,2.1806307710470665,2.0169364335647266,1.8042119091931856,1.5324524517018048
1699,2.54999628465812,2.5499947586563154,2.5499886173669024,2.549971803088672,2.5499288136047644,2.549823405402137,2.5495757063225692,2.5490195102880366,2.5478288746245275,2.545402766521768,2.54070132567483,2.532040034178214,2.5168688272191937,2.491586799161105,2.4514584890540907,2.3906905735862014,2.3026866563954815,2.180416645055702,2.016704043530632,1.803975995824274,1.5322296068247943
1700,2.5499962567304846,2.549994721170175,2.5499885435264793,2.5499716384031372,2.5499284406147376,2.5498225792893185,2.549573944383955,2.549015919461379,2.5478219132586726,2.5453899658115624,2.5406790436158184,2.5320033689056203,2.516811849320889,2.491503237448646,2.4513428973088085,2.390539830216311,2.3025014634619994,2.180202580308513,2.0164717417617353,1.8037401859042577,1.5320068645358036
1701,2.549996228625271,2.5499946834585137,2.5499884692898096,2.5499714729396814,2.5499280660852888,2.5498217502258274,2.549572177064815,2.5490123193992815,2.5478149370937,2.545377143142391,2.5406567316838973,2.5319666669061487,2.5167548316191266,2.4914196396925252,2.4512272824734462,2.390389086336504,2.302316299854295,2.1799885767815304,2.0162395281930343,1.8035044793451307,1.5317842247198423
1702,2.5499962003415737,2.549994645520252,2.549988394655252,2.549971306695588,2.549927690011976,2.5498209182048246,2.5495704043555447,2.5490087100898777,2.5478079461175556,2.545364298506109,2.5406343898806147,2.531929928196872,2.5166977741495313,2.4913360059440346,2.4511116446045653,2.390238341992156,2.302131165588971,2.179774634450776,2.016007402759597,1.8032688760589723,1.5315616872620923
1703,2.5499961718784836,2.549994607354308,2.5499883196211597,2.549971139668134,2.5499273123903525,2.5498200832194677,2.5495686262465385,2.549005091521309,2.5478009403182034,2.545351431894604,2.5406120182075567,2.53189315279489,2.516640676947719,2.4912523362544183,2.4509959837586406,2.390087597228542,2.301946060682556,2.179560753292264,2.015775365396563,1.8030333759581825,1.5313392520504017
1704,2.5499961432350866,2.5499945689595953,2.549988244185883,2.549970971854592,2.5499269332159646,2.549819245262911,2.549566842728193,2.549001463681726,2.54779391968363,2.5453385432997995,2.5405896166663453,2.531856340717324,2.516583540049299,2.4911686306748693,2.4508802999920585,2.3899368520908384,2.3017609851515086,2.1793469332820017,2.0155434160391437,1.802797978955138,1.5311169189731944
1705,2.5499961144104675,2.5499945303350255,2.5499881683477654,2.549970803252228,2.549926552484354,2.549818404328301,2.549565053790903,2.5489978265592894,2.5477868842018445,2.5453256327136486,2.5405671852586407,2.531819491981323,2.516526363489874,2.4910848892565305,2.450764593361116,2.3897861066241184,2.3015759390122144,2.179133174395988,2.015311554622624,1.8025626849624308,1.5308946879204823
1706,2.549996085403707,2.549994491479505,2.5499880921051483,2.5499706338583037,2.5499261701910543,2.5498175604087816,2.549563259425064,2.5489941801421687,2.5477798338608766,2.5453127001281395,2.540544723986138,2.5317826066040565,2.5164691473050405,2.4910011120504953,2.450648863922024,2.3896353608733576,2.301390922280987,2.1789194766102136,2.0150797810823633,1.8023274938926228,1.530672558783016
1707,2.5499960562138813,2.549994452391937,2.549988015456367,2.5499704636700744,2.549925786331595,2.549816713497491,2.549561459621071,2.5489905244185422,2.547772768648777,2.545299745535293,2.5405222328505705,2.5317456846027224,2.516411891530388,2.490917299107807,2.4505331117309024,2.389484614883429,2.3012059349740674,2.1787058399006622,2.0148480953537873,1.802092405658672,1.5304505314538306
1708,2.5499960268400654,2.5499944130712215,2.549987938399753,2.5499702926847903,2.549925400901499,2.5498158635875643,2.549559654369321,2.548986859376597,2.5477656885536195,2.545286768927164,2.5404997118537067,2.531708725994539,2.516354596201498,2.4908334504794585,2.450417336843786,2.3893338686991097,2.301020977107629,2.1784922642433093,2.0146164973724088,1.801857420173266,1.5302286058253611
1709,2.54999599728133,2.5499943735162534,2.549987860933633,2.549970120899696,2.549925013896283,2.54981501067213,2.5495578436602098,2.548983185004531,2.5477585935634988,2.545273770295839,2.5404771609973515,2.5316717307967505,2.5162972613539467,2.4907495662163925,2.450301539316621,2.389183122365075,2.3008360486977706,2.178278749614124,2.014384987073813,1.8016225373492132,1.5300067817912752
1710,2.549995967536742,2.5499943337259254,2.5499877830563293,2.54996994831203,2.549924625311457,2.549814154744313,2.549556027484134,2.5489795012905487,2.5477514836665303,2.5452607496334396,2.5404545802833476,2.531634699026625,2.5162398870233025,2.4906656463695023,2.450185719205266,2.3890323759258996,2.3006511497605207,2.1780652959890663,2.014153564393652,1.8013877570996137,1.5297850592473314
1711,2.549995937605364,2.5499942936991262,2.54998770476616,2.5499697749190267,2.5499242351425275,2.5498132957972346,2.54955420583149,2.548975808222866,2.547744358850853,2.545247706932118,2.540431969713572,2.531597630701453,2.5161824732451246,2.4905816909896314,2.450069876565492,2.388881629426064,2.3004662803118396,2.17785190334409,2.0139222292676773,1.8011530793371826,1.5295634380877117
1712,2.5499959074862573,2.54999425343474,2.549987626061438,2.5499696007179127,2.549923843384993,2.5498124338240102,2.549552378692674,2.5489721057897077,2.547737219104626,2.5452346421840613,2.5404093292899392,2.53156052583855,2.516125020054967,2.490497700127573,2.4499540114529825,2.388730882909946,2.3002814403676144,2.1776385716551414,2.0136909816317052,1.8009185039749012,1.5293419182086871
1713,2.549995877178478,2.549994212931648,2.5499875469404722,2.5499694257059105,2.549923450034347,2.549811568817752,2.5495505460580823,2.548968393979307,2.547730064416031,2.545221555381489,2.5403866590144,2.531523384455255,2.5160675274883766,2.4904136738340705,2.4498381239233327,2.3885801364218238,2.3000966299436607,2.1774253008981583,2.0134598214216264,1.8006840309258272,1.529120499507522
1714,2.5499958466810804,2.5499941721887285,2.5499874674015675,2.5499692498802373,2.549923055086076,2.5498107007715665,2.5495487079181136,2.548964672779908,2.547722894773269,2.545208446516652,2.54036395888894,2.5314862065689288,2.51600999558089,2.490329612159817,2.449722214032055,2.3884293900058844,2.2999118490557318,2.1772120910490735,2.013228748573442,1.8004496601027586,1.5288991818802828
1715,2.5499958159931153,2.5499941312048544,2.549987387443023,2.5499690732381057,2.549922658535661,2.5498098296785567,2.5495468642631645,2.5489609421797628,2.5477157101645647,2.545195315581835,2.540341228915581,2.531448992196957,2.5159524243680385,2.4902455151554563,2.449606281834571,2.388278643706209,2.2997270977195026,2.176998942083811,2.012997763023205,1.8002153914187473,1.5286779652252704
1716,2.5499957851136283,2.5499940899788958,2.5499873070631343,2.5499688957767206,2.5499222603785783,2.549808955531821,2.5495450150836327,2.548957202167133,2.547708510578163,2.5451821625693563,2.5403184690963823,2.531411741356749,2.515894813885346,2.490161382871581,2.449490327386216,2.3881278975667835,2.2995423759505815,2.1767858539782887,2.0127668647070602,1.799981224786788,1.5284568494408606
1717,2.5499957540416633,2.5499940485097192,2.5499872262601917,2.549968717493283,2.549921860610297,2.549808078324452,2.549543160369918,2.5489534527302906,2.5477012960023333,2.5451689874715675,2.5402956794334357,2.5313744540657344,2.515837164168326,2.4900772153587365,2.4493743507422403,2.3879771516315,2.29935768376451,2.176572826708416,2.0125360535612518,1.7997471601198427,1.5282358344253029
1718,2.54999572277626,2.549994006796187,2.5499871450324814,2.549968538384987,2.549921459226282,2.5498071980495394,2.5495413001124176,2.548949693857516,2.547694066425364,2.5451557902808513,2.5402728599288715,2.5313371303413685,2.515779475252487,2.4899930126674152,2.4492583519578055,2.387826405944147,2.299173021176756,2.176359860250097,2.0123053295220865,1.7995131973309364,1.5280149200781434
1719,2.5499956913164548,2.549993964837158,2.5499870633782855,2.5499683584490227,2.54992105622199,2.549806314700169,2.549539434301532,2.548945925537099,2.5476868218355655,2.545142570989624,2.5402500105848542,2.531299770201129,2.5157217471733277,2.4899087748480615,2.449142331087988,2.3876756605484197,2.2989883882027207,2.1761469545792287,2.012074692525967,1.7992793363331019,1.5277941062989988
1720,2.5499956596612807,2.5499939226314874,2.5499869812958806,2.5499681776825738,2.549920651592874,2.549805428269421,2.54953756292766,2.548942147757341,2.5476795622212696,2.5451293295903326,2.540227131403583,2.5312623736625133,2.51566397996634,2.489824501951069,2.4490262881877807,2.38752491548792,2.298803784857741,2.1759341096717026,2.011844142509391,1.799045577039409,1.527573392987525
1721,2.5499956278097673,2.5499938801780258,2.5499868987835397,2.549967996082819,2.5499202453343797,2.549804538750372,2.549535685981202,2.548938360506549,2.5476722875708306,2.54511606607546,2.540204222387295,2.531224940743046,2.5156061736670075,2.489740194026782,2.4489102233120854,2.3873741708061442,2.2986192111570762,2.175721325503401,2.0116136794089177,1.7988119193629042,1.5273527800447095
1722,2.549995595760941,2.5499938374756215,2.5499868158395307,2.5499678136469304,2.5499198374419474,2.5498036461360933,2.549533803452559,2.5489345637730434,2.5476649978726242,2.5451027804375204,2.5401812835382622,2.531187471460274,2.515548328310807,2.4896558511254945,2.4487941365157178,2.3872234265464933,2.2984346671159197,2.175508602050199,2.0113833031611987,1.7985783632166636,1.5271322673717378
1723,2.5499955635138245,2.5499937945231186,2.5499867324621164,2.549967630372076,2.549919427911012,2.5498027504196537,2.549531915332131,2.5489307575451514,2.5476576931150476,2.5450894726690603,2.54015831485879,2.531149965831764,2.5154904439332046,2.4895714732974508,2.448678027853411,2.387072682752278,2.2982501527494006,2.1752959392879685,2.0111530137029794,1.7983449085138141,1.5269118548696763
1724,2.5499955310674367,2.5499937513193562,2.5499866486495564,2.549967446255418,2.549919016737002,2.549801851594116,2.5495300216103223,2.548926941811212,2.5476503732865194,2.545076142762657,2.5401353163512184,2.5311124238751037,2.515432520569657,2.489487060592846,2.4485618973798142,2.3869219394667143,2.2980656680725824,2.1750833371925764,2.010922810971097,1.7981115551675237,1.5266915424396241
1725,2.549995498420793,2.5499937078631714,2.5499865644001045,2.549967261294113,2.5499186039153394,2.549800949652539,2.549528122277533,2.548923116559572,2.5476430383754805,2.5450627907109236,2.540112288017926,2.5310748456079084,2.5153745582556164,2.4894026130618236,2.4484457451494843,2.3867711967329117,2.297881213100451,2.1748707957398774,2.0106926949024535,1.7978783030909165,1.5264713299842334
1726,2.5499954655729073,2.549993664153397,2.5499864797120106,2.5499670754853128,2.549918189441442,2.549800044587978,2.549526217324167,2.5489192817785886,2.547635688370392,2.545049416506505,2.540089229861326,2.5310372310478146,2.5153165570265266,2.4893181307544796,2.448329571216894,2.3866204545938867,2.2976967878479266,2.174658314905722,2.010462665434045,1.797645152197161,1.526251217406128
1727,2.5499954325227865,2.549993620188861,2.5499863945835206,2.5499668888261606,2.5499177733107214,2.5497991363934838,2.5495243067406275,2.5489154374566287,2.5476283232597385,2.545036020142076,2.5400661418838637,2.5309995802124763,2.515258516917819,2.489233613720858,2.4482133756364357,2.386469713092569,2.2975123923298706,2.174445894665958,2.0102327225029586,1.7974121023995289,1.5260312046075144
1728,2.549995399269437,2.5499935759683887,2.549986309012874,2.549966701313798,2.5499173555185832,2.549798225062103,2.5495223905173203,2.548911583582069,2.547620943032025,2.5450226016103454,2.5400430240880185,2.5309618931195694,2.5152004379649173,2.489149062010955,2.448097158462416,2.3863189722717912,2.297328026561075,2.174233534996428,2.0100028660463676,1.7971791536113126,1.525811291491006
1729,2.5499953658118604,2.549993531490801,2.549986222998308,2.549966512945359,2.5499169360604275,2.549797310586878,2.549520468644649,2.5489077201432946,2.547613547675779,2.5450091609040553,2.5400198764763093,2.5309241697867986,2.5151423202032404,2.489064475674715,2.44798091974905,2.3861682321742808,2.2971436905562563,2.1740212358729627,2.0097730960015228,1.7969463057457538,1.5255914779603712
1730,2.5499953321490545,2.549993486754915,2.5499861365380534,2.5499663237179724,2.5499165149316476,2.549796392960846,2.5495185411130197,2.5489038471287015,2.5476061371795486,2.54499569801598,2.539996699051288,2.5308864102318864,2.5150841636681958,2.488979854762034,2.44786465955047,2.3860174928426736,2.2969593843300666,2.1738089972713888,2.009543412305764,1.7967135587161573,1.5253717639193514
1731,2.5499952982800154,2.549993441759545,2.549986049630337,2.549966133628762,2.549916092127632,2.549795472177042,2.5495166079128393,2.5488999645266963,2.5475987115319048,2.5449822129389235,2.5399734918155374,2.530848614472574,2.5150259683951806,2.4888951993227586,2.4477483779207287,2.385866754319522,2.2967751078971004,2.1735968191675332,2.0093138148965086,1.7964809124360006,1.5251521492713185
1732,2.549995264203733,2.5499933965035013,2.5499859622733814,2.549965942674846,2.5499156676437633,2.5497945482284967,2.5495146690345156,2.548896072325695,2.5475912707214396,2.544968705665724,2.5399502547716772,2.5308107825266255,2.5149677344195833,2.488810509406685,2.4476320749137916,2.385716016647276,2.2965908612718815,2.1733847015372145,2.0090843037112633,1.7962483668187224,1.5249326339203213
1733,2.549995229919196,2.5499933509855897,2.5499858744654045,2.5499657508533375,2.5499152414754183,2.549793621108235,2.549512724468456,2.548892170514121,2.547583814736766,2.5449551761892533,2.539926987922364,2.5307729144118305,2.5149094617767873,2.4887257850635582,2.447515750583535,2.385565279868287,2.2964066444688602,2.1731726443562414,2.008854878687622,1.7960159217777423,1.5247132177709943
1734,2.549995195425389,2.549993305204612,2.549985786204619,2.549965558161343,2.549914813617968,2.5497926908092787,2.549510774205069,2.5488882590804103,2.5475763435665204,2.544941624502414,2.539903691270287,2.5307350101459987,2.5148511505021647,2.488641026343076,2.447399404983752,2.3854145440248127,2.2962224575024233,2.17296064760042,2.0086255397632633,1.7957835772265551,1.5244939007280847
1735,2.5499951607212923,2.5499932591593666,2.5499856974892348,2.549965364595965,2.5499143840667786,2.549791757324646,2.549508818234766,2.548884338013008,2.547568857199359,2.544928050598138,2.539880364818167,2.5306970697469535,2.514792800631075,2.4885562332948856,2.4472830381681594,2.3852638091590306,2.2960383003869036,2.1727487112455584,2.008396286875922,1.7955513330788822,1.5242746826961306
1736,2.5499951258058826,2.5499932128486478,2.549985608317454,2.549965170154298,2.5499139528172092,2.5497908206473503,2.549506856547958,2.5488804073003695,2.5475613556239614,2.5449144544693936,2.5398570085687617,2.530659093232548,2.5147344121988726,2.488471405968583,2.4471666501903813,2.3851130753130128,2.2958541731365574,2.172536835267452,2.0081671199634403,1.7953191892483336,1.5240555635803728
1737,2.5499950906781343,2.5499931662712467,2.5499855186874774,2.5499649748334337,2.5499135198646146,2.549789880770402,2.5495048891350556,2.548876466930958,2.5475538388290273,2.544900836109179,2.539833622524864,2.530621080620654,2.514675985240903,2.4883865444137157,2.447050241103958,2.3849623425287354,2.2956700757655732,2.1723250196418915,2.0079380389637427,1.7950871456485682,1.5238365432863246
1738,2.549995055337017,2.5499931194259498,2.549985428597499,2.549964778630457,2.5499130852043423,2.549788937686805,2.549502915986472,2.5488725168932485,2.5475463068032793,2.544887195510526,2.539810206689301,2.5305830319291664,2.514617519792502,2.4883016486797818,2.446933810962346,2.3848116108480832,2.295486008288076,2.172113264344663,2.007709043814834,1.7948552021933173,1.5236176217197064
1739,2.5499950197814982,2.54999307231154,2.5499853380457096,2.549964581542448,2.5499126488317354,2.549787991389562,2.54950093709262,2.548868557175725,2.5475387595354606,2.5448735326664975,2.5397867610649305,2.530544947175997,2.514559015888994,2.4882167188162296,2.446817359818921,2.3846608803128535,2.29530197071813,2.171901569351552,2.0074801344547843,1.7946233587964557,1.5233987987862951
1740,2.549994984010542,2.549993024926798,2.549985247030295,2.5499643835664823,2.5499122107421304,2.5497870418716704,2.5494989524439164,2.5488645877668827,2.547531197014337,2.5448598475701876,2.539763285654646,2.530506826379079,2.514500473565694,2.488131754872459,2.4467008877269754,2.384510150964752,2.2951179630697354,2.171689934638343,2.007251310821742,1.794391615371927,1.5231800744329635
1741,2.5499949480231043,2.549992977270499,2.5499851555494355,2.5499641846996264,2.54991177093086,2.549786089126125,2.549496962030776,2.5488606086552257,2.5475236192286954,2.544846140214722,2.5397397804613724,2.5304686695563636,2.5144418928579073,2.488046756897816,2.446584394739716,2.3843594228453857,2.2949339853568245,2.171478360180807,2.0070225728539404,1.7941599718337005,1.52296145160622
1742,2.5499949118181435,2.5499929293414123,2.549985063601308,2.549963984938945,2.5499113293932485,2.5497851331459147,2.5494949658436137,2.5488566198292686,2.547516026167344,2.5448324105932603,2.5397162454880724,2.5304304767258294,2.5143832738009326,2.487961724941602,2.4464678809102653,2.384208695996272,2.294750037593264,2.1712668459547175,2.0067939204896925,1.7939284280957943,1.5227429298012918
1743,2.549994875394611,2.5499928811383077,2.5499849711840836,2.5499637842814957,2.549910886124617,2.549784173924027,2.5494929638728507,2.5488526212775366,2.547508417819116,2.544818658698991,2.5396926807377413,2.530392247905471,2.5143246164300557,2.4878766590530663,2.4463513462916624,2.384057970458833,2.2945661197928593,2.171055391935843,2.00656535366739,1.7936969840723156,1.5225245079584175
1744,2.549994838751457,2.5499928326599477,2.54998487829593,2.549963582724331,2.5499104411202804,2.549783211453442,2.5494909561089045,2.5488486129885635,2.5475007941728602,2.5448048845251394,2.539669086213406,2.530353983113304,2.514265920780555,2.4877915592814075,2.446234790936864,2.3839072462744024,2.294382231969346,2.170843998099946,2.006336872325501,1.7934656396774424,1.5223061856436226
1745,2.549994801887625,2.5499927839050924,2.5499847849350092,2.549963380264499,2.549909994375546,2.549782245727139,2.5494889425421947,2.548844594950894,2.5474931552174533,2.5447910880649567,2.5396454619181292,2.5303156823673634,2.5142071868876954,2.4877064256757775,2.446118214898744,2.3837565234842204,2.2941983741364034,2.1706326644227887,2.0061084764025674,1.7932343948254281,1.522087962571981
1746,2.5499947648020576,2.5499927348724993,2.5499846910994806,2.549963176899039,2.549909545885719,2.5497812767380914,2.549486923163143,2.548840567153083,2.5474855009417903,2.54477726931173,2.539621807855006,2.530277345685708,2.5141484147867375,2.4876212582852735,2.4460016182300883,2.3836058021294315,2.2940145463076367,2.1704213908801266,2.0058801658372127,1.7930032494306172,1.5218698385249683
1747,2.5499947274936936,2.5499926855609187,2.5499845967874957,2.5499629726249884,2.549909095646095,2.5497803044792717,2.5494848979621723,2.548836529583695,2.5474778313347874,2.544763428258776,2.5395981240271643,2.5302389730864117,2.5140896045129275,2.48753605715895,2.445885000983609,2.383455082251097,2.2938307484965983,2.170210177447715,2.005651940568128,1.792772203407453,1.5216518133122094
1748,2.5499946899614647,2.5499926359691005,2.549984501997203,2.549962767439378,2.549908643651969,2.549779328943645,2.549482866929706,2.548832482231305,2.547470146385383,2.5447495648994423,2.5395744104377647,2.5302005645875703,2.5140307561015036,2.487450822345811,2.4457683632119323,2.383304363890188,2.2936469807167765,2.1699990241013056,2.0054238005340808,1.79254125667053,1.5214338867674342
1749,2.549994652204304,2.5499925860957884,2.549984406726749,2.549962561339234,2.5499081898986247,2.5497783501241753,2.5494808300561687,2.5488284250844986,2.5474624460825392,2.54473567922711,2.539550667090001,2.530162120207301,2.513971869587693,2.487365553894807,2.4456517049675996,2.383153647087577,2.293463242981588,2.169787930816646,2.005195745673916,1.7923104091346824,1.5212160587407795
1750,2.5499946142211383,2.5499925359397215,2.5499843109742715,2.5499623543215746,2.549907734381345,2.549777368013822,2.549478787331987,2.5488243581318692,2.5474547304152364,2.5447217712351895,2.539526893987102,2.530123639963736,2.5139129450067137,2.487280251854842,2.445535026303072,2.3830029318840493,2.293279535304394,2.1695768975694794,2.0049677759265494,1.792079660715005,1.5209983290918383
1751,2.5499945760108913,2.5499924854996388,2.5499842147379055,2.549962146383415,2.5499072770954063,2.5497763826055384,2.549476738747588,2.548820281362025,2.5474469993724784,2.544707840917127,2.5395030911323273,2.530085123875033,2.513853982393772,2.4871949162747673,2.4454183272707253,2.3828522183203,2.2930958576984874,2.169365924335551,2.0047398912309733,1.7918490113269654,1.5207806976881602
1752,2.5499945375724833,2.5499924347742717,2.549984118015781,2.5499619375217635,2.5499068180360767,2.5497753938922787,2.549474684293401,2.548816194763579,2.547439252943293,2.544693888266396,2.5394792585289725,2.530046571959367,2.5137949817840646,2.487109547203388,2.445301607922853,2.3827015064369292,2.292912210177101,2.1691550110905995,2.0045120915262515,1.7916184608864347,1.52056316440267
1753,2.5499944989048293,2.5499923837623504,2.549984020806023,2.5499617277336237,2.549906357198622,2.5497744018669906,2.5494726239598564,2.548812098325158,2.5474314911167277,2.544679913276504,2.5394553961803648,2.530007984234932,2.5137359432127777,2.487024144689458,2.445184868311667,2.3825507962744497,2.2927285927534045,2.1689441578103628,2.0042843767515204,1.7913880093096892,1.5203457291132634
1754,2.5499944600068423,2.5499923324625975,2.549983923106754,2.549961517015994,2.5499058945782993,2.549773406522618,2.5494705577373846,2.5488079920354005,2.547423713881851,2.5446659159409895,2.5394315040898623,2.5299693607199423,2.5136768667150875,2.4869387087816803,2.4450681084892967,2.3824000878732847,2.292545005440505,2.1687333644705746,2.004056746845988,1.7911576565134288,1.5201283917011401
1755,2.5499944208774314,2.549992280873735,2.549983824916088,2.5499613053658674,2.549905430170363,2.549772407852101,2.54946848561642,2.5488038758829505,2.547415921227753,2.5446518962534226,2.539407582260858,2.5299307014326295,2.5136177523261605,2.4868532395287106,2.4449513285077917,2.382249381273767,2.2923614482514467,2.16852263104697,2.0038292017489305,1.790927402414714,1.5199111520509276
1756,2.5499943815155026,2.5499922289944807,2.5499837262321385,2.5499610927802308,2.5499049639700617,2.549771405848377,2.5494664075873956,2.5487997498564665,2.5474081131435473,2.5446378542074015,2.5393836306967756,2.5298920063912456,2.5135586000811503,2.486767736979156,2.444834528419118,2.3820986765161414,2.292177921199215,2.1683119575152796,2.0036017413996983,1.790697246930916,1.5196940100497516
1757,2.549994341919958,2.549992176823547,2.549983627053012,2.549960879256065,2.5499044959726374,2.549770400504379,2.5494643236407484,2.5487956139446135,2.5474002896183676,2.5446237897965593,2.539359649401073,2.5298532756140615,2.5134994100152013,2.486682201181573,2.444717708275161,2.381947973640562,2.2919944242967296,2.1681013438512333,2.0033743657377103,1.7904671899798066,1.5194769655884506
1758,2.5499943020896945,2.5499921243596435,2.5499835273768103,2.5499606647903468,2.549904026173327,2.549769391813038,2.5494622337669153,2.548791468136071,2.547392450641369,2.5446097030145594,2.53933563837724,2.5298145091193676,2.513440182163447,2.486596632184469,2.4446008681277243,2.3817972726870944,2.2918109575568515,2.1678907900305577,2.003147074702455,1.790237231479293,1.519260018557755
1759,2.5499942620236062,2.5499920716014746,2.5499834272016315,2.5499604493800474,2.549903554567362,2.5497683797672805,2.5494601379563346,2.5487873124195257,2.5473845962017294,2.544595593855097,2.5393115976287985,2.5297757069254727,2.513380916561011,2.486511030036301,2.44448400802853,2.381646573695713,2.291627520992378,2.167680296028979,2.0029198682334926,1.7900073713477003,1.5190431688525574
1760,2.5499942217205853,2.549992018547742,2.549983326525568,2.5499602330221323,2.549903081149968,2.549767364360028,2.5494580361994466,2.5487831467836775,2.5473767262886486,2.5445814623118967,2.5392875271593023,2.5297368690507045,2.5133216132430043,2.4864253947854786,2.4443671280292176,2.3814958767063055,2.291444114616048,2.1674698618222203,2.00269274627045,1.789777609503343,1.5188264163664857
1761,2.549994181179519,2.5499919651971443,2.549983225346708,2.5499600157135616,2.5499026059163663,2.5497663455842,2.5494559284866924,2.5487789712172337,2.5473688408913486,2.5445673083787157,2.5392634269723384,2.52969799551341,2.5132622722445284,2.4863397264803595,2.4442502281813465,2.3813451817586686,2.291260738440536,2.1672594873860054,2.002465708753026,1.7895479458649302,1.5186097609967664
1762,2.549994140399289,2.549991911548373,2.5499831236631363,2.5499597974512898,2.5499021288617723,2.549765323432711,2.5494538148085173,2.5487747857089142,2.54736093999907,2.544553132049343,2.539239297071526,2.529659086331953,2.5132028936006736,2.4862540251692544,2.444133308536396,2.3811944888925134,2.2910773924784578,2.1670491726960557,2.002238755620986,1.7893183803510802,1.518393202639898
1763,2.5499940993787757,2.5499918576001184,2.5499830214729307,2.5499595782322655,2.5499016499813947,2.549764297898474,2.5494516951553665,2.548770590247447,2.5473530236010773,2.5445389333175976,2.5392151374605154,2.529620141524716,2.5131434773465187,2.486168290900423,2.4440163691457615,2.3810437981474606,2.290894076742366,2.166838917728092,2.002011886814166,1.7890889128807426,1.5181767411947944
1764,2.549994058116856,2.549991803351066,2.549982918774166,2.549959358053434,2.5499011692704383,2.5497632689743974,2.549449569517685,2.5487663848215742,2.547345091686658,2.5445247121773282,2.53919094814299,2.529581161110102,2.513084023517132,2.4860825237220765,2.443899410060761,2.380893109563045,2.290710791244757,2.166628722457833,2.0017851022724704,1.7888595433727623,1.517960376560457
1765,2.5499940166124015,2.5499917487998967,2.549982815564912,2.5499591369117325,2.5499006867241025,2.549762236653386,2.549447437885921,2.5487621694200455,2.5473371442451187,2.5445104686224167,2.539166729122664,2.5295421451065314,2.5130245321475693,2.4859967236823772,2.4437824313326297,2.380742423178711,2.2905275359980632,2.166418586860996,2.0015584019358736,1.7886302717462244,1.517744108637411
1766,2.549993974864281,2.5499916939452887,2.5499827118432337,2.549958914804095,2.5499002023375805,2.5497612009283426,2.5494453002505257,2.5487579440316224,2.547329181265789,2.544496202646775,2.539142480403284,2.529503093532441,2.5129650032728765,2.4859108908294383,2.4436654330125234,2.380591739033817,2.2903443110146586,2.1662085109132994,2.0013317857444184,1.788401097920088,1.5175279373262869
1767,2.5499939328713586,2.549991638785915,2.549982607607191,2.5499586917274484,2.54989971610606,2.5497601617921646,2.5494431566019498,2.548753708645076,2.54732120273802,2.544481914244347,2.5391182019886283,2.529464006406288,2.5129054369280883,2.4858250252113234,2.4435484151515157,2.3804410571676335,2.290161116306855,2.1659984945904593,2.001105253638218,1.7881720218136046,1.5173118625294835
1768,2.5499938906324964,2.5499915833204465,2.5499825028548404,2.5499584676787155,2.5498992280247244,2.5497591192377476,2.5494410069306466,2.5487494632491887,2.5473132086511847,2.544467603409106,2.5390938938825074,2.5294248837465463,2.5128458331482277,2.4857391268760467,2.443431377800601,2.3802903776193416,2.2899779518869066,2.165788537868191,2.000878805557454,1.7879430433459629,1.5170958841496043
1769,2.5499938481465514,2.5499915275475473,2.549982397584232,2.5499582426548124,2.5498987380887512,2.5497580732579816,2.5494388512270723,2.5487452078327535,2.5473051989946773,2.5444532701350564,2.539069556088762,2.529385725571708,2.5127861919683054,2.4856531958715724,2.443314321010694,2.38013970042804,2.2897948177670076,2.1655786407222104,2.0006524414423814,1.787714162436275,1.516880002089288
1770,2.5499938054123774,2.5499914714658796,2.5499822917934125,2.549958016652651,2.5498982462933126,2.549757023845755,2.549436689481683,2.5487409423845735,2.5472971737579146,2.5444389144162343,2.539045188611267,2.529346531900284,2.5127265134233236,2.485567232245817,2.4431972448326276,2.3799890256327334,2.2896117139592915,2.1653688031282314,2.000426161233321,1.7874853790039142,1.5166642162530677
1771,2.549993762428825,2.549991415074101,2.549982185480423,2.549957789669137,2.5498977526335755,2.5497559709939526,2.5494345216849377,2.5487366668934626,2.5472891329303335,2.544424536246706,2.5390207914539253,2.5293073027508024,2.5126667975482695,2.4854812360466467,2.4430801493171557,2.379838353272347,2.2894286404758333,2.1651590250619686,2.00019996487067,1.7872566929681015,1.5164485265449525
1772,2.5499937191947404,2.5499913583708653,2.5499820786433007,2.549957561701172,2.5498972571047003,2.5497549146954563,2.5494323478272967,2.5487323813482456,2.547281076501394,2.544410135620568,2.538996364620673,2.5292680381418067,2.5126070443781194,2.48539520732188,2.442963034514953,2.3796876833857152,2.28924559732865,2.164949306499135,1.9999738522948953,1.7870281042480893,1.5162329328695574
1773,2.549993675708966,2.549991301354822,2.549981971280078,2.5499573327456497,2.549896759701844,2.5497538549431433,2.5494301678992226,2.5487280857377583,2.547273004460577,2.54439571253195,2.5389719081154776,2.5292287380918617,2.51254725394784,2.485309146119285,2.442845900476612,2.379537016011586,2.2890625845296957,2.1647396474154434,1.9997478234465313,1.786799612763259,1.5160174351327225
1774,2.5499936319703402,2.549991244024616,2.5499818633887825,2.549957102799462,2.549896260420157,2.5497527917298886,2.549427981891179,2.5487237800508464,2.547264916797385,2.544381266975008,2.538947421942338,2.529189402619547,2.512487426292384,2.4852230524865813,2.4427287472526493,2.3793863511886237,2.2888796020908715,2.1645300477866085,1.9995218782661914,1.7865712184328744,1.5158020332397129
1775,2.5499935879776983,2.549991186378889,2.549981754967437,2.5499568718594916,2.549895759254784,2.5497517250485635,2.549425789793633,2.5487194642763664,2.5472568135013427,2.5443667989439325,2.5389229061052836,2.529150031743461,2.512427561446694,2.4851369264714385,2.4426115748934984,2.3792356889554043,2.2886966500240153,2.164320507588343,1.9992960166945548,1.7863429211762933,1.5155867270969168
1776,2.549993543729871,2.5499911284162797,2.54998164601406,2.549956639922619,2.5498952562008665,2.5497506548920366,2.549423591597052,2.5487151384031854,2.5472486945619965,2.5443523084329422,2.538898360608376,2.52911062548222,2.5123676594457005,2.485050768121478,2.4424943834495147,2.379085029350417,2.2885137283409076,2.1641110267963595,1.9990702386723744,1.7861147209128867,1.5153715166111275
1777,2.549993499225687,2.5499910701354205,2.549981536526664,2.5499564069857166,2.5498947512535395,2.549749581253172,2.5494213872919063,2.548710802420182,2.5472405599689143,2.5443377954362885,2.5388737854557055,2.529071183854454,2.5123077203243205,2.4849645774842726,2.4423771729709767,2.37893437241207,2.2883308370532736,2.1639016053863718,1.9988445441404812,1.785886617562023,1.5151564016890564
1778,2.5499934544639697,2.5499910115349413,2.5499814265032574,2.549956173045653,2.549894244407932,2.5497485041248322,2.549419176868668,2.5487064563162454,2.5472324097116856,2.544323259948252,2.5388491806513955,2.5290317068788135,2.5122477441174604,2.4848783546073454,2.4422599435080796,2.3787837181786817,2.2881479761727768,2.163692243334092,1.9986189330397721,1.7856586110431023,1.514941382238333
1779,2.5499934094435397,2.549990952613468,2.5499813159418454,2.5499559380992913,2.549893735659169,2.5497474234998756,2.549416960317811,2.5487021000802743,2.547224243779922,2.5443087019631436,2.538824546199599,2.5289921945739646,2.5121877308600142,2.4847920995381707,2.442142695110942,2.378633066688486,2.2879651457110244,2.163482940615234,1.99839340531122,1.7854307012755521,1.5147264581666937
1780,2.5499933641632113,2.5499908933696207,2.549981204840427,2.5499557021434907,2.549893225002369,2.5497463393711572,2.5494147376298115,2.54869773370118,2.547216062163256,2.5442941214753034,2.538799882104499,2.5289526469585892,2.5121276805868638,2.4847058123241736,2.442025427829605,2.3784824179796367,2.287782345679568,2.1632736972055127,1.9981679608958718,1.7852028881788404,1.5145116293820142
1781,2.549993318621798,2.549990833802018,2.5499810931969975,2.549955465175102,2.5498927124326465,2.5497452517315295,2.549412508795147,2.548693357167884,2.5472078648513414,2.544279518479105,2.5387751883703116,2.5289130640513893,2.5120675933328793,2.4846194930127306,2.4419081417140274,2.378331772090194,2.2875995760898977,2.16306451308064,1.9979425997348437,1.7849751716724178,1.5142968957930703
1782,2.5499932728181083,2.549990773909273,2.5499809810095466,2.549955227190973,2.5498921979451095,2.5497441605738413,2.549410273804298,2.548688970469317,2.5471996518338553,2.54426489296895,2.5387504650012835,2.5288734458710826,2.5120074691329197,2.4845331416511685,2.4417908368140884,2.378181129058137,2.2874168369534447,2.16285538821633,1.997717321769325,1.7847475516757696,1.514082257308855
1783,2.5499932267509466,2.549990713689995,2.5499808682760587,2.549954988187945,2.549891681534862,2.5497430658909392,2.5494080326477464,2.5486845735944237,2.547191423100495,2.5442502449392714,2.5387257120016886,2.5288337924364,2.511947308021829,2.484446758286766,2.441673513179594,2.3780304889213633,2.28723412828159,2.1626463225882993,1.9974921269405788,1.7845200281084512,1.5138677138381917
1784,2.549993180419115,2.5499906531427885,2.549980754994515,2.5499547481628535,2.5498911631970023,2.549741967675665,2.5494057853159773,2.548680166532157,2.54718317864098,2.5442355743845315,2.538700929375834,2.5287941037660926,2.5118871100344404,2.484360342966753,2.44155617086027,2.377879851717685,2.287051450085655,2.1624373161722628,1.9972670151899412,1.7842926008900346,1.513653265290362
1785,2.54999313382141,2.5499905922662554,2.5499806411628914,2.5499545071125302,2.5498906429266235,2.549740865920858,2.5494035317994763,2.5486757492714815,2.547174918445052,2.5442208812992244,2.538676117128057,2.5287543798789285,2.511826875205576,2.4842738957383093,2.44143880990576,2.377729217484825,2.286868802376899,2.162228368943935,1.9970419864588191,1.7840652699400774,1.5134389115754352
1786,2.549993086956626,2.5499905310589925,2.549980526779158,2.5499542650338003,2.5498901207188136,2.5497397606193557,2.549401272088732,2.5486713218013723,2.547166642502473,2.544206165677874,2.538651275262727,2.528714620793691,2.5117666035700457,2.4841874166485662,2.4413214303656297,2.377578586260422,2.286686185166526,2.162019480879032,1.9968170406886931,1.7838380351781815,1.513224652603615
1787,2.5499930398235513,2.5499904695195936,2.5499804118412825,2.549954021923484,2.549889596568655,2.5497386517639917,2.549399006174236,2.5486668841108173,2.5471583508030275,2.5441914275150324,2.5386264037842374,2.5286748265291763,2.5117062951626417,2.484100905744609,2.4412040322893747,2.3774279580820448,2.2865035984656945,2.161810651953274,1.996592177821111,1.7836108965240896,1.5130104882845476
1788,2.549992992420973,2.5499904076466464,2.5499802963472264,2.5499537777783963,2.549889070471226,2.5497375393475963,2.549396734046481,2.5486624361888137,2.5471500433365217,2.5441766668052828,2.5386015026970177,2.5286349971042017,2.5116459500181496,2.4840143630734697,2.4410866157264044,2.377277332987164,2.2863210422854943,2.161601882142378,1.996367397797697,1.7833838538974724,1.512796418528988
1789,2.5499929447476726,2.549990345438736,2.5499801802949467,2.5499535325953464,2.549888542421598,2.5497364233629964,2.549394455695962,2.548657978024369,2.5471417200927835,2.5441618835432402,2.538576572005526,2.5285951325375993,2.5115855681713413,2.483927788682134,2.4409691807260514,2.377126711013168,2.286138516636961,2.161393171422061,1.9961427005601475,1.7831569072180433,1.5125824432479078
1790,2.5499928968024284,2.549990282894444,2.5499800636823955,2.5499532863711387,2.5498880124148386,2.5497353038030166,2.5493921711131757,2.548653509606503,2.547133381061662,2.5441470777235486,2.5385516117142517,2.5285552328482184,2.511525149656975,2.483841182617538,2.440851727337571,2.3769760921973644,2.2859560215310744,2.1611845197680424,1.9959180860502292,1.782930056405572,1.5123685623524303
1791,2.5499928485840138,2.5499902200123463,2.54997994650752,2.5499530391025718,2.5498874804460105,2.5497341806604803,2.549389880288624,2.548649030924247,2.5471250262330276,2.54413224934088,2.538526621827707,2.528515298054917,2.5114646945097934,2.483754544926571,2.4407342556101477,2.3768254765769874,2.285773556978769,2.1609759271560485,1.9956935542097642,1.7827033013800049,1.5121547757533293
1792,2.5499928000911996,2.549990156791016,2.5499798287682625,2.54995279078644,2.5498869465101706,2.549733053928205,2.5493875832128077,2.5486445419666417,2.5471166555967737,2.5441173983899388,2.5385016023504434,2.5284753281765777,2.5114042027645307,2.4836678756560717,2.4406167655928788,2.3766748641891735,2.28559112299091,2.160767393561798,1.995469104980666,1.782476642061153,1.511941083362423
1793,2.5499927513227525,2.549990093229021,2.5499797104625617,2.5499525414195308,2.5498864106023706,2.5497319235990057,2.549385279876231,2.5486400427227403,2.547108269142814,2.5441025248654596,2.538476553287038,2.528435323232097,2.511343674455908,2.48358117485283,2.440499257334787,2.37652425507098,2.28540871957831,2.160558918961014,1.9952447383049128,1.7822500783689272,1.5117274850915239
1794,2.5499927022774354,2.5499900293249267,2.549979591588351,2.549952290998627,2.549885872717658,2.5497307896656958,2.5493829702694013,2.548635533181605,2.547099866861085,2.544087628762205,2.5384514746420974,2.5283952832403847,2.511283109618632,2.483494442563588,2.440381730884819,2.376373649259385,2.2852263467517298,2.160350503329421,1.9950204541245453,1.7820236102233267,1.5115139808525784
1795,2.549992652954007,2.5499899650772924,2.549979472143559,2.549952039520507,2.5498853328510735,2.5497296521210857,2.549380654382828,2.5486310133323116,2.5470914487415426,2.544072710074968,2.538426366420256,2.528355208220365,2.5112225082873953,2.4834076788350385,2.440264186291848,2.3762230467912895,2.285044004521879,2.1601421466427486,1.9947962523816638,1.7817972375444693,1.5113005705575817
1796,2.549992603351223,2.549989900484675,2.5499793521261096,2.5499517869819424,2.549884790997655,2.5497285109579817,2.5493783322070227,2.548626483163945,2.547083014774167,2.544057768798572,2.5384012286261823,2.528315098190981,2.5111618704968803,2.483320883713826,2.4401466236046634,2.3760724477035007,2.284861692899403,2.159933848876722,1.994572133018459,1.7815709602523906,1.5110872541191207
1797,2.549992553467834,2.549989835545627,2.549979231533922,2.5499515333797,2.5498842471524332,2.549727366169188,2.549376003732499,2.5486219426656014,2.547074564948958,2.5440428049278707,2.538376061264573,2.5282749531711923,2.5111011962817558,2.4832340572465466,2.4400290428719784,2.3759218520327465,2.2846794118948934,2.159725610007069,1.994348095977184,1.7813447782672234,1.5108740314498885
1798,2.5499925033025868,2.549989770258695,2.5499791103649105,2.549951278710542,2.549883701310435,2.5497262177475055,2.5493736689497726,2.5486173918263892,2.547066099255939,2.5440278184577463,2.538350864340152,2.52823477317997,2.5110404856766766,2.4831471994797467,2.439911444142433,2.3757712598156773,2.284497161518892,2.1595174300095215,1.9941241412001502,1.7811186915091999,1.5106609024627007
1799,2.549992452854226,2.549989704622424,2.549978988616985,2.5499510229712237,2.5498831534666824,2.5497250656857333,2.5493713278493635,2.5486128306354288,2.5470576176851525,2.5440128093831107,2.5383256378576724,2.528194558236302,2.510979738716284,2.4830603104599254,2.4397938274645905,2.375620671088861,2.2843149417818864,2.1593093088598114,1.9939002686297342,1.7808926998986265,1.5104478670705543
1800,2.549992402121491,2.5499896386353527,2.5499788662880496,2.549950766158497,2.5498826036161915,2.5497239099766666,2.5493689804217925,2.54860825908185,2.547049120226665,2.543997777698906,2.5383003818219194,2.528154308359192,2.5109189554352076,2.482973390233533,2.439676192886935,2.3754700858887823,2.2841327526943065,2.159101246533673,1.9936764782083884,1.7806668033558275,1.5102349251867548
