时间/s,0.0,0.1,0.2,0.3,0.4,0.5,0.6,0.7,0.8,0.9,1.0,1.1,1.2,1.3,1.4,1.5,1.6,1.7,1.8,1.9,2.0
0,28.0,28.0,28.0,28.0,28.0,28.0,28.0,28.0,28.0,28.0,28.0,28.0,28.0,28.0,28.0,28.0,28.0,28.0,28.0,28.0,28.0
1,28.0,28.0,28.0,28.0,28.0,28.0,28.0,28.0,28.0,28.0,28.0,28.0,28.0,28.0,28.0,28.0,28.0,28.000000000000966,28.00000000616359,28.000003097216563,28.000186591338206
2,28.0,28.0,28.0,28.0,28.0,28.0,28.0,28.0,28.0,28.0,28.0,28.0,28.0,28.0,28.0,28.0,28.000000000016257,28.00000000710537,28.000000893782897,28.000035651335395,28.0005252248194
3,28.0,28.0,28.0,28.0,28.0,28.0,28.0,28.0,28.0,28.0,28.0,28.0,28.0,28.0,28.000000000000057,28.00000000001745,28.000000002990134,28.000000219911897,28.000007264321823,28.000115200802213,28.00096130327165
4,28.0,28.0,28.0,28.0,28.0,28.0,28.0,28.0,28.0,28.0,28.0,28.0,28.0,28.000000000000057,28.000000000009095,28.000000000945136,28.000000051801692,28.000001530415204,28.00002525369149,28.00024429033118,28.001475367474427
5,28.0,28.0,28.0,28.0,28.0,28.0,28.0,28.0,28.0,28.0,28.0,28.0,28.0,28.00000000000358,28.00000000026472,28.0000000120167,28.000000329335705,28.0000055664421,28.000059703043974,28.000421759247672,28.0020561799829
6,28.0,28.0,28.0,28.0,28.0,28.0,28.0,28.0,28.0,28.0,28.0,28.0,28.00000000000108,28.00000000006986,28.000000002773334,28.000000071958198,28.000001235202888,28.000014283394705,28.000113916576765,28.00064558428346,28.0026961643012
7,28.0,28.0,28.0,28.0,28.0,28.0,28.0,28.0,28.0,28.0,28.0,28.000000000000398,28.000000000017792,28.000000000639716,28.00000001591087,28.000000275937225,28.000003377069106,28.00002962686216,28.000190050882566,28.00091362802692,28.0033897623519
8,28.0,28.0,28.0,28.0,28.0,28.0,28.0,28.0,28.0,28.0,28.00000000000017,28.000000000004377,28.00000000014785,28.000000003553566,28.000000062043284,28.000000793384174,28.000007510893,28.000053366531574,28.000289477341823,28.001223857491368,28.004132670766865
9,28.0,28.0,28.0,28.0,28.0,28.0,28.0,28.0,28.0,28.0,28.00000000000108,28.000000000034333,28.00000000080081,28.000000014038562,28.000000185829265,28.000001871243,28.000014473698116,28.00008704009656,28.000413037720023,28.00157440288308,28.00492142971308
10,28.0,28.0,28.0,28.0,28.0,28.0,28.0,28.0,28.0,28.000000000000227,28.000000000008015,28.0000000001819,28.00000000319659,28.000000043490957,28.000000460694366,28.000003825908834,28.000025128815935,28.00013195101917,28.00056121463774,28.001963563520917,28.005753178993643
11,28.0,28.0,28.0,28.0,28.0,28.0,28.0,28.0,28.000000000000114,28.000000000001876,28.00000000004178,28.000000000732655,28.000000010187136,28.000000112528312,28.00000099225025,28.000007029336132,28.00004032749837,28.000189188602974,28.000734244793193,28.00238979631706,28.006625502722386
12,28.0,28.0,28.0,28.0,28.0,28.0,28.0,28.0,28.000000000000398,28.00000000000955,28.000000000169166,28.00000000239163,28.000000027350893,28.00000025375192,28.00000191866951,28.000011893592614,28.000060884642608,28.000259655171874,28.000932194809536,28.002851699398207,28.00753632520872
13,28.0,28.0,28.0,28.0,28.0,28.0,28.0,28.000000000000114,28.00000000000233,28.000000000039336,28.00000000056326,28.00000000663107,28.000000064237327,28.000000513837392,28.00000340870656,28.000018856370275,28.00008756488745,28.000344093508374,28.00115501293442,28.003347995514105,28.00848383800428
14,28.0,28.0,28.0,28.0,28.0,28.0,28.0,28.00000000000051,28.000000000009265,28.000000000133298,28.00000000160702,28.00000001614825,28.00000013561612,28.000000954779807,28.000005658179703,28.00002836860301,28.000121075901745,28.000443111828304,28.00140256464016,28.003877516851844,28.00946644727111
15,28.0,28.0,28.0,28.0,28.0,28.0,28.000000000000057,28.00000000000216,28.00000000003189,28.000000000389946,28.000000004042192,28.00000003540356,28.000000262598803,28.000001654321295,28.00000888568468,28.000040884467012,28.00016206622945,28.000557205493067,28.001674657718866,28.004439191660595,28.010482734443087
16,28.0,28.0,28.0,28.0,28.0,28.0,28.000000000000398,28.00000000000756,28.000000000094985,28.000000001009994,28.000000009170947,28.000000071200134,28.000000473548198,28.000002705659995,28.000013328053342,28.00005685369581,28.000211126098804,28.000686775386157,28.001971059948744,28.005032032714325,28.01153142645626
17,28.0,28.0,28.0,28.0,28.0,28.000000000000114,28.000000000001876,28.000000000023363,28.0000000002525,28.000000002364175,28.000000019097456,28.000000133259164,28.000000804721992,28.00000421661389,28.000019235957325,28.000076715873206,28.00026878988416,28.000832143307207,28.0022915118505,28.00565512740235,28.012611372524077
18,28.0,28.0,28.0,28.0,28.0,28.00000000000057,28.000000000005798,28.000000000063324,28.000000000608225,28.000000005083507,28.000000037000234,28.000000234755703,28.000001300653537,28.000006308403954,28.000026869846238,28.000100896347305,28.000335539500725,28.000993564823432,28.00263573593452,28.006307629222533,28.013721525766357
19,28.0,28.0,28.0,28.0,28.000000000000114,28.00000000000142,28.00000000001603,28.000000000156717,28.000000001347075,28.000000010170652,28.00000006742289,28.000000392784273,28.00000201427065,28.000009114189595,28.00003649634874,28.000129803486118,28.00041180824951,28.001171239889516,28.00300344337461,28.00698875051296,28.014860928574024
20,28.0,28.0,28.0,28.0,28.00000000000034,28.00000000000415,28.000000000040473,28.000000000356522,28.00000000277697,28.00000001913088,28.000000116566525,28.00000062873403,28.000003006795794,28.000012777491236,28.00004838516753,28.000163826929906,28.00049798475345,28.001365321694664,28.0033943389447,28.00769775618727,28.016028700651532
21,28.0,28.0,28.0,28.000000000000057,28.00000000000108,28.00000000001063,28.000000000094587,28.000000000755733,28.00000000538131,28.000000034116113,28.0000001925701,28.00000096857167,28.00000434746795,28.000017450582845,28.000062806444078,28.000203336593984,28.000594416829472,28.0015759240639,28.003808124674606,28.00843395830293,28.017224029142426
22,28.0,28.0,28.000000000000057,28.000000000000284,28.000000000002785,28.00000000002524,28.000000000206,28.00000000150618,28.000000009881774,28.000000058079763,28.000000305771835,28.000001443021347,28.000006113115205,28.000023292917945,28.000080028594766,28.000248682290078,28.0007014151837,28.00180312756379,28.004244502477547,28.009196711389336,28.018446160521762
23,28.0,28.0,28.00000000000017,28.000000000000796,28.00000000000682,28.00000000005639,28.00000000042104,28.000000002843024,28.000000017310526,28.000000094936524,28.000000468937003,28.000002087651808,28.00000838762594,28.000030469635874,28.000100316544604,28.000300193752764,28.00081925686044,28.00204698463881,28.004703176110638,28.009985408365935,28.019694393746477
24,28.0,28.000000000000057,28.00000000000017,28.000000000001933,28.000000000015632,28.00000000011846,28.000000000816158,28.000000005117954,28.000000029092178,28.000000149717778,28.000000697449764,28.00000294287645,28.00001126134981,28.000039150184136,28.00012393032955,28.00035818097382,28.000948188414952,28.00230752390229,28.005183852600112,28.010799476982697,28.020968074480436
25,28.0,28.000000000000057,28.00000000000057,28.00000000000449,28.00000000003365,28.000000000234877,28.00000000150726,28.00000000883199,28.000000047127912,28.000000228724673,28.000001009469088,28.000004053885164,28.0000148304635,28.0000495070488,28.000151123974888,28.000422934733194,28.001088428847027,28.002584753802353,28.0056862432981,28.011638376661608,28.022266590106483
26,28.000000000000057,28.000000000000227,28.000000000001364,28.000000000009834,28.00000000006844,28.0000000004448,28.00000000266806,28.000000014681518,28.000000073887577,28.00000033966893,28.000001426040455,28.00000547050496,28.000019196307505,28.000061714624223,28.000182144668656,28.000494727306034,28.001240172243683,28.00287866564429,28.006210064593972,28.012501595755396,28.023589365533496
27,28.00000000000017,28.000000000000455,28.000000000003126,28.00000000002052,28.00000000013256,28.000000000806438,28.000000004546166,28.000000023600307,28.000000112499947,28.000000491801472,28.000001971168786,28.00000724700965,28.000024464731098,28.000075948214374,28.00021723215474,28.000573813250185,28.001403590169673,28.003189236155833,28.00675503841171,28.01338864912276,28.024935859563413
28,28.000000000000398,28.000000000001194,28.000000000006423,28.000000000040416,28.00000000024602,28.00000000140733,28.00000000748622,28.00000003681299,28.000000166844984,28.0000006960247,28.000002671854077,28.00000944189253,28.000030745449806,28.000092383149365,28.000256618286983,28.000660430237303,28.001578833841734,28.00351642969872,28.007320892562404,28.01429907594752,28.026305561687025
29,28.000000000000966,28.00000000000233,28.00000000001313,28.000000000076795,28.00000000043906,28.000000002371735,28.00000001195383,28.000000055886176,28.000000241640862,28.000000964988203,28.000003558094193,28.0000121176094,28.000038151429862,28.00011119402177,28.000300526742194,28.000754799913523,28.001766036086224,28.003860200139798,28.00790736094848,28.01523243780906,28.027697989306887
30,28.00000000000199,28.000000000005002,28.00000000002524,28.000000000140176,28.000000000756813,28.000000003873765,28.0000000185633,28.000000082784027,28.000000342529972,28.000001313167047,28.000004662856554,28.00001534029724,28.000046798300673,28.000132554024447,28.000349172853646,28.000857128768416,28.0019653131086,28.00422049244878,28.00851418367546,28.016188316949467,28.029112685291068
31,28.00000000000432,28.000000000010004,28.000000000047407,28.00000000024687,28.000000001263345,28.000000006149378,28.00000002810816,28.00000011992421,28.00000047615572,28.000001756922074,28.00000602201834,28.00001917947941,28.000056803805478,28.000156634397797,28.000402763557076,28.000967608992426,28.002176766066725,28.004597244041918,28.00914110707447,28.017166314739654,28.030549215845213
32,28.000000000008527,28.000000000018986,28.00000000008498,28.000000000420755,28.000000002048637,28.000000009512178,28.000000041591875,28.000000170233818,28.000000650234938,28.00000231453953,28.000007674288156,28.00002370776457,28.00006828729431,28.000183603962682,28.000461497409447,28.00108641930808,28.002400482495148,28.004990385945746,28.0097878836807,28.018166050291484,28.032007168614086
33,28.0000000000162,28.000000000034788,28.000000000147963,28.000000000696616,28.000000003235414,28.000000014369903,28.000000060264085,28.00000023720503,28.00000087362139,28.000003006258112,28.00000966110474,28.000029000545283,28.000081369255724,28.00021362872741,28.000525564665224,28.001213725770583,28.002636537593048,28.005399843807027,28.010454272171614,28.0191871591972,28.033486150978376
34,28.000000000029956,28.000000000061902,28.000000000249997,28.00000000112277,28.00000000498767,28.000000021243466,28.0000000856532,28.000000324946882,28.00000115636044,28.000003854276315,28.00001202652294,28.000035135701182,28.000096170889776,28.00024687156838,28.00059514740724,28.001349682536045,28.002884995375894,28.005825538752333,28.011140037268945,28.02022929239729,28.03498578854652
35,28.00000000005332,28.00000000010681,28.00000000041115,28.00000000176533,28.000000007519873,28.000000030786566,28.00000011960401,28.000000438237805,28.000001509737558,28.0000048827485,28.00001481708665,28.000042193304978,28.00011281371468,28.000283491961852,28.000670419709024,28.00149443259886,28.003145909735167,28.00626738814924,28.011844949623594,28.021292115136077,28.036505723779385
36,28.000000000092257,28.00000000017917,28.00000000065927,28.000000002713193,28.000000011107772,28.000000043806892,28.000000164313008,28.00000058257268,28.000001946315763,28.000006117766247,28.000018081691223,28.000050255339886,28.000131419217325,28.000323645781634,28.000751547836444,28.001648108487018,28.00341932537276,28.006725306241606,28.01256878567642,28.02237530603071,28.038045614780344
37,28.000000000155353,28.000000000292914,28.000000001032788,28.00000000408363,28.000000016100728,28.000000061289256,28.00000022236469,28.000000764206902,28.00000247996445,28.000007587325626,28.000021871437525,28.000059405428033,28.000152108542522,28.00036748514725,28.000838690471028,28.001810832915282,28.003705278636914,28.007199204693563,28.01331132750812,28.023478556227417,28.039605134212707
38,28.000000000254772,28.000000000467935,28.000000001583828,28.000000006028245,28.000000022934728,28.00000008441924,28.00000029676727,28.000000990197123,28.000003125880653,28.00000932128478,28.000026239482906,28.000069728572498,28.000175002214007,28.000415158306225,28.000931998942576,28.00198271940269,28.004003798288807,28.007688993072236,28.014072362687045,28.02460156862105,28.041183968304267
39,28.00000000040825,28.000000000731177,28.000000002381057,28.000000008740585,28.000000032145294,28.000000114606166,28.00000039098643,28.00000126843662,28.000003900601087,28.000011351314868,28.0000312408921,28.000081310914027,28.000200219886324,28.00046680954955,28.00103161747171,28.002163872854453,28.004314906199795,28.008194579271844,28.014851684112443,28.025744057136706,28.042781815938156
40,28.000000000639773,28.000000001119417,28.000000003514288,28.000000012464113,28.000000044383853,28.00000015350861,28.000000508979326,28.000001607686784,28.00000482200744,28.00001371084028,28.00003693248516,28.00009423950172,28.00022788012791,28.000522579161157,28.001137683418108,28.002354390105324,28.004638617973228,28.008715869873356,28.01564908985273,28.026905746078057,28.0443983878385
41,28.000000000982652,28.000000001682167,28.000000005099025,28.000000017500724,28.000000060432342,28.000000203058505,28.000000655224994,28.000002017605425,28.000005909325523,28.000016434976146,28.000043372687912,28.000108602074192,28.000258100223903,28.00058260338585,28.00125032753425,28.00255436043966,28.00497494352669,28.009252770470823,28.01646438298752,28.028086369510902,28.04603340580519
42,28.000000001481283,28.000000002483432,28.0000000072813,28.000000024220355,28.000000081220094,28.000000265485596,28.000000834755326,28.00000250876775,28.00000718311543,28.000019560457076,28.000050621382456,28.000124486861466,28.000290996014428,28.000647014429262,28.001369674217983,28.00276386606572,28.005323887596205,28.009805185935363,28.017297371445295,28.02928567071916,28.04768660204246
43,28.000000002193588,28.000000003606488,28.000000010244264,28.000000033071444,28.000000107840094,28.00000034334198,28.000001053181222,28.000003092685745,28.00000866525778,28.000023125562336,28.00005873976278,28.000141982398077,28.00032668175203,28.00071594047506,28.00149584176461,28.00298298256388,28.005685450202122,28.010373020653446,28.018147867848256,28.030503401691817,28.049357718536328
44,28.00000000319534,28.000000005157688,28.00000001421398,28.00000004459207,28.00000014156734,28.000000439525706,28.000001316719136,28.000003781820226,28.000010378931336,28.000027170038322,28.00006779019367,28.000161177353505,28.000365269981558,28.00078950571549,28.001628942612342,28.00321177930266,28.006059627068055,28.010956178729316,28.019015689357957,28.031739322654744,28.051046506483146
45,28.0000000045834,28.000000007270955,28.00000001946688,28.000000059421154,28.000000183875784,28.000000557303963,28.000001632213582,28.000004589591413,28.000012348590133,28.00003173501966,28.000077836073785,28.000182160370116,28.00040687143229,28.000867830392338,28.001769083586055,28.00345031983767,28.006446410016622,28.0115545641724,28.01990065752466,28.032993201622673,28.05275272575011
46,28.00000000648032,28.000000010112842,28.000000026337887,28.000000078310336,28.000000236456287,28.00000070033525,28.000002007157036,28.000005530382907,28.000014599932115,28.00003686294764,28.00008894170628,28.0002050199235,28.000451594937772,28.000951030855845,28.001916366130445,28.003698662267993,28.006845787306645,28.012168081044535,28.02080259814346,28.034264814003734,28.05447614440334
47,28.000000009038956,28.000000013888382,28.000000035227913,28.000000102138245,28.00000030123391,28.00000087269018,28.00000244970738,28.000006619543456,28.000017159866047,28.000042597488573,28.000101172172833,28.00022984418888,28.00049954736238,28.001039219624545,28.002070886537922,28.00395685958324,28.00725774396068,28.01279663360208,28.021721341112652,28.035553942216268,28.056216538248805
48,28.000000012448595,28.000000018848198,28.00000004661416,28.000000131921354,28.000000380386552,28.000001078872117,28.000002968704962,28.000007873384163,28.00002005647667,28.000048983453212,28.000114593215073,28.00025672091914,28.000550833542377,28.001132505456212,28.002232736172118,28.004224959982082,28.00768226205389,28.013440126410785,28.022656720295288,28.036860375337994,28.05797369041909
49,28.000000016940533,28.000000025294298,28.000000061058074,28.00000016882865,28.000000476361436,28.00000132383559,28.000003573684467,28.000009309174402,28.000023318984745,28.000056066714706,28.000129271118738,28.00028573733465,28.000605556239236,28.001230993422894,28.00240200168321,28.004503007177163,28.008119320986907,28.014098464452786,28.023608573387435,28.038183908772908,28.059747390978828
50,28.000000022794268,28.00000003358764,28.00000007921585,28.00000021419504,28.00000059189273,28.0000016130046,28.00000427488675,28.000010945133795,28.000026977707023,28.000063894127777,28.000145272603447,28.000316980020216,28.000663816100996,28.001334784991172,28.00257876521846,28.00479104068137,28.00856889773536,28.01477155321777,28.024576741787143,28.03952434393841,28.06153743655898
51,28.0000000303462,28.000000044157503,28.000000101849764,28.000000269535064,28.00000073001803,28.000001952288017,28.00000508326457,28.0000128004163,28.00003106401016,28.000072513450164,28.000162664727156,28.000350534847996,28.00072571165373,28.001443978112547,28.002763104612427,28.005089096042923,28.009030967040758,28.01545929875971,28.025561070475987,28.040881488008665,28.06334363006124
52,28.00000003999594,28.00000005750894,28.000000129837986,28.00000033655698,28.000000894094967,28.00000234809397,28.00000601048879,28.000014895098218,28.00003561026682,28.00008197326514,28.000181514789404,28.000386486894342,28.000791339277157,28.00155866730688,28.002955093581136,28.00539720510261,28.009505501629633,28.016161607772688,28.02656140789992,28.04225515363322,28.065165780328186
53,28.000000052215285,28.00000007423199,28.00000016418585,28.000000417176466,28.0000010878166,28.000002807344742,28.00000706895412,28.000017250163467,28.000040649811524,28.00009232290472,28.00020189023428,28.00042492035982,28.000860793190952,28.00167894374931,28.00315480191273,28.005715396235303,28.00999247241282,28.01687838765372,28.0275776058495,28.043645158672916,28.06700370183836
54,28.000000067557835,28.000000095011558,28.000000206038067,28.000000513530892,28.000001315225177,28.00000333748659,28.000008271776778,28.000019887481074,28.00004621689203,28.000103612379235,28.00022385857602,28.000465918520604,28.00093416546548,28.001804895362568,28.003362295631234,28.00604369453822,28.010491848628362,28.01760954653571,28.028609519357644,28.045051325991835,28.068857214469176
55,28.000000086666603,28.000000120637537,28.0000002566901,28.000000627992392,28.000001580728053,28.000003946500783,28.00000963279558,28.000022829785962,28.000052346624045,28.000115892304905,28.00024748731653,28.000509563665958,28.001011546020266,28.001936606904167,28.003577637169656,28.006382122042737,28.01100359801137,28.01835499333555,28.02965700659024,28.046473483223963,28.07072614322891
56,28.000000110285328,28.000000152015048,28.00000031760004,28.000000763181845,28.000001889109683,28.000004642912813,28.000011166569436,28.00002610065792,28.000059074943977,28.000129213835407,28.00027284387005,28.000555937048205,28.00109302263212,28.002074160056566,28.003800885533508,28.00673069790531,28.01152768694044,28.019114637789585,28.030719928744134,28.04791146256298,28.072610318015847
57,28.00000013926814,28.000000190174546,28.000000390400828,28.000000921982405,28.000002245545602,28.00000543579995,28.000012888373817,28.000029724497892,28.000066438561873,28.0001436285944,28.00029999549355,28.00060511883845,28.001178680948556,28.002217633516693,28.00403209645691,28.007089438586206,28.01206408057135,28.019888390482663,28.031798149947974,28.049365100564728,28.07450957339421
58,28.0000001745899,28.000000236284336,28.00000047691219,28.000001107551554,28.000002655611524,28.000006334795103,28.000014814190592,28.000033726500078,28.00007447491447,28.00015918861743,28.000329009234463,28.000657188104014,28.001268604517634,28.002367103085305,28.00427132253543,28.007458357986422,28.012612742931196,28.020676162858535,28.03289153717634,28.05083423799084,28.076423748419757
59,28.000000217355876,28.000000291659546,28.000000579152697,28.00000132333554,28.00000312529903,28.000007350098713,28.000016960710127,28.000038132633563,28.000083222118576,28.000175946278034,28.000359951844473,28.00071222274363,28.001362874784547,28.00252264175566,28.004518613403548,28.00783746766558,28.013173637092223,28.021477867268857,28.033999960138885,28.05231871957028,28.07835268636518
60,28.00000026881679,28.000000357776457,28.000000699353507,28.000001573079544,28.000003661019946,28.000008492471125,28.00001934530843,28.000042969604976,28.000092718925714,28.000193954246583,28.000392889761883,28.00077029950654,28.001461571149434,28.002684319796913,28.004774015819407,28.008226776901324,28.01374672518898,28.022293416947207,28.035123291221566,28.053818394180723,28.080296752578477
61,28.00000033037628,28.000000436282335,28.00000083996838,28.000001860840143,28.000004269617136,28.00000977324015,28.00002198604409,28.000048264836437,28.000103004677612,28.000213265429068,28.000427889046932,28.000831493950955,28.001564770980906,28.002852204840224,28.005037573813695,28.008626292860185,28.014331968548618,28.02312272604229,28.03626140794796,28.05533392742484,28.08230242318632
62,28.00000040360419,28.000000529007764,28.00000100368709,28.000002190996895,28.000004958373495,28.000011204301984,28.00002490164661,28.000054046439175,28.00011411926272,28.000233932910874,28.00046501533012,28.000895880419705,28.001672549638897,28.003026361960394,28.00530932881935,28.00903602073788,28.014929327799223,28.02396571169413,28.037414414898933,28.056871953092866,28.08436193405123
63,28.00000049024993,28.000000637980065,28.000001193448384,28.000002568265813,28.000005735023024,28.000012798125624,28.000028111509835,28.000060343188807,28.000126103076127,28.000256009909606,28.00050433377038,28.000963532020933,28.001784980494165,28.003206853737424,28.005589319762976,28.009455963867595,28.015538763948882,28.024822343309893,28.038583374879693,28.058436829848688,28.086460757883287
64,28.000000592248853,28.000000765430116,28.000001412446522,28.000002997701813,28.000006607745547,28.000014567737935,28.000031635661287,28.00006718448219,28.00013899696694,28.00027954972495,28.000545909027778,28.00103452064667,28.001902135006674,28.00339374039271,28.005877583238032,28.009886124165064,28.016160247983294,28.025692764344626,28.039769743657985,28.06002907455718,28.088593703361255
65,28.000000711737584,28.000000913807014,28.000001664145543,28.000003484712067,28.000007585178594,28.000016526726938,28.000035494756844,28.00007460031759,28.000152842204045,28.000304605695874,28.000589805224763,28.001108916951523,28.002024082736227,28.003587079838837,28.006174153669065,28.01032650425111,28.016793785271602,28.026577306347804,28.04097466849953,28.061648297747922,28.090757719184182
66,28.00000085106575,28.000001085790643,28.000001952291314,28.000004035068002,28.00000867642484,28.000018689244996,28.00003971007186,28.000082621271815,28.000167680441677,28.00033123116077,28.00063608590972,28.00118679033642,28.002150891357815,28.003786927749047,28.0064790637835,28.01077711229783,28.01743943492778,28.02747639886593,28.04219888339128,28.063293798676398,28.092950753068124
67,28.000001012809662,28.000001284304233,28.000002280924264,28.000004654914562,28.000009891057346,28.000021070003754,28.0000443034848,28.000091278472325,28.000183553680472,28.00035947941518,28.000684814027693,28.001268208945817,28.00228262670271,28.003993337722136,28.006792345795645,28.011237969061824,28.018097312195835,28.028390468998452,28.043442823159296,28.064964904035207,28.09517126978386
68,28.000001199779888,28.00000151252317,28.000002654384957,28.00000535077362,28.000011239115565,28.000023684262203,28.00004929745387,28.000100603559986,28.00020050422353,28.000389403673466,28.000736051901015,28.00135323968493,28.002419352838672,28.00420636161948,28.00711403336038,28.01170911337948,28.018767572523586,28.029319889533497,28.04470672774613,28.06666098675214,28.09741800845569
69,28.000001415036763,28.000001773887675,28.000003077327676,28.000006129552503,28.00001273110945,28.00002654781946,28.00005471499719,28.00011062865866,28.000218574637472,28.000421057027552,28.00078986120195,28.00144194822775,28.002561132184894,28.004426050235168,28.007444164240155,28.01219060332329,28.019450387931897,28.030264972750217,28.04599071738346,28.068381443493422,28.09968993429652
70,28.00000166189625,28.00000207211042,28.00000355472622,28.000006998549566,28.00001437802115,28.00002967701346,28.000060579684487,28.000121386358956,28.000237807730855,28.000454492427252,28.000846302941,28.001534399027605,28.002708025618972,28.004652453819574,28.007782781484366,28.012682514032235,28.020145938013343,28.031225976998314,28.04729481262717,28.070125704101827,28.101986207450523
71,28.000001943946586,28.00000241119261,28.000004091886467,28.000007965462657,28.00001619130495,28.00003308870913,28.00006691561225,28.000132909679394,28.000258246506462,28.000489762635596,28.000905437444146,28.001630655367876,28.00286009280228,28.004885623270525,28.008129935008185,28.01318493263426,28.020854397241976,28.03220310897524,28.04861897490457,28.071893254460804,28.104306084105247
72,28.00000226504949,28.000002795423825,28.000004694448023,28.00000903838901,28.000018182887345,28.000036800296414,28.000073747399767,28.000145232062096,28.00027993415756,28.000526920225866,28.000967324359294,28.001730779397462,28.003017392297295,28.005125610209973,28.008485680833928,28.013697957555905,28.021575936760087,28.033196525476228,28.049963104978758,28.07368361586947,28.106648940652235
73,28.000002629360495,28.00000322940224,28.000005368401162,28.00001022583598,28.000020365167586,28.000040829675527,28.000081100155967,28.00015838732162,28.000302914006966,28.00056601752658,28.001032022636764,28.001834832231282,28.003179982071458,28.005372468443625,28.008850082333083,28.014221691832518,28.022310709494775,28.034206341514334,28.051327090064092,28.075496354386928,28.109014187601133
74,28.000003041338687,28.000003718043786,28.00000612009262,28.000011536724458,28.000022751013546,28.000045195246912,28.00008899946107,28.000172409620177,28.000327229479012,28.000607106604036,28.00109959055129,28.001942874109318,28.003347919958003,28.00562625427756,28.00922320814533,28.014756239846008,28.023058852793554,28.035232639481535,28.05271080423006,28.077331058009406,28.11140129530952
75,28.000003505748964,28.000004266583915,28.00000695622782,28.00001298038842,28.00002535376092,28.00004991590646,28.00009747136022,28.000187333459394,28.00035292409393,28.00065023926362,28.001170085732383,28.002054964495414,28.0035212637697,28.005887026208086,28.00960513134379,28.01530170719576,28.023820490256867,28.03627547205167,28.054114102195456,28.07918734338881,28.113809791217875
76,28.000004027678074,28.000004880593167,28.00000788388286,28.000014566581058,28.00002818720992,28.000055011030042,28.0001065423333,28.000203193638697,28.000380041421522,28.00069546702025,28.0012435651999,28.002171162289812,28.0037000718242,28.00615484542118,28.009995928124113,28.01585819611978,28.0245957289726,28.037334871545227,28.05553683507253,28.08106484687312,28.1162392401763
77,28.000004612537282,28.000005565978597,28.00000891050496,28.00001630547422,28.000031265621942,28.000060500468635,28.000116239288616,28.00022002524969,28.000408625080354,28.00074284111264,28.001320085423572,28.00229152595017,28.003884402912547,28.006429775060326,28.010395676938742,28.01642580669261,28.025384663500404,28.038410849098113,28.056978840221916,28.08296323026576,28.118689246447786
78,28.000005266075902,28.000006328997245,28.000010043922543,28.000018207662492,28.00003460371545,28.000066404532504,28.00012658953517,28.000237863637494,28.000438718700025,28.00079241249182,28.001399702383765,28.002416113687275,28.004074316638707,28.006711880435603,28.01080445733959,28.017004633525914,28.02618737402514,28.039503401674494,28.058439955649987,28.08488217164654,28.12115944075896
79,28.00000599438846,28.000007176261988,28.000011292349427,28.000020284164123,28.000038216661267,28.000072743981264,28.000137620767077,28.000256744382966,28.00047036590763,28.000844231830854,28.00148247164867,28.0025449836412,28.00426987348891,28.00700122840408,28.01122234887123,28.017594765832314,28.027003929230546,28.04061251325686,28.059920015947057,28.086821368337667,28.12364947563816
80,28.00000680391821,28.000008114745015,28.00001266438659,28.000022546418904,28.000042120077808,28.000079540013246,28.00014936104975,28.00027670329206,28.000503610331634,28.00089834957015,28.00156844847038,28.002678193894724,28.004471134487403,28.007297886853507,28.01164943114543,28.01819628874415,28.027834386449683,28.041738153457743,28.06141885611754,28.08878053319137,28.12615902887103
81,28.000007701468974,28.000009151788277,28.000014169029896,28.00002500629205,28.000046330027203,28.000086814254416,28.0001618387995,28.000297776365755,28.000538495570026,28.00095481589591,28.001657687819318,28.002815802691032,28.00467816164604,28.007601924712105,28.012085782260556,28.01880928049991,28.02867879262152,28.042880284434148,28.062936313457953,28.090759393307735,28.128687791884772
82,28.000008694206826,28.000010295104687,28.000015815668462,28.000027676069294,28.000050863006322,28.00009458874632,28.000175082772046,28.000319999797966,28.00057506521665,28.00101368082329,28.001750244488335,28.002957868310148,28.004891017313298,28.007913411279105,28.012531479459824,28.019433815113132,28.02953718473816,28.04403885838957,28.06447222572649,28.09275768781174,28.131235479322697
83,28.00000978966881,28.000011552786304,28.00001761409169,28.00003056845958,28.00005573594433,28.000102885935405,28.000189122043253,28.000343409950744,28.000613362835395,28.00107499417942,28.001846173127774,28.003104449266516,28.005109764526196,28.008232416101237,28.012986597787062,28.02006996027609,28.030409591213584,28.045213821895345,28.066026433863613,28.094775167502462,28.133801817726635
84,28.00001099576616,28.00001293330706,28.0000195744891,28.0000336965914,28.00006096619444,28.000111728661125,28.00020398599662,28.000368043350022,28.000653431980993,28.001138805663857,28.001945528297938,28.00325560419202,28.005334466647753,28.00855900867947,28.013451210345522,28.020717778234427,28.031296032288424,28.046405116898768,28.06759877919427,28.09681159338487,28.1363865503061
85,28.00001232079103,28.00001444552737,28.000021707452674,28.00003707401163,28.000066571527498,28.000121140144586,28.000219704310382,28.000393936674868,28.000695316199028,28.001205164858334,28.00204836449086,28.003411391895213,28.00556518737409,28.00889325816803,28.01392538775565,28.02137732565876,28.03219652148556,28.047612680484008,28.0691891058475,28.098866736893513,28.138989431420327
86,28.000013773420562,28.00001609869878,28.000024023979165,28.00004071468385,28.000072570125838,28.00013114397791,28.000236306942952,28.00042112674629,28.00073905902815,28.001274121260337,28.002154736188345,28.003571871362,28.005801990584644,28.009235233103368,28.014409197902864,28.022048653719537,28.03311106601825,28.04883644705518,28.070797260099198,28.100940378093696,28.141610226924797
87,28.000015362716567,28.000017902462673,28.00002653546744,28.00004463298228,28.000078980574983,28.00014176411571,28.00025382412997,28.000449650538883,28.000784704024966,28.00134572429249,28.002264697813303,28.00373710163319,28.006044940128277,28.009585001252844,28.014902706269538,28.022731809287052,28.034039667283366,28.050076345466323,28.07242309175814,28.10303230634281,28.1442487132731
88,28.000017098140347,28.000019866863568,28.000029253728258,28.000048843697527,28.000085821860296,28.000153024858832,28.000272286352356,28.000479545134453,28.000832294735858,28.001420023360254,28.002378303910234,28.003907142019386,28.006294099910008,28.0099426291402,28.015405974539192,28.023426832965015,28.034982322672477,28.051332306449638,28.074066452305942,28.105142317667458,28.146904673762776
89,28.00001898954065,28.000022002337516,28.00003219097141,28.000053362022584,28.000093113355774,28.00016495085316,28.000291724356828,28.000510847772432,28.00088187474927,28.001497067821276,28.002495608946788,28.004082051729597,28.006549533469297,28.01030818227406,28.015919062296575,28.024133762097676,28.035939023950107,28.052604255402684,28.07572719681349,28.107270215950507,28.14957790291976
90,28.000021047164978,28.000024319721945,28.000035359813353,28.000058203555568,28.00010087481928,28.000177567075013,28.00031216912936,28.000543595818044,28.000933487682858,28.001576907034803,28.002616667441032,28.00426189001547,28.00681130398368,28.010681724675862,28.01644202598095,28.02485262978297,28.036909759106777,28.053892116307566,28.077405183635165,28.109415811493022,28.152268202497112
91,28.000023281667666,28.00002683026304,28.000038773281744,28.000063384300063,28.00010912638703,28.000190898818005,28.000333651875508,28.00057782674122,28.000987177178388,28.001659590396628,28.002741534039046,28.004446716245695,28.0070794742399,28.011063318539527,28.016974918200617,28.02558346425974,28.037894513783215,28.055195814411945,28.079100274133395,28.11157892008015,28.154975378428958
92,28.000025704085147,28.00002954559079,28.000042444791404,28.000068920643685,28.000117888562613,28.00020497170516,28.00035620406925,28.000613578197147,28.001042986954246,28.001745167234787,28.002870263128273,28.004636589276856,28.007354106303353,28.011453025355877,28.017517790714237,28.026326291305395,28.03889326738107,28.056515270195064,28.08081233051638,28.113759365366775,28.157699250119947
93,28.000028325873984,28.000032477755724,28.000046388174894,28.00007482937781,28.00012718221444,28.000219811650595,28.00037985736992,28.000650887920585,28.001100960766905,28.00183368699311,28.003002909356383,28.00483156814539,28.007635261537132,28.011850903947106,28.018070690618515,28.02708113257512,28.039905999031987,28.0578504065204,28.08254121998067,28.115956974217795,28.160439637484046
94,28.00003115888211,28.000035639200007,28.000050617655404,28.000081127675628,28.000137028567963,28.00023544487891,28.000404643678905,28.000689793804156,28.001161142436615,28.00192519907307,28.00313952717829,28.00503171146096,28.007923000580263,28.01225701201986,28.018633663174285,28.027848006470606,28.040932683943993,28.05920114450754,28.08428681100895,28.118171580014348,28.16319636904325
95,28.000034215355925,28.00003904276383,28.000055147850446,28.000087833091584,28.000147449199403,28.00025189791222,28.00043059512211,28.00073033388304,28.001223575850076,28.002019752869558,28.00328017092204,28.00523707744827,28.00821738323748,28.01267140578625,28.01920675132004,28.02862692818826,28.04197329454297,28.06056740472667,28.086048973948323,28.120403021615004,28.165969279744047
96,28.000037507954175,28.00004270169825,28.00005999378118,28.000094963563868,28.00015846602713,28.000269197548448,28.000457744017638,28.000772546309975,28.001288304978686,28.00211739787204,28.00342489496836,28.00544772404828,28.00851846815101,28.01309413907694,28.0197899948962,28.02941791048397,28.043027801994015,28.0619491085626,28.087827582402895,28.12265114122789,28.168758208337977
97,28.000041049719414,28.000046629637723,28.00006517084921,28.000102537399698,28.000170101315803,28.000287370890135,28.00048612292295,28.000816469383096,28.00135537381101,28.002218183421178,28.00357375337103,28.005663708775046,28.008826313481848,28.013525264814348,28.020383431490416,28.030220962489523,28.044096174771198,28.06334617604591,28.089622512398876,28.124915786841314,28.171562999401885
98,28.00004485410784,28.000050840627296,28.00007069485497,28.000110573279812,28.000182377656472,28.000306445299373,28.000515764582133,28.00086214153373,28.001424826454468,28.002322158970856,28.003726800153913,28.00588508859505,28.009140975919138,28.01396483356848,28.020987096238173,28.031036091393332,28.045178380308414,28.064758528516563,28.091433641822505,28.12719680971645,28.17438350159165
99,28.000048934967822,28.00005534910207,28.000076581981205,28.000119090249427,28.000195317972327,28.000326448420026,28.000546701952942,28.00090960132445,28.001496707052354,28.00242937389129,28.003884089097312,28.006111920001956,28.009462511287552,28.014412894375198,28.021601021887534,28.03186330177482,28.04627438425365,28.066186087032634,28.093260851195907,28.129494065335166,28.177219568088333
100,28.0000533065396,28.00006016988658,28.000082848790896,28.000128107715057,28.00020894551369,28.000347408171706,28.000578968200728,28.000958887444426,28.00157105977945,28.00253987746555,28.00404567373471,28.006344258996876,28.009790974472423,28.014869494620314,28.022225238822728,28.0327025959553,28.04738415063366,28.067628772540672,28.09510402373968,28.131807412974183,28.180071056325573
101,28.000057983467286,28.00006531820526,28.00008951223282,28.000137645440475,28.00022328384324,28.000369352727716,28.00061259668331,28.00101003872402,28.001647928908653,28.002653718987972,28.00421160736704,28.00658216086333,28.010126419000187,28.01533467976691,28.02285977522024,28.03355397421302,28.04850764300744,28.069086507082204,28.096963044577137,28.13413671508448,28.182937826789214
102,28.000062980773464,28.000070809658325,28.000096589624718,28.000147723542455,28.00023835684766,28.000392310536768,28.000647620960308,28.001063094093865,28.001727358685685,28.0027709475944,28.004381943017904,28.00682568041293,28.01046889750114,28.015808493762904,28.02350465741688,28.034417434864963,28.049644822601522,28.07055921236787,28.09883780074597,28.13648183826797,28.18581974528405
103,28.000068313882537,28.00007666024311,28.000104098663883,28.000158362485934,28.000254188715587,28.0004163102937,28.00068407478284,28.001118092629724,28.001809393447672,28.002891612384417,28.004556733385698,28.007074871669715,28.0108184612551,28.016290978647703,28.0241599094237,28.03529297454918,28.050795650775115,28.072046811196856,28.100728181865236,28.13884265151438,28.18871667951288
104,28.000073998605785,28.00008288633927,28.00011205741663,28.000169583080265,28.000270803941646,28.00044138094796,28.00072199209302,28.00117507352371,28.00189407755221,28.003015762338975,28.004736030831282,28.007329787972708,28.011175160365667,28.016782174771834,28.024825553356493,28.036180588292723,28.05196008792791,28.07354922687381,28.10263407955415,28.141219026901297,28.19162850062287
105,28.000080051124485,28.00008950469453,28.00012048430858,28.000181406476486,28.00028822733094,28.00046755170854,28.000761407017592,28.001234076049116,28.001981455313853,28.003143446262015,28.004919887367123,28.00759048203571,28.01153904395062,28.01728212121685,28.02550160988477,28.037080269014155,28.053138092762993,28.07506638264084,28.10455538660898,28.143610840608346,28.19455508460311
106,28.000086488017473,28.000096532446946,28.000129398135186,28.000193854160102,28.000306483975976,28.00049485201953,28.0008023538698,28.00129513962122,28.002071571116232,28.003274712859763,28.005108354594654,28.007857005698327,28.01191015966657,28.017790855030626,28.026188097591387,28.037992008829008,28.0543296243236,28.07659820306867,28.106491998401737,28.14601797039495,28.197496308755035
107,28.000093326237106,28.00010398710424,28.000138818048356,28.000206947949493,28.000325599265295,28.000523311570134,28.0008448671407,28.001358303745178,28.002164469317904,28.003409610656206,28.00530148370308,28.008129410056824,28.01228855404031,28.018308411830674,28.02688503351277,28.038915798289793,28.055534640790427,28.07814461312455,28.108443811884513,28.14844029711014,28.200452053820527
108,28.00010058310113,28.000111886535933,28.000148763551067,28.000220709992902,28.000345598882745,28.000552960291998,28.000888981488004,28.001423607992137,28.00226019421831,28.003548187959723,28.005499325454764,28.00840774552188,28.012674272654692,28.01883482603904,28.027592433043765,28.0398516261111,28.05675309942518,28.0797055378373,28.11041072583356,28.150877704823756,28.203422204031313
109,28.000108276310925,28.00012024898831,28.000159254502137,28.000235162760646,28.000366508790137,28.000583828346237,28.00093473174968,28.001491092054437,28.002358790136668,28.003690492908333,28.005701930121518,28.008692061538852,28.013067359577292,28.019370130246443,28.028310310186214,28.04079948046251,28.057984957607573,28.08128090352568,28.11239264057116,28.153330079406146,28.206406645498873
110,28.0001164239315,28.000129093067073,28.000170311106217,28.000250329044434,28.000388355233554,28.00061594612498,28.000982152922177,28.001560795686373,28.002460301327346,28.003836573402964,28.005909347506417,28.008982406807263,28.013467857848752,28.019914355748654,28.029038677390645,28.041759348127016,28.059230172121488,28.082870636896132,28.114389458229027,28.15579730939737,28.209405267172542
111,28.000125044388483,28.000138437733995,28.00018195391027,28.0002662319539,28.000411164738694,28.00064934424529,28.001031280152063,28.001632758694086,28.002564771967513,28.00398647709352,28.006121626938352,28.009278829302104,28.013875809515753,28.02046753252023,28.029777545509546,28.042731214641037,28.060488699203063,28.084474665136327,28.11640108287071,28.158279285798073,28.2124179605741
112,28.0001341564751,28.000148302311914,28.000194203803062,28.000282894909333,28.0004349641016,28.00068405354739,28.00108214875314,28.001707020972333,28.002672246195004,28.00414025137934,28.006338817168,28.009581375990194,28.014291255241517,28.021029689117256,28.0305269243363,28.04371506485319,28.061760495223155,28.086092916319387,28.118427419784837,28.16077590158028,28.21544461931626
113,28.000143779338885,28.0001587064736,28.00020708200907,28.000300341640866,28.00045978038844,28.000720105084667,28.001134794174618,28.00178362244941,28.002782768047553,28.004297943386348,28.006560966463553,28.009890093118145,28.01471423468479,28.02160085276398,28.031286822219386,28.044710882548657,28.063045516076613,28.08772531914002,28.120468376008148,28.163287052000953,28.218485139400173
114,28.000153932480714,28.000169670240098,28.000220610085478,28.000318596183945,28.000485640930492,28.000757530120154,28.00118925200138,28.001862603089705,28.002896381461255,28.004459599951645,28.006788122568253,28.01020502613693,28.015144786425992,28.02218104937151,28.032057246226486,28.04571865063383,28.064343717389477,28.089371803002678,28.12252386015217,28.165812634409917,28.22153941900592
115,28.000164635754857,28.00018121397943,28.000234809918254,28.000337682874203,28.000512573320293,28.00079636012873,28.001245557964126,28.001944002907123,28.00301313027478,28.00462526759071,28.007020332596994,28.010526219539884,28.01558294786821,28.022770303659115,28.032838202350092,28.04673835137436,28.065655054913407,28.091032298019854,28.12459378226731,28.16835254794529,28.224607358133824
116,28.000175909360166,28.00019335839977,28.00024970371817,28.000357626344112,28.00054060540441,28.000836626778607,28.001303747905638,28.002027861921704,28.00313305819799,28.004794992528446,28.00725764317957,28.01085371708274,28.0160287553648,28.0233686390809,28.033629695423656,28.047769966113492,28.066979484087994,28.09270673496377,28.12667805378959,28.170906693896313,28.22768885910176
117,28.000187773839514,28.000206124547276,28.0002653140171,28.000378451519282,28.000569765281966,28.000878361935065,28.00136385779001,28.002114220168778,28.003256208805965,28.00496882064982,28.00750010035506,28.011187561667327,28.016482244192446,28.023976077906468,28.03443172922607,28.048813475560678,28.068316960327877,28.094395045345266,28.12877658756088,28.173474975335807,28.230783826055983
118,28.000200250076375,28.000219533803204,28.000281663664907,28.000400183614545,28.000600081300718,28.000921597657396,28.00142592369957,28.002203117693625,28.003382625526797,28.005146797476357,28.007747749537884,28.01152779531577,28.016943448560824,28.024592641262643,28.03524430654386,28.049868859911953,28.06966743911613,28.096097161446778,28.130889297810313,28.17605729696851,28.233892164778638
119,28.00021335928932,28.000233607878386,28.000298775824604,28.000422848128892,28.000631582049493,28.000966366184628,28.001489981813677,28.00229459452754,28.003512351630945,28.0053289681951,28.00800063559177,28.011874459245405,28.017412401646652,28.025218349187867,28.03606742918697,28.050936098647128,28.071030875871315,28.097813016147484,28.133016100048167,28.178653565367313,28.23701378305634
120,28.00022712302814,28.000248368809366,28.000316673968257,28.000446470840984,28.00066429635274,28.00101269993013,28.001556068401612,28.002388690678913,28.00364543022158,28.005515377648294,28.008258802816727,28.012227593860644,28.017889135613984,28.025853220687793,28.036901098025623,28.052015170575658,28.072407225994823,28.09954254289005,28.135156911049137,28.181263686251498,28.240147124494854
121,28.000241563171187,28.000263838955618,28.00033538187256,28.000471077804775,28.00069825326665,28.00106063147956,28.0016242198231,28.002485446133676,28.003781904224695,28.005706070293854,28.008522294887996,28.012587238723427,28.0183736816511,28.026497273721134,28.03774531301326,28.053106054096816,28.073796444914194,28.10128567585741,28.13731164365049,28.183886495863135,28.243235718083383
122,28.000256701922126,28.0002800409963,28.000354923617238,28.000496695346612,28.000733482076555,28.001110193585248,28.00169447251858,28.002584900842578,28.00392181637568,28.005901090201746,28.008791154869073,28.01295343257442,28.018866069973967,28.027150525226887,28.038600073272562,28.054208727146033,28.075198488102103,28.10304234666114,28.139479927652417,28.186513488385856,28.24628626837591
123,28.000272561805332,28.000296997925204,28.000375323578623,28.000523350060007,28.000770012288626,28.001161419157597,28.001766863000114,28.002687094709643,28.004065209207567,28.00610048104977,28.00906542522017,28.01332621334683,28.019366329839556,28.027812991176802,28.039465377123122,28.05532316717563,28.07661330982762,28.104812424314844,28.141660204227435,28.189138741963006,28.24931805603569
124,28.0002891656693,28.00031473305404,28.000396606432844,28.00055106880609,28.000807873630833,28.001214341262198,28.001841427844113,28.002792067581197,28.004212125038407,28.006304286107763,28.009345147780948,28.013705618154802,28.019874489552592,28.028484686584818,28.04034122208293,28.056449350691537,28.07804084955626,28.106595554045157,28.143850402724183,28.191761356708867,28.252337247726132
125,28.000306536658968,28.000333269986186,28.00041879713075,28.00057987869087,28.000847096031578,28.00126899310243,28.00191820367911,28.002899859241666,28.00436260597661,28.00651254825874,28.009630363812676,28.014091683358174,28.020390576550767,28.0291656255975,28.041227604838582,28.05758725086457,28.079481004878915,28.108391155454115,28.146048843609606,28.194381615838267,28.255347493009197
126,28.000324698228212,28.000352632627084,28.00044192090695,28.00060980707343,28.000887709623953,28.001325408020705,28.001997227181278,28.00301050940186,28.00451669390253,28.006725309974797,28.009921113969313,28.014484444533537,28.020914617378196,28.029855821448677,28.042124520719597,28.058736831549595,28.080933606322276,28.11019852644165,28.148254358830116,28.197000106337498,28.258351179208034
127,28.000343674145313,28.000372845191066,28.000466003285453,28.00064088156813,28.000929744747907,28.001383619495243,28.002078535067767,28.003124057686932,28.004674430452894,28.0069426132967,28.01021743827772,28.014883936456727,28.0214466376691,28.030555286335584,28.043031962289547,28.05989803852202,28.082398412965574,28.11201696198418,28.150466181962088,28.199617454510076,28.261350003854716
128,28.00036348847732,28.000393932184693,28.000491070064527,28.000673130031316,28.000973231936086,28.001443661129088,28.002162164086712,28.003240543631705,28.004835857020282,28.00716449984526,28.010519376160403,28.015290193140004,28.02198666217356,28.031264031187334,28.043949917307202,28.061070793773695,28.08387513194816,28.113845816899186,28.152683808743745,28.202234247401975,28.264345267842884
129,28.00038416559113,28.000415918408237,28.000517147316202,28.00070658055978,28.001018201911506,28.001505566644255,28.00224815100995,28.00336000666948,28.005001014742163,28.0073910108091,28.01082696642777,28.015703247824206,28.02253471469413,28.031982065093075,28.044878365863553,28.062254992181636,28.085363442275934,28.115684533738545,28.1549069000356,28.204851007173488,28.26733802285554
130,28.000405730143143,28.000438828945107,28.000544261376945,28.00074126148104,28.00106468557692,28.00156936987247,28.002336532623644,28.003482486124938,28.00516994449697,28.00762218694757,28.01114024728838,28.016123132986024,28.023090817972445,28.03270939445673,28.04581727789838,28.063450504390687,28.086863018359622,28.11753263584427,28.157135219839176,28.207468202953237,28.27032914023556
131,28.000428207075856,28.000462689158553,28.00057243884322,28.000777201348285,28.00111271401022,28.00163510474806,28.002427345720264,28.00360802120565,28.005342686896483,28.00785806858636,28.011459256345518,28.016549880301795,28.02365499341869,28.033446021879115,28.04676661192474,28.06465718347448,28.088373542422403,28.119389710503242,28.159368611091622,28.210086262270067,28.27331934107673
132,28.000451621614047,28.000487524687628,28.000601706567124,28.000814428935143,28.00116231845658,28.0017028053,28.002520627089268,28.003736650992096,28.005519282276794,28.008098695609533,28.011784030581623,28.01698352055081,28.024227260635655,28.034191944973543,28.04772631544847,28.065874872348218,28.089894709519797,28.12125539908419,28.161606973199298,28.212705570810442,28.276309239108457
133,28.000475999265007,28.00051336144736,28.000632091656655,28.000852973236476,28.001213530330972,28.001772505653662,28.00261641351983,28.003868414441,28.00569977070154,28.00834410746188,28.012114606356135,28.017424083619062,28.02480763756182,28.03494715705142,28.048696325396122,28.067103399781104,28.091426224983877,28.123129403643816,28.163850267752764,28.215326472725053,28.27929932541457
134,28.000501365809214,28.000540225618693,28.00066362146515,28.00089286345633,28.001266381202356,28.001844240013668,28.00271474178055,28.004003350364428,28.005884191943267,28.008594343132074,28.012451019364505,28.017871598265003,28.025396139471013,28.035711644971798,28.04967656941335,28.06834259438034,28.092967815278598,28.12501146736946,28.16609847020925,28.217949273727015,28.282290053067584
135,28.000527747297383,28.000568143646603,28.000696323588784,28.000934129004747,28.001320902792145,28.001918042661487,28.002815648618707,28.004141497429714,28.006072585483082,28.008849441144832,28.012793304590048,28.018326091980725,28.025992778937223,28.036485390194002,28.050666967505663,28.06959228160548,28.094519224962482,28.126901372865575,28.168351580520778,28.220574250802827,28.285281807942283
136,28.00055517004961,28.00059714223852,28.000730225865595,28.000976799497096,28.001377126971988,28.001993947953224,28.002919170756968,28.004282894155494,28.00626499050719,28.009109439559154,28.01314149630781,28.01878759098895,28.026597565684597,28.037268368141724,28.051667431817748,28.07085228692091,28.096080219074224,28.12879893992374,28.170609611883947,28.223201649073985,28.288274932490424
137,28.000583660638142,28.00062724834629,28.000765356355373,28.001020904731945,28.001435085739786,28.002071990293814,28.003025344866273,28.004427578886123,28.006461445878926,28.00937437590784,28.013495627862653,28.01925611957813,28.02721050554652,28.03806054886894,28.05267787232333,28.07212244419918,28.097650583186635,28.13070400073235,28.17287257204623,28.22583170146271,28.29126974921809
138,28.000613245902287,28.0006584891824,28.000801743357613,28.001066474710626,28.0014948112414,28.002152204160325,28.003134207590563,28.004575589814863,28.006661990160865,28.009644287235858,28.01385573182671,28.019731700671116,28.02783160162045,28.038861897160075,28.053698191954766,28.073402586040288,28.09923011994556,28.132616424458377,28.175140490132378,28.228464610024673,28.294266525778085
139,28.000643952922246,28.00069089219278,28.00083941538219,28.001113539605285,28.001556335735245,28.00223462406325,28.003245795506757,28.00472696494387,28.00686666156662,28.00991920998871,28.014221839629727,28.02021435486091,28.028460853002457,28.03967237379817,28.05472829461297,28.07469255555617,28.100818647128506,28.134536084462923,28.177413391108814,28.231100568641523,28.297265515051038
140,28.000675809022482,28.00072448505989,28.000878401153045,28.001162129762974,28.001619691597,28.002319284552243,28.003360145129193,28.00488174208334,28.00707549794049,28.01019917995569,28.014593981526616,28.020704100738726,28.02909825588665,28.0404919363599,28.0557680827294,28.07599219984752,28.102415994744433,28.13646287360399,28.179691307220025,28.233739752075337,28.300266942602093
141,28.000708841778703,28.000759295710566,28.000918729616103,28.001212275714465,28.001684911329107,28.00240622022602,28.00347729292156,28.005039958867997,28.007288536796068,28.010484232370345,28.01497218678395,28.0212009549781,28.02974380299571,28.041320537835134,28.056817456325973,28.0773013717656,28.104022009271944,28.138396702421858,28.181974275507116,28.23638231777977,28.303271004482042
142,28.000743079006895,28.000795352304124,28.00096042992709,28.001264008160604,28.001752027546047,28.00249546571655,28.003597275278025,28.005201652731216,28.007505815262334,28.01077440178966,28.015356483478286,28.02170493222576,28.030397484025286,28.042158127939388,28.057876314595717,28.078619929799856,28.10563655083098,28.140337495969106,28.18426233471672,28.23902840830715,28.30627787549122
143,28.000778548730466,28.000832683199178,28.00100353141619,28.0013173579336,28.001821072932103,28.00258705564363,28.003720128474015,28.00536686084166,28.007727369965096,28.011069721809463,28.015746897908684,28.022216044426443,28.031059286147126,28.043004656747144,28.05894456241947,28.079947741063393,28.10725948341235,28.142285177470967,28.186555517326212,28.241678162015944,28.309287733120016
144,28.000815279245046,28.000871317019858,28.00104806365806,28.0013723560744,28.001892080325547,28.002681024705225,28.00384588876574,28.005535620232877,28.00795323727482,28.011370225650012,28.016143455754616,28.02273430203104,28.0317291927787,28.043860067541118,28.06002209813795,28.081284676208043,28.108890692965872,28.144239698892306,28.188853867449097,28.24433169243781,28.312300708413318
145,28.000853299001506,28.00091128253638,28.001094056345664,28.001429033694876,28.001965082568972,28.0027774075146,28.003974592202155,28.00570796753584,28.008183452789808,28.01167594506518,28.016546180272883,28.023259712725235,28.032407186706678,28.044724308695265,28.061108831278375,28.082630614783056,28.110530060458416,28.146200992714228,28.19115741177535,28.246989123486117,28.315316961113126
146,28.000892636734818,28.00095260879641,28.001141539429057,28.001487422128548,28.00204011267283,28.002876238779606,28.004106274835976,28.005883939289674,28.008418051938236,28.011986911557358,28.016955094139973,28.023792282393345,28.033093246231203,28.0455973210951,28.062204665104957,28.08398544111799,28.11217748888606,28.148169021850492,28.193466189576156,28.249650551603565,28.318336604016793
147,28.0009333213398,28.0009953249986,28.001190542982386,28.001547552786747,28.002117203659168,28.002977553128176,28.004240972508057,28.00606357160723,28.008657069345986,28.012303155232644,28.017370218011877,28.024332014955974,28.03378734948302,28.046479049242862,28.063309509893713,28.085349045284943,28.113832879823747,28.150143738796203,28.195780231520132,28.25231607797099,28.321359760839925
148,28.00097538193478,28.00103946055725,28.001241097271475,28.001609457232007,28.00219638864121,28.003081385198413,28.004378720962336,28.006246900358576,28.00890053917766,28.012624705375572,28.01779157114447,28.024878912195675,28.03448947201713,28.047369435917346,28.064423277315086,28.086721323607946,28.11549614469601,28.15212510402364,28.198099567679606,28.254985793596063,28.324386541771332
149,28.00101884784823,28.001085045088814,28.00129323274001,28.001673167162437,28.00227770080636,28.003187769616886,28.004519555812863,28.006433961115988,28.009148495054376,28.012951590374087,28.018219171433827,28.025432974065268,28.035199587425495,28.04826842276998,28.0655458803912,28.08810217765057,28.1171672031071,28.154113085347774,28.20042422854044,28.257659780165227,28.327417044009053
150,28.0010637485654,28.001132108357695,28.0013469799527,28.001738714351347,28.002361173349527,28.003296740920064,28.004663512436252,28.006624788976183,28.009400969750175,28.01328383729907,28.018653035150578,28.025994199262982,28.03591766955077,28.04917595400542,28.066677236229793,28.089491512297855,28.118845974591466,28.156107647485555,28.20275424271796,28.260338119101675,28.33045136448476
151,28.001110113813525,28.001180680362665,28.00140236968565,28.001806130743887,28.002446839579477,28.003408333682387,28.004810626152903,28.00681941886353,28.00965799569275,28.013621472532407,28.01909317718048,28.026562584006626,28.03664368880493,28.050091971053632,28.067817263006816,28.09088923986741,28.120532391179438,28.15810876506282,28.205089637415654,28.263020879732323,28.333489584709866
152,28.001157973410614,28.001230791183616,28.001459432766467,28.001875448284466,28.002534732723348,28.0035225822686,28.004960931864957,28.007017884958486,28.009919604151605,28.013964521012497,28.019539611272535,28.027138124748546,28.037377618109588,28.05101641958197,28.0689658823228,28.092295271970727,28.122226379375093,28.160116408004512,28.20743043951353,28.265708134256556,28.336531790791526
153,28.001207357463215,28.001282471181923,28.0015182002831,28.00194669914299,28.00262488618631,28.003639521168907,28.00511446455124,28.007220221459704,28.010185826249426,28.014313007016995,28.019992349359143,28.027720814383656,28.03811942552187,28.051949241645275,28.070123017565436,28.09370953038598,28.12392788131922,28.16213055651872,28.20977667382823,28.268399941101393,28.339578050045304
154,28.001258296225615,28.001335750857834,28.001578703435143,28.00201991555332,28.002717333365126,28.003759184756916,28.005271258909886,28.007426462042986,28.01045669226727,28.014666953671394,28.02045140212789,28.028310644971498,28.03886907931593,28.05289038090882,28.071288594770635,28.095131939428143,28.12563684048962,28.16415119118409,28.212128364159412,28.271096356208773,28.34262842715168
155,28.00131082000206,28.001390660751156,28.001640973429005,28.002095129697523,28.0028121075095,28.00388160710503,28.005431349096284,28.00763663950613,28.010732231277586,28.01502638284319,28.02091677965342,28.02890760954608,28.039626550808862,28.053839785205298,28.07246254267426,28.096562421606734,28.12735319438093,28.166178286737306,28.21448553231619,28.27379744025734,28.345682995145864
156,28.001364959418254,28.00144723171678,28.00170504176765,28.00217237402461,28.002909242099975,28.00400682248454,28.00559476944045,28.007850786768472,28.011012472243237,28.01539131560071,28.021388489809453,28.029511697039027,28.040391806028538,28.054797398691562,28.073644792185632,28.098000910341455,28.129076896640697,28.16821182977668,28.216848199625247,28.276503238197336,28.348741804772146
157,28.001420745205223,28.001505494705214,28.001770940019696,28.002251680995755,28.003008770545193,28.004134864964726,28.005761553876255,28.00806893608751,28.011297443177796,28.015761771902987,28.021866539574546,28.030122896282364,28.04116481217693,28.055763167844532,28.0748352766538,28.099447340055917,28.13080789996934,28.170251804965346,28.21921638579738,28.279213795227065,28.351804908226427
158,28.001478208114634,28.001565480676106,28.00183869972733,28.00233308297993,28.003110726052455,28.004265768242306,28.005931735716274,28.008291118802674,28.01158717096189,28.01613777070986,28.02235093572108,28.030741197424334,28.041945539467804,28.05673704278729,28.07603393133104,28.100901643179213,28.132546151565577,28.172298190832578,28.221590108761518,28.28192916177261,28.35487236577802
159,28.00153737922176,28.00162722090704,28.00190835273355,28.00241661262112,28.003215142075533,28.00439956623319,28.006105348454525,28.008517366320575,28.011881682196645,28.01651932990154,28.022841682590297,28.031366586658862,28.042733953614402,28.057718971163013,28.07724069442554,28.10236376206518,28.134291612318293,28.17435097642374,28.22396938563412,28.2846493739454,28.357944218459693
160,28.001598289671733,28.001690746734653,28.001979930907055,28.00250230252874,28.003322051936266,28.004536292574187,28.006282425100153,28.008747709317277,28.012181002548573,28.016906466427372,28.023338784005432,28.03199905056522,28.043530021859056,28.058708902880028,28.078455505984664,28.1038336392711,28.136044241434547,28.176410148172067,28.22635423224267,28.28737446915261,28.36102050966656
161,28.001660970623902,28.001756089497803,28.00205346608027,28.0025901852041,28.003431488733042,28.004675980507727,28.006462998046118,28.008982177633584,28.0124851567611,28.01729919654923,28.02384224381791,28.03263857686585,28.04433371361472,28.059706790154223,28.07967830704257,28.105311216106827,28.137803994889282,28.1784756891372,28.228744663887596,28.29010448755605,28.364101286590028
162,28.001725453537972,28.001823280829797,28.00212899036393,28.002680293402932,28.003543485788498,28.00481866345882,28.006647099783947,28.00922080100196,28.012794169013716,28.017697535158163,28.024352063440062,28.033285150008226,28.045144995332237,28.060712584602015,28.08090904236576,28.10679644192919,28.139570838301495,28.180547588625984,28.231140693759187,28.29283945927824,28.36718658394716
163,28.001791769923443,28.00189235240242,28.002206535870982,28.00277265981657,28.00365807625593,28.004964374532335,28.00683476229301,28.009463608447447,28.01310806266821,28.018101496434895,28.02486824401342,28.033938754916562,28.045963834728298,28.06172623946918,28.08214765793292,28.108289266268855,28.14134473630054,28.182625834539465,28.233542334475544,28.2955794148898,28.370276437232633
164,28.001859951303004,28.001963335887467,28.002286134673284,28.002867317020957,28.003775293057515,28.005113146443193,28.00702601698032,28.009710628274377,28.013426860355196,28.0185110940767,28.025390786750677,28.034599377314294,28.04679020087218,28.062747709315147,28.083394100319026,28.109789638193377,28.143125652247534,28.18471041381042,28.23594959862629,28.298324385512387,28.373370882662243
165,28.001930029417508,28.002036263167952,28.002367819032884,28.002964297746075,28.003895169214843,28.005265011919448,28.007220895118905,28.009961888400596,28.013750583923354,28.01892634048596,28.02591969111262,28.035267001130933,28.047624061840736,28.063776949531075,28.084648319270684,28.111297511665327,28.144913554259176,28.18680131540782,28.238362496851437,28.301074397236164,28.376469950508124
166,28.00200203606488,28.002111166171858,28.002451621219507,28.003063634663818,28.00401773759313,28.005420003402037,28.007419427541436,28.01021741615807,28.014079254550666,28.019347247438873,28.026454956161956,28.035941610309465,28.04846538623468,28.064813916491914,28.085910265766017,28.112812841774826,28.146708411188,28.18889852845564,28.240781039169406,28.30382947492592,28.379573669680212
167,28.002076003129787,28.002188076902883,28.002537573544032,28.00316536042726,28.004143030952605,28.005578153114755,28.007621644730307,28.010477238384453,28.014412892785117,28.019773825987556,28.026996580242894,28.03662318827105,28.04931414261432,28.065858567332043,28.08717989244866,28.114335585823426,28.148510193987818,28.19100204299724,28.243205234572997,28.306589641011612,28.38268206630704
168,28.002151962583582,28.002267027440894,28.00262570836054,28.003269507671178,28.0042710819327,28.00573949300474,28.007827576680143,28.010741381197022,28.014751518290552,28.020206086351493,28.027544561267177,28.037311718743354,28.050170300670572,28.06691086075591,28.088457153321713,28.1158657017304,28.150318873150297,28.19311184827609,28.245635091681834,28.30935491757333,28.385795166092294
169,28.002229946472482,28.002348049929083,28.002716058050964,28.003376108995838,28.004401923047055,28.005904054772373,28.008037252995734,28.011009870175883,28.015095150078082,28.0206440380627,28.02809889656396,28.038007185168226,28.05103383031053,28.06797075633841,28.089742003871777,28.11740314915039,28.152134420654193,28.195227934103684,28.24807061826897,28.312125324795318,28.388912992588644
170,28.002309986880675,28.002431176535822,28.002808654983994,28.003485196925624,28.00453558665015,28.00607186986423,28.00825070293348,28.011282730468054,28.01544380665365,28.021087690091576,28.028659582888906,28.038709570531694,28.051904701369153,28.06903821430859,28.091034401063155,28.118947889759966,28.153956810347722,28.197350290784698,28.250511821013333,28.31490088095984,28.39203556725795
171,28.00239211595556,28.002516439480985,28.00290353154361,28.003596803935068,28.00467210494884,28.00624296944585,28.008467955307594,28.011559986619147,28.01579750582141,28.021537050743973,28.029226616574704,28.03941885784758,28.052782884267742,28.070113195959493,28.092334303138614,28.120499886347375,28.155786016704724,28.199478908668084,28.25295870598643,28.31768160319416,28.39516291026854
172,28.00247636591365,28.00260387104231,28.003000720135446,28.003710962454534,28.004811510000366,28.0064173843831,28.008689038445993,28.011841662502718,28.01615626460989,28.02199212763702,28.029799993622248,28.040135030388853,28.05366835030651,28.071195663810556,28.093641669494957,28.122059102368382,28.157622014246044,28.201613777929424,28.255411278873567,28.320467507851333,28.39829504091307
173,28.0025627690045,28.002693503517605,28.0031002531465,28.00382770482861,28.00495383368252,28.00659514524608,28.008913980256068,28.01212778146521,28.01652009946764,28.022452927848633,28.03037970966136,28.040858071366245,28.05456107115316,28.072285581228016,28.09495646072304,28.12362550252317,28.15946477841709,28.203754888859464,28.257869544613698,28.323258610086327,28.401431977196125
174,28.00265135748498,28.002785369200126,28.003202162924424,28.003947063313433,28.0050991077307,28.00677628241766,28.009142808423462,28.012418366585564,28.016889026471404,28.022919457883745,28.030965759495075,28.04158796305643,28.0554610178944,28.07338291196959,28.09627863917217,28.12519905442707,28.161314287386062,28.205902232726885,28.26033350705154,28.32605492230101,28.404573733819916
175,28.0027421636604,28.002879500418203,28.00330648180909,28.004069070074138,28.005247363655542,28.0069608258662,28.009375549999504,28.012713440133837,28.017263060889036,28.023391723747068,28.031558138075297,28.042324688684175,28.05636816310141,28.074487621164337,28.097608167711883,28.12677972498352,28.163170518030654,28.208055799927706,28.262803169874076,28.328856457497295,28.407720326421327
176,28.002835219848464,28.00297592949954,28.003413242100635,28.004193757171777,28.005398632774927,28.007148805263114,28.009612231632275,28.01301302388987,28.01764221745765,28.02386973094866,28.032156840001164,28.043068231392397,28.057282479661694,28.07559967471599,28.098945010353987,28.128367482349745,28.16503344813725,28.21021558099534,28.265278536113783,28.331663227481783,28.41087176929659
177,28.00293055837301,28.003074688765025,28.003522476052865,28.00432115655434,28.005552946202783,28.007340249967,28.009852879546372,28.013317139123785,28.01802651037798,28.024353484530423,28.032761859592313,28.043818574353566,28.058203940883402,28.07671903932868,28.100289132148873,28.12996229570524,28.16690305615799,28.21238156650378,28.267759608228232,28.33447524307695,28.414028075657484
178,28.00302821154588,28.003175810511266,28.00363421586036,28.004451300056132,28.00571033487114,28.007535189079533,28.01009751963437,28.013625806702123,28.018415953382714,28.024842989027775,28.033373190694988,28.044575700447638,28.05913252016694,28.077845682348766,28.101640499396183,28.13156413580623,28.16877932181052,28.214553747565503,28.27024638812634,28.337292513430896,28.417189256678512
179,28.003128211669434,28.003279327012137,28.003748493654882,28.00458421938157,28.005870829491187,28.007733651374792,28.010346177356382,28.013939046984206,28.018810559690564,28.025338248557148,28.03399082695222,28.045339592670473,28.060068191390087,28.078979571903517,28.102999079314884,28.133172974229183,28.170662225285696,28.216732115271896,28.27273887722629,28.34011504689147,28.42035532266442
180,28.00323059102584,28.003385270509,28.003865341497715,28.004719946103023,28.006034460555554,28.007935665305297,28.010598877745224,28.014256879821346,28.019210341997393,28.025839266808816,28.0346147618161,28.046110234177718,28.06101092896364,28.08012067693869,28.104364840007065,28.13478878322269,28.172551747144723,28.218916660690695,28.275237076483677,28.342942850922668,28.423525881688533
181,28.00333538187084,28.003493673203877,28.003984791371977,28.004858511647683,28.006201258323017,28.008141258984494,28.010855645390905,28.01457932455355,28.019615312494864,28.026346047094137,28.035244988614807,28.04688760834415,28.061960707858418,28.081268967193523,28.105737750368746,28.136411535602804,28.17444786822574,28.22110737474725,28.277740983990157,28.345775101010474,28.42665294437228
182,28.003442616422717,28.003604567247862,28.00410687517069,28.004999947291083,28.00637125281696,28.00835046019739,28.01111650447092,28.014906400055736,28.020025482920914,28.026858592366466,28.03588150050922,28.047671698649424,28.06291750346361,28.082424413091587,28.107117780120802,28.13804120498861,28.176350569833915,28.22330424632463,28.28025036763512,28.34860488181971,28.42974458577993
183,28.003552326852684,28.00371798473236,28.004231624688828,28.005144284147264,28.006544473819417,28.00856329639754,28.01138147874923,28.015238124740677,28.020440864563284,28.027376905229573,28.03652429050868,28.048462488699954,28.063881291602343,28.08358698574341,28.10850489979356,28.139677765708427,28.1782598326414,28.22550721145018,28.282764019393028,28.351427596460496,28.432815472155823
184,28.003664545277672,28.00383395768199,28.0043590716179,28.00529155316798,28.006720950871852,28.00877979471369,28.011650591590183,28.01557451658016,28.0208614682885,28.027900987968735,28.037173351497017,28.049259962241138,28.064852048519583,28.084756656909178,28.10989908065693,28.141321192432713,28.180175626985488,28.22771603055395,28.285280327726184,28.354242566817163,28.435870768244513
185,28.003779303747308,28.00395251804059,28.00448924752874,28.005441785121207,28.006900713251923,28.008999981923978,28.011923865932147,28.01591559308207,28.0212873045258,28.028430842545276,28.037828676240224,28.050064103174975,28.06582975090822,28.085933399023247,28.111300294626403,28.142971457734404,28.182097885073347,28.22993026534931,28.287798024630547,28.357050094104068,28.43891339058308
186,28.003896634243574,28.00407369767254,28.00462218387895,28.00559501060718,28.007083790000706,28.009223884496407,28.01220132434287,28.016261371355597,28.02171838333402,28.028966470652847,28.03849025741448,28.0508748955491,28.06681437584848,28.087117185065097,28.112708513679365,28.144628527234772,28.18402648767278,28.232149397996125,28.290316221553383,28.359850717049653,28.441945383964878
187,28.004016568670806,28.004197528353302,28.00475791200182,28.005751260047305,28.007270209911155,28.009451528578722,28.01248298900981,28.016611868105258,28.022154714400813,28.02950787372083,28.039158087614965,28.051692323565078,28.06780590080956,28.088307988471342,28.114123708857562,28.146292353900833,28.18596126299758,28.234372903068902,28.292834331067525,28.36264500310807,28.44496823795197
188,28.004139138838525,28.00432404174967,28.00489646308381,28.00591056365471,28.007460001492177,28.00968293995652,28.01276888169707,28.0169670995906,28.02259630701093,28.030055052898547,28.03983215935898,28.052516371601598,28.068804303665274,28.089505782891536,28.1155458482109,28.147962871205436,28.187901994322715,28.236600300174928,28.295352003412347,28.365433494693605,28.447983062138576
189,28.00426437646462,28.004453269425824,28.005037868175805,28.00607295145602,28.007653193003193,28.009918144101903,28.01305902380659,28.01732708169527,28.023043170113226,28.03060800910663,28.040512465107838,28.053347024189804,28.069809562578143,28.090710541716362,28.11697489520219,28.149639993591734,28.189848442543337,28.238831170364335,28.29786902138403,28.368216689388305,28.450990763465256
190,28.004392313157666,28.004585242824305,28.005182158170896,28.006238453264643,28.007849812422876,28.010157166138754,28.013353436342186,28.017691829893295,28.023495312296006,28.031166743026347,28.041198997270044,28.054184266020798,28.070821655911573,28.091922237375343,28.118410806237534,28.151323615528838,28.191800360370223,28.241065164025315,28.30038526488562,28.37099503369336,28.453992087098413
191,28.004522980412958,28.004719993262768,28.005329363804435,28.006407098685543,28.008049887460118,28.010400030861604,28.01365213993654,28.01806135928382,28.02395274182271,28.031731255127568,28.04189174821329,28.055028081905846,28.071840561984573,28.09314084041432,28.119853529488466,28.15301361689552,28.19375750725328,28.243301989173688,28.30290066770209,28.37376893160996,28.456987674578954
192,28.004656409606014,28.00485755192841,28.00547951564903,28.006578917110915,28.008253445552157,28.010646762736542,28.01395515485575,28.01843568459759,28.024415466640903,28.032301545678706,28.042590710263653,28.055878456728863,28.072866258832278,28.09436631886979,28.12130300490736,28.154709866830274,28.195719652935168,28.245541403544394,28.30541520820384,28.37653874980208,28.459978076133496
193,28.00479263198423,28.004997949869107,28.00563264410698,28.006753937715814,28.0084605138631,28.010897385904798,28.01426250100792,28.018814820211105,28.024883494399035,28.03287761476105,28.043295875703564,28.05673537536427,28.073898723838965,28.095598637405374,28.122759164285526,28.156412229086072,28.19768658418252,28.247783203738493,28.307928888937624,28.379304824500537,28.462963777941923
194,28.00493167865568,28.00514121798267,28.005788779400348,28.006932189450197,28.008671119279825,28.011151924182002,28.014574197947923,28.019198780156046,28.0253568324581,28.033459462273584,28.044007236736718,28.057598822488046,28.07493793319759,28.09683775687222,28.124221933537342,28.158120566997354,28.199658101474824,28.250027215631064,28.31044173695227,28.382067466305102,28.465945205921457
195,28.005073580584906,28.005287387013595,28.005947951568146,28.007113701035962,28.008885288410283,28.011410401058924,28.01489026487974,28.019587578123435,28.025835487896586,28.034047087932436,28.044724785457788,28.058468782465013,28.075983861734358,28.09808363452686,28.125691233658188,28.159834743361273,28.201634018929553,28.252273295605505,28.312953796889587,28.384826959022575,28.468922737711807
196,28.00521836860122,28.005436487560246,28.006110190473294,28.007298500973775,28.009103047587757,28.011672839702555,28.01521072065384,28.01998122745698,28.02631946750057,28.034640491262735,28.045448513873907,28.059345239505376,28.077036483376446,28.09933622434039,28.12716697885776,28.161554617453987,28.203614165897363,28.254521334376705,28.315465137248054,28.38758355878042,28.471896689186508
197,28.005366073354992,28.00558855003362,28.006275525766227,28.007486617515497,28.00932442285756,28.011939262962642,28.01553558379544,28.020379741200713,28.02680877781637,28.03523967160578,28.046178413695714,28.06022817681145,28.078095769343236,28.10059547655112,28.128649084031622,28.16328005825966,28.205598386643942,28.2567712315427,28.3179758120084,28.39033750781789,28.474867380766227
198,28.00551672536608,28.00574360470324,28.006443986925376,28.00767807869414,28.009549439991872,28.01220969336424,28.01586487247306,28.02078313204572,28.027303425089713,28.03584462810386,28.046914476555685,28.061117577523078,28.079161690205297,28.101861338240383,28.130137456582645,28.165010929870903,28.207586539346778,28.25902292324963,28.320485907139243,28.39308901937602,28.47783505884479
199,28.00567035494504,28.005901681621708,28.006615603191904,28.00787291227863,28.009778124472632,28.01248415312756,28.016198604558724,28.021191412421786,28.027803415351627,28.036455359658987,28.047656693497288,28.062013423103906,28.080234213288122,28.103133754139606,28.131632009010673,28.166747111346695,28.20957849593003,28.261276336593767,28.32299547820935,28.39583830580017,28.480800000378906
200,28.005826992269476,28.006062810698438,28.006790403633147,28.008071145817155,28.010010501506315,28.012762664146976,28.016536797566573,28.02160459440546,28.02830875433409,28.03707186498019,28.048405055501405,28.062915694948458,28.081313305082972,28.104412665482414,28.133132646845922,28.16848847803061,28.211574142037193,28.26353143502979,28.325504608751544,28.398585549534346,28.483762416248737
201,28.005986667290927,28.00622702161087,28.00696841706838,28.00827280658865,28.01024659601194,28.013045248023445,28.01687946873227,28.022022689826713,28.02881944753466,28.03769414241026,28.049159552651986,28.063824372494082,28.082398929494275,28.10569801338437,28.13463928249712,28.17023491886573,28.213573370867607,28.265788167233325,28.32801336153733,28.401330937356363,28.48672253710049
202,28.00614940981677,28.006394343881766,28.00714967213247,28.008477921643532,28.01048643262942,28.013331926033572,28.01722663494155,28.022445710176214,28.029335500171044,28.038322190117754,28.04992017494726,28.064739434880096,28.083491048955125,28.106989735091645,28.13615182333683,28.171986323138015,28.21557609114234,28.268046510854276,28.33052181220313,28.404074630469324,28.4896805510499
203,28.00631524942162,28.006564806795666,28.00733419720865,28.008686517763238,28.010730035715653,28.013622719168836,28.017578312808382,28.022873666688383,28.029856917164636,28.03895600574333,28.050686911284686,28.065660859479124,28.08458962457945,28.108287769544575,28.137670183275702,28.173742588673917,28.217582212718753,28.270306434478016,28.333030030497014,28.406816791452286,28.49263664844085
204,28.0064842155179,28.006738439465778,28.00752202048176,28.00889862149137,28.010977429345985,28.01391764810188,28.017934518610843,28.023306570277896,28.03038370317188,28.03959558673489,28.051459750343952,28.066588622997017,28.085694615556918,28.10959205230398,28.139194273832402,28.17550361754462,28.219591660723665,28.272567924550344,28.33553808799138,28.409557564861643,28.4955909951409
205,28.006656337264985,28.00691527074912,28.007713169872034,28.00911425909743,28.01122863731763,28.014216733232047,28.01829526836127,28.02374443157146,28.03091586242857,28.04024092977278,28.052238679551863,28.06752270087418,28.086805981304792,28.110902522361016,28.14072401271096,28.177269315721617,28.221604357157275,28.274830962347323,28.338046054011045,28.412297095441772,28.498543758771916
206,28.00683164368735,28.007095329355764,28.00790767311986,28.009333456621903,28.011483683142103,28.01451999462546,28.01866057772395,28.024187260899055,28.03145339902437,28.040892031597366,28.053023686337553,28.068463067537664,28.087923677898118,28.112219113290905,28.14225931450636,28.179039596762436,28.22362024412081,28.277095547207864,28.34055399929963,28.41503550830805,28.501495077191407
207,28.007010163569646,28.00727864375216,28.008105557710905,28.00955623983714,28.01174259005296,28.01482745206704,28.019030462080593,28.024635068281214,28.031996316626532,28.04154888826656,28.053814757123234,28.069409696436367,28.089047661439736,28.113541760835176,28.1438000980541,28.18081437791841,28.225639264462586,28.2793616772949,28.343061991822992,28.41777292586721,28.504445086988483
208,28.00719192543073,28.007465242137016,28.008306850858276,28.009782634238945,28.012005381008066,28.015139125071528,28.01940493653842,28.025087863407407,28.03254461838776,28.04221149498221,28.054611877188904,28.07036256025833,28.090177888964945,28.114870404416195,28.14534628750374,28.182593579111654,28.227661358480702,28.281629345181443,28.345570094227867,28.420509471939113,28.507393931627405
209,28.00737695766702,28.007655152573705,28.008511579603294,28.01001266509701,28.012272078677768,28.015455032817385,28.019784015863195,28.02554565570557,28.033098307391697,28.04287984707787,28.055415031730718,28.071321630293596,28.091314313627265,28.11620497777875,28.146897804362993,28.18437712843297,28.22968648620389,28.283898563210244,28.348078373834483,28.423245248775856,28.510341719347707
210,28.00756528839071,28.007848402840807,28.0087197707025,28.010246357399012,28.012542705458543,28.015775194216303,28.02016771453691,28.026008454228986,28.03365738612024,28.043553938950822,28.05622420487265,28.072286877457884,28.092456890237145,28.117545419069472,28.148454575486994,28.18616495581506,28.23171460324977,28.28616933519453,28.350586892033846,28.425980362928954,28.513288568822418
211,28.00775694546337,28.00804502046327,28.008931450651176,28.01048373586275,28.012817283469985,28.016099627898257,28.020556046744616,28.026476267676856,28.034221856562283,28.04423376428906,28.05703937988983,28.0732582721036,28.09360557411344,28.118891668692697,28.150016531329527,28.187956994344177,28.23374566594873,28.288441662355524,28.353095706556587,28.428714919840388,28.516234599471034
212,28.007951956598617,28.008245032807167,28.00914664575413,28.010724824969373,28.01309583454622,28.016428352174273,28.020949026360483,28.026949104511402,28.034791720589567,28.044919316685366,28.05786053956524,28.074235782976587,28.094760317445264,28.120243663564167,28.15158360217731,28.18975318441835,28.235779645302443,28.290715560795377,28.355604877300607,28.43144900757892,28.51917990500334
213,28.008150349202936,28.008448466933487,28.00936538201779,28.010969648913488,28.01337838024716,28.016761385078325,28.02134666692848,28.027426972714068,28.035366979343735,28.045610588810916,28.058687666024582,28.07521937936872,28.095921075133106,28.12160134523583,28.153155722381427,28.19155346634011,28.23781650594691,28.29299103688868,28.358114460195793,28.434182720642184,28.522124589748273
214,28.008352150463566,28.008655349678634,28.009587685209226,28.01121823163004,28.01366494185345,28.017098744350733,28.02174898168977,28.02790987994615,28.03594763358734,28.04630757281882,28.059520740665732,28.076209029706945,28.097087801481848,28.122964655738713,28.154732828691863,28.193357784804675,28.23985621751035,28.29526809982923,28.360624509381523,28.43691614740959,28.52506875055917
215,28.00855738737357,28.00886570767682,28.009813580872105,28.011470596801416,28.013955540364748,28.017440447435376,28.02215598359561,28.028397833601048,28.03653368380634,28.047010260444722,28.06035974409548,28.07720470109399,28.098260449241593,28.124333536492543,28.15631485996414,28.195166090277667,28.241898757763067,28.297546764907736,28.36313507750134,28.43964936674604,28.528012472208786
216,28.008766086616106,28.00907956725598,28.010043094252524,28.01172676782312,28.014250196495937,28.01778651146128,28.022567685188676,28.02889084049781,28.037125129757555,28.047718642787004,28.061204656946586,28.078206362024503,28.09943897411472,28.125707932338855,28.15790175675278,28.196978331179707,28.24394409873281,28.29982704216576,28.365646216955327,28.44238246156516,28.530955844585378
217,28.008978274678554,28.00929695453999,28.010276250371703,28.011986767837925,28.014548930686033,28.018136953276723,28.022984098750385,28.02938890721549,28.037721970903362,28.048432710400448,28.06205545880914,28.079213979411293,28.10062333027912,28.12708778807405,28.159493462596856,28.19879446231147,28.245992220042694,28.302108945660905,28.368157977353064,28.445115506542265,28.5338989478073
218,28.009193977812515,28.009517895413467,28.010513074000357,28.012250619723773,28.014851763093645,28.01849178943337,28.023405236243093,28.02989203997072,28.038324206264974,28.04915245329198,28.062912128658922,28.08022751968116,28.101813471952653,28.128473049556817,28.16108992339815,28.200614441773325,28.248043104328644,28.30439249058321,28.370670406620263,28.44784857221572,28.536841857082322
219,28.00941322193529,28.009742415431674,28.01075358959298,28.01251834605091,28.015158713552637,28.018851036087653,28.02383110910006,28.030400244316922,28.038931834250945,28.049877861365758,28.063774646515355,28.081246951816354,28.103009356816017,28.12986366520755,28.162691084418213,28.20243822264183,28.25009672750707,28.30667768857353,28.3731835536704,28.450581733948127,28.53978465409716
220,28.009636032827927,28.00997054000078,28.0109978214208,28.012789969169432,28.015469801665233,28.01921470920678,28.024261728655915,28.030913525749384,28.039544852979134,28.050608923473305,28.064642990034713,28.08227224119696,28.10421093918137,28.13125958314049,28.16429689649317,28.20426576979588,28.25215307815978,28.30896455684848,28.37569746303791,28.453315054042946,28.54272740418338
221,28.009862435996013,28.01020229425103,28.011245793477883,28.01306551114675,28.015785046734777,28.019582824420638,28.024697105840232,28.031431889278963,28.040163260059103,28.05134562810514,28.06551713693983,28.083303353955273,28.105418174783097,28.132660753123503,28.165907311583567,28.206097048028425,28.25421214395567,28.311253111891915,28.378212178655872,28.45604859428539,28.545670172373264
222,28.01009245667626,28.010437703042612,28.011497529484018,28.013344993766907,28.016104467761977,28.01995539702159,28.025137251194224,28.031955339477236,28.040787052656185,28.052087963422366,28.066397064930868,28.08434025670101,28.106631020395014,28.134067126339005,28.167522282972698,28.207932022858927,28.256273912573306,28.313543369563547,28.38072774338474,28.458782415429766,28.54861302286338
223,28.01032611977314,28.010676790907098,28.011753052837832,28.013628438491367,28.01642808339693,28.020332441880157,28.025582174734495,28.032483880336713,28.041416227512684,28.05283591772303,28.06728275286747,28.085382918375956,28.107849435685978,28.135478655955467,28.169141763182438,28.209770655614307,28.258338366069097,28.315835341752063,28.383244200087972,28.46151658317666,28.551556026940034
224,28.010563450071004,28.01091958224322,28.01201238677328,28.013915866588036,28.016755912098006,28.020713973726913,28.026031886407907,28.03301751573747,28.04205078087614,28.053589477885794,28.068174176824925,28.086431304065286,28.109073377026846,28.136895295220768,28.170765710927526,28.211612919845038,28.260405499671435,28.318129047544232,28.38576158804142,28.464251148226936,28.554499236531
225,28.0108044720605,28.011166101156505,28.012275554231678,28.014207299025713,28.017087972002003,28.021100006921813,28.026486395719132,28.033556249065384,28.042690708558098,28.05434863064346,28.069071313321274,28.08748538006205,28.110302802558692,28.13831699902238,28.172394085424628,28.213458787891113,28.262475306400233,28.320424504084713,28.388279945871773,28.46698616260494,28.557442705849667
226,28.011049209919975,28.011416371441044,28.012542577841486,28.014502756449872,28.017424280892044,28.02149055541878,28.026945711713267,28.03410008325278,28.043336006086633,28.05511336287867,28.069974139718795,28.08854511423982,28.111537672335544,28.13974372358979,28.17402684564189,28.215308229948732,28.2645477760218,28.322721725811448,28.390799312003935,28.46972168109494,28.56038649296613
227,28.011297687549416,28.011670416611082,28.012813479946715,28.014802259209716,28.017764856232304,28.021885632816236,28.02740984303614,28.034649020810207,28.043986668618402,28.055883661293308,28.07088263356809,28.089610475157997,28.112777947549205,28.14117542643453,28.175663951477247,28.21716121641441,28.266622897720254,28.325020726118396,28.3933197240209,28.47245775823535,28.563330655995628
228,28.01154992868419,28.011928260009086,28.013088282702142,28.015105827451237,28.018109715285675,28.022285252527524,28.02787879814076,28.035203063932613,28.044642690641183,28.05665951128782,28.071796770384253,28.09068142902686,28.114023587900135,28.142612066145603,28.177305367757185,28.219017725838114,28.268700669162456,28.327321522995987,28.395841216493977,28.47519443811717,28.566275240164146
229,28.011805956765897,28.01218992468307,28.01336700796537,28.015413481011933,28.01845887498041,28.02268942758758,28.028352585053483,28.035762214378792,28.04530406631119,28.057440898231675,28.072716526167767,28.09175794314774,28.115274554577525,28.144053602621284,28.178951059704445,28.22087773590846,28.27078108622311,28.32962413263766,28.39836382344231,28.477931765947005,28.569220292468913
230,28.012065794887917,28.012455433331525,28.013649677236685,28.015725239350274,28.018812351825886,28.023098170571416,28.02883121135079,28.036326473613315,28.04597078989417,28.058227808285267,28.073641878512205,28.09283998693917,28.116530810598192,28.14549999614559,28.180600990708115,28.222741220494015,28.27286414029453,28.33192856849638,28.400887579917764,28.480669791292996,28.572165865246404
231,28.012329465937682,28.012724808443977,28.013936311800194,28.016041121701505,28.019170162102455,28.02351149380695,28.02931468430137,28.036895842644014,28.04664285493635,28.059020226563064,28.074572803760475,28.09392752879984,28.11779231893155,28.146951208697203,28.182255127801284,28.224608158276965,28.274949827082366,28.33423484563906,28.40341251845865,28.483408557851988,28.575112004036782
232,28.012596992564568,28.012998072269056,28.01422693269194,28.016361147042687,28.01953232181836,28.02392940932714,28.02980301083403,28.037470322058596,28.04732025445088,28.059818137546813,28.075509277645153,28.095020536814616,28.11905904292172,28.148407203654585,28.18391344042766,28.226478530809572,28.27703814462609,28.336542979766307,28.40593866988769,28.48614810575225,28.57805875031528
233,28.012868397136288,28.013275246771627,28.014521560656817,28.016685334044894,28.0198988466517,28.024351928804663,28.03029619749401,28.03804991207454,28.04800298117283,28.060621525649935,28.076451276161492,28.096118979718142,28.12033094686319,28.149867945394476,28.185575898759907,28.228352319863177,28.27912909059745,28.33885298587512,28.408466064401523,28.48888847469658,28.581006145219135
234,28.013143701652666,28.01355635354406,28.01482021605068,28.017013700962025,28.02026975183611,28.024779063476558,28.03079425050379,28.038634612882788,28.048691028330552,28.061430376442388,28.077398777008455,28.097222827985092,28.121607995982004,28.15133339764361,28.187242470561614,28.230229503667488,28.28122265951606,28.34116487791215,28.410994733687858,28.491629707616426,28.58395423357092
235,28.01342292794385,28.013841414008482,28.015122919059763,28.017346265879098,28.020645052424015,28.025210824340377,28.03129717568646,28.039224423962082,28.04938438798638,28.06224467388148,28.07835175615469,28.098332050976353,28.1228901559856,28.152803526903142,28.188913128480465,28.232110066186863,28.283318850240505,28.343478670550837,28.413524706042836,28.494371841179998,28.586903053203002
236,28.013706097532065,28.01413044927574,28.01542968954783,28.01768304653922,28.021024763103014,28.025647222017312,28.031804978518892,28.039819344557202,28.0500830521936,28.063064402243015,28.079310190232945,28.099446618928823,28.124177393376613,28.15427830006081,28.190587844962693,28.233993990651868,28.28541766074494,28.34579437795236,28.41605600977573,28.497114912411405,28.58985264240198
237,28.01399323166237,28.01442348017656,28.015740547089877,28.018024060381947,28.021408898237667,28.02608826678579,28.0323176641254,28.040419373578914,28.050787012742944,28.06388954568712,28.08027405599114,28.100566502486743,28.125469675358204,28.15575768491601,28.192266593405748,28.235881261046984,28.28751908934339,28.348112014073763,28.41858867242945,28.49985895716236,28.592803038191278
238,28.014284351310152,28.01472052726882,28.01605551098021,28.018369324556545,28.021797471894445,28.0265339686228,28.032835237328356,28.041024509634838,28.05149626111853,28.064720088079753,28.08124332996067,28.101691672294976,28.126766969560435,28.157241650285016,28.193949348725766,28.23777186305091,28.289623135686043,28.35043159308617,28.421122720319204,28.502604009093545,28.595754275197805
239,28.01457947716176,28.015021610818508,28.016374600212316,28.018718855897134,28.022190497807628,28.0269843371604,28.033357702612477,28.04163475104292,28.052210788627974,28.0655560132995,28.082217988935042,28.10282209951953,28.128069244320898,28.15873016573238,28.195636086455124,28.239665782677946,28.29172979940836,28.352753128839367,28.42365817921052,28.505350101167096,28.59870638732616
240,28.01487862960198,28.01532675078755,28.016697833466537,28.019072670911385,28.022587989370436,28.027439381685213,28.03388506414217,28.04225009588049,28.052930586493744,28.066397305371652,28.083198010122544,28.103957755962426,28.129376468690054,28.160223201398708,28.197326782393077,28.241563005844057,28.293839079759096,28.35507663473271,28.426195074544466,28.50809726614733,28.601659531684902
241,28.01518182873491,28.015635966854063,28.017025229132855,28.019430785804673,28.022989959661118,28.027899111157865,28.03441732575118,28.042870541910418,28.053655645680408,28.06724394818451,28.084183370798883,28.10509861378148,28.130688612394238,28.161720728345358,28.199021413347396,28.243463519312172,28.29595097633637,28.35740212390715,28.428733436387915,28.510848139338464,28.604770288017107
242,28.01548909438361,28.015949278413814,28.017356805311806,28.019793216483322,28.023396421444886,28.02836353421037,28.034954490937935,28.04349608657418,28.054385956887586,28.06809592548649,28.085174048312865,28.106244645498293,28.132005645838206,28.16322271856967,28.20071995714494,28.245367310658878,28.29806548914945,28.359729616754066,28.431274028283667,28.513624891683946,28.608010022112694
243,28.015800446081585,28.01626670456926,28.017692579803622,28.02015997854221,28.02380738716556,28.02883265915301,28.035496562895787,28.044126727055584,28.05512151064761,28.068953220998708,28.086170020171835,28.10739582400754,28.133327540009248,28.16472914480596,28.20242239237149,28.2472743681152,28.300182621741328,28.362059296254245,28.433820718172,28.51644235304235,28.611332685337004
244,28.016115903071068,28.01658826412978,28.018032570108005,28.020531087265965,28.024222868947845,28.029306493974104,28.036043544511244,28.044762460277923,28.055862297323984,28.06981581842058,28.08717126406168,28.108552122609638,28.1346542665097,28.16623998053052,28.204128698360876,28.249184681498832,28.30230241267384,28.3643919155042,28.43637870139645,28.519302683970693,28.6147219390038
245,28.016435484300587,28.016913975608702,28.01837679342225,28.020906557627313,28.024642878596467,28.029785046341658,28.03659543836818,28.045403282911423,28.05660830712236,28.070683701442476,28.088177757855874,28.109713515013595,28.1359857975487,28.167755199949852,28.20583885544505,28.251098248757103,28.304425015622996,28.366728851528762,28.43895208349113,28.522204908839512,28.618168402937613
246,28.016759208434337,28.0172438572323,28.01872526665045,28.021286404298507,28.02506742760869,28.030268323618714,28.037152246765743,28.04604919139183,28.057359530107078,28.07155685375642,28.089189479615982,28.110879975320756,28.137322105910016,28.169274778017552,28.20755284620367,28.25301509154798,28.30655075827002,28.36907176140619,28.44154369425928,28.525147373294033,28.62166564873371
247,28.017087093831037,28.017577926920012,28.01907800638378,28.021670641630237,28.025496527155838,28.030756332845897,28.03771397170459,28.04670018191422,28.058115956203892,28.072435259067333,28.09020640761014,28.112051478051512,28.13866316499724,28.170798690759455,28.20927065915197,28.254935278501137,28.308680152854663,28.371422307042963,28.44415534806518,28.52812828487339,28.62520908523345
248,28.01741915855331,28.017916202292326,28.019435028909527,28.022059283662998,28.02593018809449,28.031249080755856,28.038280614904068,28.047356250449013,28.058877575213387,28.07331890110197,28.09122852031379,28.113227998132402,28.140008948863567,28.172326915993835,28.210992294453604,28.256858940643212,28.310813842630864,28.37378199673384,28.446788191955875,28.531145953337955,28.628795159769084
249,28.017755420363358,28.01825870066824,28.01979635020797,28.02245234412476,28.0263684209674,28.03174657377548,28.03885217780646,28.04801739275183,28.05964437682394,28.074207763620223,28.09225579641611,28.11440951091231,28.14135943238432,28.173859434885685,28.212717771485757,28.258786277916272,28.3129525386085,28.376152125173633,28.4494429467955,28.534198846651748,28.632420976299784
250,28.018095896726322,28.018605439067073,28.02016198595595,28.022849836435512,28.026811236008257,28.032248818033793,28.03942866158775,28.04868360437314,28.06041635062087,28.075101830423648,28.093288214826714,28.115595992196916,28.142714591637116,28.175396234309403,28.214447135010403,28.26071755004824,28.315096966144893,28.378533790555593,28.45212005224272,28.537285564946956,28.636084129680967
251,28.01844060480579,28.018956434205904,28.020531951524106,28.023251773705056,28.027258643142147,28.03275581936464,28.040010067163223,28.04935488066917,28.06119348609917,28.076001085366727,28.09432575469782,28.116787418391368,28.14407440479897,28.176937310146684,28.216180457938094,28.26265305877564,28.317247834684565,28.38092792629368,28.454819746594808,28.54040482730329,28.639782589133006
252,28.018789561464473,28.019311702499465,28.020906261976904,28.023658168734357,28.02771065198732,28.03326758330894,28.040596395190278,28.050031216803916,28.061975772665562,28.07690551236152,28.09536839544228,28.117983766604368,28.145438852523682,28.17848266776474,28.21791784015727,28.26459314521196,28.31940583525295,28.383335300918475,28.457542088375078,28.543555474402126,28.643514660356004
253,28.019142783261884,28.01967126005769,28.021284932071637,28.024069034015554,28.028167271857683,28.033784115119545,28.041187646076537,28.050712607760033,28.06276319965167,28.077815095394612,28.096416116787395,28.119185014943014,28.14680791924451,28.18003232518572,28.219659408421478,28.266538171433297,28.321571615839446,28.385756547713697,28.460287038590423,28.546736456449025,28.647278860945335
254,28.019500286453535,28.020035122685556,28.021667976258698,28.024484381733146,28.02862851176468,28.03430541976678,28.041783819988154,28.05139904835022,28.06355575632682,28.078729818548652,28.097468898864065,28.120391142918777,28.14818159438505,28.181586314354092,28.221405312984245,28.26848850937307,28.323745772421375,28.388192186772415,28.463054504133538,28.549946815540125,28.65107386481526
255,28.019862086990543,28.02040330588312,28.022055408681865,28.024904223765873,28.02909438042201,28.034831501943813,28.042384916856747,28.052090533224828,28.06435343190941,28.079649666036403,28.09852672235462,28.121602131968018,28.1495598733581,28.183144681022497,28.223155723003742,28.270444532858164,28.325928850764114,28.390642646492665,28.465844346507765,28.553185669918605,28.654898490807966
256,28.02022820051957,28.020775824845146,28.02244724317842,28.025328571686885,28.029564886245737,28.035362366068398,28.04299093638201,28.05278705687607,28.065156215575087,28.080574622226948,28.099589568583554,28.122817965667593,28.150942757786254,28.18470748443417,28.224910825026143,28.272406615402474,28.32812134754846,28.39310826847492,28.468656386567375,28.5564522128235,28.658751690209954
257,28.0205986423818,28.02115269446091,28.022843493280106,28.02575743676732,28.030040037360664,28.03589801629232,28.043601878045195,28.05348861365627,28.065964096488585,28.08150467174113,28.100657419856248,28.124038630677376,28.152330256945277,28.186274796693965,28.226670815369403,28.274375117540217,28.330323712258235,28.395589339465175,28.47149043028668,28.55974569133997,28.662632504769192
258,28.020973427613058,28.021533929313705,28.023244172213595,28.02619082997643,28.03051984160237,28.036438456504357,28.044217741113584,28.054195197785532,28.06677706382618,28.082439799529993,28.101730259669296,28.12526411701981,28.15372238745414,28.187846701030082,28.22843589819928,28.276350388941353,28.332536353839373,28.398086089756475,28.47434626119582,28.56306540884259,28.666540069336634
259,28.021352570944146,28.021919543681747,28.023649292900302,28.026628761982295,28.03100430651591,28.036983690328952,28.04483852463835,28.0549068033514,28.067595106780686,28.083379990877404,28.102808072644677,28.126494417789274,28.15511917287654,28.18942329225382,28.230206287732585,28.27833277020892,28.33475963644736,28.400598688436958,28.47722364456422,28.566410726350625,28.670473611466946
260,28.021736086799763,28.022309551537546,28.024058867958047,28.027071243155945,28.031493439365818,28.037533721141074,28.04546422747626,28.055623424342116,28.06841821463547,28.08432523163367,28.103890845219098,28.127729530546446,28.156520644726072,28.191004673519615,28.231982197420734,28.280322582324573,28.336993890342058,28.40312727572274,28.480122346429027,28.569781042902264,28.674432407219513
261,28.022123989299644,28.022703966549216,28.024472909702354,28.027518283572363,28.03198724713593,28.038088552066483,28.046094848292228,28.05634505466014,28.06924637680885,28.08527550829581,28.10497856562472,28.1289694567958,28.1579268413102,28.192590955992898,28.233763843195618,28.28232013215802,28.339239409851018,28.405671953345973,28.483042127668284,28.57317579918032,28.67841579558177
262,28.02251629225782,28.02310280207962,28.02489143014583,28.027969893011175,28.0324857365311,28.03864818598447,28.04673038556257,28.05707168812296,28.070079582850838,28.086230808023686,28.106071224038658,28.130214202467528,28.159337808357918,28.194182258319245,28.235551440127836,28.284325708355766,28.341496456074537,28.408232794286334,28.485982750983112,28.576594472435204,28.68242316285341
263,28.022913009184492,28.02350607118865,28.025314441003445,28.028426080965346,28.03298891399197,28.0392126255511,28.047370837616654,28.057803318560673,28.070917822692593,28.087191119187366,28.107168813386124,28.131463778191574,28.160753597075313,28.19577870143945,28.237345196980698,28.286339582371227,28.34376526784274,28.41080985895843,28.48894398527608,28.58003656263901,28.686453925449655
264,28.02331415328439,28.023913786631624,28.02574195368726,28.028886856631516,28.03349678567855,28.039781873173354,28.048016202592066,28.058539939714706,28.071761086385834,28.088156430768947,28.108271328373178,28.13271819870323,28.162174265888154,28.197380414507336,28.239145323918933,28.288362009557716,28.34604604879496,28.413403172366827,28.49192559625385,28.583501610598375,28.690507557390788
265,28.023719737461022,28.024325960864587,28.02617397931698,28.02935222892893,28.034009357501702,28.04035593106073,28.04866647853197,28.05928154546183,28.07260936464047,28.089126733458727,28.10937876699427,28.133977483281058,28.163599876659987,28.198987524767574,28.240952021056614,28.290393229853578,28.34833899048209,28.416012758135196,28.494927356841742,28.586989170713252,28.69458354934568
266,28.024129774313792,28.024742606040263,28.02661052871281,28.029822206486358,28.0345266351016,28.040934801191042,28.04932166332179,28.060028129662896,28.07346264844074,28.09010201883416,28.110491129358593,28.13524165534153,28.165030497490193,28.200600165184483,28.242765486993903,28.292433467080286,28.350644254886106,28.418638613675057,28.49794904097388,28.590498830717138,28.698681437021662
267,28.02454427614407,28.025163734015734,28.027051612408172,28.030296797663993,28.03504862388354,28.041518485373672,28.049981754817395,28.060779686453373,28.07432092967025,28.09108228043425,28.111608418788023,28.136510741951668,28.16646619817311,28.202218465398175,28.24458591098005,28.294482933045572,28.35296199566875,28.4212807347418,28.500990427711997,28.594030190729143,28.702800770788485
268,28.02496325494542,28.025589356340674,28.02749724063017,28.03077601052064,28.03557532896417,28.042106985151293,28.050646750640624,28.061536209788414,28.075184200185845,28.092067512307835,28.11273064061635,28.137784775134264,28.167907056878278,28.203842563354556,28.246413481503623,28.296541820156108,28.355292330486748,28.423939086818734,28.504051297519766,28.597582888813292,28.706941153542232
269,28.02538672242349,28.026019484281278,28.02794742333697,28.031259852875337,28.036106755275853,28.04270030199575,28.051316648586976,28.062297694307688,28.076052453441378,28.09305771129044,28.113857803611154,28.139063788845817,28.169353148818857,28.205472587357065,28.24824837436597,28.298610314498433,28.357635383986576,28.4266136496866,28.507131440360524,28.60115655978541,28.71110217735759
270,28.02581468997579,28.026454128795763,28.028402170180357,28.031748332246252,28.036642907461726,28.043298437109456,28.051991446212867,28.063064134474757,28.07692568292032,28.094052874904207,28.11498991884173,28.140347822135425,28.170804557030806,28.207108672563265,28.250090763228798,28.300688583327485,28.35999124821103,28.429304375824643,28.51023064688718,28.604750874114018,28.71528348426051
271,28.026247168707187,28.0268933005529,28.028861490533814,28.03224145589587,28.03718378995518,28.043901391577492,28.052671141146163,28.063835525192303,28.077803883178717,28.09505300261992,28.116127000110282,28.141636916700065,28.172261365291547,28.208750950880983,28.251940813846204,28.302776783637967,28.362360007214704,28.43201121629943,28.51334871398558,28.608365513096373,28.7194847278775
272,28.026684169436123,28.027337009939515,28.02932539350286,28.03273923084896,28.037729407011568,28.044509166429123,28.053355731208967,28.06461186203512,28.078687050216274,28.09605809626254,28.11726906400321,28.14293111590422,28.17372365562244,28.21039954763853,28.25379868240924,28.304875065315855,28.36474174531844,28.43473412940881,28.516485446546028,28.612000160361163,28.72370556055489
273,28.02712570267073,28.027785267032073,28.029793887883955,28.033241663824526,28.03827976258708,28.04512176240314,28.054045213947745,28.065393140361493,28.07957518007089,28.097068158495233,28.118416129745242,28.144230468542673,28.175191517734845,28.212054594070707,28.255664521631843,28.30698355916246,28.367136516096025,28.43747304819715,28.519640650827967,28.615654533902045,28.72794568179995
274,28.027571778656977,28.02823808165266,28.030266982245337,28.033748761369395,28.038834860579527,28.045739180411147,28.05473958752094,28.066179356859777,28.080468270992753,28.09808319468698,28.11956821830222,28.145535021723845,28.176665034268296,28.213716210290443,28.257538475411877,28.309102397555876,28.369544387349492,28.44022792430269,28.52281414027601,28.61932834023321,28.732204771929958
275,28.028022407324386,28.02869546330652,28.030744684837032,28.03426052970923,28.039394704558447,28.04636142101998,28.05543884972718,28.06697050792269,28.081366321308167,28.099103211370334,28.12072535395083,28.146844828659198,28.17814429539817,28.215384520636974,28.259420681586732,28.311231692809883,28.371965398680743,28.442998688808245,28.526005732601277,28.623021317158134,28.73648255199555
276,28.02847759833321,28.02915742123588,28.031227003668448,28.034776974877673,28.039959297999587,28.046988484893234,28.056142998802045,28.067766590901215,28.0822693309168,28.100128217036115,28.121887562516065,28.148159942402742,28.17962938831988,28.217059643859557,28.261311271969078,28.31337155384233,28.374399590738676,28.445785277132245,28.52921524971964,28.6267332048472,28.740778744498243
277,28.028937361065573,28.02962396441046,28.031713946493994,28.035298102692593,28.040528644241704,28.047620372709048,28.05685203326783,28.068567603864153,28.08317730099799,28.10115822196292,28.123054871682996,28.14948041703684,28.18112039929383,28.218741695083736,28.26321037243298,28.31552208298649,28.376846999478857,28.448587624038282,28.532442517665515,28.63046375154437,28.74509308119326
278,28.029401704604822,28.03009510150298,28.032205520779144,28.035823918698668,28.041102746380545,28.04825708496321,28.057565951591698,28.069373545099097,28.08409023349583,28.102193238118957,28.124227312007577,28.150806310305768,28.18261741739593,28.220430788539602,28.26511810163828,28.317683369371764,28.379307646560676,28.451405656970735,28.535687368056358,28.634212722566645,28.749425314502503
279,28.029870637813872,28.030570840979692,28.03270173382998,28.03635442838248,28.041681607647718,28.04889862261882,28.058284753190378,28.070184414370033,28.085008132078485,28.103233278637788,28.125404913415423,28.15213767654342,28.184120525923106,28.22212703280377,28.26703457625564,28.319855505881378,28.38178156134927,28.454239309702416,28.53894963366713,28.637979879355157,28.75377519105433
280,28.03034416920906,28.031051190955225,28.033202592584075,28.036889636826857,28.042265230809505,28.04954498609908,28.05900843693007,28.071000211149737,28.08593100099688,28.10427835902783,28.126587710708122,28.153474576882786,28.185629813950868,28.223830536191997,28.268959902390066,28.322038565143316,28.384268751330467,28.45708850507515,28.542229155102063,28.641765007866354,28.75814248747332
281,28.030822307045185,28.03153615929051,28.033708103751565,28.03742954894392,28.0428536185716,28.050196175961787,28.059737002123768,28.07182093577927,28.08685884580285,28.10532849630937,28.127775739864717,28.154817072518142,28.187145368827657,28.225541403411796,28.270894181389053,28.32423261530778,28.38676922132339,28.459953166040236,28.54552577635087,28.645567900100104,28.762526987105844
282,28.031305059423573,28.032025753716084,28.034218273991655,28.037974169757945,28.043446774039296,28.05085219360342,28.06047044945865,28.07264659037429,28.08779167362337,28.10638370772267,28.128969034375984,28.156165218880517,28.188667270299618,28.227259733482754,28.272837515283868,28.326437733525268,28.38928298981375,28.46283322591836,28.54883934169601,28.64938833716792,28.76692845813409
283,28.03179243405492,28.03251998156088,28.03473310952444,28.038523503780027,28.044044699688186,28.051513039660108,28.061208778840694,28.073477176636516,28.088729492334267,28.10744401349467,28.130167633653855,28.157519079385224,28.190195604694907,28.228985625066287,28.274789994164507,28.32865397405135,28.3918100502608,28.465728604553817,28.55216970339984,28.65322612875815,28.771346704318887
284,28.032284438407828,28.033018849922087,28.03525261637384,28.0390775553995,28.04464739800818,28.052178715008438,28.061951990743637,28.074312697223377,28.089672311077265,28.10850943510735,28.131371577768277,28.158878716827644,28.19173045604589,28.23071917312984,28.276751704080823,28.330881388208923,28.39435039531395,28.468639223238597,28.555516716893578,28.65708108843637,28.775781533241855
285,28.032781079826577,28.033522365799286,28.035776800554174,28.039636329168047,28.04525487193399,28.052849221361896,28.06270008689927,28.07515315627603,28.090620140136934,28.109579993908937,28.132580904422525,28.16024418916976,28.193271902366348,28.23246046832668,28.27872273175103,28.333120034209912,28.396904028047686,28.47156501147316,28.558880238034533,28.660953021549574,28.78023274107528
286,28.0332823653182,28.034030535851684,28.036305667730744,28.040199829276673,28.045867124038637,28.053524560122526,28.06345306891484,28.075998558266576,28.091572990973646,28.110655713618883,28.133795654828987,28.16161555808435,28.194820023560453,28.234209598836856,28.280703155497292,28.33536995726564,28.3994709388204,28.47450589294209,28.56226012844496,28.66484174975335,28.784700143650298
287,28.033788301607558,28.034543366461037,28.03683922330754,28.04076805969089,28.04648415674194,28.054204732677135,28.064210938628776,28.076848908293186,28.09253087621215,28.11173661967939,28.135015872195027,28.16299288675782,28.196374899393902,28.23596664990214,28.282693047583507,28.337631194701146,28.402051111219805,28.477461789115694,28.565656254136456,28.66874710470495,28.789183568471117
288,28.0342988953214,28.035060863939123,28.037377472709125,28.041341024564588,28.04710597290739,28.05488974117884,28.064973698944414,28.077704212602384,28.093493809231234,28.11282273721565,28.136241597759067,28.16437623476594,28.19793660540148,28.23773170385863,28.284692480656986,28.33990378804276,28.404644535125954,28.480432626419486,28.56906848159656,28.67266891383025,28.79368283712796
289,28.03481415284972,28.035583034371655,28.03792042116919,28.04191872793149,28.047732575401596,28.05557958797857,28.06574135323666,28.078564478241447,28.094461804510217,28.11391409256146,28.13747287367056,28.16576566171733,28.19950521570547,28.239504839953952,28.28670152302692,28.342187774401168,28.407251197538244,28.483418331312294,28.572496680671804,28.676607010375562,28.79819777765323
290,28.035334080237703,28.03610988349675,28.038468073568026,28.04250117347084,28.048363966764725,28.056274275208807,28.066513904935448,28.079429712847116,28.09543487794508,28.115010714429047,28.13870974508984,28.16716122980614,28.20108080486841,28.241286134004667,28.28872023516641,28.34448318040461,28.40987107630201,28.486418827074374,28.57594072672191,28.680561240359168,28.80272823297861
291,28.035858683454478,28.03664141700449,28.039020434825602,28.043088365057088,28.049000149953372,28.05697380567392,28.067291358345415,28.08029992493158,28.096413045935662,28.11611263120119,28.139952255687263,28.168562998680386,28.202663444572295,28.243075659793078,28.290748677404736,28.346790034623723,28.412504152363113,28.48943403956787,28.5794004958521,28.684531448711482,28.80727404428933
292,28.036387968366967,28.037177640507196,28.039577509860067,28.04368030669599,28.049641128245526,28.05767818272193,28.068073718503683,28.08117512378641,28.097396325438922,28.11721987125452,28.141200448290647,28.169971026291933,28.204253204310305,28.244873489085023,28.292786908885375,28.349108365594248,28.415150407612487,28.49246389603786,28.582875865549227,28.688517481611484,28.81183505390635
293,28.036921940420655,28.03771855918734,28.040139303139597,28.044277001928492,28.050286904485745,28.05838740942329,28.06886099055987,28.082055319532344,28.098384735257014,28.118332465841434,28.14245436904696,28.17138537300258,28.205850153234337,28.24667968908983,28.294834980085056,28.351438191415696,28.417809815796886,28.495508321901582,28.586366719373586,28.692519197345803,28.816411117891164
294,28.037460605042725,28.038264178239217,28.040705819234347,28.044878454547757,28.05093748196697,28.05910148949357,28.06965318041773,28.08294052294326,28.099378294426174,28.119450445704558,28.143714062699928,28.172806097087346,28.207454358345785,28.248494325617912,28.296892941410817,28.353779531428245,28.42048235253617,28.498567244137632,28.589872941592432,28.696536454120064,28.82100209192953
295,28.038003967779787,28.03881450301418,28.04127706298374,28.04548466878998,28.051592864624524,28.059820427437728,28.0704502947425,28.083830745217313,28.100377021691315,28.120573840302654,28.144979571774797,28.174233254228227,28.209065884659935,28.250317464081206,28.298960844861767,28.356132408017345,28.423167996559528,28.501640591448393,28.59339441618357,28.700569108179366,28.825607829207286
296,28.03855203348826,28.039369538150936,28.041853038457532,28.046095648072196,28.052253055617598,28.060544227259186,28.07125234036846,28.08472599888512,28.101380938660895,28.121702683354385,28.146250943438645,28.175666903158742,28.210684796266435,28.252149163406898,28.301038730953962,28.358496830342403,28.42586671677435,28.50472829072561,28.59693103486211,28.704617030778877,28.830228199891565
297,28.03910480702126,28.03992928831343,28.042433749837357,28.04671139606313,28.05291805853267,28.06127289355493,28.0720593248015,28.085626297039482,28.102390067130273,28.12283700813481,28.14752822368024,28.177107100875332,28.212311155429575,28.25398948120079,28.303126639812945,28.360872808141266,28.428578483236493,28.507830270049055,28.60048269027078,28.708680093786256,28.834863074603163
298,28.03966229309043,28.040493758042487,28.043019201237485,28.047331916463406,28.05358787713368,28.062006431284146,28.07287125610634,28.086531653484485,28.103404429629393,28.12397684845223,28.14881145852945,28.17855390364855,28.213945022787755,28.25583847267444,28.305224608859476,28.36326034885434,28.431303264879148,28.510946458088142,28.604049277405352,28.712758172649558,28.839512327812827
299,28.040224496620112,28.041062952132563,28.043609397145303,28.047957213524455,28.054262515922005,28.06274484624697,28.073688143077163,28.08744208229666,28.104424048116243,28.12512223646013,28.150100691429543,28.180007364923256,28.215586457030156,28.257696193040715,28.307332677885825,28.36565946397593,28.434041034663665,28.514076785675798,28.60763069053138,28.716851139540665,28.84417582988874
300,28.040791422371967,28.041636875229074,28.044204341941963,28.048587291468493,28.054941979489342,28.063488144502003,28.074509994979394,28.088357598252003,28.105448945419425,28.126273205171458,28.15139596633918,28.18146753787613,28.217235515405378,28.259562694813553,28.309450883158433,28.368070161610547,28.436791763543454,28.517221183977426,28.611226826757786,28.72095887089006,28.848852129851934
301,28.041363074888466,28.042215531766885,28.044804039825067,28.049222154390804,28.055626272403003,28.064236332256485,28.07533682149051,28.089278216882462,28.106479145471383,28.12742978888633,28.152697328277327,28.182934475886555,28.218892253853028,28.2614380273875,28.3115792564181,28.370492445157254,28.439555419355145,28.520379584085504,28.61483758060899,28.72507924984137,28.85342559708323
302,28.041939458654838,28.042798926144485,28.045408495021434,28.049861806522756,28.05631539950997,28.064989416154617,28.076168632852045,28.090203954316223,28.1075146726659,28.128592022016562,28.154004821827016,28.184408231257862,28.220556726690575,28.263322238274384,28.31371782767917,28.372926316886492,28.44233196966718,28.523551911838865,28.618462290845798,28.7291953378446,28.857914297763045
303,28.042520578116182,28.043387062741147,28.046017711799664,28.050506252239074,28.05700936593138,28.065747403254704,28.07700543983003,28.09113482723103,28.108555551825134,28.12975993909248,28.155318491196397,28.185888855319433,28.222228986706227,28.265215373133742,28.31586662517583,28.375371777791486,28.445121379226407,28.526737970423426,28.622097937423064,28.73329573818063,28.86235444547782
304,28.043106437674624,28.04397994591301,28.04663169446485,28.051155496046988,28.057708177047743,28.066510301011874,28.077847253701236,28.092070852854192,28.10960180822599,28.130933574820517,28.156638380299796,28.18737639850275,28.223909085187984,28.267117475714883,28.318025675191393,28.377828826548125,28.44792358501155,28.529937126697234,28.62574049605911,28.737378744074135,28.866758318322013
305,28.043697041703524,28.044577580006774,28.04725044736972,28.051809542595095,28.058411838500206,28.06727811726961,28.078694086231963,28.093012048928586,28.110653467556403,28.132112964043245,28.157964532734866,28.188870910353387,28.225597071980758,28.26902858795222,28.320195001969807,28.38029745473773,28.450738437777943,28.53314828220141,28.629386752336586,28.741444977501317,28.871133030893304
306,28.044292394560273,28.045179969371702,28.047873974926972,28.052468396681604,28.05912035619565,28.068050860257358,28.079545949664805,28.093958433687874,28.111710555882325,28.1332981417018,28.15929699175689,28.19037243952846,28.227292995515427,28.2709487499759,28.32237462677932,28.382777634845468,28.4535656546999,28.536370117762203,28.63303448102573,28.74549562441888,28.875483373852887
307,28.044892500597598,28.045787118373653,28.04850228162286,28.053132063272585,28.05983373632472,28.068828538606738,28.08040285672945,28.09491002585611,28.11277309963208,28.134489142807297,28.160635800237003,28.19188103375234,28.228996902759263,28.27287799986516,28.32456456517872,28.385269303170617,28.456404812994265,28.539601309896057,28.636682227632093,28.749531972739987,28.87981275352081
308,28.045497364178573,28.046399031405883,28.049135372029127,28.053800547506228,28.06055198536012,28.069611161338912,28.081264820618173,28.095866844612488,28.11384112555595,28.135686002405066,28.161981000646904,28.19339673983245,28.23070883922918,28.274816373162707,28.326764822762698,28.387772347711177,28.459255388404358,28.542840654028907,28.640329050894422,28.75355522695719,28.884123790099125
309,28.046106989688212,28.047015712904226,28.049773250813757,28.05447385470478,28.06127511006207,28.070398737863684,28.08213185497391,28.096828909567932,28.114914660694183,28.136888755540156,28.163332635033726,28.194919603643996,28.23242884887935,28.27676390174622,28.328975389485265,28.390286603022957,28.462116804498805,28.546087111449765,28.643974332733308,28.757566470781114,28.88841861263728
310,28.046721381548252,28.0476371673588,28.050415922752904,28.055151990379613,28.062003117479208,28.071191277971366,28.083003973871996,28.097796240737864,28.115993732344123,28.13809743722817,28.16469074500219,28.19644967011044,28.234156973848997,28.27872061211457,28.331196234967877,28.392811856965068,28.464988474453037,28.549339794222647,28.64761766756436,28.761566690928703,28.89269897783788
311,28.047340544231645,28.048263399329073,28.05106339274397,28.055834960243146,28.06273601495377,28.071988791828744,28.083881191805972,28.09876885851611,28.117078368025886,28.139312082419906,28.166055371677942,28.197986983082956,28.235893253762356,28.280686522790063,28.3334273063154,28.39534786539099,28.467869825009984,28.552597937902533,28.65125880194995,28.76555678691352,28.896966359857743
312,28.047964482264888,28.048894413445623,28.051715665807365,28.05652277020937,28.06347381012131,28.07279128997834,28.08476352368507,28.099746783671264,28.11816859547872,28.140532725996366,28.167426555695272,28.199531585287502,28.237637725556112,28.28266164422547,28.33566852905517,28.397894352670278,28.470760295604236,28.55586090449691,28.654897626375885,28.769537567806708,28.901221967893946
313,28.048593200248206,28.049530214430433,28.05237274710339,28.057215426405946,28.064216510915287,28.073598783331988,28.08565098481307,28.100730037311905,28.11926444261701,28.14175940272088,28.168804337129245,28.201083518066298,28.23939042234082,28.284645976001457,28.337919807421088,28.400451028161967,28.473659359349483,28.559128158254282,28.65853410145189,28.773509759124238,28.905466863359777
314,28.049226702869078,28.050170807108884,28.05303464194384,28.057912935182287,28.064964125568395,28.074411283161794,28.086543590870917,28.101718640860838,28.120365937497013,28.142992147199095,28.170188755397817,28.202642821009192,28.241151372444563,28.28663950623644,28.340181027769006,28.40301759410471,28.47656652815317,28.56239924724241,28.662168229270435,28.777474020895227,28.90970198919024
315,28.04986499490076,28.050816196408903,28.053701355789883,28.058615303107217,28.06571666261101,28.075228801101332,28.087441357918067,28.102712616056976,28.121473108320288,28.14423099387517,28.171579849237276,28.20420953191575,28.242920599549166,28.28864221225706,28.342452059034258,28.405593743770964,28.479481347598835,28.56567380472245,28.66580006989875,28.78143094568685,28.913928149730737
316,28.05050808123036,28.051466387387507,28.054372894275048,28.059322536983757,28.066474130873928,28.076051349130807,28.08834430235862,28.10371198490344,28.122585983368083,28.14547597694309,28.172977656491867,28.20578368609671,28.24469812096271,28.29065405915867,28.34473275813815,28.408179178779392,28.48240340843904,28.56895151397265,28.669429682267378,28.785381081987623,28.918146093952316
317,28.051155966861813,28.052121385233363,28.055049263206456,28.06003464384986,28.06723653948518,28.0768789395716,28.089252440933876,28.104716769658523,28.123704590983323,28.1467271302908,28.174382213932688,28.207365316020855,28.246483947725267,28.29267500195573,28.347022973182106,28.410773606422538,28.48533233351435,28.57223210712783,28.673057153506193,28.78932493409303,28.92235648122619
318,28.05180865692887,28.05278119527918,28.05573046857495,28.060751630982338,28.068003897869687,28.07771158507728,28.09016579070368,28.105726992806126,28.12482895952172,28.14798448739242,28.175793557017244,28.208954450971817,28.248278084587355,28.294704986581678,28.34932254588398,28.413376742250477,28.488267776914256,28.5755153585568,28.676682584969967,28.793262965565418,28.926559907103126
319,28.052466156686137,28.053445822993353,28.05641651654804,28.061473505894355,28.06877621574995,28.078549298640496,28.09108436906024,28.10674267707691,28.12595911738805,28.149248081392614,28.177211720089133,28.21055111734489,28.250080529970376,28.296743948733024,28.351631309349216,28.415988309138243,28.491209427436957,28.57880108898513,28.68030609488312,28.797195597436655,28.93075689369789
320,28.053128471550735,28.054115274018443,28.05710741350049,28.06220027635038,28.06955350313956,28.079392093559136,28.092008193663446,28.107763845345858,28.127095092857246,28.150517944717876,28.178636735537566,28.21215533743697,28.25189127594092,28.298791818249413,28.353949097921884,28.418608044128234,28.49415699757577,28.582089139281152,28.683927798943387,28.80112322501526,28.93494793384656
321,28.053795607069162,28.05478955414071,28.057803165990038,28.062931950354084,28.070335770348493,28.0802399834634,28.09293728249247,28.108790520714194,28.12823691421795,28.151794109386685,28.180068634460383,28.213767130387225,28.253710308217705,28.300848515700523,28.356275739487046,28.421235692935113,28.497110231738645,28.585379391388756,28.687547826734487,28.805046204212772,28.939133455300066
322,28.054467568979817,28.05546866934793,28.058503780801686,28.063668536168223,28.07112302796895,28.08109298225878,28.09387165373772,28.10982272632947,28.129384609441047,28.153076606325044,28.181507445404293,28.215386510806752,28.255537607030874,28.30291395924388,28.358611068309415,28.42387101728974,28.500068891442027,28.588671731597856,28.691166295471078,28.808964877864184,28.94331387729619
323,28.055144363159116,28.05615262577919,28.059209264909896,28.06441004229822,28.071915286888327,28.08195110417614,28.094811325895705,28.110860485544947,28.130538206475364,28.154365465972887,28.18295319545166,28.21701348988921,28.257373146230748,28.304988058646018,28.360954914269996,28.426513789142973,28.503032767931188,28.59196608167207,28.694783331840142,28.81287955298791,28.94748956367107
324,28.055825995697717,28.056841429795725,28.05991962552963,28.065156477511096,28.072712558263333,28.082814363689124,28.095756317612597,28.111903821643125,28.13169773272284,28.155660717287276,28.184405908734846,28.21864807450794,28.259216895864768,28.307070724378832,28.363307115699,28.42916379427527,28.506001662929407,28.595262360882828,28.69839905190372,28.816790529810135,28.951660873638104
325,28.05651247283339,28.057535087918495,28.060634870071965,28.06590785081977,28.073514853545134,28.08368277559049,28.09670664782891,28.112952758094764,28.13286321553346,28.156962388664056,28.185865607733774,28.220290267817404,28.261068819513866,28.309161859396227,28.36566750874465,28.431820830459344,28.50897540604194,28.598560517762735,28.702013575703006,28.820698077039822,28.955828121490015
326,28.057203801034348,28.058233606904253,28.061355006196266,28.066664171496086,28.074322184436596,28.08455635487718,28.09766233556053,28.1140073181557,28.134034681451567,28.158270506678832,28.187332311865305,28.221940069376842,28.262928878916966,28.311261369571014,28.36803593790364,28.434484705431487,28.511953831729784,28.601860497924406,28.705627018405664,28.824602457946867,28.95999161496735
327,28.05789998692677,28.058936993679936,28.06208004176591,28.067425449061773,28.075134562933272,28.085435116856956,28.098623400101985,28.115067525244854,28.135212156919636,28.159585097224806,28.188806038645964,28.223597474741325,28.264797029478245,28.31336915452215,28.37041224780728,28.43715524020803,28.514936799893576,28.605162269425875,28.70923949452782,28.828503909391657,28.96415162622924
328,28.058601037395192,28.059645255432144,28.06280998490405,28.06819169328878,28.07595200124416,28.086319076957466,28.09958986066067,28.11613340227433,28.136395667133172,28.160906183946906,28.190286802630112,28.225262477230217,28.26667322754821,28.315485119549294,28.372796291500777,28.439832261230606,28.51792416813805,28.608465794484175,28.71285111517011,28.83240266700244,28.968308427780926
329,28.059306959461026,28.06035839949959,28.063544843929037,28.068962914205088,28.076774511899146,28.0872082509797,28.100561736843304,28.11720497253532,28.137585237511132,28.162233790122798,28.191774616404302,28.226935065182033,28.268557421121272,28.317609161636597,28.3751879219505,28.44251561136616,28.520915824806593,28.611771060425042,28.716461990325683,28.83629893653051,28.972462250507192
330,28.060017760384824,28.061076433462915,28.064284627406437,28.069739122084684,28.077602107648545,28.088102654865168,28.101539048211748,28.118282258903548,28.13878089242354,28.16356793713169,28.19326948996047,28.22861522457646,28.270449557790812,28.319741180870835,28.377586998510424,28.44520514030205,28.5239116618676,28.61507805433189,28.720072226278717,28.84019291780595,28.97661331951531
331,28.060733447683617,28.06179936515963,28.06502934415704,28.07052032744207,28.07843480143771,28.08900230464019,28.10252181417934,28.11936528366624,28.139982654951325,28.164908644236164,28.194771430741525,28.230302939687476,28.272349586168104,28.321881082153766,28.379993387658885,28.447900702812035,28.526911570777827,28.618386758710642,28.723681924280584,28.84408480909792,28.980761861215854
332,28.061454029012282,28.062527202581066,28.06577900319985,28.071306541055094,28.07927260654725,28.089907216732172,28.103510054606602,28.120454069551556,28.141190548427346,28.166255930228886,28.19628044392175,28.231998189445733,28.274257446491617,28.324028762671276,28.382406956582543,28.450602170156174,28.52991547244511,28.621697180870683,28.72729118613489,28.84797477857944,28.984908058999167
333,28.0621795123227,28.0632599540088,28.066533613820525,28.072097773915914,28.080115536367828,28.090817407477914,28.104503788896352,28.121548638223658,28.14240459431585,28.167609811395778,28.197796532537154,28.233700953002426,28.276173083556387,28.326184128162367,28.38482758044637,28.45330941387249,28.53292327759283,28.6250093138878,28.73090010711047,28.85186300304258,28.989052112130764
334,28.06290990576855,28.063997627934043,28.06729318553397,28.072894037268668,28.080963604551584,28.091732893448295,28.105503036582718,28.12264901123922,28.143624813505085,28.16897030265676,28.19931969717902,28.235411206091385,28.278096438828356,28.328347083429776,28.38725513864756,28.45602231588782,28.53593491022133,28.628323159789772,28.73450877999869,28.855749644538434,28.99319420076904
335,28.063645217699502,28.064740233051964,28.0680577280811,28.073695342609426,28.081816825017086,28.092653691460328,28.106507817356146,28.12375521009352,28.144851226381718,28.170337417651695,28.200849936021314,28.23712892087542,28.280027450012312,28.33051753173538,28.389689514471797,28.458740769002077,28.53895030898167,28.63163873104304,28.738117295500558,28.859634848969108,28.99733448375946
336,28.064385456766843,28.06548777834621,28.06882725144709,28.074501701588474,28.08267521167039,28.093579818024523,28.107518150123497,28.124867254840467,28.146083851254446,28.17171116786858,28.202387246371643,28.238854071751575,28.281966061042965,28.332695384637077,28.392130596267066,28.461464662465062,28.5419694001219,28.63495602603672,28.741725740488107,28.863518772985742,29.001473136304412
337,28.065130631786985,28.066240272982952,28.069601765848972,28.075313126163508,28.08353877881831,28.094511290150706,28.108534054357165,28.125985166024748,28.14732270645561,28.17309156358499,28.203931622104278,28.240586627021344,28.283912208575885,28.33488054957212,28.394578277307062,28.464193902168574,28.544992133061953,28.638275060125466,28.745334198811577,28.86740154882773,29.005610301876573
338,28.065880751832026,28.06699772637745,28.07038128172951,28.076129628463434,28.084407540828067,28.09544812470341,28.109555549046775,28.127108963239948,28.148567808884252,28.174478613441124,28.205483055947923,28.242326555294994,28.285865831672936,28.3370729380091,28.397032454690248,28.46692839549081,28.54801845548593,28.641595845106508,28.74894275192696,28.87128330863868,29.009746124787625
339,28.06663582622008,28.06776014818456,28.071165809746958,28.076951220777175,28.085281512114022,28.096390338389426,28.11058265269753,28.12823866516493,28.149819174113645,28.17587232462273,28.207041539658007,28.244073825447458,28.287826871326843,28.339272464589214,28.399493028668928,28.469668051604117,28.55104831487023,28.64491839127379,28.752551479577733,28.875164182758283,29.01388074754226
340,28.067395864478556,28.06852754828003,28.071955360813433,28.07777791569407,28.08616070743892,28.097337948286793,28.11161538412665,28.1293742905317,28.151076817133003,28.17727270257427,28.208607061716634,28.245828401931476,28.28979526473222,28.34147904383019,28.401959905713227,28.472412791891088,28.554081672198265,28.648242716073696,28.75616045705152,28.87904428705224,29.018014295060368
341,28.06816087636855,28.06929993675243,28.072749945983844,28.078609725810168,28.087045141340298,28.098290970900962,28.112653761142155,28.130515856678528,28.15234075150414,28.178679752011817,28.210179611494937,28.247590252200325,28.291770953477624,28.3436925938787,28.40443299264382,28.475162533776142,28.557118482134456,28.651568832554176,28.759769759720825,28.882923741486422,29.02214689781954
342,28.068930871884163,28.070077323933788,28.0735495765868,28.07944666403563,28.087934828704533,28.099249423076685,28.113697801764488,28.13166338079344,28.153610989911783,28.180093475668343,28.211759175198893,28.249359340053445,28.293753876748667,28.345913034058015,28.406912202521767,28.477917205016354,28.560158709621362,28.654896758380005,28.763379458850693,28.88680265440206,29.026278672254307
343,28.06970586125061,28.07085972039056,28.074354264191584,28.080288743520555,28.08882978462981,28.100213321782917,28.114747523943095,28.132816879633708,28.154887544055498,28.18151387461171,28.213345736827875,28.25113562716325,28.295743972839546,28.348140285350098,28.409397453242036,28.4806767404408,28.563202326175485,28.658226513882312,28.76698962257143,28.890681126042068,29.030409725152197
344,28.070485854908895,28.071647136891613,28.075164020524653,28.08113597748053,28.089730024121536,28.101182683654145,28.11580294497992,28.133976368997196,28.156170424518393,28.18294094899767,28.214939280175656,28.252919076112676,28.297741182054665,28.350374271228986,28.411888664664275,28.483441075458188,28.566249302493418,28.66155811795221,28.770600317666606,28.894559255835873,29.034540162840244
345,28.071270863489303,28.072439584365895,28.075978857379255,28.081988379023983,28.090635561804675,28.10215752457799,28.11686408104174,28.135141863320882,28.15745964075495,28.18437469882383,28.216539790582544,28.25470965289196,28.299745448974136,28.352614918199947,28.414385756176046,28.48621014071756,28.569299602349417,28.6648915844076,28.77421161087426,28.89843714869437,29.03867009923664
346,28.07206089790344,28.073237074058795,28.076798786969164,28.082845961847113,28.091546413099138,28.10313786140904,28.117930949230526,28.13631337745437,28.158755201292706,28.185815120906284,28.218147247587126,28.256507316187708,28.301756712548126,28.35486215325807,28.416888657024288,28.488983885009873,28.572353208735933,28.668226937175803,28.77782356304084,28.90231488848525,29.042799622092446
347,28.072855969270222,28.07403961740613,28.077623821643556,28.083708739674137,28.092462593273012,28.104123710588226,28.119003565915477,28.137490925231077,28.160057113569962,28.187262211315385,28.219761630846108,28.258312026011993,28.303774914076882,28.357115905935984,28.41939729799185,28.491762256817765,28.575410102803914,28.671564198062185,28.78143623383096,28.906192559401916,29.046928820187986
348,28.073656088806615,28.074847225897145,28.078453973664182,28.084576725895204,28.09338411690959,28.105115087464867,28.12008194604948,28.138674519082144,28.161365384294015,28.188715966913094,28.221382922946702,28.26012374717436,28.30579999988163,28.359376108260562,28.42191160729817,28.49454519675453,28.578470255696743,28.67490338206636,28.78504968398562,28.910070254810307,29.05105779430204
349,28.074461268035066,28.075659911348623,28.079289255685296,28.085449934385906,28.0943109991656,28.106112007971262,28.121166104974066,28.13986417126057,28.162680018931155,28.190176381847152,28.223011102377768,28.261942440048642,28.307831913637585,28.361642693961358,28.424431520716325,28.49733265752741,28.581533650587517,28.67824451008596,28.78866396969653,28.913948053982836,29.055186628069748
350,28.075271518706018,28.07647768580307,28.080129680574714,28.086328379202712,28.095243255303217,28.107114487999922,28.12225605774745,28.141059893386057,28.16400102189641,28.19164344885587,28.224646146145233,28.26376806400856,28.309870599226826,28.363915598765004,28.426956977808516,28.50012459650935,28.5846002744795,28.681587604189588,28.79227914469965,28.917826030755577,29.05931539882613
351,28.07608685269429,28.077300561401216,28.080975261217645,28.08721207427618,28.096180900252364,28.108122542862418,28.12335181861937,28.142261696178934,28.165328396898985,28.19311716055131,28.226288032038553,28.265600580153546,28.311916002738087,28.366194760175063,28.42948791853263,28.502920969744878,28.587670111943794,28.684932684291937,28.795895262216447,28.921704260287413,29.063444185909304
352,28.076907281917215,28.078128550288454,28.081826010388397,28.08810103323151,28.097123948379476,28.109136187037052,28.124453400836217,28.143469589451627,28.166662147263423,28.194597510151198,28.227936739685333,28.267439952353527,28.313968072978867,28.36848011694906,28.432024281549275,28.505721729555205,28.590743142954807,28.68827976728994,28.799512375969584,28.925582821545163,29.067573073554286
353,28.07773281873432,28.078961665086695,28.082681941433805,28.0889952703983,28.098072414859928,28.110155435772583,28.125560818059625,28.144683582578523,28.168002274464015,28.19608448730594,28.22959224383942,28.269286139793394,28.316026756708084,28.37077161091156,28.43456601458672,28.508526841202183,28.5938193593675,28.691628875023525,28.803130534123284,28.92946177910744,29.07170212897978
354,28.078563475616022,28.079799918503284,28.08354306770667,28.089894799973138,28.099026314540083,28.111180303758488,28.12667408319055,28.14590368410626,28.169348779339998,28.19757808155873,28.231254519945708,28.271139103154326,28.318092002588457,28.373069185451016,28.437113065847427,28.51133626907199,28.596898751256163,28.694980027675115,28.80674978430733,28.933341198251412,29.075831420556824
355,28.07939926488376,28.080643323048378,28.084409402222263,28.09079963560049,28.099985661472488,28.112210804717847,28.127793208202377,28.14712990205726,28.170701663042564,28.1990782838987,28.232923545915867,28.272998805892485,28.32016376115854,28.375372783749754,28.43966538085766,28.514149973240364,28.599981304624293,28.69833324365078,28.81037017551887,28.93722114804052,29.07996102114123
356,28.080240199301215,28.0814918916916,28.085280958497492,28.091709791462677,28.10095047021838,28.11324695269775,28.128918204952868,28.148362243588053,28.172060924876632,28.200585082562384,28.234599296605438,28.274865209285565,28.322241983105187,28.377682352472505,28.442222911690806,28.516967921526486,28.60306701143969,28.70168854274783,28.813991752628056,28.941101689290747,29.08409099423875
357,28.08108629180282,28.082345637560536,28.08615775016557,28.09262528177902,28.101920755249296,28.11428876147687,28.13004908481173,28.149600715146278,28.173426563292082,28.202098464961978,28.236281746350755,28.276738274708066,28.324326620057093,28.379997840072065,28.44478561273064,28.519790083956423,28.60615586502547,28.705045944699805,28.81761455890154,28.94498288009777,29.088221400359146
358,28.08193755539503,28.08320457383286,28.087039790843505,28.09354612064209,28.10289653076137,28.115336244393802,28.131185858571996,28.150845322557416,28.174798576225157,28.203618418291114,28.23797086971757,28.278617964253556,28.3264176247327,28.38231919620796,28.447353439389303,28.52261643116549,28.60924785879115,28.70840546882772,28.821238636758494,28.948864777421534,29.09235229882836
359,28.082794003008303,28.084068713577892,28.087927093945893,28.09447232179872,28.103877810443464,28.11638941415646,28.13232853638999,28.152096071199708,28.17617696158203,28.205144930289862,28.239666642363943,28.280504241360063,28.32851495095099,28.384646370925452,28.44992634657075,28.525446932625982,28.61234298494287,28.7117671337881,28.82486402866141,28.95274743882328,29.096483749755407
360,28.08365564778876,28.084938070072383,28.088819673065984,28.09540389911234,28.10486460798768,28.117448283292845,28.133477127983383,28.153352965705665,28.177561716247794,28.20667798757148,28.241369039049403,28.282397069245235,28.330618553397187,28.386979316353006,28.452504292133938,28.52828156081182,28.61544123765765,28.715130958321936,28.82849077508979,28.95663091932323,29.100616137096324
361,28.084522502929303,28.085812656624512,28.089717541781965,28.096340866356684,28.105856936896885,28.118512864026002,28.134631642648003,28.15461601019115,28.17895283655338,28.208217576263564,28.243078034278653,28.284296411296907,28.33272838751668,28.389317985989294,28.455087235673318,28.53112028983213,28.618542612065255,28.7184969610027,28.832118918382093,28.96051568561171,29.104772528388594
362,28.085394581777678,28.086692486684683,28.09062071377383,28.097283237329464,28.106854810573566,28.119583168303507,28.135792089189124,28.155885208068582,28.180350317992918,28.209763681707386,28.244793602097673,28.28620223107498,28.334844409757807,28.391662335113438,28.457675138985508,28.533963095805632,28.621647104438125,28.721865161896403,28.83574860630148,28.96440509240574,29.10894967344325
363,28.086271897710787,28.08757757371103,28.091529202666095,28.098231025670827,28.107858242131783,28.12065920764701,28.13695847588292,28.15716056220242,28.181754155626834,28.21131628908074,28.24651571678214,28.288114492794193,28.336966577549788,28.39401232010448,28.460267964832383,28.53680995545818,28.624754711744174,28.725235604555508,28.839380454039826,28.96830164341469,29.113140012817894
364,28.08715446416494,28.088467931203752,28.09244302207162,28.099184244920423,28.108867244463227,28.12174099321436,28.138130810506084,28.15844207487038,28.183164343944043,28.212875383152834,28.248244352535323,28.290033161077588,28.33909484925988,28.396367898702977,28.462865677492232,28.53966084703552,28.627865437676633,28.728608420937974,28.843015310038822,28.97220548499223,29.11734126163475
365,28.088042294615434,28.089363572684647,28.093362185573767,28.10014290850239,28.109881830231416,28.122828535808594,28.139309100366916,28.159729747821984,28.18458087694188,28.214440948377046,28.249979483566733,28.29195820098255,28.341229184131578,28.398729029854508,28.465468242592408,28.542515751118174,28.630979303302013,28.731983835830135,28.846653818659604,28.976116654275643,29.1215519599441
366,28.088935402565426,28.09026451168694,28.094286706717412,28.101107029722698,28.110902011874998,28.123921845890948,28.14049335233028,28.16102358231126,28.18600374816606,28.216012968923565,28.251721084103963,28.293889577984658,28.343369542236985,28.401095673647205,28.46807562723569,28.54537465272233,28.634096355134375,28.735362115106398,28.850296449667837,28.980034921405377,29.12577114612941
367,28.089833801538987,28.09117076174647,28.09521659899525,28.102076621745198,28.111927801575632,28.12502093353953,28.14168357276941,28.162323579052725,28.187432950676282,28.217591428669664,28.25346912841752,28.295827258035388,28.345515884567476,28.40346779146364,28.47068780060812,28.54823754453065,28.63721666833925,28.73874353086643,28.853943520035216,28.983960016391507,29.1299981800135
368,28.09073750506559,28.09208233638202,28.09615187581727,28.103051697545993,28.112959211191026,28.126125808364407,28.142879767473005,28.163629738131817,28.188868476983203,28.21917631118197,28.25522359086483,28.297771207679318,28.347668173230375,28.4058453464134,28.47330473571833,28.551104432290515,28.64034034295372,28.742128323643783,28.857595214254957,28.98789172829248,29.13423258816323
369,28.091646526667773,28.092999249096977,28.09709255055327,28.104032270021776,28.113996252450875,28.12723647979817,28.144081942013088,28.16494205940836,28.190310319407615,28.220767599929786,28.256984445853334,28.299721393694426,28.349826370775588,28.408228302430587,28.475926407761108,28.5539753271305,28.643467481586413,28.745516716349925,28.86125169319797,28.991829854982313,29.13847392825312
370,28.092560879853693,28.093921513359703,28.098038636476133,28.105018351873696,28.115038936766553,28.128352956826575,28.145290101416606,28.166260542168516,28.19175846978476,28.222365278128564,28.258751667907973,28.30167778344287,28.35199044086943,28.410616625489922,28.478552797065504,28.5568502527899,28.64659819652104,28.74890889417634,28.86491304498594,28.995774220034605,29.142721866228328
371,28.09348057809615,28.09484914258178,28.098990146740732,28.106009955589627,28.11608727521667,28.12947524798369,28.146504250171347,28.16758518514672,28.193212919497114,28.223969328778765,28.26052523170722,28.30364034491049,28.354160348431265,28.413010284211452,28.481183890302418,28.55972924323663,28.64973259828554,28.752305007073687,28.868579321478535,28.999724665016515,29.14697614288673
372,28.094405634842133,28.0957821501421,28.099947094447543,28.10700709356911,28.117141278751774,28.13060336163761,28.14772439257507,28.16891598689034,28.194673659783632,28.225579734825715,28.26230511200845,28.305609046345694,28.356336058964928,28.415409248546666,28.48381967663113,28.56261233398635,28.652870792941144,28.755705196031215,28.87225057067775,29.003681039012804,29.151236508855277
373,28.09533606346878,28.096720549322185,28.100909492519918,28.108009777911093,28.11820095787158,28.13173730555775,28.148950532225513,28.17025294524285,28.19614068132296,28.227196478973156,28.264091283817606,28.307583856905012,28.3585175399009,28.417813492536197,28.486460153386815,28.565499570007034,28.656012879761306,28.7591095629723,28.87592680318744,29.007643217026498,29.155502787381295
374,28.0962718772995,28.09766435334143,28.101877353797022,28.109018020596864,28.11926632292011,28.132877087326563,28.150182672520145,28.171596057866395,28.19761397467181,28.228819543909708,28.265883722283718,28.30956474615334,28.360704759641976,28.420222992209233,28.489105320004114,28.568390994024014,28.659158949900473,28.76251820709905,28.879608036459672,29.011611079167096,29.159774794133057
375,28.097213089604054,28.098613575346633,28.102850690987964,28.11003183338886,28.120337383915455,28.13402271409518,28.151420816353436,28.17294532191869,28.199093529987465,28.23044891215551,28.26768240274896,28.311551684343158,28.362897688019302,28.422637726441337,28.49175518141533,28.571286655541712,28.662309090659505,28.765931199614272,28.883294260074535,29.01558452329158,29.16405239954264
376,28.098159713527707,28.099568228345447,28.103829516621317,28.111051227809412,28.121414150570615,28.135174192658894,28.15266496625071,28.174300734235203,28.200579337228476,28.23208456624417,28.269487300899584,28.313544642670593,28.36509629701095,28.425057677831433,28.494409744869586,28.574186597563596,28.665463375990328,28.76934861104013,28.886985477930125,29.0195634529818,29.168335458252557
377,28.099111762171788,28.100528325285495,28.104813843119246,28.11207621520174,28.122496632331263,28.136331529459255,28.153915124324442,28.175662291237302,28.202071386025693,28.23372648857412,28.271298392589927,28.31554359290601,28.367300559721514,28.42748283114736,28.497069022123412,28.577090869235235,28.668621876946474,28.772770488127833,28.890681670368906,29.023547786716506,29.172623871224232
378,28.10006924847545,28.10149387893955,28.105803682695637,28.11310680665406,28.1235848383414,28.13749473061,28.155171292371165,28.177029989098344,28.203569665898442,28.235374661655555,28.273115654166077,28.317548508043842,28.36951045169957,28.429913174136004,28.49973302405465,28.579999510358903,28.67178465510625,28.776196884684737,28.89438283589294,29.027537441717698,29.176917518828134
379,28.10103218532049,28.102464902007284,28.10679904744336,28.11414301306047,28.124678777464055,28.13866380185931,28.156433471767627,28.17840382357838,28.205074166048234,28.23702906788469,28.274939062173928,28.319559361701977,28.371725949742597,28.432348697063503,28.50240176625573,28.582912565171398,28.674951766315644,28.77962783357134,28.89808895560759,29.03153235013309,29.18121631645556
380,28.102000585409314,28.103441406998456,28.10779994923763,28.115184845060014,28.125778458273373,28.139838748652608,28.157701663612045,28.17978379023515,28.206584875619114,28.238689689847376,28.27676859379261,28.32157612889199,28.37394703282297,28.434789391562504,28.505075261525064,28.585830070956888,28.6781232630006,28.783063373972936,28.901800019975042,29.03553244136623,29.185520170850168
381,28.102974461364795,28.104423406327726,28.108806399813147,28.116232313082605,28.126883889054056,28.14101957607363,28.158975868599782,28.181169884243502,28.2081017834783,28.240356510061247,28.278604226450227,28.323598785337538,28.37617368141497,28.437235252159894,28.507753526626573,28.58875206599504,28.681299189667413,28.786503530416496,28.905516011931013,29.039537656628227,29.189829008491927
382,28.103953825619442,28.105410912209834,28.109818410679225,28.117285427298555,28.127995077801813,28.142206288907403,28.160256087155403,28.182562100590076,28.20962487846583,28.24202951130485,28.28044593832817,28.325627308161813,28.378405877576654,28.43968627351893,28.510436575728534,28.59167858519146,28.684479590086482,28.78994832956988,28.909236915564406,29.043547937057042,29.1941427567059
383,28.104938690485994,28.106403936726565,28.110835993173907,28.11834419765171,28.12911203222461,28.143398891602317,28.161542319352577,28.183960433956145,28.211154149246,28.243708676411586,28.28229370799795,28.32766167533231,28.380643604874876,28.442142452617304,28.51312442500125,28.594609661989125,28.687664501407085,28.79339779025446,28.91296271378343,29.047563230729338,29.198461352174263
384,28.10592906805556,28.107402491730454,28.111859158387006,28.119408633813805,28.130234759741768,28.144597388324257,28.162834565028334,28.185364878893154,28.21268958455437,28.245393988625437,28.28414751490834,28.329701866020798,28.382886847644443,28.444603785759227,28.515817088650522,28.597545328045896,28.690853960391394,28.796851932384982,28.91669339055926,29.051583486392246,29.202784730899054
385,28.10692497038673,28.108406589022934,28.112887917302658,28.120478745267405,28.131363267484346,28.145801782855415,28.16413282356939,28.186775429487568,28.21423117270831,28.247085430894515,28.286007338531647,28.33174786033237,28.38513559301549,28.447070273771658,28.518514584043714,28.600485612493173,28.69404799427059,28.800310764076357,28.92042892580332,29.055608662524946,29.20711284714173
386,28.107926409348636,28.109416240206826,28.11392228068121,28.1215545412378,28.132497562296066,28.14701207867978,28.16543709409183,28.188192079642988,28.215778902020077,28.24878298646246,28.287873159054186,28.333799639459755,28.387389829150948,28.449541917781232,28.5212169277508,28.603430542646493,28.697246627988875,28.803774291964373,28.924169299868595,29.05963872004105,29.21144565758823
387,28.108933396402392,28.110431456481933,28.114962258899652,28.12263603060859,28.133637650752974,28.148228279130592,28.166747375732143,28.1896148235316,28.21733276143692,28.25048663969642,28.289744958126164,28.335857185425198,28.389649542617462,28.452018714171004,28.523924130839703,28.60638014409045,28.70044989302977,28.807242536214062,28.92791450243965,29.063673610955334,29.21578309759161
388,28.109945943133482,28.111452249142985,28.116007862342315,28.12372322213122,28.134783539122395,28.149450387042293,28.168063666954424,28.191043654517728,28.218892739007345,28.252196374072525,28.291622716954976,28.337920481528045,28.3919147247193,28.454500667178934,28.52663621063857,28.60933444012619,28.703657805446085,28.810715494224326,28.931664511891768,29.067713305527434,29.22012513835824
389,28.11096406087802,28.11247862923034,28.117059101126472,28.124816124278027,28.13593523339182,28.150678404994835,28.169385966036316,28.192478565913177,28.22045882295737,28.253912173589413,28.2935064176433,28.33998951203074,28.394185367053808,28.456987780057716,28.529353182482566,28.612293452159008,28.706870381275905,28.814193166095833,28.935419309774034,29.07175777321578,29.224471746821166
390,28.111987760554086,28.11351060737502,28.11811598498832,28.125914745195416,28.137092739314483,28.151912335471877,28.17071427135602,28.193919551405713,28.222031002254937,28.25563402336286,28.295396043450296,28.342064261433336,28.396461459272984,28.45948005163973,28.532075056833833,28.615257200747067,28.710087643827478,28.817675564512513,28.93917888424079,29.075806974384705,29.22882287297375
391,28.113017053059536,28.114548194166048,28.119178523559924,28.12701909283021,28.13825606232882,28.153152180527343,28.17204858077173,28.195366604121375,28.223609265344464,28.257361908188955,28.297291577894043,28.34414471570284,28.398742994167435,28.461977484888678,28.5348018467638,28.618225703848793,28.7133096067804,28.82116269012755,28.94294321941095,29.079860880097158,29.233178484198163
392,28.114051949139537,28.115591400028336,28.120246726277287,28.128129174887704,28.139425207584907,28.154397941896036,28.1733888918277,28.196819716935465,28.225193600566854,28.259095813020963,28.299193005049403,28.346230861865422,28.40102996597909,28.464480084060767,28.53753356546912,28.621198977404504,28.716536279795037,28.824654539733842,28.946712298899854,29.08391946554434,29.237538553869967
393,28.115092459190578,28.116640235043747,28.121320602252013,28.129244998787044,28.140600180014303,28.15564962120243,28.17473520212104,28.198278883007106,28.22678399682985,28.260835723606533,28.30110030970326,28.348322686968118,28.40332236766443,28.466987850818214,28.540270223552966,28.624177037378672,28.71976767679803,28.828151116205618,28.950486108488747,29.087982701472185,29.241903048370148
394,28.11613859336171,28.117694709043235,28.122400160337463,28.130366571684647,28.14178098429454,28.15690721985328,28.176087509113188,28.1997440955044,28.228380443262324,28.26258162615767,28.303013477270497,28.350420178609227,28.40562019230424,28.469500786240417,28.543011830441856,28.62715989872129,28.723003811703677,28.831652423335868,28.954264634711706,29.09205055862384,29.24627193384424
395,28.117190361752762,28.1187548317871,28.123485409254272,28.131493900509497,28.142967624763116,28.158170738804415,28.17744580972777,28.201215347027812,28.2299829285148,28.26433350674614,28.304932493788556,28.352523326210928,28.407923435983037,28.47201889456875,28.545758396617487,28.6301475726911,28.72624469008622,28.835158456966383,28.958047863517777,29.096123015761066,29.250645187228145
396,28.11824777415694,28.119820612732383,28.12457635743209,28.132626991927395,28.14416010554629,28.159440178889156,28.17881010090582,28.20269263039114,28.231591441675903,28.266091352035062,28.30685734578941,28.35463211919631,28.410232093968432,28.474542178509296,28.548509931183048,28.633140070752006,28.729490319782713,28.838669215618552,28.961835781412333,29.100200049761952,29.255022782887522
397,28.119310840023388,28.12089206100194,28.12567301299748,28.133765852358295,28.145358430617023,28.16071554092497,28.180180379762305,28.204175938809897,28.233205972425196,28.267855149261322,28.30878801996647,28.356746546327713,28.41254615996587,28.477070638935402,28.55126644259002,28.636137406118564,28.732740711942995,28.84218469997319,28.965628374234598,29.104281635376708,29.25940469290248
398,28.12037956875463,28.121969185645526,28.126775383927907,28.13491048795686,28.1465626035411,28.161996825176686,28.18155664274167,28.205665264799052,28.234826509922755,28.26962488572127,28.310724504160817,28.358866598870293,28.414865631039504,28.47960427928774,28.554027938569106,28.63913958664409,28.735995870088573,28.84570490609343,28.969425629539273,29.10836775348247,29.263790896568196
399,28.121453969475283,28.123051995436697,28.127883477932187,28.136060904628266,28.147772627676204,28.1632840317763,28.182938886277498,28.207160601032683,28.236453043672725,28.271400549167026,28.31266678658733,28.360992268123425,28.417190503780205,28.482143102157067,28.556794426198223,28.642146620362382,28.73925579861958,28.84922983068867,28.973227534746798,29.11245838466175,29.268181372995798
400,28.12253405087762,28.12414049874957,28.128997302417986,28.13721710814235,28.148988506477963,28.164577161247962,28.184327107510228,28.208661941113917,28.238085564024573,28.273182127566827,28.314614854449076,28.363123542917094,28.41952077154184,28.484687108085495,28.559565913896108,28.645158520001473,28.74252050715762,28.85275947302887,28.97703407645588,29.11655350544993,29.27257609563395
401,28.1236198217008,28.12523470395206,28.13011686463318,28.138379103868147,28.150210242697256,28.16587621308645,28.185721302294894,28.210169277350815,28.23972406055185,28.274969609418235,28.316568697497246,28.365260416655985,28.421856432850234,28.48723630021715,28.562342406897756,28.648175289660003,28.745789995911423,28.856293827628008,28.980845243047725,29.120653100448806,29.276975048824738
402,28.12471129036362,28.126334619104682,28.13124217155763,28.139546896977265,28.15143783899549,28.16718118684679,28.187121466727945,28.211682602460996,28.24136852329474,28.276762983508092,28.31852830530272,28.367402881920782,28.42419748495837,28.48979068073379,28.565123910722036,28.651196935018447,28.7490642668929,28.859832889851702,28.98466102268992,29.124757153042935,29.281378215115183
403,28.125808465060402,28.127440252038866,28.132373229931375,28.140720492390813,28.15267129778414,28.168492081859654,28.188527596748997,28.213201909126894,28.24301894243564,28.278562238974928,28.320493667968208,28.369550931877427,28.426543925528676,28.492350251785183,28.56791043026658,28.65422346067396,28.752343320989382,28.86337665445359,28.98848140385769,29.12886564782258,29.285785578568948
404,28.12691135365253,28.128551610273917,28.133510046244965,28.14189989488807,28.153910621485863,28.169808897658413,28.189939688696597,28.214727190557937,28.244675308629553,28.28036736508801,28.322464775095398,28.371704558467513,28.428895750641345,28.49491501448375,28.57070197084124,28.657254873168654,28.75562716172493,28.866925118245092,28.99230637524414,29.132978566923896,29.290197119564482
405,28.128019963716497,28.12966870105356,28.134652626743843,28.143085109058404,28.15515581241965,28.171131633790765,28.19135773906322,28.216258440242655,28.246337612858326,28.282178351344612,28.32444161624079,28.37386375320699,28.43125295567353,28.497484969348307,28.573498537712055,28.66029117965286,28.758915793599954,28.870478278917176,28.996135925799763,29.137095891644833,29.294612817091092
406,28.12913430279457,28.13079153153916,28.135800977450458,28.14427613905002,28.15640687219502,28.17246028883062,28.192781743207547,28.217795650646394,28.248005845666,28.28399518798267,28.32642418330647,28.37602851137399,28.433615539908374,28.500060118630813,28.57630013370931,28.663332380876682,28.762209213387223,28.874036128860894,28.999970044940028,29.141217610914282,29.299032660787987
407,28.13025437810836,28.131920108589156,28.136955104138963,28.145472988856852,28.157663802403363,28.173794861506053,28.194211696824425,28.219338814697892,28.249679998031922,28.285817865395586,28.328412467810665,28.378198827227834,28.435983501273085,28.502640463660157,28.579106761958258,28.66637847919111,28.76550742006873,28.877598662222056,29.003808722308463,29.14534371162307,29.3034566372001
408,28.131380196646717,28.13305443882666,28.138115012342837,28.14667566223079,28.158926604406417,28.175135350354537,28.195647595495245,28.22088792533458,28.2513600611033,28.287646374311464,28.330406461722475,28.38037469547129,28.438356837947993,28.505226005654265,28.581918425043966,28.6694294761013,28.76881041179712,28.88116587274368,29.007651947848956,29.14947418158073,29.307884733981325
409,28.132511764995115,28.134194528537876,28.139280707454702,28.14788416309699,28.1601952801401,28.176481754903534,28.19708943608515,28.222442976739956,28.253046026677566,28.289480704844948,28.332406154672697,28.382556106980417,28.440735544136885,28.507816743863373,28.58473512745428,28.67248537920983,28.772118194968243,28.884737760318956,29.011499710981468,29.15360900064337,29.312316928180792
410,28.13364908968515,28.13534038388019,28.140452194521743,28.149098494701605,28.161469830465023,28.177834073247084,28.19853721387568,28.22400396180427,28.254737886213206,28.291320848442638,28.334411539678,28.384743057568016,28.443119618747915,28.51041267938092,28.587556870566004,28.675546187966802,28.77543076560096,28.88831431754278,29.015352002294094,29.157748158922345,29.31675321028274
411,28.13479217697318,28.136492010750544,28.141629478375364,28.15031866015221,28.162750256212234,28.17919230358251,28.199990924382462,28.225570873734455,28.256435631456725,28.293166796649814,28.336422609512113,28.386935542427466,28.445509059889844,28.51301381272748,28.590383655823928,28.67861190270395,28.7787481211422,28.891895538237804,29.019208812470197,29.16189164524019,29.321193568965498
412,28.135941032862945,28.13764941479866,28.14281256361795,28.151544662362312,28.16403655807585,28.180556444052343,28.201450563169033,28.227143705888864,28.258139254378534,28.295018541236914,28.33843935707779,28.389133556702973,28.4479038654369,28.515620144098705,28.593215484414145,28.68168252370816,28.782070259255818,28.895481416579912,29.023070132398516,29.166039448314905,29.32563799266535
413,28.137095663131618,28.13881260146661,28.144001454700287,28.1527765041846,28.165328736805805,28.181926492976288,28.20291612606485,28.22872245190058,28.25984874710815,28.29687607388456,28.340461774866128,28.391337094880555,28.450304032606937,28.518231673370565,28.596052357827148,28.684758052262225,28.78539717892278,28.899071947602295,29.02693595275025,29.170191555749,29.330086468456102
414,28.13825607333814,28.139981576009973,28.145196155980216,28.154014188525423,28.16662679338424,28.18330244907463,28.2043876093922,28.23030710583032,28.261564101917315,28.298739385915496,28.342489854431676,28.393546150133716,28.452709557438254,28.520848400000034,28.598894278377657,28.68783849174264,28.788728881697466,28.902667127904806,29.030806263643626,29.174347952844983,29.334538980631976
415,28.13942226876435,28.141156343347575,28.146396671308878,28.155257717536983,28.167930727778526,28.184684309885995,28.20586500836231,28.231897661084474,28.263285311341292,28.300608470189047,28.344523590102597,28.39576071894669,28.455120438490383,28.52347032372944,28.60174124552674,28.69092383985884,28.79206536282385,28.90626695063895,29.03468105701222,29.178508630980275,29.338995520728304
416,28.140594254470727,28.142336908203504,28.147603004421796,28.156507093381094,28.16924054012071,28.186072073263688,28.207348318592096,28.233494111438404,28.265012368064163,28.302483319309772,28.34656297547201,28.397980796742615,28.45753667334435,28.526097443920264,28.60459325936,28.69401409599226,28.795406619636708,28.90987141025056,29.03856032436545,29.18267357968722,29.34345607804522
417,28.141772035280326,28.14352327506657,28.14881515882695,28.157762318010157,28.170556230368675,28.187465736946308,28.208837535668977,28.235096450742844,28.26674526495151,28.30436392614115,28.348608004404866,28.400206379137842,28.459958259606765,28.52872975974435,28.60745031958953,28.697109259090666,28.798752649151027,28.91348050111884,29.042444057431226,29.186842788925787,29.34792064236666
418,28.1429556158339,28.14471544826131,28.150033137921127,28.159023393348377,28.17187779855243,28.188865298837868,28.210332655397337,28.236704673037707,28.268483994928317,28.30625028339034,28.350658670385087,28.402437461255147,28.462385194484114,28.531367270291582,28.610312426311793,28.700209328872404,28.802103449153833,28.91709421792035,29.046332247662406,29.191016248059782,29.352389202815118
419,28.14414500058706,28.145913431943256,28.151256944979366,28.160290321272328,28.173205244745134,28.190270756971756,28.211833673763692,28.238318772531215,28.270228550986076,28.30814238365474,28.35271496659999,28.404674037821508,28.46481747485376,28.53400997457345,28.61317957991804,28.703314305658182,28.805459018028728,28.920712555551802,29.05022488630084,29.19519394601582,29.356861748032827
420,28.145340193779134,28.14711723004234,28.152486583026132,28.161563103374874,28.174538568708897,28.19168210907435,28.213340586510924,28.23993874333894,28.271978926272084,28.310040219996438,28.354776886969546,28.406916104363347,28.467255098132796,28.53665787156399,28.616051779999452,28.706424188310848,28.808819352616524,28.924335508187255,29.054121965164597,29.19937587235205,29.361336984259083
421,28.14654119941889,28.14832684625503,28.153722054844877,28.162841741003433,28.175877769969702,28.193099352673357,28.214853389265386,28.241564579595035,28.27373511412617,28.31194378584769,28.356844425888312,28.409163656828582,28.469698061922713,28.539310960047032,28.618929025547573,28.709538974847817,28.812184449057042,28.927963069851785,29.05802347138075,29.203560670560535,29.365738765876245
422,28.147748021302334,28.14954228407555,28.15496336304915,28.164126235387982,28.177222848008512,28.194522485333778,28.21637207776672,28.243196275589753,28.275497108032766,28.313853074699296,28.358917577666205,28.4114166909427,28.472146363546983,28.541969238595925,28.62181131554479,28.712658663560433,28.815554303933823,28.931595230942264,29.06192902097655,29.207737074671968,29.370078306183757
423,28.14896066302464,28.15076354680326,28.15621051007605,28.165416587615482,28.178573802209087,28.19595150458167,28.21789664777816,28.244833825695707,28.277264901596368,28.31576808016979,28.36099633671148,28.41367520246797,28.47460000028576,28.544632705665776,28.624698648815297,28.715783252563085,28.818928911834462,28.93523189631901,29.065836649434857,29.211897616009878,29.374380001298107
424,28.150179127985382,28.15199063754767,28.157463498190623,28.166712798630158,28.17993063185645,28.197386407898932,28.219427095081528,28.246477224362877,28.27903848854305,28.317688796013158,28.3630806975425,28.415939187214633,28.477058969380437,28.547301359588346,28.62759102399582,28.718912739253597,28.822308249833043,28.93887268823522,29.069743723191266,29.216041095582284,29.37865231747554
425,28.151403419382746,28.15322355922285,28.15872232948027,28.168014869230774,28.1812933361345,28.198827192724423,28.22096341547808,28.24812646612139,28.280817862722188,28.319615216119075,28.36517065478745,28.418208641038348,28.47952326803096,28.549975198564027,28.63048843937372,28.72204711675539,28.825692235191923,28.94251690426978,29.073648156506806,29.22016807020674,29.382899964849287
426,28.152633540227328,28.15446231456093,28.15998700586823,28.16932280008143,28.182661914136304,28.200273856458352,28.22250560478983,28.249781545575786,28.28260301809553,28.32154733449937,28.367266203171255,28.42048355983337,28.481992893395784,28.5526542206307,28.633390892142813,28.725186365518482,28.829080695696916,28.946163703617856,29.07754852245631,29.22427937801052,29.38712619805233
427,28.15386949335243,28.155706906122305,28.16125752912336,28.17063659172129,28.18403636486977,28.20172639646694,28.224053658858907,28.251442457401026,28.28439394872919,28.32348514527871,28.36936733750673,28.422763939526703,28.484467842583115,28.55533842352611,28.636298376794514,28.72833044417024,28.832473373782534,28.949812242882444,29.081443869676946,29.22837592354159,29.391333437764047
428,28.155111281394454,28.15695733627723,28.16253390084296,28.171956244551097,28.185416687251006,28.203184810079847,28.22560757355086,28.253109196349726,28.286190648803824,28.325428642703173,28.37147405270025,28.42504977607524,28.486948112603216,28.5580278042014,28.63921088166302,28.731479278465486,28.835869940172813,28.953461753820875,29.08533361716775,29.23245857624022,29.395523489492803
429,28.156358906817218,28.158213607228788,28.16381612247619,28.173281758852454,28.186802880116716,28.20464909459713,28.227167344753354,28.254781757242597,28.28799311259843,28.327377821122013,28.373586343735326,28.427341065450378,28.48943370028661,28.560722358197552,28.6421283863462,28.73463276181775,28.83927002872565,28.957111566930905,29.089217405840543,29.236528133733373,29.399697810760586
430,28.15761237190219,28.15947572100424,28.165104195314314,28.174613134780657,28.18819494222157,28.206119247288086,28.22873296837804,28.25646013497237,28.289801334494314,28.329332674990326,28.375704205671752,28.429637803614412,28.49192460208542,28.563422078454835,28.645050857845263,28.737790754753462,28.842673260328468,28.96076112261727,29.093095036348643,29.24058531187586,29.403857602871426
431,28.15887167876093,28.16074367946692,28.16639812050306,28.175950372376576,28.18959287224584,28.207595265395867,28.230304440359987,28.25814432449829,28.291615308965618,28.331293198858248,28.377827633630602,28.431939986466716,28.494420813749173,28.56612695395347,28.64797824868384,28.740953092942334,28.846079265852893,28.964409955524445,29.096966399452413,29.244630757425284,29.408003899017842
432,28.16013682933948,28.162017484320813,28.16769789904737,28.17729347156893,28.190996668798277,28.20907714613935,28.231881756657685,28.25983432084388,28.293435030576347,28.333259387364137,28.37995662277723,28.434247609750173,28.496922329860354,28.568836968391622,28.65091049675999,28.744119595562836,28.84948769494906,28.968057677158527,29.100831451987574,29.24866506102086,29.412137590705584
433,28.16140782542203,28.163297137113943,28.1690035318137,28.178642432178265,28.192406330418464,28.21056488671411,28.233464913253954,28.26153011909571,28.295260493975093,28.335231235226786,28.38209116829148,28.436560668901507,28.49942914326334,28.571552099188523,28.653847526680238,28.747290072231863,28.852898218729422,28.97170396307672,29.104690203835673,29.25268876372047,29.4162594496795
434,28.162684668636302,28.164582639243974,28.170315019536986,28.179997253922636,28.193821855582485,28.212058484296108,28.235053906154405,28.263231714399637,28.297091693888603,28.337208737223477,28.38423126527249,28.438879158668783,28.501941244069542,28.574272316767747,28.656789253280124,28.750464331056378,28.85631053143686,28.97534853821645,29.10854269595609,29.256702363535055,29.420370166644375
435,28.16396736044851,28.16587399195322,28.17163236281408,28.181357936411814,28.195243242697302,28.213557936038058,28.236648731388925,28.26493910196433,28.29892862512787,28.339191888208234,28.386376908822513,28.441203073482882,28.50445862074133,28.576997585591357,28.65973557795388,28.753642169249474,28.859724349251678,28.978991193568618,29.112389020852106,29.260706308483293,29.424470313010943
436,28.16525590218214,28.167171196347226,28.17295556212315,28.182724479164335,28.196670490114627,28.215063239077892,28.238249385010306,28.26665227705024,28.30077128256181,28.3411806830307,28.388528093722186,28.443532406292093,28.506981257389555,28.579727862702384,28.66268639868116,28.756823395400488,28.863139415234514,28.982631743094544,29.116229260208456,29.26470101833621,29.428560447580935
437,28.166550295003333,28.168474253380225,28.174284617808667,28.184096881594485,28.198103596120745,28.216574390532116,28.23985586309476,28.26837123497728,28.3026196611342,28.34317511658628,28.39068481465165,28.445867149450578,28.509509136026168,28.58246309922191,28.66564160221833,28.76000781146837,28.866555494012687,28.986270057023205,29.120063538743295,29.268686868708357,29.43264102472574
438,28.167850539945903,28.169783163879913,28.17561953010585,28.185475143034296,28.199542558953226,28.218091387505638,28.241468161740272,28.270095971108844,28.304473755820766,28.345175183678123,28.39284706569174,28.448207293211226,28.51204223377681,28.585203240103624,28.668601076013886,28.763195235793887,28.86997237607835,28.989906012455947,29.12389195513856,29.272664219623266,29.436712508249457
439,28.16915663789706,28.171097928533072,28.176960299126335,28.186859262719906,28.200987376790522,28.219614227085174,28.24308627706671,28.27182648085835,28.306333561642248,28.347180879061455,28.395014840555064,28.45055282665254,28.51458052498299,28.587948225041032,28.671564700934084,28.766385486937907,28.873389871772872,28.993539525864605,29.127714633897142,29.276633396658156,29.440775289633336
440,28.1704685896147,28.17241854790319,28.178306924874676,28.188249239806737,28.202438047763735,28.221142906345904,28.244710205213778,28.27356275967651,28.30819907362752,28.349192197322395,28.397188132185647,28.452903736636983,28.517123979687085,28.590697989180114,28.674532359088857,28.769578396833822,28.87680781196741,28.99717052147065,29.131531687014103,29.280594711045183,29.44482975040455
441,28.17178639572529,28.173745022427738,28.179659407246447,28.18964507336733,28.203894569953718,28.222677422348625,28.24633994233875,28.275304803041024,28.31007028677942,28.351209132798544,28.39936693270181,28.455260008158348,28.519672564888083,28.59345246436186,28.677503931796707,28.772773803398707,28.88022604274778,29.000798944244025,29.13534323582354,29.284548451427156,29.44887623265828
442,28.173110056723772,28.175077352418555,28.18101774602826,28.191046762391238,28.205356941391642,28.224217772140832,28.247975484617882,28.27705260646337,28.31194719609772,28.35323167963668,28.401551233464488,28.457621624217722,28.522226243903503,28.596211578311454,28.680479300173488,28.775971553959266,28.883644428633374,29.00442475449944,29.139149400803433,29.288494887355796,29.452915051792502
443,28.174439573001507,28.17641553808869,28.1823819409218,28.192454305805484,28.206825160072867,28.22576395275837,28.249616828222997,28.27880616540574,28.313829796339007,28.355259831240858,28.403741024221006,28.45998856544054,28.52478497827792,28.598975260059717,28.68345835123364,28.779171503334396,28.887062838658437,29.00804791489344,29.14295030076005,29.2924342795925,29.456946513321554
444,28.17577494479707,28.17775957950448,28.183751991500912,28.193867702438524,28.208299223932386,28.227315961221677,28.251263969360764,28.28056547542144,28.315718082422677,28.357293581212616,28.40593629460244,28.462360810890914,28.52734872481591,28.601743430696388,28.686440966471707,28.78237351514605,28.890481169801888,29.011668417099145,29.146746059012514,29.296366859542104,29.46097087705931
445,28.177116172252454,28.179109476640633,28.185127897260998,28.19528695106095,28.209779130871425,28.228873794537094,28.252916904220456,28.28233053197613,28.317612048943033,28.35933292228742,28.40813703254298,28.46473833738048,28.529917439014582,28.60451601338889,28.689427033944185,28.78557746063484,28.893899322537834,29.01528625129623,29.150536793491938,29.30029285316192,29.464988399997935
446,28.17846325540347,28.18046522937061,28.186509657610998,28.19671205037895,28.2112648787529,28.2304374496959,28.254575628981684,28.28410133047521,28.319511690247282,28.361377846511118,28.41034322455596,28.46712111961733,28.532491074518134,28.6072929316677,28.692416446111395,28.78878321876897,28.89731720512208,29.018901411509034,29.15432261827175,29.304212476847283,29.468999329148744
447,28.179816194142347,28.181826837430037,28.187897271839518,28.198142999006507,28.212756465384473,28.23200692367618,28.25624013985521,28.285877866399403,28.321417000787562,28.363428345960244,28.41255485670507,28.46950913044742,28.535069580679703,28.610074103059958,28.695409092635316,28.791990677225613,28.90073474818206,29.022513915284776,29.15810365236564,29.308125921565193,29.473003871218452
448,28.181174988313842,28.183194300511047,28.18929073920009,28.199579795533737,28.21425388855539,28.23358221342164,28.2579104329364,28.287660134875694,28.32332797413102,28.365484410981367,28.41477191266489,28.47190234120245,28.537652909247697,28.612859453741635,28.69840487497919,28.79519972854399,28.904151871668432,29.02612375786515,29.1618800002974,29.31203339115922,29.477002260856636
449,28.18253963760037,28.184567618149458,28.190690058809878,28.201022438446557,28.215757145995667,28.235163315874956,28.259586504400602,28.289448131229562,28.325244604184718,28.3675460322537,28.416994375773584,28.474300720818746,28.540241006166355,28.615648901832287,28.70140369082145,28.79841027536287,28.907568522250187,29.02973096472516,29.165651773815114,29.315935057718775,29.480994683672122
450,28.183910141619037,28.185946789819297,28.192095229734093,28.202470926191324,28.2172662354032,28.236750227932305,28.26126835030078,28.291241850457823,28.3271668841179,28.369613199150308,28.419222227712908,28.47670423722667,28.542833818747226,28.618442370357172,28.704405444727,28.801622224616835,28.910984643694974,29.033335551851337,29.16941907766642,29.319831096316022,29.484981333073165
451,28.185286499894744,28.187331814906713,28.193506250962344,28.20392525715721,28.21878115443735,28.238342946457976,28.26295596662777,28.29304128738221,28.329094806666717,28.371685900184616,28.42145544883408,28.47911285689719,28.54543129364191,28.62123978374302,28.707410045416395,28.80483548930681,28.91440018496371,29.036937536335927,29.17318201311565,29.323721675629486,29.488962395253225
452,28.186668711828474,28.18872269267979,28.19492312138243,28.205385429656587,28.2203019007124,28.23994146830546,28.264649349390993,28.294846436845546,28.33102836450354,28.37376412349812,28.42369401840557,28.481526544107,28.548033374408078,28.624041064142432,28.71041740345106,28.808049991016503,28.91781510894117,29.040536947028045,29.17694068041743,29.32760694814732,29.492938034886492
453,28.18805677677892,28.190119422366138,28.19634583984623,28.20685144196767,28.22182847179289,28.241545790216378,28.266348494327417,28.29665729310483,28.3329675492746,28.375847855890754,28.425937914708527,28.483945263740168,28.550640007879622,28.62684613907419,28.71342743392421,28.811265651201893,28.92122937226236,29.044133805041326,29.180695177713574,29.331487070184153,29.496908422201955
454,28.189450693968695,28.191522003063938,28.197774405095174,28.208323292289663,28.223360865210452,28.243155908961853,28.268053397280823,28.298473850582695,28.334912352710433,28.377937083777283,28.428187114527816,28.486368977579218,28.553251136803567,28.629654933652944,28.716440055155317,28.814482402398312,28.92464294719622,29.0477281417908,29.18444559942901,29.335362181758,29.50087370724441
455,28.190850462580386,28.192930433832032,28.19920881583198,28.20980097877606,28.22489907841731,28.24477182114356,28.26976405373904,28.30029610305138,28.33686276558251,28.38003179256492,28.430441594259662,28.488797648525747,28.55586670695459,28.632467376992906,28.719455188142604,28.81770017614548,28.928055801698292,29.05131998481255,29.188192038970726,29.339232424355316,29.504834042577556
456,28.19225608169552,28.19434471363303,28.200649070677287,28.21128449951908,28.22644310882913,28.24639352334418,28.271480459159818,28.302124044167783,28.33881877831851,28.382131966891393,28.432701328968335,28.491231237773775,28.558486662830376,28.635283398767967,28.722472757595312,28.820918910792955,28.9314679110538,29.054909365284175,29.191934586924845,29.343097930620218,29.50878956984792
457,28.193667550281646,28.195764841321534,28.202095168160554,28.212773852547798,28.227992953835326,28.248021012161303,28.273202609041334,28.303957667585223,28.34078038112409,28.3842375906558,28.43496629216554,28.493669704211186,28.56111094678937,28.63810292857329,28.725492692223213,28.824138553122737,28.934879260160073,29.058496319406572,29.195673330675447,29.3469588223399,29.51274041712867
458,28.195084867254536,28.197190815701163,28.203547106760936,28.21426903583324,28.22954861073623,28.24965428402396,28.274930498559854,28.30579696640939,28.34274756343683,28.38634864696388,28.437236456992707,28.496113007355746,28.563739503123884,28.64092589882415,28.72851492319677,28.827359050595305,28.938289832678663,29.0620808814391,29.199408355866126,29.350815220476193,29.516686712358307
459,28.19650803151086,28.19862263555399,28.20500488492587,28.215770047284195,28.23111007669536,28.25129333507408,28.276664122358113,28.307641932916283,28.34472031369853,28.388465118218505,28.43951179696785,28.49856110891153,28.566372280026314,28.643752246008944,28.731539383184725,28.830580347492003,28.941699605714234,29.065663079782837,29.203139746676072,29.354667250662885,29.52062859095696
460,28.197937041771638,28.200060299498546,28.20646850097671,28.217276884754938,28.232677348940626,28.252938161692327,28.278403475517848,28.309492559909017,28.346698620556424,28.390586985910602,28.441792282648407,28.501013965347965,28.56900921985391,28.646581904185666,28.73456601067113,28.833802403780396,28.94510857598806,29.06924295523754,29.206867583573796,29.35851501732708,29.52456616042673
461,28.199371896708158,28.2015038061038,28.207937953184512,28.218789546038863,28.23425042460258,28.254588760076047,28.280148552778996,28.311348839628693,28.348682471899053,28.392714230787078,28.444077884309706,28.503471533856157,28.571650266942754,28.649414810201904,28.737594746490174,28.83702517997216,28.948516738829824,29.072820546347828,29.210591945120314,29.362358624460853,29.528499528765337
462,28.20081259501785,28.202953153954127,28.209413239795595,28.220308028815907,28.235829300528906,28.256245125863416,28.281899347965805,28.313210763117127,28.350671854544316,28.39484683351418,28.446368574231656,28.505933776294057,28.574295371947983,28.652250905692995,28.740625530469856,28.840248627750157,28.95192407590315,29.076395880559915,29.214312909665466,29.366198188755448,29.532428821525855
463,28.202259135220572,28.204408341472288,28.210894358946746,28.22183233075424,28.237413973710943,28.257907255042767,28.283655855441964,28.31507832194046,28.35266675529209,28.396984773352756,28.448664321112403,28.508400648899737,28.576944479914516,28.655090130801966,28.743658309405305,28.843472714888662,28.955330588413176,29.079968997912488,29.21803055129277,29.370033804897275,29.536354136043826
464,28.203711515785244,28.205869367029322,28.212381308717966,28.223362449447052,28.23900444101838,28.259575143387508,28.28541806920623,28.31695150711778,28.354667160270424,28.39912802898135,28.45096509353982,28.510872108683827,28.579597537689835,28.65793242808195,28.746693032103735,28.84669740976784,28.958736276470972,29.08353993631465,29.221744942339342,29.37386556713335,29.540275569881487
465,28.205169735146626,28.20733622895426,28.213874087119848,28.224898382359072,28.240600699086883,28.26124878627843,28.28718598268364,28.31883030898325,28.356673055044382,28.40127657904685,28.45327086104851,28.513348114749192,28.582254494875997,28.66077774225994,28.749729647529136,28.84992267830205,28.962141135943284,29.087108730022862,29.225456154696417,29.377693572722023,29.544193224803962
466,28.206633791673198,28.208808925510198,28.215372692095286,28.226440126876923,28.242202744443375,28.26292817892454,28.288959589021147,28.320714717453143,28.3586844246322,28.403430401621165,28.455581592790452,28.515828626319433,28.584915301983017,28.66362601982553,28.75276810696306,28.853148488620775,28.965545163973502,29.090675413028748,29.2291642584388,29.381517916042753,29.548107199447713
467,28.208103683627712,28.210287454864783,28.216877121523737,28.227987680377453,28.243810573673954,28.264613316651435,28.29073888146837,28.322604722359245,28.360701253500167,28.40558947346642,28.457897255798457,28.518313600217027,28.587579908128873,28.66647720861448,28.755808366857707,28.856374817041456,28.96894836592395,29.09424002323192,29.232869319990016,29.38533868117014,29.552017580144877
468,28.20957940922125,28.211771815127747,28.21838737320411,28.229541040109382,28.245424183153034,28.26630419445189,28.292523852807165,28.32450031298498,28.362723525653223,28.407753771252317,28.460217817683997,28.520802994636654,28.590248264322213,28.669331258154273,28.758850384325967,28.859601639086634,28.972350745224844,29.097802596597887,29.236571405050995,29.389155952787746,29.555924454308865
469,28.211060966608727,28.213262004336627,28.21990344481128,28.231100203100766,28.247043568891854,28.26800080679243,28.29431449518586,28.32640147806302,28.36475122496853,28.409923272337778,28.46254324776953,28.523296770213847,28.592920323802787,28.672188118733914,28.761894114971085,28.86282892677309,28.975752301379828,29.101363166991746,29.240270580107563,29.39296981854403,29.5598279129494
470,28.212548353859688,28.21475802046365,28.22142533401535,28.232665166472998,28.248668727109305,28.26970314841867,28.29611080094594,28.32830820612395,28.366784334312456,28.4120979519584,28.46487351232315,28.52579488462078,28.595596038781935,28.67504774342501,28.764939521532085,28.866056661886148,28.97915304235005,29.104921770902934,29.24396690657653,29.396780355220073,29.563728034624148
471,28.214041568980576,28.216259861410606,28.222953038391438,28.2342359272032,28.250299653800027,28.271411213745864,28.2979127619966,28.330220485232303,28.36882283620872,28.41427778535507,28.467208578165355,28.52829729665683,28.598275362909874,28.677910086551947,28.76798656733996,28.86928482593231,28.98255297518085,29.108478443868876,29.24766044523625,29.400587639199216,29.56762489758563
472,28.215540609855054,28.217767524928036,28.224486555277053,28.23581248189157,28.25193634441638,28.273124996526064,28.299720369630734,28.332138303202044,28.370866713704743,28.41646274936835,28.469548414688973,28.530803967917507,28.600958251559973,28.680775101831955,28.77103521233272,28.87251339520111,28.985952102282965,29.112033219660645,29.251351258616012,29.404391751427227,29.57151858554107
473,28.217045474348993,28.21928100877483,28.226025882093325,28.237394827329922,28.253578794698,28.274844490793555,28.301533615188816,28.334061647307294,28.3729159483608,28.418652818297062,28.471892988165962,28.53331485754586,28.603644660066607,28.68364274673951,28.774085424007353,28.87574235528689,28.989350433253946,29.115586133618933,29.25503940418116,29.408192762640795,29.5754091705046
474,28.21855616025158,28.220800310628874,28.227571016165598,28.238982960184103,28.255227000208322,28.27656969033694,28.303352489688393,28.335990504444,28.374970521373143,28.42084796621117,28.474242264927454,28.53582992516408,28.60633454470934,28.6865129800687,28.77713717130206,28.878971692977018,28.99274797827485,29.11913722079072,29.25872493813972,29.41199074161858,29.579296722376
475,28.220072665274927,28.22232542808632,28.229121954721336,28.24057687699002,28.25688095632927,28.27830058869239,28.30517698381908,28.33792486113174,28.377030413587477,28.42304816698004,28.476596211401898,28.53834913090867,28.609027862724986,28.68938576190385,28.780190424523596,28.882201396155153,28.996144748031668,29.122686515906878,29.2624079154877,29.415785755279785,29.583181309054623
476,28.221594986986247,28.223856358577393,28.2306786947604,28.242176573961615,28.258540658017353,28.280037178909538,28.30700708784326,28.339864703728097,28.37909560619846,28.425253395500533,28.478954795652953,28.54087243673075,28.61172457261489,28.692261052290178,28.78324515227439,28.885431449788484,28.99954075032099,29.126234052165785,29.266088391848427,29.419577873163178,29.58706300172861
477,28.22312312284072,28.225393099407825,28.23224123312093,28.24378204709103,28.260206099933498,28.281779453679974,28.308842791657412,28.341810018325873,28.381166080386265,28.427463627043608,28.481317986547822,28.54339980568136,28.614424633962074,28.695138811938534,28.786301323103714,28.888661838089604,29.002935991866934,29.129779861860584,29.269766422477232,29.4233671650519,29.590941872077906
478,28.22465707034712,28.226935647968446,28.233809566813022,28.24539329265525,28.261877277100382,28.28352740598956,28.310684085104697,28.3437607902344,28.38324181548137,28.42967883394806,28.483685749550318,28.545931198297012,28.6171280065073,28.69801900578608,28.789358913853903,28.891892555446304,29.006330487503135,29.133323979550312,29.273442057231478,29.42715368896546,29.59481797813413
479,28.226196826879857,28.22848400149752,28.235383692640198,28.247010306641698,28.263554184156874,28.285281028378677,28.312530957620822,28.345717004568144,28.38532279104635,28.431898989370097,28.486058051492307,28.54846657669907,28.61983465119721,28.7009015989575,28.79241790019381,28.895123594024938,29.00972424975828,29.136866438463073,29.27711534627565,29.43093750477925,29.5986913803186
480,28.227742389734885,28.23003815715134,28.236963607312077,28.248633084918424,28.26523681557967,28.287040313162436,28.314383398339203,28.347678646071643,28.3874089862573,28.434124066169375,28.48843485915546,28.55100590337514,28.622544529872414,28.703786557965316,28.7954782594324,28.898354947454436,29.013117291950778,29.14040727156464,29.280786338386008,29.43471867018053,29.602562535325944
481,28.22929375598295,28.231598111827054,28.238549307182154,28.250261622859057,28.266925165221892,28.28880525200384,28.316241395940494,28.34964569957839,28.38950038127814,28.436354039257935,28.490816142161748,28.553549143576163,28.62525760576102,28.706673848104572,28.79853996467085,28.90158660327137,29.016509621782916,29.14394650929262,29.28445508980002,29.438499043561137,29.60653921563386
482,28.230850922647733,28.23316386238838,28.24014078860978,28.25189591589583,28.268619227031536,28.290575836629728,28.31810493900059,28.351618149454964,28.391596955270074,28.438588882004296,28.4932018683823,28.556096261344805,28.627973842404515,28.709563437270674,28.801602993886547,28.904818554879853,29.019901251562885,29.14748418886535,29.288122159737554,29.442294071870037,29.610602418412498
483,28.232413886653944,28.234735405594677,28.24173804783078,28.253535959302326,28.27031899474889,28.292352058502445,28.319974015784965,28.353595979755482,28.393698687162498,28.44082856773565,28.495592005943422,28.558647221322133,28.630693204241084,28.7124552944191,28.804667326049866,28.908050796396594,29.02329219627643,29.151020460539655,29.29179025527776,29.446114057871966,29.61471999693407
484,28.233982644814773,28.236312738087122,28.24334108094422,28.255181748185578,28.272024461907904,28.29413390883707,28.321848614285443,28.3555791742711,28.39580555569688,28.443073069754234,28.497986523195834,28.561201988679215,28.6334156565311,28.71534938951112,28.80773294113129,28.91128332339389,29.0266824948323,29.154555863900214,29.29546302550034,29.4499605347566,29.61888062663752
485,28.235557193822842,28.237895856380362,28.244949883904155,28.2568332774772,28.273735621828507,28.29592137859487,28.32372872221532,28.357567716529218,28.397917539432058,28.445322361344836,28.500385388726784,28.563760529131002,28.636141165373886,28.71824569353879,28.810799820346574,28.914516137841872,29.030072268707727,29.15809138337613,29.29914332271227,29.45383284892364,29.623077892217566
486,28.23713753025953,28.239484756872343,28.246564452531572,28.258490541948902,28.275452467637194,28.297714458511734,28.325614327046424,28.35956158983487,28.40003461678026,28.447576415796618,28.502788571348106,28.566322808880784,28.638869697603013,28.721144178425618,28.813867946861706,28.917749257878825,29.03346175474684,29.161628183137452,29.302833163160813,29.457729900757272,29.627307309257844
487,28.238723650573434,28.24107943582186,28.248184782489375,28.26015353618459,28.277174992235587,28.299513139064572,28.327505415976304,28.361560777244677,28.402156765998598,28.44983520641773,28.505196040144483,28.568888794699433,28.64160122090476,28.724044817369133,28.81693730859797,28.920982735178995,29.03685132137059,29.165167437758157,29.306533827475732,29.461650479722607,29.631565732588342
488,28.240315551089736,28.242679889358385,28.24981086929455,28.261822254596098,28.278903188321806,28.301317410499337,28.3294019759623,28.3635652616054,28.404283965220998,28.452098706551624,28.507607764456168,28.571458453871514,28.64433570376383,28.72694758524301,28.820007901849806,28.924216663438813,29.04024142300119,29.168710216564193,29.31024615857899,29.46559344271668,29.635850703602216
489,28.241913227996918,28.244286113468945,28.251442708303784,28.263496691407454,28.280637048375013,28.30312726281602,28.331303993710833,28.36557502554757,28.40641619246321,28.45436688959171,28.51002371390956,28.57403175424389,28.647073115630917,28.729852459676238,28.82307973629571,28.927451184250856,29.04363256854424,29.17225744715563,29.313970666294722,29.46955774696289,29.64016028204162
490,28.243516677346804,28.245898103998,28.253080294714664,28.265176840658455,28.282376564661206,28.304942685779906,28.33321145569272,28.367590051506795,28.40855342564214,28.456639728997573,28.512443858420113,28.57660866423629,28.649813427148445,28.73275942258192,28.826152839420104,28.930686482512726,29.047025278958756,29.175809910925295,29.317707667846946,29.473542455668223,29.644492844279966
491,28.245125895051274,28.247515856644895,28.254723623563677,28.266862696204157,28.284121729234926,28.306763668926465,28.335124348152476,28.369610321735422,28.410695642592373,28.458917198308768,28.514868168205908,28.579189152902472,28.652556610582792,28.735668462010494,28.82922725891558,28.933922776229622,29.050420062741182,29.179368264853736,29.321457350363573,29.4775467192581,29.648847011744067
492,28.246740876878505,28.249139366958957,28.25637268972207,28.26855425171169,28.285872533939823,28.308590201564243,28.337042657116456,28.37163581831527,28.412842821079096,28.461199271159558,28.517296613817848,28.58177319008348,28.65530264056065,28.738579574054825,28.832303062348785,28.937160304584097,29.053817405097448,29.182933064953545,29.32521980210987,29.481569762168306,29.65322160696394
493,28.24836161844786,28.25076863033638,28.258027487892946,28.270251500658162,28.287628970407127,28.310422272777828,28.338966368397678,28.373666523166378,28.41499493881105,28.463485921295444,28.519729166183083,28.58436074660574,28.6580514947687,28.74149276389261,28.835380335357456,28.940399320730307,29.05721776423769,29.186504777267714,29.328995034828154,29.48561087924986,29.65761561503774
494,28.24998811522903,28.252403642018066,28.25968801260973,28.27195443633076,28.289391030057686,28.312259871430456,28.340895467601513,28.375702418054004,28.41715197344837,28.465777122588747,28.522165796658612,28.586951794473293,28.660803154349196,28.74440804580189,28.838459180177665,28.943640089234577,29.0606215687572,29.190083782956663,29.332783000093457,29.489669431663458,29.66202816078885
495,28.251620362537665,28.254044397086318,28.261354258233098,28.273663051824826,28.29115870410118,28.314102986166915,28.342829940131367,28.37774348459817,28.419313902615613,28.468072849056682,28.524606477082216,28.589546307073988,28.663557604559344,28.747325444107616,28.841539713961993,28.946882878720828,29.064029213843014,29.19367039133573,29.33658360912756,29.493744840889008,29.666458476265973
496,28.25325835552752,28.255690890456776,28.263026218945413,28.27537734004062,28.292931983540143,28.315951605424345,28.344769771209485,28.37978970430163,28.42148070394029,28.470373074937584,28.52705118002399,28.59214425997385,28.666314836280492,28.750244993321076,28.84462206262225,28.95012794897565,29.067441056347434,29.197264869213086,29.340396774565647,29.497836568494165,29.670905840209286
497,28.254902089196207,28.257343116884385,28.26470388875515,28.277097293686836,28.294710859168447,28.31780571742638,28.346714945863596,28.381841058532927,28.42365235503263,28.472677774665954,28.529499878694764,28.594745630475927,28.669074844724662,28.75316673688775,28.847706364329497,28.953375562471365,29.07085742313319,29.200867419286055,29.344222368109058,29.501944129521064,29.675369639548933
498,28.256551558373303,28.259001070952195,28.26638726148849,28.278822905276797,28.296495321575776,28.31966531019816,28.348665448954876,28.383897528566024,28.42582883354231,28.474986922990013,28.53195254731645,28.597350398712365,28.671837631417304,28.756090727349488,28.85079276101328,28.95662596631132,29.074278605933102,29.204478220581223,29.348060273962687,29.50606706660244,29.67984928759472
499,28.258206757720643,28.26066474707153,28.268076330789768,28.280554167130106,28.298285361150363,28.321530371569395,28.3506212651821,28.385959095588646,28.428010117190013,28.477300495076577,28.53440916135196,28.599958547746724,28.674603203182585,28.759017023745685,28.853881397532746,28.959879399145507,29.077704872749166,29.208097420193837,29.351910360302384,29.51020495520521,29.68434425874267
500,28.259867681733397,28.26233413948347,28.269771090122788,28.282291071372526,28.300080968077737,28.323400889172433,28.352582379078683,28.38802574069996,28.430196183762575,28.479618466481725,28.536869697376233,28.602570063302608,28.6773715721244,28.761945692697054,28.856972423520233,28.963136090882017,29.081136462513143,29.211725130551486,29.355772488421053,29.51435740533026,29.688854078626605
501,28.261534324730235,28.264009242249813,28.27147153276519,28.28403360993616,28.301882132349533,28.325276850461194,28.354548775044975,28.390097444964738,28.432387011228286,28.48194081344468,28.539334133747957,28.605184934720967,28.680142755533552,28.764876804619917,28.860065985489314,28.96639625833211,29.08457359640647,29.215361450232535,29.359646518889974,29.51852404753214,29.693378302630265
502,28.263206680866006,28.265690049264435,28.273177651815217,28.28578177455927,28.303688843752127,28.327158242686664,28.35652043730687,28.39217418934362,28.434582577585786,28.48426751249599,28.541802449718887,28.607803153739212,28.682916776135187,28.767810438732226,28.863162236862138,28.9696601101914,29.08801646312031,29.219006438776546,29.363532303247496,29.522704549687262,29.69791654489586
503,28.264884744105075,28.267376554229315,28.274889440177958,28.28753555678952,28.305501091894087,28.329045052956303,28.358497350019434,28.39425595488393,28.43678286128528,28.486598541440117,28.544274627295692,28.61042471638399,28.685693660272648,28.770746672258895,28.866261319770388,28.97292784041349,29.09146524629182,29.222660163334695,29.367429706153985,29.526898584114065,29.702468413377574
504,28.266568508252305,28.269068750682663,28.276606890581377,28.289294947979556,28.30731886617332,28.330937268162756,28.360479497141853,28.396342722484974,28.438987840707853,28.488933878165426,28.5467506490823,28.61304962098302,28.6884734403975,28.773685592995662,28.86936338527528,28.976199634891543,29.094920094130202,29.226322646162316,29.371338577212725,29.531105865275265,29.707033587628814
505,28.268257966912472,28.270766631962886,28.278329995557385,28.291059939296815,28.30914215582908,28.33283487509368,28.362466862637973,28.39843447329008,28.44119749501408,28.491273502397803,28.54923050101445,28.61567786991685,28.69125615036944,28.776627282390052,28.87246856936082,28.97947566582451,29.09838115770458,29.229993931645936,29.375258787171504,29.535326099468648,29.711611720116707
506,28.269953113528857,28.272470191242235,28.280058747458668,28.29283052171195,28.310970949887917,28.334737860318853,28.364459430266265,28.40053118826961,28.443411803251195,28.49361739393504,28.551714169809827,28.61830946838569,28.69404183064887,28.779571831874364,28.875577014552277,28.98275609553542,29.101848555109257,29.233674023255617,29.379190194328828,29.539559033245382,29.716202527856808
507,28.271653941346074,28.274179421495944,28.281793138446005,28.294606686017914,28.312805237229327,28.33664621032608,28.36645718384068,28.402632848746293,28.445630745420544,28.495965534524146,28.554201645187675,28.620944424502284,28.69683052163242,28.782519326672173,28.878688851856282,28.986041076958884,29.10532240690651,29.237362940299988,29.383132669915938,29.543804407948357,29.720805713766367
508,28.27336044343633,28.27589431552326,28.28353316049555,28.2963884228123,28.314645006532373,28.338559911411096,28.368460107016517,28.404739435961176,28.447854301619884,28.498317906452257,28.556692918429917,28.623582749781633,28.69962226918568,28.785469857443616,28.881804212117743,28.989330751168325,29.108802810504187,29.241060680052954,29.38708608404488,29.548061991011707,29.72542101700128
509,28.275072612682834,28.277614865934652,28.285278805397752,28.298175722517726,28.316490246328726,28.34047894978528,28.37046818350285,28.406850931493352,28.45008245279888,28.500674493595113,28.55918798307266,28.626224457885826,28.702417119640984,28.78842351208681,28.88492322017106,28.99262525225754,29.1122898591164,29.244767240119756,29.39105031025224,29.552331556015872,29.73004818412562
510,28.276790441785238,28.279341065156018,28.287030064756493,28.299968575371395,28.31834094497674,28.34240331152415,28.372481396960325,28.408967317061354,28.452315180421067,28.503035281000223,28.561686834748116,28.62886956539461,28.70521512205812,28.791380378876454,28.888045996430606,28.995924704493518,29.115783634162597,29.248482611208942,29.395025225359518,29.556612889669566,29.734686978288494
511,28.2785139232588,28.281072905429767,28.288786929995467,28.301766971442078,28.320197090697945,28.344332982639003,28.374499731135927,28.4110885747466,28.45455246674817,28.505400255060408,28.56418947089304,28.63151809068478,28.708016326381426,28.794340544908096,28.891172657195114,28.999229225507634,29.119284209891134,29.252206779570884,29.399010708674325,29.56090578826513,29.739337174299465
512,28.280243049433068,28.2828103788126,28.290549392354706,28.303570900623697,28.322058671564605,28.346267949052844,28.376523169819677,28.413214686932577,28.456794294793212,28.507769403559735,28.56669589097379,28.634170054308186,28.710820783715178,28.797304095915024,28.894303313950616,29.002538925470105,29.12279165333331,29.255939727987027,29.403006642370713,29.56521005738682,29.7439985585072
513,28.28197781245717,28.28455347717778,28.292317442883018,28.30538035260986,28.323925675442695,28.348208196486155,28.378551696626744,28.41534563592336,28.45904064777551,28.510142715187612,28.569206096671962,28.63682548071762,28.713628549902126,28.800271120235664,28.897438074321315,29.005853901745752,29.126306013825626,29.259681427590237,29.40701291190095,29.56952552098369,29.748670941253295
514,28.283718204292484,28.286302192216283,28.294091072466472,28.30719531697332,28.32579809016238,28.350153710790266,28.380585295607773,28.417481404941668,28.461291510412252,28.512520180459603,28.571720090940175,28.639484393647137,28.716439677001404,28.803241700126648,28.900577040879114,29.0091742519802,29.129827346961633,29.263431856908994,29.411029406051398,29.573851999564397,29.75335412593381
515,28.285464216716207,28.288056515434846,28.295870271807416,28.309015783110056,28.327675903398756,28.352104477715784,28.382623950830634,28.419621977458633,28.463546868077685,28.514901791164675,28.574237878715678,28.642146819221864,28.71925421885419,28.806215917319832,28.903720311772076,29.01250006553255,29.133355699080255,29.267190989250082,29.415056016561266,29.578189324673474,29.758047929749296
516,28.287215841322848,28.28981643815422,28.297655031414138,28.31084174021123,28.32955910261404,28.35406048280089,28.384667646179707,28.421767336877565,28.465806706415606,28.51728754012754,28.576759467285,28.64481278742693,28.722072233652966,28.80919385554631,28.906867980961465,29.015831419513006,29.136891100151445,29.270958786807512,29.419092637822246,29.582537345660683,29.76275219348281
517,28.288973069528993,28.291581951527576,28.299445341660885,28.312673177404236,28.331447675340655,28.356021711897654,28.386716366250823,28.423917467848355,28.468071012788414,28.51967742181506,28.579284864296483,28.647482325846113,28.72489377387791,28.81217559140873,28.91002013846429,29.01916839477417,29.140433591187673,29.274735223541086,29.423139167621912,29.586895902801643,29.767466743489308
518,28.290735892565863,28.293353046520963,28.301241192732164,28.314510083626942,28.33334160893253,28.357988150715528,28.388770095590758,28.4260723551821,28.470339775137234,28.522071431969835,28.581814079567778,28.650155464886893,28.72771889438968,28.815161201438457,28.913176869721042,29.02251106287548,29.143983202369668,29.278520266850535,29.42719550670796,29.591264849050617,29.772191422156027
519,28.292504301478516,28.29512971391307,28.303042574621372,28.316352447623956,28.335240890556634,28.359959784806506,28.390828818671878,28.428231983815806,28.47261298194627,28.52446956760093,28.584347125147417,28.65283223795069,28.730547652688017,28.818150762315042,28.916338255566586,29.02585948566309,29.147539952351735,29.282313876991907,29.431261558777408,29.595644050737633,29.77692608887287
520,28.294278287158704,28.29691194434281,28.304849477228856,28.31820025814278,28.33714550755758,28.361936600188585,28.39289252084137,28.43039633999939,28.474890623209035,28.52687182672895,28.586884012498558,28.65551267530526,28.73338010082358,28.821144345243454,28.91950437511929,29.029213729636922,29.15110386961817,29.28611602356125,29.43533722904175,29.600033366148807,29.7816705914596
521,28.296057840303718,28.298699728252075,28.306661890249984,28.320053503715712,28.339055447059366,28.363918582676376,28.394961187327624,28.43256541010294,28.477172689550343,28.52927820886049,28.589424755610594,28.658196810388915,28.736216293288976,28.824142020921556,28.92267530214167,29.032573851425354,29.154674971811687,29.289926670151317,29.4394224263591,29.6044326662564,29.786424793296817
522,28.297842951426787,28.30049305589938,28.30847980320158,28.321912172711166,28.340970696057923,28.365905718035208,28.397034803466056,28.434739180881365,28.47945917241043,28.53168871485616,28.591969370273716,28.660884678391426,28.73905628529269,28.8271438585179,28.92585110593808,29.035939901025415,29.15825327023464,29.293745777616493,29.443517062677017,29.608841830205222,29.791188567483573
523,28.299633610923934,28.302291917444222,28.310303205561752,28.323776253577876,28.342891241831012,28.36789799260788,28.399113355518523,28.4369176402717,28.481750064298808,28.534103345854987,28.59451787100363,28.663576311389306,28.741900127923714,28.83014992413098,28.92903185600437,29.039311932608314,29.161838782557084,29.297573311415476,29.447621049764336,29.613260732676792,29.795961781285826
524,28.30142980897807,28.304096302827816,28.312132086574877,28.325645734508328,28.34481707138019,28.369895392473154,28.401196829595563,28.43910077638708,28.484045358565254,28.536522104840515,28.59707027519721,28.666271744670325,28.744747874148402,28.833160282265567,28.932217615560774,29.042689990551196,29.16543151702416,29.30140923309591,29.45173430382488,29.61768925955721,29.800744315156294
525,28.303231535599878,28.305906201823575,28.31396643533384,28.327520603579387,28.346748171662284,28.371897903792558,28.403285212096023,28.441288577918044,28.486345049470117,28.538944995968734,28.599626601412922,28.668971014169813,28.74759957644386,28.836174995351087,28.935408444267182,29.04607411508158,29.169031478695956,29.305253503517918,29.455856743546235,29.6221273017548,29.805536055290588
526,28.305038780781842,28.307721604218045,28.315806241043845,28.329400849161743,28.348684530197716,28.37390551361466,28.405378490563578,28.44348103466274,28.48864913176112,28.541372022524286,28.60218686550519,28.67167415167836,28.750455283315716,28.839194124355515,28.938604404533578,29.049464353030658,29.172638679919146,29.3091060873507,29.459988286103567,29.626574744157608,29.810336880346085
527,28.30685153419404,28.309542499453926,28.317651492501966,28.331286459113755,28.350626133875153,28.375918208297207,28.4074766520107,28.44567813649809,28.490957601521814,28.543803190946164,28.60475108820708,28.674381194211605,28.753315046071066,28.842217727528237,28.941805549135324,29.052860736800994,29.17625311989815,29.312966944337575,29.464128854986313,29.631031487203757,29.815146687384754
528,28.308669785380573,28.311368876860172,28.31950217843206,28.333177421299524,28.352572969717357,28.377935974514855,28.409579683984077,28.447879874023613,28.49327045560989,28.546238508239696,28.60731929029049,28.677092178063504,28.756178914559143,28.845245861261276,28.945011929125144,29.05626329772383,29.179874797610864,29.316836034775918,29.46827837501604,29.63549743321272,29.81996537543432
529,28.31049352375328,28.31320072564415,28.32135828747073,28.33507372356189,28.354525024835482,28.37995879918998,28.411687574477867,28.450086238489234,28.49558769166049,28.54867798213172,28.609891492911686,28.67980713927102,28.75904693753523,28.848278580065198,28.94822359326082,29.059672065059885,29.183503710862965,29.32071331918405,29.47243677274838,29.639972487311695,29.824792846573473
530,28.312322738838077,28.31503803517211,28.323219808552153,28.33697535427808,28.356482287190943,28.38198667041081,28.413800312788567,28.45229722212838,28.497909307250893,28.551121618496836,28.61246771330798,28.682526108692855,28.76191915941598,28.851315937678066,28.951440594975395,29.06308707746672,29.187139867560973,29.324598763703648,29.476603972462726,29.644456544827165,29.829628990501817
531,28.31415741966714,28.316880794275903,28.3250867299555,28.33888230098347,28.35844474370333,28.384019575144976,28.415917887378612,28.454512817308967,28.50023530195466,28.553569427747732,28.615047975520042,28.68524912430098,28.764795628406944,28.854357984330306,28.954662975005476,29.066508354394614,29.190783257608018,29.328492326681783,29.480779906187877,29.64894952266326,29.834473722918972
532,28.315997555240187,28.31872899177938,28.32695904002827,28.340794551416423,28.3604123816869,28.386057500975085,28.418040287497945,28.456733017177555,28.50256567578225,28.556021419984177,28.617632302252446,28.687976221849794,28.767676390332724,28.857404768821084,28.957890774578402,29.06993591780082,29.19443387423871,29.33239396885682,29.48496450609116,29.65345133548152,29.839326956389755
533,28.31784313451766,28.320582616486604,28.328836727159228,28.34271209346167,28.362385188748704,28.38810043594333,28.42016750299291,28.45895781550371,28.504900429191366,28.55847760532299,28.620220715595167,28.690707435842,28.770561489419094,28.86045633855383,28.961124034309307,29.073369790069762,29.198091711901554,29.336303652313006,29.489157705104446,29.657961897911434,29.844188603111718
534,28.319694146593065,28.322441657373474,28.330719780024594,28.34463491547922,28.364363153202476,28.390148368999917,28.42229952465425,28.461187206692955,28.507239562481175,28.56093799248015,28.62281323490629,28.693442797316436,28.77345096705409,28.863512740418912,28.96436279773542,29.076809999423006,29.201756771458633,29.340221342908876,29.49335943486733,29.662481118505923,29.849058567620318
535,28.32155058000916,28.324306102829212,28.332608186613072,28.346563005002963,28.366346262429772,28.392201288225863,28.424436342838362,28.46342118573392,28.509583078190474,28.56340259438764,28.6254098852001,28.696182342610427,28.77634486669615,28.866574017297694,28.967607097316318,29.08025655849076,29.20542903958932,29.34414700065753,29.497569633873695,29.66700892368425,29.853936775683053
536,28.32341242333706,28.326175941298573,28.33450193505149,28.34849634984255,28.36833450426758,28.39425918233775,28.426577948635043,28.465659748243127,28.511930979067188,28.565871423437216,28.62801069004388,28.69892610593996,28.77924322971802,28.869640211022954,28.970856966288466,29.08370948245704,29.209108506230677,29.348080587872516,29.501788240573376,29.67154523745762,29.858823149832347
537,28.325279665124185,28.32805116122148,28.33640101351932,28.35043493795621,28.37032786683045,28.396322040469727,28.42872433365966,28.46790289037608,28.514283268250324,28.568344492070366,28.630615672560793,28.70167412056537,28.78214609620852,28.872711362178904,28.974112437073188,29.08716878636659,29.212795161839665,29.352022067745622,29.506015194268514,29.676089984496684,29.86371761314348
538,28.327152294010773,28.329931751159563,28.33830541040237,28.352378757642327,28.372326338730602,28.3983898523839,28.43087549017372,28.47015060874037,28.51663994885979,28.570821812000986,28.633224854405455,28.704426417854904,28.785053504615803,28.87578751077399,28.977373543076794,29.090634487593036,29.21648899959621,29.355971405214575,29.510250434031093,29.68064308743965,29.86862008607153
539,28.329030298438852,28.331817699479075,28.340215113903923,28.354327797049734,28.3743299085055,28.400462607910754,28.433031410743922,28.472402900581642,28.51900102502617,28.573303396225413,28.635838258465185,28.707183029811745,28.787965492793603,28.878868694573328,28.980640313986783,29.094106599279144,29.220190009462897,29.359928564540496,29.51449390152186,29.685204474081615,29.873530494930606
540,28.33091366686716,28.333708994578842,28.342130112307245,28.35628204448051,28.37633856493261,28.40254029720154,28.435192088306337,28.474659763506736,28.521366501161253,28.575789257870156,28.6384559075442,28.709943988091823,28.790882097946735,28.881954950371664,28.983912778254876,29.09758513331434,29.223898180519427,29.363893509909076,29.518745539463907,29.689774072964155,29.878447842002117
541,28.332802387639674,28.335605624751793,28.344050393814314,28.358241488204612,28.378352296838955,28.404622910582418,28.43735751614753,28.47692119568262,28.523736382431196,28.578279410893515,28.641077825107914,28.712709324482717,28.793803356516207,28.885046313125656,28.98719096165712,29.10107009877595,29.22761349987786,29.367866205312907,29.523005288226898,29.694350986740233,29.88332621363429
542,28.33469644907666,28.337507578282782,28.345975946670933,28.360206116621043,28.38037109329821,28.406710438759205,28.439527688045985,28.47918719580764,28.526110674433482,28.58077386940198,28.643704034316272,28.715479069945104,28.79672930370549,28.888142816455513,28.99047488894115,29.104561504322135,29.231335954923168,29.37184661288819,29.527272866534815,29.69892833734707,29.888172302542614
543,28.336595839487302,28.339414843461554,28.347906759173895,28.362175918256355,28.382394943610734,28.408802872773492,28.44170259820845,28.481457763042158,28.528489383160718,28.583272647697015,28.646334558190688,28.718253254881176,28.799659973753478,28.891244492752833,28.993764583615643,29.108059357667685,29.235065531672433,29.37583464542422,29.531547032611456,29.70350157236976,29.893000605215093
544,28.338500547169076,28.341327408581435,28.349842819668652,28.364150881760338,28.384423837299323,28.41090020399838,28.44388224126743,28.48373289701601,28.53087251502302,28.585775760312174,28.648969419656908,28.721031909165447,28.802595399929373,28.894351373123243,28.99706006783964,29.11156366506259,29.238802203842795,29.37983003565637,29.53582615473647,29.708069882329482,29.897816257680404
545,28.340410560417922,28.343245261947743,28.351784116554143,28.36613099590329,28.386457764094985,28.413002424110857,28.446066612239974,28.486012597775755,28.533260076791862,28.588283221970073,28.65160864153438,28.72381506218437,28.805535614629036,28.89746348752641,29.000361362491617,29.11507442953956,29.242545911775892,29.383832338149773,29.540108905925536,29.712633518805433,29.902622173241753
546,28.342325867537795,28.3451683918895,28.35373063829917,28.36811624959995,28.38849671396912,28.415109525131527,28.448255706570023,28.488296865820473,28.53565207562167,28.59079504757875,28.654252246500278,28.726602742765806,28.808480649278124,28.900580864640858,29.003668486577965,29.118591645324727,29.246296538651052,29.387841009316105,29.544394377663593,29.717192966146854,29.907420217270783
547,28.34424645685175,28.34709678676944,28.355682373450463,28.370106631913245,28.390540677130502,28.417221499410516,28.450449520102268,28.49058570206762,28.53804851900952,28.593311252196543,28.656900257073005,28.72939497919583,28.811430534380406,28.90370353184153,29.00698145614973,29.122115291312696,29.250053912210944,29.391855507992318,29.548681975830277,29.7217487176473,29.912211747810943
548,28.346172316708305,28.349030434988947,28.357639310630816,28.372102132042016,28.39258964399903,28.419338339586034,28.452648049025925,28.492879107785654,28.540449414732393,28.59583185099075,28.659552695614707,28.73219179928003,28.814385299622586,28.906831515139174,29.010300282987885,29.125645328502003,29.25381782555621,29.395875339368274,29.552971279638882,29.726301243259627,29.916997860821425
549,28.348103435493158,28.35096932500113,28.35960143855783,28.37410273934836,28.394643605241924,28.421460038627686,28.454851289920782,28.495177084635998,28.542854770873078,28.59835685923815,28.66220958429551,28.734993230263058,28.8173449737086,28.909964838609596,29.013624972408252,29.129181696772434,29.25758804592948,29.3999000682756,29.557262022035843,29.730850975269504,29.92177940430389
550,28.35003980164072,28.35291344532277,28.361568746056946,28.37610844337007,28.39670255178561,28.42358658984614,28.45705923976186,28.497479634669844,28.545264595807623,28.600886292303812,28.66487094506698,28.7377992987914,28.82030958421734,28.9131035236594,29.016955521078216,29.1327243154156,29.261364331227696,29.403929325462514,29.561554040741783,29.735398300857355,29.926557051895543
551,28.351981403641958,28.354862784539705,28.363541222059098,28.3781192338065,28.39876647478502,28.425717986842983,28.45927189585194,28.49978676025171,28.547678898136212,28.603420165599005,28.667536799666664,28.740610030947323,28.82327915750176,28.916247588359226,29.020291916702433,29.136273090784073,29.265146447119832,29.40796279210798,29.56584721830353,29.7399435707581,29.931331394604115
552,28.353928230047245,28.356817331311618,28.365518855611356,28.380135100538382,28.400835365654757,28.427854223554277,28.4614892558742,28.502098464113544,28.55009768672585,28.605958494598326,28.670207169591833,28.74342545216217,28.826253718532143,28.919397047320217,29.023634137947397,29.13982791358609,29.26893415900713,29.412000206571122,29.570141514237378,29.74448709561409,29.936102889248104
553,28.355880269487557,28.358777074392776,28.367501635893404,28.38215603363858,28.402909216069418,28.42999529423571,28.46371131786043,28.504414749307102,28.55252097065494,28.608501294788255,28.672882076058045,28.746245587125372,28.829233290431887,28.922551910125208,29.026982153116762,29.14338866802626,29.27272725381249,29.41604134973477,29.574436898469912,29.74902915331222,29.94087195611303
554,28.35783751068243,28.36074200263795,28.369489552221808,28.384182023368794,28.404988017953144,28.43214119344435,28.465938080164335,28.50673561917307,28.554948759182707,28.611048581641512,28.675561539960597,28.749070459638176,28.83221789406082,28.925712181215204,29.030335923168366,29.146955237183477,29.27652553422729,29.420086031655956,29.578733357058923,29.75356999852329,29.945638968301523
555,28.359799942433426,28.36271210499683,28.37148259404529,28.386213060179955,28.407071763483998,28.434291916048494,28.468169541478062,28.509061077361196,28.557381061770343,28.613600370632128,28.67824558188113,28.75190009264753,28.835207548248263,28.92887786045958,29.03369540117592,29.150527498531574,29.28032881583556,29.424134100537913,29.583030904071393,29.758109856855867,29.950404237032274
556,28.36176755365136,28.364687370540423,28.373480750966337,28.388249134724106,28.409160445092823,28.43644745720752,28.47040570079156,28.511391127772242,28.559817888012844,28.61615667716262,28.680934221974667,28.754734507906164,28.838202268853365,28.932048942143126,29.037060535576074,29.15410533562016,29.284136932718013,29.428185418868566,29.58732955006002,29.762648939837447,29.95516805677221
557,28.36374033335767,28.366667788461427,28.375484012741822,28.39029023785588,28.411254055465406,28.438607812376972,28.472646557398605,28.513725774565614,28.562259247642658,28.618717516547008,28.68362747988857,28.757573725818986,28.84120206891845,28.93522541636372,29.04043127145917,29.157688633223188,29.2879497298091,29.43223987084974,29.59162932078408,29.767187440097416,29.95993068273117
558,28.36571827069031,28.368653348080386,28.377492369288348,28.392336360635454,28.413352587542136,28.440772977303254,28.47489211088805,28.516065022144517,28.564705150507564,28.621282903972826,28.68632537470205,28.76041776540069,28.844206958751272,28.93840726910662,29.043807550452414,29.16127727873419,29.291767065613783,29.436297359232697,29.595930247664228,29.771725533509425,29.96469234376093
559,28.367701354917187,28.370644038858302,28.379505810692592,28.394387494335092,28.41545603451891,28.44294294801756,28.477142361128756,28.51840887513322,28.56715560653913,28.62385285444867,28.689027924805657,28.763266644014777,28.847216945663604,28.94159448284057,29.047189313002264,29.164871163932844,29.295588809598883,29.440357799827495,29.600232366020293,29.77626338260933,29.969453247769763
560,28.369689575398922,28.372639850361452,28.38152432718141,28.396443630420094,28.417564389844074,28.445117720852863,28.47939730830973,28.520757338440546,28.5696106258456,28.626427382969723,28.69173514827088,28.76612037806524,28.850232034390956,28.94478703456906,29.050576493091626,29.16847018141607,29.299414847239177,29.44442113414823,29.60453572401144,29.780801128666383,29.974213561833324
561,28.371682921709407,28.374640772375017,28.38354790921585,28.39850476060559,28.41967764722108,28.447297292377584,28.481656952796527,28.523110417032626,28.57207021836416,28.629006503890537,28.694447061594303,28.768978981104,28.853252226808763,28.947984902469557,29.053969032714406,29.172074234315176,29.303245067014984,29.44848729081798,29.608840350062223,29.785338917083607,29.978973478801663
562,28.373681383475628,28.376646794752162,28.385576547367464,28.400570876782922,28.42179580060747,28.449481659487503,28.483921295326752,28.525468116241996,28.57453439433783,28.631590231785594,28.69716368137989,28.77184246623267,28.85627752199599,28.95118805703015,29.057366863418736,29.175683223718465,29.307079376643628,29.45255623655163,29.61314629737268,29.789876863447034,29.98373312802272
563,28.37568495053904,28.378657907565582,28.38761023243984,28.402641971088315,28.42391884420755,28.451670819301967,28.486190336797506,28.527830441430467,28.57700316378481,28.63417858050633,28.699885022644423,28.774710844036292,28.85930791691186,28.95439647011915,29.060769923689463,29.17929705995408,29.310917686084395,29.456627926193846,29.61745360373027,29.79441508761829,29.98849265784463
564,28.37769361289196,28.380674101047816,28.38964895542165,28.40471803587735,28.42604677247715,28.453864769207314,28.488464078352308,28.530197398126916,28.57947653671812,28.636771563567947,28.702611099482056,28.7775841233169,28.862343405970705,28.9576101113924,29.06417815236796,29.18291565847153,29.31475991442312,29.460702322021746,29.621762306114817,29.798953700384004,29.993252205033002
565,28.3797073606475,28.382695365562995,28.39169270746345,28.40679906371122,28.42817958012415,28.456063506874955,28.490742521418838,28.532568992086453,28.581954523237414,28.63936919432342,28.705341925403616,28.78046231153735,28.865383980972865,28.960828946606455,29.067591485249807,29.18653893727594,29.318605992899165,29.464779404002286,29.626072449055243,29.80349279645742,29.998011878284558
566,28.3817261841686,28.384721691726554,28.393741479968753,28.408885047399508,28.430317262083122,28.458267030150125,28.493025667496624,28.534945228945332,28.584437132966684,28.64197148503513,28.708077512060413,28.78334541409987,28.86842963335158,28.964052945302797,29.071009866304394,29.190166821329512,29.322455848554455,29.468859135945195,29.630384066291867,29.808032479218753,30.002771804147073
567,28.383750073902604,28.38675307025221,28.395795264480114,28.410975979951218,28.432459813556648,28.4604753372073,28.49531351844888,28.537326114699454,28.586924375840454,28.64457844813677,28.710817870815276,28.78623343482161,28.871480350543493,28.96728207076694,29.074433234551236,29.19379923941642,29.32630942651872,29.472941505105894,29.63469719765419,29.812572830951183,30.00753207749392
568,28.3857790205451,28.388789492102717,28.39785405278741,28.413071854612554,28.434607229956328,28.462688426368288,28.497606076165766,28.539711655146277,28.589416261201393,28.647190094907387,28.71356301142731,28.789126376301226,28.874536120692596,28.970516290076375,29.07786153468288,29.19743612299976,29.330166667062088,29.477026490109836,29.639011880064174,29.817113938367527,30.0122927996635
569,28.387813014938104,28.390830948396456,28.39991783686247,28.415172664848626,28.43675950694842,28.46490629622963,28.49990334279869,28.542101856275963,28.591912798424005,28.649806436329754,28.71631294274033,28.792024239272735,28.877596929193317,28.973755567815545,29.081294711638918,29.201077409015397,29.334027520179802,29.481114077347627,29.64332814968793,29.821655878717422,30.017054059595978
570,28.38985204812053,28.392877430452586,28.40198660888808,28.417278404344756,28.438916640417176,28.467128945574814,28.502205320602627,28.544496724015346,28.594413996546734,28.65242748269486,28.71906767258571,28.79492702338638,28.880662760774783,28.976999868906034,29.084732711960726,29.20472303706316,29.337891939100757,29.485204255605026,29.647646041938117,29.826198725182962,30.021815941235502
571,28.39189611135606,28.394928929816388,28.40406036127405,28.4193890670079,28.441078626445858,28.46935637332922,28.50451201185558,28.546896264096915,28.59691986407728,28.655053243378916,28.721827207696606,28.79783472758055,28.88373360060399,28.98024916019932,29.088175484689827,29.208372948004524,29.34175987661189,29.48929701285448,29.65196559146193,29.83074254997109,30.026578527659865
572,28.393945196017285,28.396985438156378,28.406139086594862,28.421504646971073,28.44324546141422,28.4715885787827,28.506823419253863,28.549300482691706,28.599430409874003,28.657683727704466,28.724591553711832,28.800747347946356,28.886809429308926,28.983503404338535,29.0916229793267,29.2120270912298,29.34563129897714,29.49339234666229,29.65628683204693,29.835287412992386,30.031341884807773
573,28.395999293692626,28.39904694735884,28.408222777645904,28.42362513858643,28.44541714190359,28.473825561375122,28.509139545533174,28.551709385808238,28.60194564232455,28.66031894416983,28.72736071524531,28.803664879793246,28.889890227605804,28.986762565304275,29.09507514747139,29.215685417864734,29.349506173348004,29.49749025478343,29.66060979652775,29.839833372233215,30.036106076645297
574,28.398058396292186,28.40111344961906,28.410311427491365,28.425750536400358,28.44759366456674,28.476067320423283,28.5114603930038,28.55412297860613,28.6044655685277,28.66295889989118,28.730134696375615,28.806587320074073,28.892975980785934,28.99002661309703,29.098531943703335,29.219347874844573,29.353384456628362,29.50159072451322,29.664934514372078,29.84438049505519,30.040871183067907
575,28.40012249576256,28.403184937194055,28.41240502933084,28.427880835210487,28.44977502645753,28.478313855822023,28.51378596475172,28.55654126719321,28.60699019649519,28.66560360222428,28.732913499569122,28.80951466106859,28.89606666656914,28.993295510652104,29.101993322781254,29.223014421345567,29.35726612624984,29.505693760614577,29.669261016848964,29.84892882833634,30.045637253317125
576,28.40219158429022,28.4052614025789,28.41450357659454,28.430016030025,28.45196122479581,28.48056516754417,28.51611626378184,28.558964257343746,28.609519533581363,28.668253057607842,28.735697126448144,28.812446894888524,28.899162263766698,28.996569223172287,29.10545924164012,29.226685017065904,29.361151158222242,29.509799365399886,29.67358933334259,29.853478419767043,30.05040433920476
577,28.40426565436229,28.407342838555792,28.41660706295636,28.432156116015165,28.454152256832117,28.482821255386455,28.518451292625343,28.561391953994814,28.612053586019556,28.670907271473254,28.738485578535062,28.815384015382676,28.90226275502704,28.999847720350147,29.10892965926007,29.230359618528894,29.365039520204505,29.513907532036228,29.67791949086262,29.85802932512962,30.055172505076996
578,28.406344698602254,28.409429238056987,28.418715482279765,28.434301088600705,28.45634812013418,28.485082119529295,28.520791054235417,28.563824362461617,28.614592360182883,28.673566248799148,28.741278855866085,28.818326013665,28.90536811960203,29.003130969669144,29.112404536135273,29.234038188842533,29.36893118979208,29.518018261745453,29.68225151611307,29.86258158972737,30.059941800913123
579,28.40842870981379,28.411520594201477,28.42082882863218,28.436450943426962,28.458548812510855,28.487347760386797,28.523135551747373,28.566261488112048,28.617135862246414,28.676229993963602,28.744076957362267,28.82127287931155,28.90847833528278,29.00641893819602,29.115883834416366,29.23772069508783,29.372826149623165,29.52213155920157,29.686585434938365,29.86713525335398,30.064712269524136
580,28.410517681053477,28.413616900351826,28.422947096293854,28.43860567629224,28.460754331821704,28.489618178264323,28.52548478796416,28.568703335728003,28.619684097624372,28.67889851068054,28.746879881849452,28.824224602854088,28.91159338192108,29.00971159537454,29.119367517487774,29.24140710309723,29.37672437853439,29.526247424973974,29.690921272258834,29.871690359034346,30.069483958497187
581,28.412611605611744,28.415718150098144,28.42507027975188,28.440765283158953,28.462964676012746,28.49189337342591,28.527838765463912,28.57114990964925,28.6222370711169,28.681571802059693,28.749687627884896,28.827181175245016,28.91471324057801,29.013008912250882,29.12285554992519,29.24509737861655,29.38062585371108,29.530365857527556,29.69525905228602,29.87624695084861,30.07425691706436
582,28.414710476926928,28.417824337196294,28.427198373710098,28.442929760285267,28.465179843423243,28.494173346625814,28.530197487364944,28.573601214663427,28.62479478758314,28.684249870438975,28.752500192014736,28.830142584227474,28.917837888936674,29.01631085839557,29.12634789886289,29.248791494672446,29.384530562139105,29.534486862087135,29.69959879747728,29.880805062904074,30.07903118192297
583,28.416814288668775,28.419935455626103,28.42933137307182,28.44509910407959,28.46739983245709,28.496458098547578,28.532560956528982,28.576057255096146,28.627357251281182,28.68693271761805,28.755317570635327,28.83310881809473,28.920967305952274,29.01961740491197,29.129844532415518,29.25248942393921,29.38843848902377,29.538610441888977,29.703940529767067,29.885364730443882,30.083806791438462
584,28.41892303473128,28.422051499571864,28.431469272882907,28.44727331098045,28.469624641377436,28.498747629509126,28.53492917521686,28.578518034536728,28.62992446587276,28.68962034537776,28.758139761126017,28.836079867163164,28.924101472955783,29.022928524338283,29.133345417903854,29.256191135723896,29.392349615239766,29.542736597830753,29.708284272105914,29.889925991972348,30.088583787772677
585,28.42103670919704,28.424172463429898,28.433612068469188,28.449452377813486,28.471854268965444,28.50104194046355,28.537302146344018,28.58098355700713,28.632496434817938,28.69231275418059,28.760966758185532,28.83905571818559,28.927240368342723,29.02624418901837,29.136850526771923,29.259896607362123,29.396263930117016,29.546865334622396,29.712630044279535,29.894488877703793,30.09336220342624
586,28.42315530636347,28.426298341803033,28.43575975533622,28.451636301531664,28.47408871404093,28.503341032270896,28.539679872566865,28.58345382611128,28.635073161088087,28.69500994411652,28.76379855649793,28.84203635841692,28.930383971437948,29.02956437228727,29.14035983100888,29.263605815925303,29.400181422136313,29.55099665631036,29.716977865951264,29.899053417968446,30.098142071031532
587,28.42527882067583,28.428429129410745,28.437912329011,28.45382507894857,28.476327975067193,28.505644905200654,28.54206235579352,28.585928844771786,28.637654647422153,28.697711915925083,28.766635152490778,28.845021777601744,28.93353226378366,29.032889048026334,29.143873300435246,29.267318734122455,29.404102075619562,29.5551305652192,29.72132775798906,29.903619646794027,30.10292342783964
588,28.427407246843188,28.43056482126474,28.4400697853946,28.456018707375165,28.478572051139395,28.507953560235194,28.54444959855971,28.588408616141066,28.64024089596961,28.700418668578607,28.769476539684206,28.84801196221639,28.93668522482369,29.036218190955765,29.147390909626267,29.271035342129267,29.408025881522633,29.559267066115808,29.725679738465544,29.908187591017168,30.1077063024303
589,28.42954057977738,28.43270541257624,28.44223212057551,28.458217184282887,28.480820941461786,28.51026699838053,28.546841603301175,28.590893143119672,28.64283190847948,28.703130200560338,28.772322711150707,28.851006898513845,28.939842834185526,29.039551776479698,29.150912634250744,29.274755621333043,29.41195283172806,29.56340616400746,29.730033824773102,29.912757276041248,30.112490721739903
590,28.43167881458777,28.434850898748152,28.444399330814974,28.46042050727675,28.48307464530592,28.512585220611015,28.54923837229512,28.593382428317284,28.64542768631526,28.70584650996699,28.775173659712266,28.85400657276824,28.943005071863865,29.04288978067433,29.15443845077698,29.278479553829698,29.41588291858642,29.56754786396482,29.734390033793943,29.917328726299047,30.117276711625834
591,28.433821946535204,28.43700127531804,28.44657141245682,28.46262867395683,28.48533316181863,28.51490822764282,28.551639907454046,28.59587647396188,28.648028230597788,28.708567594974966,28.778029378709675,28.857010972147407,28.946171918817242,29.046232180160246,29.157968335383373,29.28220712063637,29.419816133130325,29.571692170139727,29.73874838239317,29.921901967257043,30.12206429940335
592,28.435969970966482,28.439156537874,28.448748361789967,28.464841681697976,28.4875964897077,28.51723601955115,28.55404620996069,28.598375281712322,28.65063354240658,28.711293454605993,28.78088986332216,28.860020086251325,28.949343358052943,29.049578951925866,29.16150226205997,29.28593829853645,29.423752462009872,29.57583908423169,29.743108888352424,29.92647702874916,30.126853518023495
593,28.438122883639608,28.441316682472007,28.45093017573373,28.467059528746177,28.489864628806174,28.51956859767489,28.55645728208367,28.60087885358962,28.65324362177745,28.714024084918833,28.783755104002466,28.863033899459424,28.95251936923131,29.052930074208575,29.165040212051167,29.28967307577318,29.42769190273617,29.579988613116598,29.74747156572647,29.931053928392657,30.131644385291054
594,28.440280680428202,28.443481705256374,28.453116851214475,28.46928221322156,28.492137578649817,28.521905962884432,28.55887312552659,28.603387191130253,28.6558584686141,28.716759482472185,28.78662509244657,28.866052397889177,28.955699933571907,29.056285525693056,29.168582165269413,29.293411437779298,29.431634449820194,29.584140761909794,29.751836429065463,29.93563268666844,30.13643692276173
595,28.442443357404898,28.445651602567125,28.45530838534171,28.471509733399955,28.494415338878866,28.524248116071078,28.561293741894076,28.605900295625077,28.658478082430577,28.719499643346865,28.78949981990803,28.86907556743148,28.958885032468572,29.059645285738043,29.172128102719682,29.297153371206207,29.435580098686444,29.588295535924544,29.756203492222767,29.94021332266294,30.14123115040678
596,28.444610910525455,28.44782637057199,28.457504774892755,28.47374208698534,28.496697908300575,28.52659505711688,28.5637191318458,28.60841816789315,28.661102463238535,28.722244565457004,28.792379280725925,28.872103397509136,28.962074649767146,29.0630093333624,29.17567800143894,29.300898855997218,29.439528837850276,29.59245293674263,29.76057277106173,29.9447958627934,30.146027097247043
597,28.446783336190208,28.450006005920102,28.459706017228655,28.475979272402753,28.498985286555126,28.528946786725044,28.566149296599917,28.61094080868395,28.663731609970682,28.72499424444311,28.795263466055474,28.87513587439753,28.965268767717248,29.066377649046387,29.179231843489106,29.304647879474373,29.44348066281964,29.596612969197622,29.764944278645316,29.949380325302343,30.150824782454606
598,28.448960631026864,28.45219050548934,28.461912109939874,28.478221288298528,28.50127747347176,28.531303305712527,28.56858423735224,28.61346821852186,28.666365521089972,28.727748675258567,28.79815236629031,28.87817298380537,28.96846736853655,29.06975021403582,29.182789612481827,29.30840043089512,29.44743557072377,29.600775638676566,29.769318027095267,29.953966726249007,30.155624222655604
599,28.45114279178472,28.454379866262855,28.464123050673663,28.480468133295858,28.503574468753754,28.533664614663905,28.571023954991688,28.616000397630046,28.66900419488792,28.730507852946914,28.801045972248687,28.881214712138274,28.971670435176577,29.073127010001315,29.186351291878168,29.312156498788056,29.451393557683105,29.604940949799072,29.773694028501325,29.95855508244199,30.16042543550435
600,28.453329815381153,28.456574085383807,28.46633883721148,28.482719806106502,28.505876272123828,28.536030714092817,28.573468450235282,28.61853734597122,28.67164762935198,28.73327177228532,28.803944274621244,28.884261045903486,28.974877950952703,29.076508019184416,29.18991686577749,29.31591607220207,29.4553546200479,29.6091089070477,29.77807229450707,29.963145411659752,30.165229663404375
601,28.455521698595078,28.458773159812324,28.46855946702442,28.484976304947395,28.508182882624,28.538401603734087,28.57591772312935,28.62107906326139,28.67429582299212,28.73604042954497,28.806847266411125,28.88731197407327,28.978089900691657,29.07989322330269,29.19348631533819,29.319679135501588,29.459318749468252,29.613279512590168,29.78245284381677,29.96773894483266,30.17010575730461
602,28.457718438550273,28.460977086879666,28.470784938029738,28.487237628584012,28.51049429992804,28.540777283946,28.578371774145637,28.62362554916234,28.676948773485208,28.738813819231723,28.809754938132983,28.89036748313947,28.981306267951197,29.08328260522393,29.197059625680822,29.323445678899645,29.463285943249673,29.617452774987555,29.78683602538564,29.972345923936928,30.1750438207697
603,28.45992003249711,28.463185864030038,28.473015248214324,28.489503775778815,28.51281052361213,28.543157754886522,28.580830603472805,28.6261768030364,28.679606478301366,28.741591935867916,28.812667280627068,28.893427560204827,28.984527037000134,29.086676148300114,29.20063678189598,29.32721569207763,29.467256199521216,29.621628778050876,29.79122362651856,29.976973124642825,30.18002166569289
604,28.46212647781158,28.465399488824175,28.475250395655053,28.491774745339626,28.51513155323596,28.545543016623128,28.583294211139503,28.628732824034387,28.682268934692388,28.744374773810137,28.81558428468969,28.89649219250083,28.987752192416508,29.09007383632229,29.20421776955652,29.33098916559362,29.47122953254319,29.625807865953618,29.795618039961937,29.981621645993755,30.18503160411234
605,28.46433777199684,28.467617958941048,28.477490378519747,28.494050536120653,28.517457388343928,28.547933069137684,28.585762597016014,28.63129361109668,28.68493613968576,28.7471623272383,28.818505941054752,28.8995613673672,28.990981719076387,29.093475653536643,29.207802574915092,29.334766094328643,29.47520601163751,29.62999067250007,29.80002115635392,29.986290991029932,30.190069347179474
606,28.46655391266961,28.469841272164842,28.479735195056605,28.496331147014246,28.519788028463097,28.550327912328612,28.588235760826592,28.63385916297142,28.687608090109848,28.749954590178504,28.821432240408683,28.902635072251144,28.99421560213227,29.09688158463854,29.211391185491323,29.338546484428434,29.479185784744402,29.63417795906173,29.804434286238177,29.990980400120918,30.195131953516523
607,28.468774897556273,28.472069426381097,28.481984843589487,28.4986165769468,28.522123473097793,28.55272754600736,28.590713702147013,28.636429478216996,28.6902847825981,28.752751556511782,28.8243631734004,28.90571329471453,28.997453827024742,29.10029161490843,29.21498359163928,29.342330362720134,29.483169080415735,29.638370489469537,29.808858286503835,29.995689058948244,30.20021724399851
608,28.471000724495923,28.47430241957875,28.484239322518533,28.500906824875813,28.524463721724487,28.55513196989085,28.593196420395657,28.639004555192514,28.69296621358461,28.75555321997416,28.82729873064818,28.908796022450076,29.000696379535896,29.10370573063841,29.21857978951067,29.346117785694105,29.48715619159003,29.64256895971471,29.813293684523615,30.000416183973243,30.20532358756691
609,28.473231391423326,28.476540249833988,28.486498630306187,28.50320188978202,28.526808773790606,28.55754118360869,28.59568391485118,28.641584392084837,28.695652379333467,28.758359574182748,28.830238902752512,28.911883243279078,29.00394324583806,29.1071239197164,29.222179783641707,29.34990883927486,29.491147441753924,29.646773974703763,29.817740819161486,30.00516105814313,30.210449650543012
610,28.475466896371984,28.478782915313104,28.488762765478725,28.505501770666058,28.52915862870816,28.559955186694253,28.59817618464092,28.64416898689643,28.698343275930597,28.761170612633805,28.8331836803049,28.914974945190522,29.00719441271093,29.1105461727513,29.22578359022674,29.35370363869947,29.495143167317792,29.650986043200646,29.822199876926675,30.009923033529333,30.215594347365993
611,28.477707237465665,28.481030414264012,28.491031726618473,28.507806466544253,28.531513285852157,28.56237397858706,28.600673228748462,28.64675833745798,28.70103889929868,28.76398632871667,28.83613305390037,28.918071116378826,29.010449867774753,29.113972484001067,29.229391238167466,29.35750232273574,29.49914370191823,29.655205587534397,29.826670943652744,30.01470152567788,30.220756769499587
612,28.479952412910222,28.48328274500801,28.493305512356187,28.510115976442364,28.533872744556902,28.56479755863279,28.603175046017952,28.64935244143726,28.703739245210215,28.766806715728876,28.83908701415868,28.92117174532615,29.013709599912033,29.11740285278222,29.233002770444386,29.36130504648645,29.50314935821814,29.659432955054,29.831154058827394,30.019496006463044,30.225936111066403
613,28.482202420987505,28.485539905933933,28.495584121366107,28.512430299390815,28.536237004113502,28.567225926082983,28.60568163515876,28.651951296346226,28.706444309296216,28.769631766888097,28.842045551752335,28.92427682093205,29.01697359977885,29.120837284423203,29.236618242679754,29.365111973424632,29.50716042721575,29.663668436456305,29.83564921959004,30.02430599039502,30.231131669932836
614,28.484457260049055,28.487801895492908,28.49786755236056,28.51474943442048,28.538606063767247,28.569659080095164,28.608192994745195,28.654554899546042,28.709154087054912,28.772461475347768,28.845008657464064,28.927386332743424,29.020241860431156,29.12427579072181,29.24023772061213,29.368923270328025,29.511177179951574,29.667912274926323,29.84015638584799,30.02913103099354,30.23634283309144
615,28.48671692851093,28.490068712191828,28.500155804084386,28.5170733805586,28.540979922713802,28.572097019731984,28.610709123221852,28.657163248253767,28.711868573863626,28.775295834224437,28.847976322276054,28.930500271240362,29.023514377859783,29.127718389853783,29.24386127777632,29.37273910417258,29.515199866673186,29.67216467228326,29.84467549467854,30.03397071816778,30.241569051883857
616,28.48898142485956,28.492340354600174,28.502448875320965,28.519402136833207,28.543358580103757,28.574539743962305,28.613230018899458,28.659776339535824,28.714587764968257,28.778134836577465,28.850948537296063,28.933618627532383,29.026791150211693,29.13116510600088,29.247488998614983,29.37655964741441,29.519228715814165,29.67642577943502,29.849206449525184,30.038824681816777,30.24680986459765
617,28.491250747624804,28.494616821323007,28.50474676486772,28.521735702253466,28.54574203502972,28.576987251660114,28.61575567996971,28.66239417033802,28.717311655534616,28.780978475524023,28.85392529412809,28.936741394505304,29.030072179999763,29.134615969487868,29.251120968717316,29.380385061234165,29.523263933885517,29.680695731537753,29.853749165082036,30.04369257312021,30.252064817206133
618,28.49352489540246,28.496898111023597,28.507049471556797,28.52407407582683,28.5481302865374,28.579439541606007,28.618286104493507,28.665016737461656,28.720040240610786,28.783826744159285,28.856906584593673,28.939868565851214,29.033357472041132,29.138071016318293,29.254757283122103,29.384215510420574,29.527305707203936,29.684974618152808,29.8583035238359,30.048574079839852,30.257333538723458
619,28.495803866815947,28.499184222385566,28.509356994220695,28.52641725653166,28.55052333360976,28.58189661248764,28.620821290422498,28.667644037608795,28.722773515210292,28.78667963575765,28.8598924013354,28.943000137644447,29.03664703582683,29.141530287077217,29.258398033993103,29.388051144080634,29.531354202118337,29.68926252831102,29.862869432661626,30.053468899436268,30.262615645114636
620,28.498087660544456,28.501475154140962,28.51166933171811,28.528765243337773,28.552921175179165,28.58435846290024,28.623361235584753,28.67027606735286,28.725511474263328,28.789537143655366,28.862882737407404,28.94613610711957,29.03994088348196,29.144993827392966,29.262043319838483,29.391892111255117,29.535409566842134,29.69355951512864,29.86744677537712,30.058376760612873,30.267910816586436
621,28.50037627528758,28.50377090503548,28.513986482902908,28.531118035182544,28.555323810114544,28.586825091349397,28.625905937706477,28.672912823185413,28.728254112712932,28.792399261494268,28.865877586931617,28.949276474047338,29.04323903112038,29.148461685637756,29.265693235191748,29.395738547274846,29.539471934990274,29.69786563317814,29.87203545077699,30.063297398870418,30.27321873218085
622,28.502669709786346,28.506071473849033,28.516308446642256,28.53347563098515,28.557731237229632,28.589296496250142,28.62845539440218,28.67555430149764,28.73100142548185,28.79526598311861,28.868876944717158,28.95242123975413,29.046541497666965,29.151933914078427,29.269347877254575,29.399590583605345,29.543541424309012,29.702180912876543,29.87663534737959,30.068230573540234,30.27853911104421
623,28.504967962800265,28.50837685937347,28.518635221797012,28.53583802963226,28.560143455275693,28.591772675930088,28.631009603191217,28.678200498616093,28.73375340755331,28.79813730278306,28.87188080675628,28.955570407932328,29.049848305149112,29.15541056656224,29.273007339758806,29.403448341866977,29.547618141935345,29.706505381230272,29.881246357663315,30.07317605343212,30.283871684831468
624,28.50727103310328,28.51068706040934,28.52096680722019,28.538205229977677,28.56256046294419,28.594253628636977,28.633568561515233,28.68085141084879,28.7365100540718,28.80101321529122,28.874889170203005,28.95872398406334,29.05315947755247,29.158891697920012,29.276671714770487,29.407311938212615,29.551702185258137,29.710839054645135,29.885868373660173,30.07813362094123,30.28921620285803
625,28.509578919498153,28.51300207577941,28.52330320176759,28.540577230848896,28.564982258867133,28.596739352529028,28.636132266711968,28.683507034419335,28.73927136019563,28.803893715741708,28.8779020331541,28.961881975686367,29.056475042037277,29.162377365815416,29.280341093444463,29.411181480703362,29.555793637936404,29.715181938211572,29.89050128733726,30.083103073519283,30.294572436415194
626,28.51189162082136,28.515321904332836,28.525644404301374,28.542954031050044,28.56740884161843,28.599229845675097,28.638700716012636,28.686167365460562,28.742037321076566,28.806778799467338,28.880919394515104,28.965044392249922,29.05979502904711,29.165867631452784,29.284015567174094,29.415057069614363,29.559892567931,29.719534022945197,29.89514499027871,30.088084225632144,30.299940181256204
627,28.514209135855765,28.517646544862885,28.527990413621524,28.54533562931738,28.569840209705944,28.60172510610272,28.64127390668864,28.688832400361093,28.744807932598235,28.809668463318076,28.883941255403897,28.968211244825625,29.06311946742494,29.169362549070456,29.287695217535827,29.418938801507977,29.563999051423252,29.723895314297522,29.89979938373341,30.093076884653215,30.305319214745168
628,28.516531463465867,28.51997599623496,28.530341228572524,28.54772202438761,28.57227636158251,28.604225131719545,28.643851835815155,28.691502135208964,28.747583190206285,28.812562703675724,28.886967617077744,28.971382546758434,29.066448392089853,29.172862181914297,29.291380131147093,29.42282676280456,29.5681131370128,29.728265788471845,29.904464361727264,30.098080888114964,30.3107093631686
629,28.518858602479384,28.522310257274455,28.53269684795066,28.55011321494038,28.574717295640824,28.60672992039315,28.64643450050181,28.694176566319356,28.750363089967266,28.81546151814007,28.8899984825062,28.974558312723275,29.069781837190078,29.176366588916153,29.295070387982832,29.42672103565974,29.572234875527556,29.73264542950119,29.909139825295824,30.103096071654534,30.316110445112884
630,28.521190551698965,28.524649326777933,28.535057270513448,28.55250919960389,28.577163010215656,28.609239469946317,28.649021897877674,28.696855690195378,28.7531476284758,28.81836490535113,28.893033856151874,28.977738558713554,29.073119836729234,29.17987582615808,29.29876606285984,29.430621697469007,29.5763643167723,29.73703422535874,29.913825680850607,30.108122272259266,30.321522277688018
631,28.523527309983535,28.526993203589825,28.53742249504188,28.554909976992178,28.579613503579708,28.611753778085642,28.65161402489531,28.699539503103153,28.75593680207504,28.821272863907552,28.896073743242994,28.98092330323243,29.076462429467085,29.18338995510703,29.302467231604282,29.434528816438444,29.58050149096806,29.741432144055864,29.918521831748194,30.11315934954905,30.326944711528824
632,28.525868876112327,28.529341886475038,28.53979252023953,28.55731554565159,28.582068773969297,28.614272842561604,28.65421087873318,28.702228001883725,28.758730608206008,28.824185393971845,28.89911815036305,28.984112564438135,29.079809650468064,29.186909030323932,29.30617396362163,29.438442460627755,29.58464643798635,29.745839168337568,29.923228187417806,30.118207153505296,30.332377581263074
633,28.528215248900665,28.53169537422707,28.542167344816733,28.559725904101526,28.584528819551394,28.616796661008095,28.65681245640826,28.70492118320101,28.761529044229974,28.827102496021098,28.902167085316705,28.987306363086077,29.083161538459592,29.19043310907523,29.309886326536116,29.442362689275058,29.588799183478272,29.75025526919677,29.927944658502327,30.123265550040173,30.33782074245869
634,28.5305664271487,28.534053665620206,28.544546967454437,28.562141050819776,28.586993638445847,28.619325231029393,28.659418754974126,28.70761904390463,28.764332107953237,28.830024171321668,28.9052205569929,28.990504720984518,29.086518132532603,29.193962247507784,29.31360438492038,29.44628955715308,29.592959748963665,29.75468041598276,29.932671157780305,30.12833441067869,30.343274057458473
635,28.53292240959587,28.536416759368308,28.546931386774872,28.564560984237062,28.589463228761247,28.62185855030748,28.662029771742652,28.710321581400308,28.767139798084656,28.832950422198564,28.908278574903534,28.99370765924158,29.089879469197683,29.197496497992404,29.317328200418842,29.450223119301654,29.597128159969998,29.759114582538018,29.937407599162952,30.13341360516978,30.348737386100936
636,28.535283195017996,28.538784654213146,28.549320601403906,28.566985702747786,28.591937588516032,28.624396616367335,28.664645503801353,28.713028792850707,28.769952113260956,28.835881251490434,28.91134115023243,28.996915202078185,29.093245588667912,29.201035914649367,29.321057831243877,29.454163420764644,29.60130442882479,29.76355773465042,29.942153900184735,30.138503016910363,30.354210604883576
637,28.537648782120073,28.54115734882845,28.55171460991056,28.569415204718723,28.594416715768205,28.62693942690686,28.667265948634906,28.7157406761076,28.77276905303063,28.838816662818886,28.91440829414961,29.000127372211637,29.09661652812963,29.204580548242177,29.324793334074343,29.458110508621075,29.605488572452543,29.768009841627645,29.946909978804968,30.143602527090763,30.359693587058473
638,28.540019169600953,28.543534841876692,28.554113410839193,28.571849488473617,28.59690060851625,28.629486979564263,28.669891103709404,28.718457229129967,28.775590617310627,28.84175666058769,28.917480019070524,29.00334419380829,29.09999232567486,29.208130448790143,29.328534762323613,29.462064424467997,29.609680602239507,29.772470870281325,29.95167575539682,30.14871202376537,30.365186214236587
639,28.54239435617137,28.54591713202541,28.556517002717783,28.57428855228659,28.59938926466657,28.632039271843723,28.672520966343825,28.721178449811134,28.778416806237658,28.844701250012633,28.920556339068185,29.006565693373773,29.103373021421987,29.211685666241237,29.33228216552658,29.46602520218488,29.613880521195938,29.776940783355144,29.95645115333673,30.153831404401274,30.370688379690364
640,28.544774340505057,28.548304217904274,28.558925384036854,28.576732394401972,28.601882682124995,28.634596301318595,28.67515553405684,28.723904336437613,28.78124762055114,28.847650437017364,28.92363726875169,29.009791897376488,29.106758654555165,29.215246248719268,29.336035590998392,29.469992873864385,29.618088331485467,29.781419543788786,29.96123609751197,30.158960569015733,30.376199979418004
641,28.5471591211562,28.550696098037236,28.561338553229007,28.579181013105313,28.60438085901751,28.63715806606683,28.677794805238648,28.7266348884707,28.784083062079958,28.850604227708402,28.926722820958844,29.013022828020382,29.110149258486388,29.218812240014927,29.339795087105642,29.473967479859994,29.6223040471927,29.785907123255242,29.966030512795385,30.164099407130664,30.381720894569355
642,28.54954869677306,28.55309277102026,28.56375650872809,28.581634406555793,28.606883793147006,28.639724563583286,28.6804387774489,28.72937010452597,28.786923132413506,28.853562629584474,28.929813012552188,29.016258514097956,29.113544873451076,29.22238368627535,29.343560694999496,29.477949042785724,29.626527661289572,29.790403480631937,29.97083432842288,30.16924783092213,30.387251035877966
643,28.551943065942567,28.555494235391734,28.566179248926346,28.584092572908105,28.609391482388844,28.642295791571712,28.683087448656295,28.732109983844623,28.789767833869462,28.856525650655612,28.93290786019844,29.019498983086862,29.116945537335937,29.225960631133205,29.34733245463542,29.481937586449533,29.630759169690634,29.7949085776782,29.97564747480544,30.174405751080712,30.392790311305816
644,28.554342227188386,28.55790048963587,28.568606772191742,28.586555510355936,28.611903924768285,28.6448717480543,28.685740817351643,28.73485452634793,28.792617169398056,28.859493299121766,28.936007379834564,29.022744260565787,29.120351285331708,29.229543115917807,29.351110405626628,29.485933137059988,29.634998572601205,29.799422380021667,29.980469883063506,30.17957307506998,30.39833862406573
645,28.55674617899217,28.560311532197716,28.571039076864565,28.589023217093484,28.61442111836942,28.647452431212116,28.688398882329068,28.737603732418677,28.79547114250687,28.862465583653602,28.939111587490743,29.025994371539696,29.123762151299445,29.23313118017535,29.354894586022283,29.489935720151493,29.639245870706816,29.803944854618635,29.985301485680736,30.184749711152335,30.403895877832156
646,28.55915491986093,28.56272736153153,28.573476161245935,28.591495691192506,28.6169430610405,28.650037838873118,28.69106164198024,28.740357602197946,28.798329757017825,28.865442514297285,28.942220501939744,29.029249344705534,29.127178172167476,29.23672486334118,29.358685028375533,29.49394535068825,29.6435010529093,29.808475961581564,29.990142218610515,30.189935581345992,30.409461993510376
647,28.561568448251364,28.56514797604666,28.575918023610484,28.593972930740335,28.619469750724193,28.652627969086268,28.693729095085473,28.743116136373487,28.801193017339642,28.868424101460107,28.945334141726505,29.032509207669932,29.13059938300148,29.240324202864713,29.36248176415205,29.497962044159408,29.647764110076878,29.813015663342014,29.994992018914445,30.19513060689792,30.41503689043526
648,28.56398676256805,28.567573374128017,28.57836466229645,28.596454934046903,28.62200118581768,28.655222820624772,28.696401241345654,28.745879336470637,28.804060928103297,28.871410354487296,28.948452522615923,29.035773983894558,29.134025814897882,29.243929234841175,29.366284828023822,29.501985823676364,29.65203504233847,29.817563928240077,29.999850821907728,30.200334700211556,30.420620476876252
649,28.566409861210445,28.57000355412697,28.58081607552259,28.598941699161003,28.62453736427949,28.65782239167362,28.699078079889148,28.748647203831695,28.806933494717384,28.874401285024078,28.951575664283325,29.03904370140731,29.13745750192868,29.24753999385399,29.370094246951624,29.506016699741053,29.656313836943184,29.822120718253643,30.00471856809054,30.205547788952856,30.426212679375737
650,28.568837742542144,28.572438514367263,28.58327226150817,28.601433224187247,28.627078284214747,28.660426680689397,28.70175961024978,28.75141974028452,28.809810723004603,28.877396904813793,28.954703585931952,29.04231838709643,29.14089447659245,29.25115651307783,29.373910047335983,29.510054683498254,29.66060048276273,29.82668599703601,30.00959519860794,30.210769800260437,30.43181342353165
651,28.571270404914685,28.57487825317162,28.585733218505652,28.60392950732563,28.629623943914396,28.663035686420926,28.704445832339957,28.754196948039237,28.812692619021277,28.8803972254953,28.957836306187403,29.04559806683642,29.144336770217024,29.25477882479737,29.377732255335673,29.514099786602344,29.66489496963925,29.831259729096985,30.01448065500955,30.216000661304747,30.437422634845063
652,28.57370784667728,28.57732276887458,28.588198944824455,28.606430546911383,28.632174341913014,28.665649407976332,28.707136746502442,28.756978829684613,28.815579188948334,28.88340225836197,28.9609738427572,29.04888276516772,29.1477844128475,29.258406960658135,29.381560897492477,29.51815202203568,29.669197289041563,29.835841879951374,30.019374878834753,30.221240298502323,30.443040237842183
653,28.576150066108767,28.579772059720426,28.590669438626037,28.608936341049116,28.634729476437656,28.668267844151217,28.709832352934484,28.759765388105905,28.818470440009264,28.886412016631596,28.964116215851732,29.05217250877962,29.151237434903464,29.26204094967892,29.385395994608302,29.52221139543184,29.673507426443734,29.840432413585063,30.024277815641483,30.226488646372104,30.448666166236933
654,28.578597061478547,28.582226123954683,28.59314469810772,28.611446887940645,28.63728934590216,28.670890994031197,28.71253265220423,28.762556626558194,28.821366379646804,28.889426513410513,28.967263445116146,29.055467323386836,29.154695865692418,29.26568082003439,29.389237567236535,29.526277912857097,29.677825368160143,29.84503129472745,30.029189411392906,30.23174563959259,30.454300353816905
655,28.58104883119944,28.584684960001653,28.595624721746276,28.613962186216213,28.63985394929898,28.67351885734564,28.715237645380114,28.765352548326916,28.82426701451635,28.89244576003506,28.97041554770601,29.058767232318132,29.15815973342052,29.26932660105672,29.393085639512947,29.530351585286496,29.68215110453923,29.849638489407937,30.03410961018244,30.237011208490003,30.459942729256056
656,28.583505373497758,28.587148566070255,28.598109507725724,28.61648223411595,28.64242328517355,28.676151433458642,28.717947333504696,28.768153157350014,28.827172352883395,28.89546977038259,28.97357254366449,29.062072260924367,29.161629065962188,29.272978318391267,29.39694022877859,29.53443241575343,29.686484620112537,29.85425396266453,30.039038360583675,30.242285292044585,30.46559323105828
657,28.585966686590154,28.589616940365488,28.60059905424464,28.619007029928753,28.644997352174414,28.67878872191045,28.72066171787702,28.770958457883978,28.830082403336803,28.898498558558288,28.976734453036954,29.065382434213063,29.165103890447256,29.276635996596042,29.40080135114789,29.538520406244743,29.690825898880576,29.858877679773286,30.04397561224306,30.247567830911464,30.47125179953872
658,28.58843276869669,28.592090081104004,28.60309335953832,28.621536572024866,28.647576149093936,28.68143072245715,28.723380800073187,28.773768454479637,28.832997174694867,28.9015321387256,28.9799012956596,29.06869777667532,29.168584233230604,29.280299659332115,29.40466902191713,29.542615558206705,29.695174924700495,29.863509606338596,30.04892131563014,30.252858766909185,30.476918376236085
659,28.590903618024186,28.59456798649353,28.60559242184877,28.624070858811876,28.650159674812755,28.68407743501541,28.72610458191633,28.77658315201319,28.835916676133024,28.90457052533924,28.98307309145207,29.072018312526552,29.172070119934574,29.283969329100216,29.408543255000893,29.546717871849523,29.69953168075898,29.86814970818159,30.053875422385147,30.25815804371109,30.482592904702983
660,28.593379232921507,28.597050654914483,28.60809623967714,28.626609889081237,28.652747928716565,28.686728860051687,28.728833065647677,28.77940255538067,28.83884091617307,28.907613731400545,28.986249858292297,29.075344063993043,29.175561575163385,29.287645029161638,29.412424067078803,29.550827351336068,29.70389615369396,29.87279795255904,30.058837882854334,30.263465600723862,30.48827408585862
661,28.595859611726382,28.59953808473523,28.610604811511394,28.62915366161502,28.655340910200437,28.689384998090475,28.731566253661867,28.78222666978229,28.84176990381991,28.910661770522665,28.989431614612954,29.078675053473148,29.179058622955893,29.291326781304974,29.416311472619043,29.554943998500733,29.708268328684085,29.877454306807806,30.063808643241998,30.268779666622777,30.49386366323921
662,28.598344752725097,28.602030274267236,28.613118135771174,28.63170217511879,28.65793861859862,28.692045849663373,28.734304148510716,28.78505550081502,28.844703648761822,28.913714657216815,28.9926183797034,29.08201130374721,29.18256128678837,29.295014605537915,29.42020548324814,29.559067812072044,29.71264818871157,29.8821187330787,30.068787177950128,30.274085844125523,30.499377022510885
663,28.60083465424458,28.60452722187472,28.615636210960872,28.634255428435324,28.6605410534454,28.69471141555806,28.73704675302008,28.78788905429377,28.847642160748478,28.916772405803272,28.99581017237142,29.085352836886898,29.186069589374256,29.29870852126794,29.424106110347054,29.563198790903584,29.717035714884446,29.886791086006838,30.073770945877982,30.279374544046618,30.504844885761997
664,28.603329314636596,28.607028925952363,28.618159035636836,28.636813420493127,28.663148214407556,28.697381696745822,28.73979407024285,28.790727336272937,28.8505854497252,28.91983503067604,28.999007011290644,29.08869967456235,29.18958355275396,29.302408547043,29.42801336441147,29.567336932531873,29.72143086609549,29.891470858039554,30.078756552995856,30.284644245268623,30.510277949782562
665,28.60582873228458,28.609535384934645,28.620686608416293,28.639376150318526,28.66576010129728,28.700056694395528,28.742546103469067,28.793570353051052,28.85353352582814,28.922902546284377,29.002208914971902,29.092051838005943,29.19310319826178,29.306114700520936,29.431927254825098,29.57148222838356,29.725833522593177,29.896157125590264,30.083741324961636,30.28989559574478,30.515682161266568
666,28.608332905603618,28.612046597293443,28.623218927974108,28.641943617026357,28.668376714055626,28.702736409846977,28.74530285619153,28.796418111130038,28.8564863993451,28.92597496711096,29.0054159017717,29.09540934806614,29.196628546625504,29.309826998564063,29.43584778917733,29.575634654633234,29.730243457797314,29.900848799205164,30.08872337340148,30.295129614518885,30.52106171631931
667,28.610841833049562,28.614562561549178,28.625755993054213,28.64451581983576,28.670998052772916,28.705420844634887,28.74806433212939,28.7992706172339,28.859444080724074,28.929052307661266,29.00862798986043,29.09877222515155,29.200159617881866,29.313545456959673,29.439774970833582,29.579794157223034,29.734660325230493,29.905544775385522,30.093701487348653,30.300347431716204,30.526419581972732
668,28.61335551312237,28.61708327627315,28.62829780247307,28.647092758071267,28.67362411768579,28.708110000481156,28.750830535213765,28.80212787829015,28.86240658055266,28.932134582447702,29.011845197216644,29.102140489240696,29.203696431364904,29.317270089934595,29.44370879508307,29.5839606412473,29.739083693323607,29.91024405224772,30.098674885589332,30.30555011520164,30.531758037795612
669,28.615873944370833,28.619608740092417,28.630844355122576,28.649674431165067,28.67625490917783,28.710803879292314,28.753601469582918,28.804989901419788,28.865373909543848,28.935221805975004,29.015067541617896,29.10551415987453,29.20723900560563,29.321000909251723,29.447649245004413,29.58813396841606,29.7435130822181,29.914945757680243,30.10364308468303,30.310738640152294,30.537078901576365
670,28.61839712539728,28.62213895169458,28.63339564997574,28.652260838661334,28.678890427782903,28.713502483159573,28.75637713957724,28.807856693927533,28.868346078523814,28.93831399272716,29.01829504062721,29.108893256123963,29.21078735808993,29.32473792274112,29.45159628712298,29.592313959599608,29.747947999041855,29.91964915653,30.108605789548392,30.315913881856602,30.542383684488527
671,28.620925054862767,28.624673909832097,28.635951686089356,28.65485198021861,28.681530674183136,28.716205814353827,28.759157549729025,28.810728263288638,28.8713230984157,28.941411157152118,29.02152771158069,29.112277796535295,29.21434150485851,29.328481132578702,29.45554986911344,29.59650040438555,29.752387962778585,29.924353631439885,30.1135628246505,30.321076632047095,30.547673673433223
672,28.623457731489907,28.627213613326603,28.638512462608446,28.657447855611395,28.684175649210545,28.718913875323267,28.761942704757757,28.813604617139106,28.874304980228374,28.94451331365042,29.0247655715645,29.115667799010566,29.217901459904567,29.332230533624056,29.459509919836364,29.60069307155584,29.75683251450431,29.929058661684337,30.118514105982968,30.326227612483535,30.552949966892413
673,28.62599515407169,28.629758061074995,28.641077978771477,28.660048464735155,28.68682535384761,28.721626668691044,28.76473260956152,28.81648576326313,28.87729173503851,28.947620476550014,29.02800863734734,29.11906328050071,29.221467234108786,29.335986111834814,29.463476352080136,29.60489172052297,29.761281222660386,29.933763803816134,30.123459611228157,30.331367482836242,30.55821352615203
674,28.628537321466126,28.6323072520467,28.64364823390764,28.662653807603476,28.689479789227107,28.72434419725562,28.767527269220693,28.81937170959833,28.88028337399885,28.950732660115477,29.0312569253976,29.1224642571201,29.22503883579634,29.3397478454321,29.46744906145136,29.609096094281483,29.7657336802219,29.93846870337694,30.12839939322504,30.336496836481103,30.563465150470734
675,28.631084232611386,28.63486118529653,28.646223227448274,28.665263884356477,28.692138956633187,28.727066463984272,28.77032668898005,28.82226246420811,28.883279908300608,28.95384987848979,29.034510451710844,29.12587074344168,29.22861626862857,29.34351570241796,29.471427932374354,29.61330594033319,29.77018951539236,29.94317305827633,30.133333516707694,30.341616217402134,30.56870558116475
676,28.63363588652254,28.63741985996245,28.648802958924534,28.667878695258366,28.694802857500292,28.72979347201266,28.77313087425034,28.82515803528412,28.886281349174112,28.956972145679174,29.037769231750474,29.129282752462018,29.232199532174093,29.34728964240219,29.475412837896556,29.61752100413463,29.774648386099727,29.947876625090885,30.13826207986375,30.346726121725908,30.57393546181811
677,28.636192282296975,28.639983275270424,28.651387427971372,28.67049824070051,28.697471493413786,28.732525224641847,28.775939830601374,28.828058431135673,28.889287707874246,28.96009947553057,29.041033280382578,29.132700295345273,29.235788621137544,29.351069615675556,29.479403641916633,29.621741036714695,29.779109983913315,29.952579206272333,30.143185190224074,30.351827003003734,30.57915537894212
678,28.638753419125123,28.642551430544245,28.65397663433606,28.673122521205016,28.700144866107166,28.735261725328314,28.778753563742953,28.830963660159796,28.89229899562764,28.963231881592435,29.044302611462683,29.136123380517574,29.239383524612663,29.354855565265666,29.483400205926785,29.62596580172692,29.78357402854266,29.957280626315764,30.148102953603996,30.35691928994214,30.584365881027793
679,28.641319296280926,28.645124325196775,28.656570577870127,28.675751537420695,28.702822977463597,28.73800297769162,28.78157207954007,28.83387373086356,28.89531522366491,28.966369377191086,29.047577238102804,29.139552014430592,29.242984227196587,29.35864742626262,29.487402383328117,29.63019506613864,29.788040268127247,29.961980756155697,30.153015495895033,30.36200336918995,30.58956744589949
680,28.64388991313797,28.647701958745188,28.659169258541567,28.678385290129313,28.705505829512447,28.740748985499692,28.784395383983792,28.8367886518177,28.898336403135204,28.96951197521105,29.050857172063104,29.142986200303255,29.246590707926146,29.362445128393006,29.49141002907237,29.634428611640544,29.79250847276751,29.966679478876415,30.15792293945526,30.36707960857541,30.59476052364539
681,28.646465269171472,28.650284330812497,28.66177267643559,28.681023780244004,28.70819342442627,28.743499752661876,28.78722348317973,28.839708431626605,28.90136254502272,28.97265968790765,29.054142423532994,29.1464259383726,29.250202941688713,29.366248597877586,29.495422998986214,29.638666228707166,29.7969784299799,29.971376698477798,30.162825411255085,30.372148351597275,30.599945529917534
682,28.649045363943912,28.652871441114314,28.664380831745063,28.683667008807106,28.710885764527518,28.74625528324924,28.79005638338475,28.842633079002496,28.90439366032291,28.9758125273288,29.057433001897493,29.149871226497112,29.253820897995865,29.37005775276083,29.499441143516833,29.642907717009336,29.801449956999136,29.976072352117797,30.16772304555286,30.377209908720147,30.605122827621244
683,28.651630197130203,28.655463289481872,28.66699372478689,28.68631497699448,28.713582852276488,28.749015581459275,28.792894090939228,28.84556260262866,28.90742975973052,28.97897050461563,29.060728914529136,29.15332205919276,29.257444542716826,29.373872510126773,29.503464318414558,29.64715288761181,29.805922883182802,29.980766383294053,30.17261597140657,30.38226457689865,30.610292766080647
684,28.65421976851019,28.658059875854974,28.669611355997063,28.68896768611438,28.716284690275188,28.751780651627314,28.795736612288465,28.848497011203733,28.91047085374032,28.982133630219494,29.064030167141595,29.15677842787585,29.261073837507354,29.377692783971895,29.507492381697944,29.651401562355034,29.810397054882287,29.98545874988031,30.17750431713762,30.387312633582894,30.615455668625145
685,28.656814077963702,28.660661200278014,28.672233725927526,28.69162513760557,28.718991281267563,28.754550498228014,28.7985839539852,28.851436313443003,28.913516952661666,28.985301913996352,29.067336764081006,29.160240321316394,29.264708739847492,29.381518483823015,29.5115251907543,29.65565357254974,29.81487233931938,29.99014943015601,30.18238821355044,30.392354332895593,30.620611823134425
686,28.65941312549927,28.6632672629255,28.674860835263587,28.69428733304096,28.721702628122614,28.757325125830164,28.80143612259735,28.854380517888046,28.916568066201023,28.98847536436091,29.07064870706637,29.163707724961398,29.268349205481798,29.385349522693332,29.51556261302062,29.65990876064876,29.819348606567928,29.994838393099656,30.187267778573414,30.397389928237885,30.625761525980465
687,28.662016911215574,28.66587806406733,28.67749268480054,28.6969542741233,28.72441873385867,28.760104539160977,28.80429312483983,28.857329633183383,28.919624204065258,28.991653989466784,29.073965996834204,29.16718062159333,29.271995184798925,29.389185806421267,29.519604512491526,29.66416697868374,29.823825752845437,29.999525637862064,30.19214313790559,30.402419641579456,30.630905024231993
688,28.66462543535232,28.668493604114246,28.680129275471415,28.699625962684763,28.727139601598367,28.762888742994164,28.807154967339216,28.860283667586145,28.922685374977732,28.99483779555476,29.077288631361967,29.170658991667267,29.275646629064454,29.393027247499788,29.523650763987803,29.668428086264612,29.828303670090747,30.004211147459614,30.197014405549226,30.407443701343254,30.636042579881007
689,28.667238698240794,28.67111388357381,28.682770608322016,28.702302400691167,28.72986523462049,28.765677742275386,28.81002165690029,28.863242629518652,28.925751587746504,28.99802678861073,29.080616607354102,29.174142812263653,29.279303483498666,29.396873751772034,29.52770124136083,29.672691954982383,29.83278227554456,30.008894930208157,30.201881697768442,30.412462307315195,30.641174414814316
690,28.669856700352966,28.67373890309284,28.6854166845319,28.704983590226902,28.732595636286135,28.768471541949168,28.812893200142753,28.866206526845588,28.928822849993708,29.001220972689964,29.08394991931914,29.17763205948387,29.282965695626274,29.400725231379965,29.531755825997777,29.67695845971474,29.837261481412497,30.01357698485276,30.206745126555973,30.417475662363586,30.646300756271103
691,28.672479442262613,28.676368663424853,28.688067505399943,28.70766953351341,28.735330810110327,28.771270147124767,28.815769603846604,28.86917536754646,28.931899169277813,29.004420351251156,29.087288559979584,29.181126705797908,29.28663320786444,29.40458159467022,29.53581440180949,29.68122748788369,29.84174121950275,30.01825732469308,30.21160480093056,30.42248394908205,30.651421805494408
692,28.675106924678914,28.679003165456777,28.69072307235035,28.710360232876837,28.738070759663856,28.77407356285954,28.81865087452104,28.872149158944637,28.93498055196659,29.007624926107326,29.090632520553413,29.184626723496365,29.290305964936522,29.408442754652583,29.539876857566753,29.685498928641323,29.846221419037363,30.022935959377605,30.216460827828996,30.42748734943234,30.656537763935603
693,28.677739148423086,28.681642410191046,28.693383386932,28.71305569077873,28.740815488659962,28.77688179434614,28.821537018769106,28.875127908331933,28.938067004085667,29.010834698088047,29.093981790248165,29.188132081770163,29.29398390831318,29.412308623282797,29.543943086126376,29.689772681534805,29.850702022386486,30.02761290659862,30.221313311056235,30.43248603115535,30.66164881477698
694,28.680376114430146,28.68428639874662,28.696048450817955,28.71575590981371,28.74356500094808,28.77969484689919,28.82442804326223,28.878111622926497,28.941158531262715,29.014049667001075,29.09733635630505,29.19164274691434,29.297666976575442,29.416179111810834,29.54801298444397,29.694048655919005,29.85518298407652,30.032288191405712,30.226162351368714,30.437480148613474,30.666755124091765
695,28.683017823775458,28.686935132377414,28.698718265796572,28.718460892647784,28.746319300358323,28.78251272563631,28.82732395415661,28.88110030895683,28.94425513763514,29.01726983103174,29.100696205193856,29.195158686678724,29.301355112727435,29.42005413760876,29.55208645361705,29.69832675921799,29.859664250820742,30.03696183070116,30.23100804665097,30.442469861336065,30.671856867053236
696,28.685664277648755,28.689588612455054,28.701392833782393,28.721170642083564,28.74907839086336,28.78533543580761,28.830224757690416,28.8840939725859,28.947356826928342,29.02049518729234,29.1040613213421,29.1986798658736,29.30504825694271,29.423933617491286,29.55616339896318,29.702606908592088,29.8641457812505,30.041633848810818,30.235850492026714,30.447455315386378,30.676954201437923
697,28.68831547735357,28.6922468404681,28.704072156816494,28.723885161062526,28.751842276583886,28.78816298280691,28.83313046020345,28.887092619940688,28.950463602490288,29.02372573183891,29.107431687092287,29.202206246227774,29.308746346332327,29.427817467503473,29.560243730025206,29.706889031311903,29.868627546545156,30.04630427798628,30.240689779867978,30.45243664276046,30.682047266768393
698,28.690971424328552,28.694909818031476,28.706756237034824,28.72660445255309,28.754610961536855,28.790995371689405,28.836041067324174,28.890096255964522,28.953575466126154,29.026961459392453,29.11080728477299,29.205737792012883,29.312449323365,29.431705609928713,29.56432735934129,29.711173050732384,29.87310950781506,30.050973140182748,30.245525999863048,30.457413983709614,30.68713621543509
699,28.693632120132065,28.69757754688152,28.709445076699694,28.729328519653393,28.757384449861718,28.79383260759846,28.83895658467617,28.893104885389903,28.95669241904318,29.030202363476576,29.114188094822453,29.209274465231374,29.316157128865427,29.435597967657884,29.568414203771738,29.715458898090446,29.87759163484111,30.05564046221366,30.250359238843146,30.46238746802777,30.692221186815914
700,28.69629756643991,28.700250028875928,28.71213867820495,28.732057365607318,28.760162745855553,28.796674695832166,28.841877017986974,28.896118512885664,28.959814461988685,29.033448436427136,29.11757409549267,29.212816224886808,29.319869700973868,29.43949446337507,29.572504184729894,29.719746514272458,29.882073908851282,30.0603062780026,30.255189580744172,30.467357212255138,30.697302303431854
701,28.698967765044017,28.70292726597654,28.71483704400754,28.734790993636466,28.76294585363786,28.799521641256604,28.844802372200604,28.89913714197712,28.962941594437552,29.036699669783445,29.12096526562476,29.21636303269446,29.323586982399604,29.4433950242734,29.57659722504411,29.72403583646792,29.886556303271902,30.06497061405281,30.260017108203442,30.47232333910773,30.702379696745595
702,28.701642717858817,28.705609260267863,28.71754017668559,28.737529407074646,28.765733777411242,28.802373448751723,28.84773265213238,28.902160775807374,28.966073815098696,29.039956053859555,29.124361582495908,29.219914848944825,29.327308915440483,29.447299579151718,29.5806932516428,29.728326807687893,29.891038796905832,30.06963349901781,30.26484190100257,30.477285964161354,30.707453489798525
703,28.704322426924648,28.708296013963775,28.720248078956786,28.74027260940835,28.768526521539343,28.805230123341346,28.8506678626552,28.90518941734456,28.96921112203654,29.043217577589644,29.12776302118226,29.22347163134475,29.33103544065608,29.4512080577274,29.584792196407136,29.732619379392986,29.895521377433397,30.074294966146454,30.269664035532912,30.482245192309335,30.712523792674574
704,28.707006894370124,28.71098752935177,28.7229607535632,28.743020604050344,28.77132409014598,28.808091669566636,28.853608007874243,28.908223068579446,28.972353512417726,29.0464842296185,29.13116955767606,29.2270333399714,29.33476650185048,29.455120392334265,29.588893991527243,29.73691350038274,29.90000402803446,30.078955045128907,30.274483587914915,30.487201131285133,30.7175907193228
705,28.709696122443233,28.713683808836436,28.725678203354846,28.74577339449769,28.77412648738658,28.810958091898897,28.856553091650312,28.911261730998035,28.975500982584094,29.049755997486272,29.13458116681886,29.23059993418542,29.33850204318759,29.459036517258937,29.592998572712645,29.741209123677606,29.904486735216665,30.08361376644524,30.279300631789283,30.492153883753247,30.722654377894628
706,28.712390113527533,28.716384854961518,28.728400431329987,28.748530984405647,28.77693371757357,28.813829394924483,28.859503117825284,28.914305405769426,28.978653528045072,29.05303286722193,29.137997821371414,29.234171371326113,29.342242008072105,29.462956368640505,29.59710588069464,29.745506209409996,29.908969491893743,30.088271162869887,30.28411523726203,30.497103544201366,30.727714867032148
707,28.7150888700329,28.719090670273715,28.731127440416003,28.751293377223362,28.779745784611748,28.81670558257946,28.862458089388497,28.917354093208303,28.981811143852156,29.056314825303673,29.141419495798004,29.237747611483258,29.345986342706396,29.466879883974798,29.601215854990244,29.749804714044444,29.913452286686436,30.092927264747118,30.28892747498992,30.502050210170523,30.732772289275147
708,28.717792394502908,28.72180125745399,28.733859233673,28.754060576522136,28.782562692491467,28.819586658794265,28.865418009142275,28.920407793139077,28.984973824156782,29.059601856904465,29.144846163102898,29.24132861371004,29.349734993492063,29.47080700286932,29.605328439162577,29.754104599020025,29.917935112180317,30.09758210341522,30.293737412842745,30.50699397339855,30.73782674049005
709,28.720500689646883,28.72451661935588,28.73659581435311,28.756832586088592,28.785384445426075,28.82247262767089,28.868382879878197,28.923466504981832,28.988141562068165,29.06289394539499,29.148277793966997,29.2449143350226,29.353487906381645,29.474737667304908,29.60944358226351,29.758405833048585,29.92241796706719,30.102235712055403,30.298545115005254,30.511934917490635,30.742878307088688
710,28.723213758254417,28.727236758902563,28.739337185742556,28.759609409675363,28.788211047483742,28.825363493010286,28.871352703905814,28.926530227523244,28.99131435003244,29.06619107367237,29.151714359054438,29.24850473307322,29.357245028610237,29.47867182093688,29.613561234978647,29.762708385974406,29.926900850423237,30.106888123423744,30.30335064437662,30.51687312414458,30.747927073458868
711,28.72593160303296,28.729961678899883,28.742083350902703,28.762391050629617,28.791042502091727,28.828259257746254,28.874327482583112,28.929598958846555,28.994492180543602,29.069493225931296,29.155155831723846,29.25209976902852,29.36100631034992,29.482609408028964,29.617681345103392,29.76701222176598,29.931383755013144,30.11153936671525,30.308154065128633,30.521808680943707,30.752973131460124
712,28.72865422687829,28.732691382349856,28.744834313111937,28.765177512537832,28.7938788129145,28.831159924973747,28.877307217208454,28.93267269654251,28.997675044957248,29.07280038452035,29.158602183082337,29.255699402208563,29.364771701532902,29.486550375296247,29.621803865798654,29.771317311388145,29.935866679517403,30.116189473088582,30.312955437929645,30.52674166733891,30.758016563419062
713,28.731381632870125,28.73542587244566,28.747590075858568,28.767968799215566,28.796719983839296,28.83406549793176,28.880291909005393,28.935751437706074,29.000862933510007,29.07611252999402,29.162053382066972,29.259303590175648,29.368541151903628,29.49049467187433,29.62592875545471,29.77562363258943,29.94034962833092,30.120838475574715,30.317754820023197,30.53167215487963,30.763057442409206
714,28.73411382412951,28.738165152406282,28.750350642607543,28.77076491436725,28.799566018513417,28.836975979461556,28.883281558653323,28.938835178824945,29.004055835944712,29.07942964276907,29.165509398050858,29.262912291558393,29.372314612692776,29.49444224834889,29.63005597334137,29.779931163120466,29.94483260512027,30.12548640616609,30.322552267744754,30.5366002146003,30.76809584121156
715,28.736850803546588,28.740909225175585,28.75311601641789,28.773565861088173,28.802416919744985,28.839891371407134,28.886276165908498,28.941923915959478,29.00725374260577,29.08275170530345,29.168970203815604,29.266525468887437,29.376092037874514,29.49839305502195,29.634185474415347,29.784239873328204,29.949315605972686,30.130133292824496,30.327347839580113,30.54152592532182,30.77313184220685
716,28.73959257429607,28.7436580939966,28.7558862006872,28.77637164285568,28.80527269072809,28.842811675889266,28.889275730486645,28.945017644527866,29.010456642334248,29.086078697657456,29.17243576928439,29.270143082410698,29.379873381166988,29.50234704523166,29.638317220144188,29.7885497419457,29.95379863410642,30.134779165964915,30.332141589817695,30.5464493560832,30.778165516343734
717,28.74233913971267,28.746411762273112,28.758661198971936,28.779182263290068,28.80813333474731,28.845736894998254,28.892280251850366,28.94811635935764,29.013664522975773,29.08941059856346,29.175906063032983,29.273765091584437,29.38365859675548,29.506304174551758,29.642451175896895,29.792860752285435,29.958281696324207,30.13942405689272,30.336933570078884,30.551370570377003,30.783196928209293
718,28.745090503134577,28.749170233395148,28.761441014761374,28.781997725853444,28.81099885480552,28.848667030406887,28.895289728940554,28.95122005475139,29.016877372019792,29.0927473867755,29.179381054194437,29.277391456953012,29.387447640204073,29.510264399782784,29.646587307653988,29.797172887440354,29.962764798542423,30.1440679958327,30.341723831247407,30.556289631488937,30.78822614242131
719,28.747846667805845,28.751933510634103,28.764225651354877,28.784818033706813,28.81386925347465,28.851602083252658,28.89830416015377,28.954328724632546,29.02009517696655,29.096089041637924,29.18286071309683,29.281022140613516,29.39124046846115,29.514227678307236,29.65072558078009,29.80148612882931,29.967247944634437,30.14871101162055,30.346512424237744,30.5612066040527,30.793253225382898
720,28.75060763687219,28.754701597139103,28.76701511185871,28.787643189708774,28.8167445328981,28.854542054145668,28.90132354335526,28.95744236256064,29.02331792533795,29.099435543080972,29.186345011236767,29.284657106168936,29.395037039809154,29.518193968064963,29.65486596005286,29.80580045628068,29.971731136536107,30.153353131776157,30.351299399982793,30.566121554382562,30.798278737143846
721,28.753373413605004,28.75747449618791,28.769809399514997,28.790473196856226,28.819624695336074,28.857486943733477,28.904347876265092,28.960560961624935,29.02654560373162,29.10278686965205,29.189833918529075,29.288296316043557,29.398837312601415,29.522163229067587,29.659008414415325,29.81011585487471,29.9762143806239,30.157994385303994,30.356084810583013,30.571035403476685,30.803354093744474
722,28.75614400133702,28.760252211110924,28.77260851759138,28.793308058120942,28.82250974294203,28.860436752439,28.907377156228165,28.963684514384568,29.029778198112012,29.106142999300346,29.19332740455144,29.29193973285163,29.40264124611565,29.52613542299855,29.663152914927934,29.814432311685096,29.980697684493634,30.16263480386999,30.360868945161712,30.575955704410205,30.808470622135644
723,28.758919403357936,28.76303474517954,28.77541246924619,28.7961477762841,28.825399677576854,28.86339148029242,28.91041138013918,28.966813012983778,29.033015694205403,29.10950391006554,29.196825439398765,29.295587320124582,29.406448800752685,29.53011051254498,29.66729943321201,29.818749813771888,29.985181056479632,30.167274473827774,30.365653143214786,30.580887363997817,30.81361289595384
724,28.761699622945116,28.7658221016394,28.778221257574103,28.798992354000802,28.828294500891673,28.8663511270218,28.91345054451017,28.969946449150598,29.03625807737245,29.112869579792914,29.200327993271628,29.299239041894907,29.410259937821536,29.534088461592717,29.671447942147893,29.823068349601044,29.989664517502376,30.171913670899016,30.370439183556527,30.58583122888092,30.818775323419004
725,28.764484663353755,28.768614283701822,28.7810348855985,28.801841793793983,28.831194214326956,28.869315692058535,28.916494645486296,28.973084814221693,29.039505332642875,29.116239986167727,29.203835036499356,29.302894862693563,29.414074619500525,29.53806923515799,29.67559841589315,29.827387911146218,29.994148125656693,30.176552873584,30.375228484001354,30.590787030304227,30.823954779398832
726,28.767274527806137,28.771411294531788,28.783853356255406,28.804696098034015,28.834098819085682,28.872285174507454,28.919543678815387,28.976228099119112,29.04275744470374,29.119615106725064,29.20734653957345,29.306554747608402,29.41789280891163,29.542052799495366,29.67975083048526,29.83170849992132,29.998632002183626,30.181192667427524,30.380022010589016,30.59575419928177,30.82914925161583
727,28.770069219488448,28.774213137246534,28.78667667240046,28.807555268957515,28.837008316170284,28.875259573202925,28.92259763992348,28.979376294436406,29.046014397980855,29.122994918899337,29.210862473139173,29.310218662192085,29.42171446995036,29.546039121959268,29.68390516466485,29.836030132302824,30.003116321717528,30.18583362784699,30.384820434153312,30.600732207235524,30.834357162186734
728,28.77286874153981,28.777019814903724,28.789504836791764,28.81041930864427,28.839922706351388,28.878238886671852,28.925656523874466,28.982529390401965,29.049276176615592,29.126379400025883,29.21438280802846,29.31388657253291,29.42553956740568,29.550028171364602,29.68806140177952,29.840352845411303,30.007601305522257,30.190476287563456,30.389624180676947,30.605720531554596,30.83957733995652
729,28.775673097037384,28.779831330485706,28.79233785207282,28.813288218997116,28.842841990145928,28.881223113112128,28.928720325353083,28.985687376871397,29.052542764469763,29.129768527360397,29.217907515294144,29.317558445305508,29.429368067088035,29.554019918667905,29.692219532816637,29.844676701118317,30.012087201391864,30.195121105535236,30.394433516421202,30.610718689091584,30.844808877830417
730,28.778482289000635,28.78264768690599,28.795175720785778,28.816162001766827,28.845766167858017,28.88421225044948,28.931789038735133,28.9888502434016,29.055814145187924,29.133162278108614,29.22143656618556,29.321234247685993,29.4331999357492,29.558014337158227,29.69637955667895,29.84900178056307,30.01657426549184,30.19976847786836,30.39924861412061,30.61572624128769,30.850051021927243
731,28.781296320371553,28.785468886987758,28.79801844534535,28.819040658519782,28.848695239538245,28.88720629629273,28.934862658043073,28.99201797921495,29.059090302181232,29.136560629438975,29.224969932200793,29.324913947471657,29.437035141440163,29.562011403743384,29.700541483096913,29.85332818349832,30.021062749267116,30.204418733316913,30.404069573783374,30.62074280227057,30.855303141570914
732,28.78411519401095,28.788294933461202,28.800866028039763,28.821924190644665,28.85162920500005,28.890205247958818,28.937941176980416,28.99519057323971,29.06237121866468,29.139963558507134,29.228507585092927,29.328597513108946,29.440873653752135,29.56601109963549,29.704705332005744,29.85765602106062,30.025552892435314,30.209072149422184,30.40889645036367,30.625768022630496,30.860564695817914
733,28.786938912693017,28.791125828958684,28.803718471025945,28.82481259934832,28.854568063816032,28.89320910247193,28.9410245889336,28.99836801411425,29.065656877664424,29.14337104246607,29.232049496888067,29.332284913751778,29.44471544400602,29.57001341066865,29.708871133287687,29.86198541392133,30.030044920813623,30.213728954955286,30.413729262288314,30.6308015899844,30.86583522024563
734,28.789767479092347,28.79396157600246,28.806575776319676,28.827705885649664,28.85751181531873,28.89621785657357,28.944112886991718,29.00155029021647,29.068947262051722,29.146783058499864,29.23559563993018,29.33597611940968,29.44856048580249,29.574018328347393,29.71303892570785,29.866316484010326,30.034539039758386,30.218389346376114,30.4185680166957,30.635843215752857,30.87111429591073
735,28.792600895780595,28.796802176999904,28.809437945791387,28.830604050376905,28.86046045859831,28.899231506720866,28.947206063948045,29.004737389666502,29.072242354549303,29.15019958383664,29.2391459869271,29.339671101107626,29.452408755313,29.578025849513438,29.717208754615342,29.87064935408449,30.039035441049464,30.223053489237486,30.423412696708567,30.640892636504702,30.876401562727892
736,28.79543916520481,28.799647634225153,28.812304981149566,28.833507094155834,28.863413992500625,28.902250049096438,28.95030411232119,29.007929300362093,29.075542137777518,29.153620595825032,29.2427005111345,29.3433698313367,29.45626023187299,29.582035975708322,29.721380668566496,29.874984143770178,30.043534302387798,30.22772152826832,30.428263277375663,30.64594960937717,30.88169668910649
737,28.79828228972366,28.80249794985167,28.815176883970025,28.836415017429886,28.86637241563176,28.90527347959363,28.95340702431946,29.01112600991985,29.07884659417641,29.157046071807997,29.246259186048405,29.347072283253226,29.46011489677943,29.58604871410415,29.725554726216842,29.87932097737746,30.04803578396377,30.232393568323914,30.43311970777529,30.651013920281514,30.88699941110616
738,28.801130271539648,28.805353125888928,28.818053655641563,28.83932782042524,28.869335726352574,28.908301793849716,28.956514791917414,29.014327505795336,29.082155706170624,29.16047598939548,29.24982198604306,29.35077843217232,29.46397273520097,29.59006407535611,29.729730984059984,29.883659969297582,30.05254003343424,30.237069711616755,30.437981948661104,30.656085364623664,30.892309458451678
739,28.803983112751666,28.80821316423186,28.820935297407743,28.842245503176855,28.872303922781953,28.911334987218595,28.95962740679431,29.01753377518793,29.085469456037117,29.16391032624381,29.25338888586009,29.35448825441557,29.46783373481253,29.594082075417305,29.733909505655504,29.888001235023467,30.057047182677195,30.241750028996307,30.44284994188871,30.661163762891647,30.897626612670365
740,28.806840815303985,28.811078066612936,28.8238218103279,28.84516806550613,28.875277002798384,28.91437305480366,28.962744860401756,29.020744805144545,29.08878782605933,29.167349060330764,29.25695986119183,29.35820172834201,29.47169788645425,29.598102732988707,29.738090353539064,29.8923448823939,30.06155735214969,30.24643458627304,30.447723635665966,30.666248943729272,30.902950661134582
741,28.809703380997632,28.813947834612748,28.826713195285322,28.848095507025107,28.878254964038376,28.91741599144882,28.96586714394664,29.023960582533846,29.092110798485976,29.170792169878155,29.26053488852898,29.361918834142614,29.475565184158143,29.60212607028808,29.74227359080976,29.896691013055033,30.066070649531355,30.25112343873127,30.452602980261133,30.671340748183695,30.908281404322963
742,28.81257081149539,28.816822469665,28.82960945299277,28.85102782714148,28.881237803900433,28.920463791740644,28.96899424839205,29.02718109404924,29.09543835554763,29.174239633389107,29.264113945159124,29.36563955357059,29.4794356244322,29.606152112667303,29.746459282637545,29.901039725694545,30.070587171453212,30.255816625580962,30.457487918133438,30.67643903229714,30.913618671406937
743,28.81544310828116,28.819701973018425,28.832510583961437,28.853965025041305,28.884225519548238,28.923516450037084,28.972126164514066,29.030406326297225,29.098770479591224,29.177691429892263,29.26769700965741,29.369363870708867,29.483309206541435,29.610180886325963,29.750647490070094,29.905391109885954,30.075107007742872,30.260514190024878,30.462378401517242,30.68154365368855,30.918962287722536
744,28.818320272708775,28.822586345782327,28.8354165885375,28.85690709970902,28.887218107905653,28.926573960432165,28.97526288283325,29.033636265691882,29.102107152915835,29.181147538627954,29.271284061247286,29.373091771047257,29.487185932409943,29.614212421391528,29.754838277306987,29.909745252725372,30.079630235092395,30.26521615577599,30.467274375080933,30.686654488035515,30.924312107509138
745,28.82120230593324,28.82547558886307,28.83832746685391,28.859854049905834,28.890215565673486,28.92963631682005,28.97840439373374,29.03687089864775,29.105448358097135,29.18460793963135,29.274875080716583,29.376823242213675,29.491065805400865,29.618246746623413,29.75903170326768,29.91410223497371,30.08415692928469,30.269922551955176,30.472175787378717,30.691771410763863,30.9296679843236
746,28.824089208970463,28.828369703019405,28.84124321887191,28.862805874187302,28.893217889313462,28.932703512837293,28.98155068735815,29.04011021140775,29.108794077686525,29.18807261317278,29.27847004955794,29.38055827342555,29.49494883178795,29.622283894488703,29.76322782867743,29.918462132682464,30.088687152826594,30.274633393734007,30.477082586043537,30.696894311448204,30.935029790676026
747,28.82698098261602,28.831268688788498,28.844163844329103,28.86576257088882,28.89622507508591,28.935775541966507,28.98470175379657,29.04335419036437,29.112144294756604,29.19154154060783,29.282068950869416,29.38429685530332,29.498835017581996,29.62632389430604,29.767426709314407,29.92282501952161,30.093220970985158,30.279348700451976,30.481994720038188,30.702023079164064,30.94039739722001
748,28.829877627559767,28.834172546588945,28.847089342809227,28.8687241381395,28.89923711898541,28.938852397372614,28.98785758278632,29.046602821543956,29.115498992038113,29.195014703134916,29.285671768314785,29.388038980802435,29.502724373719502,29.630366781671114,29.77162840342936,29.927190960754956,30.097758430496413,30.28406847542942,30.486912137713944,30.70715761996189,30.94577069995387
749,28.832779144283563,28.83708127662959,28.850019713681547,28.87169057385313,28.90225401680408,28.941934072059155,28.991018163998717,29.04985609109667,29.118858152720236,29.198492082886617,29.289278486914213,29.391784644137942,29.506616911298067,29.634412590337092,29.775832965873576,29.93156001896284,30.102299577621977,30.28879272302862,30.491834789247832,30.71229784169475,30.95114959562784
750,28.835685533023536,28.83999487887553,28.85295495608034,28.874661875728975,28.905275764162866,28.945020558942076,28.994183487172506,29.05311398551879,29.122221760780008,29.20197366329495,29.29288909315386,29.395533840126177,29.510512639747617,29.638461349626482,29.780040446633564,29.935932255971807,30.10684446359221,30.293521455042082,30.496762629344516,30.717443648034987,30.956533971099645
751,28.83859679393271,28.84291335319324,28.85589506899629,28.877638041255523,28.908302356390607,28.948111850560906,28.997353541587984,29.056376490769196,29.125589799625857,29.205459427458834,29.29650357420269,29.399286566562864,29.51441157456145,29.642513096244784,29.784250898327286,29.940307724256,30.111393119140303,30.298254663422938,30.50169560872979,30.722594963504434,30.961923746344155
752,28.841512926930477,28.845836699216818,28.858840051194193,28.880619067711848,28.911333788645436,28.95120793936269,29.000528316580755,29.059643593120427,29.128962253370673,29.20894935961047,29.300121918497837,29.4030428218378,29.51831373007076,29.646567863579776,29.788464369677854,29.944686474941705,30.115945577830246,30.30299234548238,30.506633681811593,30.727751710184748,30.967318835176343
753,28.844433931680555,28.84876491632957,28.861789901203792,28.88360495217637,28.914370055948723,28.954308817772358,29.003707801662642,29.06291527934104,29.13233910705037,29.212443445258543,29.303744115598874,29.40680260427297,29.52221911825376,29.650625680500355,29.792680905231464,29.949068559074362,30.12050187912132,30.30773450756692,30.51157680746462,30.732913804048735,30.972719140298068
754,28.84735980775423,28.85169800380612,28.86474461740039,28.88659569150218,28.917411153009198,28.957414477806083,29.006891985839047,29.066191535614962,29.135720345156415,29.215941669795882,29.30737015618996,29.410565915566508,29.526127756929498,29.65468658194436,29.796900550576765,29.953454018685363,30.1250620440602,30.312481137793156,30.51652494165694,30.73808118090318,30.978124593658663
755,28.85029055448274,28.85463596068496,28.867704197936575,28.88959128234967,28.920457074401668,28.960524911454115,29.010080858274875,29.06947234857296,29.139105952985574,29.219444019688183,29.31100003186947,29.41433275738342,29.530039662173124,29.658750599549535,29.80112334817221,29.957842895373687,30.129626097372068,30.317232230176387,30.52147804323954,30.743253773066613,30.983535120915974
756,28.853226170955622,28.857578785768737,28.87066864074791,28.892591721201143,28.92350781459595,28.9636401107295,29.013274408367863,29.072757705376716,29.142495916684595,29.22295048238726,29.314633734858262,29.418103130915313,29.53395484800427,29.662817761853375,29.80534933806831,29.962235231082502,30.134194067813212,30.321987784117084,30.526436072779404,30.7484315093497,30.98895064244732
757,28.85616665613503,28.860526477717997,28.873637943586687,28.89559700429305,28.926563367738083,28.966760067238056,29.016472625035817,29.07604759270214,29.14589022211578,29.226461045706117,29.31827125902265,29.421877040721427,29.537873332947015,29.666888100657445,29.809578558860323,29.966631059416557,30.138765970714644,30.326747788005378,30.531398991727997,30.75361433243677,30.99437109674261
758,28.859112008753016,28.863479034968748,28.87661210399949,28.898607127695016,28.929623727880198,28.96988477261857,29.019675497429375,29.07934199772427,29.149288855897453,29.229975698281862,29.321912598690176,29.425654490903582,29.54179513387112,29.670961645414764,29.813811047389663,29.971030414239863,30.143341824085553,30.331512233502337,30.536366762469527,30.758802183184002,30.999796419593963
759,28.862062227320166,28.86643645574145,28.87959111933725,28.90162208732346,28.932688888999564,28.973014218567357,29.02288301495571,29.082640908118435,29.15269180534574,29.233494429428845,29.32555774844775,29.429435484993746,29.545720266186663,29.67503842379398,29.818046839389865,29.97543332988039,30.147921647798853,30.33628111390061,30.541339347537303,30.763995001775072,31.005226545984556
760,28.865017310182793,28.869398738080235,28.882574986740053,28.90464187883117,28.935758844746545,28.97614839639334,29.0260951666113,29.085944311242088,29.15609905780616,29.237017229237267,29.329206704782166,29.433220029485426,29.549648748297386,29.67911846446981,29.822285967616097,29.979839833351377,30.15250545294714,30.341054417690657,30.546316712142584,30.76919273691459,31.01066142110193
761,28.867977255472624,28.872365879824827,28.885563703177354,28.907666497765433,28.93883358877565,28.979287297576207,29.029311941778758,29.089252195049653,29.15951060130044,29.240544088246907,29.332859463983823,29.43700812974862,29.553580596777522,29.683201794439015,29.826528464462456,29.984249953264282,30.157093253267874,30.34583213507068,30.551298821361797,30.77439533582367,31.016100988176504
762,28.87094206111766,28.875337878618836,28.888557265446707,28.910695939550976,28.94191311470496,28.9824309136917,29.032533330112415,29.092564547946722,29.16292642439987,29.244074997447797,29.336516022418493,29.440799790648214,29.557515827176246,29.687288439551196,29.83077436166957,29.988663718460657,30.161685063212303,30.350614256748827,30.55628564058759,30.77960274589742,31.021545190454162
763,28.87391172485826,28.878314731899195,28.891555670084358,28.913730199264194,28.944997415694786,28.985579235755438,29.03575932068196,29.09588135794229,29.16634651585582,29.24760994907888,29.340176379072147,29.44459502064376,29.56145445813189,29.69137842599571,29.83502368669116,29.993081149254294,30.16628088844459,30.35540076947649,30.561277138103378,30.784814923349984,31.026993982120132
764,28.8768862442314,28.881296436906553,28.894558913453523,28.91676927185597,28.94808648486344,28.98873225487074,29.03898990281766,29.09920261348543,29.16977086496445,29.251148935840035,29.34384053303927,29.44839382774296,29.565396507311448,29.69547177883402,29.839276466280467,29.997502266075173,30.170880735219043,30.360191660456735,30.566273282542454,30.790031824681932,31.032447317517153
765,28.87986561658363,28.88428299070182,28.897566991772294,28.91981315219732,28.951180315353895,28.99188996231129,29.04222506618845,29.102528303502083,29.173199461515026,29.254691950720428,29.34750848324734,29.452196219198413,29.56934199119479,29.69956852200812,29.843532726810395,30.001927090028687,30.175484611096238,30.364986918071054,30.5712740429625,30.795253405678693,31.037905149740084
766,28.8828498390792,28.887274390185894,28.900579901167703,28.92286183519161,28.954278900524002,28.9950523497958,29.04546480113055,29.105858417678064,29.17663229584423,29.258238986592403,29.351180227437453,29.456002200008925,29.57329092366183,29.7036686779187,29.847792495654858,30.006355646006227,30.180092528429554,30.369786533916454,30.57627938817552,30.800479617880683,31.043367426033058
767,28.885838908656922,28.89027063199751,28.903597637396786,28.925915315197756,28.957382232967802,28.998219408074476,29.04870909695819,29.10919294500235,29.180069358556523,29.261790038302195,29.354855767408026,29.459811780628684,29.577243323261712,29.70777226959717,29.85205579408438,30.010787946683365,30.18470448642978,30.374590492325297,30.581289290195684,30.805710426741655,31.048834111467897
768,28.888832822068764,28.893271712604474,28.906620196095332,28.92897358654477,28.960490305388646,29.00139112819039,29.051957943470654,29.11253187506668,29.18351064077359,29.265345100804666,29.358535104336795,29.463624970089768,29.58119920672783,29.711879318767842,29.856322643604074,30.015224006795222,30.18932048716573,30.379398779714904,30.586303721163347,30.81094579542946,31.05430516782019
769,28.89183157589497,28.896277628313953,28.90964757277402,28.93203664350102,28.963603110527572,29.004567501352938,29.055211330772067,29.115875197869457,29.186956134019283,29.268904169280404,29.362218239267577,29.4674417768411,29.58515858987704,29.715989846262687,29.860593065298644,30.01966384137188,30.193940533582236,30.384211383470074,30.59132265362905,30.816185686727124,31.059780556155886
770,28.89483516661113,28.899288375365188,28.91267976298718,28.935104480565656,28.9667206416068,29.007748519519396,29.058469249889924,29.119222904241894,29.19040583009945,29.272467238095828,29.365905171004897,29.471262205973403,29.58912148527446,29.72010387170417,29.864867082698254,30.024107471436935,30.198564635878654,30.38902829577472,30.596346059075017,30.821430056302518,31.065260228334182
771,28.897843590365085,28.902303949621455,28.91571676177142,28.938177091500336,28.969842890856,29.010934173462886,29.061731690720023,29.122574984430912,29.1938597215011,29.276034304260293,29.36959590311318,29.47508626844393,29.593087909995745,29.72422141455985,29.869144712252762,30.028554905063856,30.20319279030673,30.39384950087424,30.601373912830127,30.826678875081825,31.070744155253635
772,28.900856843162728,28.905324346826433,28.918758564113148,28.94125447013539,28.972969850739275,29.014124454380976,29.06499864373751,29.12593142927932,29.197317801059796,29.27960536454725,29.37329043808859,29.47891397339498,29.59705787916357,29.728342493264222,29.87342597126377,30.03300615315021,30.20782499682514,30.39867498568185,30.606406189977292,30.831932110619505,31.076232303332347
773,28.90387492085165,28.908349562574983,28.92180516487946,28.944336610235098,28.976101513734136,29.017319353586913,29.068270099643712,29.129292229944667,29.200780061949956,29.28318041598652,29.376988778479586,29.48274532973096,29.60103140737948,29.732467125573976,29.877710876400897,30.0374612262151,30.212461255393976,30.403504737436663,30.61144286606759,30.837189730970067,31.081724639475
774,28.90689781931775,28.911379592543938,28.92485655914777,28.947423505974257,28.979237872963154,29.02051886322863,29.071546049988058,29.13265737811105,29.204246497106,29.286759454223784,29.380690924289127,29.486580343274397,29.60500850694183,29.736595329260183,29.881999447479245,30.041920140444176,30.21710157203694,30.408338746671973,30.61648391487506,30.842451698069624,31.087221123177187
775,28.909925533959893,28.91441443187489,28.927912741324405,28.950515150663477,28.98237892050389,29.023722974365285,29.074826485504786,29.13602686542282,29.207717100769685,29.2903424779077,29.384396879922576,29.49041902437159,29.60898919261217,29.740727120257247,29.886291697356853,30.046382901521667,30.221745942628104,30.41317699927646,30.621529314402324,30.847717985437782,31.092721727643493
776,28.912958060105893,28.917454075663045,28.930973705842348,28.953611537758206,28.985524648727107,29.026931678490314,29.078111397429666,29.13940068393299,29.211191867265143,29.29392948521655,29.388106648686858,29.494261381871183,29.61297347784148,29.74486251412833,29.89058763993296,30.05084951743106,30.22639436572814,30.418019482779414,30.626579042125854,30.8529885641629,31.098226423067672
777,28.91599539290877,28.920498518834847,28.934039446986105,28.95671266060458,28.98867504995792,29.030144967144167,29.081400777163083,29.14277882598401,29.214670791303433,29.297520474735677,29.39182023418863,29.498107424663317,29.61696137574529,29.749001525708422,29.894887288120344,30.055319995190303,30.23104683929523,30.422866184725137,30.631633076199762,30.858263406487993,31.103735180916715
778,28.91903752751989,28.92354775634135,28.93710995914057,28.95981851276406,28.991830116865913,29.03336283230658,29.084694616537092,29.1461612841681,29.218153867458852,29.301115444389154,29.395537638903704,29.50195716037433,29.620952898608152,29.753144169955476,29.899190656074097,30.059794343836018,30.235703363208188,30.42771709345203,30.63669139408489,30.863542482904904,31.109247970623585
779,28.922084458905204,28.92660178295148,28.940185236520392,28.96292908765446,28.994989842026598,29.0365852659462,29.08799290749431,29.14954805134323,29.221641090731907,29.304714392634935,29.39925886581591,29.505810596903757,29.624948058523955,29.757290461044363,29.90349775666556,30.064272570962885,30.240363936266704,30.432572197097386,30.641753974110316,30.868825765563543,31.11476476348264
780,28.925136181895425,28.92966059330297,28.943265273223517,28.966044378601566,28.99815421796194,29.039812260033273,29.09129564205506,29.152939120545568,29.225132456420226,29.30831731833797,29.40298391835796,29.50966774249008,29.628946867585114,29.761440412600734,29.90780860165472,30.068754682729093,30.245028555984675,30.43743148333857,30.64682079539125,30.87411322832577,31.120285411734756
781,28.92819269114824,28.932724181864955,28.946350063190664,28.96916437880037,29.001323237110114,29.04304380653349,29.094602812353173,29.156334485074808,29.22862796023935,29.311924220878325,29.406712800435685,29.513528605588476,29.632949337628133,29.765594037437552,29.91212320157166,30.073240683986512,30.249697219000154,30.44229493984153,30.651891834662536,30.87940368494162,31.125738936586117
782,28.93125398120094,28.93579254299641,28.949439600287008,28.972289081426254,29.004496891969097,29.046279897563522,29.097914410758108,29.159734138514295,29.232127598160503,29.315535099764418,29.410445515862307,29.517393194305953,29.636955479955418,29.769751347818385,29.91644156656139,30.07773057950635,30.254369922176863,30.44716255117993,30.656966740073074,30.884686988124997,31.131137989551746
783,28.934320046478888,28.9388656709545,28.952533878304735,28.975418479632253,29.00767517508052,29.049520525360208,29.101230429830935,29.163138074683275,29.235631366386087,29.31914995466252,29.414182068468108,29.521261516580296,29.640965305518307,29.773912355524942,29.920763706259947,30.082224373634347,30.259046660550155,30.452034226597164,30.66204374022692,30.88995642707033,31.136503657121864
784,28.937390881295983,28.941943559893843,28.95563289096077,28.978552566540372,29.010858079017453,29.052765682265147,29.104550862310134,29.166546287632116,29.23913926135998,29.32276878542757,29.417922462144418,29.525133580222814,29.644978824930945,29.77807707183274,29.92508962972289,30.086722069698624,30.263727412845242,30.456909620750196,30.66712046875199,30.895210960912777,31.141843419452016
785,28.940466479856184,28.94502620386845,28.95873663189957,28.981691335247717,29.0140455963907,29.05601536073152,29.107875701117166,29.169958771644133,29.242651279765198,29.3263915920939,29.421666700830485,29.529009392902765,29.648996048460617,29.78224550750474,29.929419345282724,30.091223666872736,30.268412104761012,30.46178809963942,30.67219504685869,30.900451067027916,31.14716145961006
786,28.943546836271082,28.948113596848316,28.961845094706803,28.984834778833147,29.017237719849675,29.059269553314323,29.111204939336062,29.173375521206026,29.246167418488767,29.33001837484528,29.42541478849853,29.532888962158893,29.6530169860676,29.786417672825735,29.933752860051527,30.095729153727234,30.27310058636772,30.466668907740768,30.677266163112336,30.905677465408758,31.15246074551709
787,28.94663194455012,28.951205732710662,28.964958272904482,28.98798289036108,29.020434442091812,29.06252825268939,29.114538570238608,29.176796531034995,29.249687674645088,29.33364913402636,29.429166729147198,29.536772295371406,29.657041647348308,29.790593577390723,29.938090178096843,30.10023849698274,30.277792620879666,30.471551279468258,30.682332994556702,30.91089096624131,31.15774334107806
788,28.949721798618214,28.95430260525785,28.968076159965733,28.99113566288821,29.0236357558623,29.06579145164045,29.1178765872599,29.18022179604452,29.253212045538987,29.337283870111207,29.432922526788445,29.540659399773688,29.66107004155043,29.79477322983172,29.942431298126962,30.104751636063554,30.28248791495463,30.476434520738792,30.687394996620185,30.91609233283424,31.16301087046105
789,28.9528163923149,28.95740420821528,28.97119874931434,28.994293089466908,29.026841653960787,29.069059143070092,29.121218984010852,29.183651311357266,29.25674052867322,29.34092258370498,29.436682185438258,29.544550282428702,29.665102177467702,29.7989566371175,29.946776210218275,30.109268478882882,30.287186138413688,30.48131803064814,30.692451846944323,30.92128226068826,31.16826461318783
790,28.955915719403436,28.96051053524127,28.974326034333785,28.99745516315221,29.030052129243302,29.07233131999726,29.12456575426944,29.18708507228905,29.260273121729938,29.344565275525838,29.44044570910569,29.548444950211376,29.669138063283697,29.803143803563216,29.95112489291148,30.11378890468751,30.29188695295585,30.48620130467316,30.69750335013879,30.926461373827806,31.173505643226065
791,28.959019773577666,28.963621579933942,28.977458008373446,29.000621877006097,29.033267174626417,29.0756079755555,29.127916891975588,29.19052307434106,29.263809822560006,29.348211946392667,29.444213101778757,29.552343409763125,29.673177706285855,29.807334729608385,29.955477311511288,30.118312770647947,30.296590029020138,30.491083920642723,30.702549393725235,30.93163023859836,31.178734876974488
792,28.962128548468343,28.966737335836854,28.980594664753426,29.003793224101855,29.036486783088264,29.078889102994424,29.13127239122889,29.19396531319296,29.267350629172768,29.35186259721462,29.447984367405923,29.556245667407723,29.677221112449217,29.811529410654373,29.95983341806732,30.12283991925858,30.301295052756018,30.495965523809502,30.70758992911317,30.936789373029626,31.183953097117353
793,28.965242037651763,28.969857796447513,28.98373599677342,29.006969197531646,29.039710947674337,29.08217469568001,29.134632246284184,29.197411784693998,29.27089553972303,29.355517228969973,29.45175950983935,29.560151728909034,29.681268285617136,29.815727835851703,29.964193153537167,30.127370187242093,30.306001729665866,30.500845811871784,30.712624949580345,30.941939252177804,31.189160991990377
794,28.968360234643455,28.972982955211307,28.98688199770595,29.01014979040076,29.042939661493335,29.085464747094193,29.137996451554557,29.200862484869447,29.274444552520492,29.359175842720617,29.455538532872538,29.56406159963973,29.685319228118942,29.819929989123636,29.96855644627192,30.13190339844101,30.310709781800767,30.505724546861643,30.717654506284873,30.94708030415626,31.19435912631019
795,28.971483132922685,28.97611280554588,28.990032660819566,29.013334995846208,29.04617291772911,29.088759250834983,29.141365001597876,29.204317409893576,29.27799766598912,29.362838439542656,29.45932144003666,29.56797528381827,29.689373938655706,29.824135847005323,29.972923218526546,30.13643938381614,30.315418956964095,30.51060152048052,30.72267864615327,30.95221292465169,31.199548046967266
796,28.974610725912726,28.979247340821132,28.993187979360016,29.016524807021483,29.049410709630592,29.09205820061584,29.144737891127534,29.207776556110844,29.281554878698387,29.366505020575687,29.463108234744652,29.57189278510367,29.693432414111726,29.82834538074792,29.977293381209847,30.140977964468902,30.320129020202103,30.515476581823464,30.727697466764653,30.957337466911042,31.204728187998285
797,28.977743007016898,28.982386554394907,28.996347946582716,29.019719217122542,29.052653030526812,29.09536159026453,29.14811511499164,29.211239919994682,29.285116189298435,29.370175586898824,29.46689891991889,29.575814105383188,29.69749464682684,29.832558554715206,29.9816668436643,30.145518976168148,30.324839763892385,30.520349589882414,30.73271103762505,30.962454267068154,31.209899998128094
798,28.980879969596515,28.98553043959089,28.999512555732792,29.022918219371604,29.055899873817225,29.09866941372303,29.15149666818445,29.214707498171094,29.288681596552237,29.373850139579076,29.470693498154333,29.579739245479345,29.701560626569744,29.836775328165743,29.986043507865986,30.150062252316218,30.32955099781566,30.525220444478748,30.737719459303662,30.96756362759902,31.215063848398188
799,28.984021606996123,28.988678989723326,29.002681800067194,29.026121807033917,29.059151232980696,29.101981665045912,29.154882545831185,29.218179287388352,29.292251099285863,29.377528679566012,29.474491971405314,29.583668204259027,29.705630338930803,29.840995655112636,29.990423275315777,30.154607638227617,30.33426255322803,30.530089054936752,30.74272281923055,30.97266583682017,31.220220101241125
800,28.987167912540144,28.99183219809413,29.00585567285094,29.02932997341503,29.06240710157323,29.105298338398143,29.15827274318707,29.22165528451285,29.295824696366594,29.381211207621334,29.478294340879586,29.58760097878786,29.709703766410257,29.845219485985638,29.99480604601797,30.159154984157112,30.338974275422515,30.534955351143424,30.747721216348225,30.97776116151573,31.225369078929475
801,28.99031887953288,28.994990057992197,29.009034167357754,29.0325427118608,29.065667473228302,29.10861942805633,29.161667255638804,29.225135486532793,29.29940238671685,29.38489772436526,29.482100607132054,29.59153756434864,29.713780887967005,29.849446766651965,29.99919171832704,30.163704147953467,30.343686027960246,30.53981928023967,30.752714750218047,30.982849849365778,31.230511076237406
802,28.993474501290905,28.9981525627245,29.012217276896024,29.035760015775566,29.06893234166239,29.11194492839718,29.165066078669383,29.22861989047948,29.302984169125693,29.38858822983741,29.485910769276984,29.595477953791544,29.717861680187184,29.853677443154766,30.00358019556711,30.168254995248844,30.34839767962336,30.544680792315773,30.757703519769336,30.987932138901442,31.235646377323917
803,28.996634771085382,29.0013197055614,29.015404994762036,29.038981878589823,29.072201700665005,29.115274833917454,29.168469207919372,29.232108493564454,29.306570042574492,29.392282724250776,29.48972482634474,29.59942213870164,29.721946115453022,29.857911453741565,30.00797137425741,30.172807397794315,30.353109125793537,30.549539867619274,30.76268763014201,30.9930082405387,31.240775220471846
804,28.999799682217485,29.004491479808053,29.018597314300848,29.042208293801366,29.075475544110247,29.118609139205034,29.17187663909948,29.235601292980448,29.310160005776197,29.39598120699077,29.49354277562975,29.603370108214676,29.726034164574003,29.862148738744054,30.012365158045952,30.177361235256228,30.357820263648875,30.554396482202662,30.767667179838952,30.9980783615199,31.24589784648191
805,29.002969227985602,29.007667878773532,29.021794228879855,29.045439254957557,29.078753865952137,29.121947838952337,29.175288368030124,29.23909828599153,29.313754057382198,29.39968367705194,29.497364613381194,29.607321849458856,29.730125795594006,29.86638923640737,30.016761451985417,30.181916394552616,30.362531002279695,30.559250622462798,30.772642267008337,31.003142695150018,31.251014477335616
806,29.006143401669192,29.010848895755203,29.024995731875663,29.048674755646687,29.082036660221547,29.125290927960805,29.17870439065706,29.242599469970457,29.317352196075376,29.40339013325871,29.50119033519121,29.611277347860778,29.734220973251922,29.87063288070584,30.021160159360534,30.1864727693565,30.367241267955137,30.564102292690848,30.777612993318883,31.008201415328642,31.256125304060447
807,29.00932219661763,29.014034524122906,29.028201816744,29.051914789542366,29.08532392103365,29.128638401094065,29.182124702915075,29.246104842087732,29.32095441990424,29.4071005730392,29.505019934434586,29.61523658681574,29.73831966300969,29.874879611837628,30.02556119392233,30.191030259841398,30.371950980744202,30.568951479453347,30.78257944657571,31.01325470485665,31.261230540137205
808,29.01250560612823,29.01722475720385,29.03141247692463,29.05515935034373,29.088615642580464,29.13199025334859,29.18554930093012,29.24961439977045,29.324560727243977,29.410814994114844,29.508853404243382,29.619199547738333,29.74242182519771,29.879129362245294,30.02996446461674,30.19558877391944,30.376660085001333,30.573798198814018,30.787541723455945,31.01830271703858,31.266330352027296
809,29.0156936235706,29.02041958839942,29.034627705936316,29.058408431831992,29.091911819129223,29.135346479760813,29.188978180768117,29.25312814015041,29.328171115719442,29.414533392810654,29.51269073591635,29.62316621088638,29.74652742167001,29.88338206999066,30.034369888134506,30.20014822357149,30.38136851981534,30.578642453429325,30.79249991213004,31.023345611882178,31.271424919660262
810,29.018886242314636,29.023619011117887,29.037847497322957,29.061662027839986,29.095212445027528,29.138707075470677,29.19241133860112,29.256646060421815,29.331785582871305,29.4182557650156,29.516531919648003,29.627136554494598,29.75063641164911,29.887637671402274,30.038777382974445,30.20470852807091,30.38607623554867,30.5834842549487,30.797454099535344,31.028383536579554,31.276514406151875
811,29.022083455747122,29.0268230187894,29.0410718446646,29.06492013225659,29.098517514697335,29.14207203569623,29.195848770648297,29.260168157727662,29.335404125980403,29.421982106002986,29.520376944532018,29.6311105552532,29.754748752836974,29.891896102412204,30.043186869908823,30.209269612468972,30.390783190389982,30.588323620886968,30.802404371445846,31.03341662871361,31.281598961959276
812,29.025285257319354,29.030031604910562,29.04430074161189,29.068182739042754,29.10182702262034,29.145441355668595,29.199290473021108,29.263694428854706,29.33902674157588,29.425712409880532,29.524225798449834,29.635088189494752,29.7588644045166,29.896157302655354,30.047598273923995,30.213831403762015,30.395489340204676,30.5931605642038,30.80735081153523,31.03844502639697,31.28667873863867
813,29.02849164046779,29.03324476297098,29.0475341818306,29.07144984220872,29.105140963369877,29.14881503075668,29.202736442012508,29.26722487078672,29.342653426282595,29.429446670438097,29.528078468004537,29.639069430827362,29.762983322192667,29.900421209165927,30.052011522228383,30.218393838349073,30.400194654954873,30.597995107723534,30.812293500593285,31.043468853275158,31.291753869652496
814,29.03170259873076,29.03646248655957,29.050772159076416,29.07472143582868,29.10845933152376,29.15219305620576,29.206186673550178,29.270759479771357,29.346284175601568,29.433184880285808,29.531934939425696,29.64305425444985,29.767105465399595,29.90468776399075,30.056426544662656,30.222956849539514,30.404899096709414,30.602827268125793,30.81723251902997,31.048488237576805,31.29682449523051
815,29.034918125616684,29.039684769245298,29.05401466711453,29.07799751403587,29.11178212178794,29.155575427481494,29.20964116388825,29.274298252443543,29.34991898526289,29.436927031585697,29.535795197067046,29.64704263181386,29.771230788978414,29.9089569065668,30.06084327461093,30.227520382417822,30.40960264316527,30.60765707130446,30.822167943756142,31.05350329211285,31.301890735555958
816,29.038138214672358,29.04291160463913,29.057261699760943,29.08127807102352,29.11510932892884,29.15896214008427,29.213099909237826,29.277841185232205,29.353557850525533,29.440673115704385,29.53965922425266,29.65103453346137,29.77535924759792,29.91322857755057,30.065261648340368,30.232084386014265,30.414305275600157,30.612484544754466,30.827099849844842,31.058514124466626,31.306952704530772
817,29.041362859530864,29.04614298643571,29.060513250905842,29.084563101033268,29.118440947701345,29.162353189381292,29.21656290546605,29.281388273934056,29.357200765761945,29.44442312315465,29.543527004094756,29.655029931083845,29.779490798671645,29.917502721053552,30.06968160424674,30.236648808137375,30.41900697115102,30.617309711810947,30.832028310703095,31.063520844563584,31.312010520460433
818,29.044592053873146,29.049378908379992,29.06376931449421,29.087852598362474,29.121776972902182,29.16574857073448,29.220030148329272,29.284939514051757,29.36084772480126,29.44817704367216,29.547398518878026,29.65902879589214,29.78362539999131,29.9217792827871,30.07410308340883,30.24121359954603,30.423707709087296,30.622132596173913,30.836953397774835,31.068523558704726,31.317064297701734
819,29.047825791357525,29.052619364204418,29.0670298844895,29.091146557379318,29.12511739947331,29.16914827974466,29.223501633914566,29.288494901427782,29.36449872156254,29.451934866333204,29.551273748877975,29.663031095556676,29.787763005333545,29.926058206652556,30.078526030664023,30.24577872171119,30.428407482450382,30.626953230428626,30.84187518011521,31.07352235834884,31.322114130903117
820,29.051064065719117,29.055864347716295,29.070294954921508,29.094444972493818,29.12846222234208,29.172552311886534,29.22697735799568,29.292054431343104,29.368153749190355,29.45569657946561,29.55515267413591,29.667036798602965,29.79190357063709,29.930339439405202,30.082950392888506,30.25034413579175,30.433106281664664,30.631771643976947,30.846793725075827,31.078517336079074,31.327160117270466
821,29.054306870818664,29.059113852837356,29.07356451989608,29.09774783811281,29.131811436286625,29.175960662246666,29.230457315631043,29.295618098046134,29.371812799744646,29.45946217091665,29.559035275771066,29.671045876893686,29.796047056957548,29.93462293235507,30.087376117331814,30.254909796913296,30.43780408660234,30.636587856903986,30.851709098986646,31.08350859402651,31.33220236764913
822,29.05755420045574,29.06236787344767,29.076838573537657,29.101055148768182,29.13516503637146,29.17937332640878,29.23394150258156,29.299185896517827,29.375475865553824,29.46323162747433,29.562921531585403,29.675058296579664,29.800193419027266,29.93890863399855,30.091803156819253,30.25947567565754,30.44250089716445,30.64140190319182,30.85662136503953,31.088496212418136,31.33724096425476
823,29.06080604850888,29.06562640350262,29.080117110032575,29.10436689902076,29.13852301762057,29.182790299789758,29.237429914246775,29.30275782114734,29.379142938199777,29.467004935301645,29.566811419361102,29.679074024888507,29.804342613838287,29.943196495546545,30.09623146584886,30.26404174193999,30.447196710338005,30.64621381330369,30.86153058487605,31.093480273173157,31.342275992385055
824,29.064062408954896,29.068889437040582,29.083400123599233,29.10768308336293,29.141885374821243,29.186211577330937,29.24092254528665,29.306333865432975,29.382814008574314,29.470782080678305,29.570704918445358,29.683093032233444,29.80849460231542,29.947486470828323,30.10066099793795,30.26860796039574,30.451891515326565,30.651023611691585,30.866436820505953,31.098460865073093,31.347307546314596
825,29.067323275777937,29.07215696812119,29.086687608519412,29.111003696420937,29.145252102987797,29.189637154289983,29.244419390696805,29.309914023034253,29.386489067209595,29.47456304858349,29.574602005731094,29.68711528586124,29.812649342938982,29.95177851413905,30.105091711675698,30.2731743048094,30.456585311258323,30.655831328232978,30.87134013044738,31.10343806527993,31.352335706210965
826,29.07058864301024,29.075428990853197,29.089979559124515,29.114328732864408,29.148623197153825,29.193067025886535,29.247920445327622,29.313498287301684,29.390168104130453,29.478347823329557,29.578502657453782,29.69114075269215,29.816806794596005,29.956072581202193,30.109523568017153,30.277740751663828,30.461278099268895,30.660636993117635,30.876240571452513,31.108411947598825,31.35736054845512
827,29.07385850474043,29.078705499390935,29.09327596975703,29.117658187306745,29.151998652188126,29.196501187028957,29.2514257035686,29.317086651053728,29.39385110895722,29.48213638925256,29.582406850577854,29.69516940111214,29.820966917963688,29.960368629045718,30.11395652797006,30.282307276036192,30.46596987825643,30.665440634822914,30.88113820008425,31.113382586966907,31.362382150980125
828,29.07713285510681,29.081986487932454,29.0965768347815,29.120992054339126,29.155378462862075,29.199939632419444,29.254935159477782,29.320679106682576,29.397538070896474,29.485928730474313,29.58631456226243,29.69920120022647,29.825129674861955,29.964666615928593,30.118390553454844,30.286873853301813,30.470660646778583,30.670242281162984,30.886033072143334,31.118350057459224,31.367400590846103
829,29.080411688293054,29.085271950734466,29.099882148660697,29.124330328712233,29.158762624173164,29.203382357019166,29.258448807295622,29.324275646475655,29.401228978479082,29.489724829648935,29.59022576750783,29.703236116976996,29.82929502623324,29.968966501899274,30.12282561132224,30.29144046574976,30.475350409509417,30.675041961953184,30.890925239891942,31.12331442542751,31.372415936233097
830,29.083694998523526,29.088561882084377,29.103191905855567,29.127673005113536,29.162151130960865,29.206829355510536,29.261966640869787,29.327876262286964,29.404923819921976,29.49352466945868,29.594140441870195,29.707274119387137,29.833462934329873,29.97326824802417,30.127261668690267,30.296007095060702,30.480039170014038,30.679839706106463,30.895814755229594,31.128275757266294,31.37742825550839
831,29.086982779998777,29.091856276215765,29.106506100681656,29.13102007793475,29.165543977580967,29.21028062192886,29.26548865338077,29.331480945581745,29.408622583746308,29.497328233933104,29.59805856328154,29.711315178234997,29.837633363281384,29.977571815066426,30.131698689634845,30.30057371794362,30.484726927304052,30.684635540752083,30.90070167165743,31.133234123689704,31.382437622249483
832,29.09027502706482,29.095155127546263,29.109824727750777,29.134371542030976,29.16894115902147,29.213736150998898,29.269014838464045,29.335089687559275,29.412325256926238,29.50113550397475,29.601980105404834,29.715359260402693,29.841806276052182,29.981877167440643,30.13613664707401,30.305140322799332,30.48941368992496,30.689429495603008,30.90558603692881,31.138189583113046,31.387444095766284
833,29.093571734077216,29.098458430486232,29.113147781615908,29.13772739211049,29.17234267000555,29.21719593706041,29.27254518930806,29.338702479054007,29.416031826376866,29.50494646095558,29.605905042974882,29.719406334221844,29.84598163688679,29.98618427003447,30.140575513215992,30.309706896326986,30.49409946463294,30.694221599445655,30.91046789895637,31.14314219501017,31.392447736756196
834,29.096872895437116,29.1017661794898,29.11647525686601,29.141087622897544,29.17574850523073,29.220659974354874,29.276079698894875,29.342319310562345,29.419742278557408,29.508761085757442,29.609833350374174,29.723456368048005,29.850159410657966,29.990493089056088,30.14501526210654,30.31427342709594,30.498784259415004,30.699011881076103,30.915347304236775,31.148092016351143,31.397448603129533
835,29.100178505434258,29.105078368861143,29.119807147827316,29.14445222868102,29.17915865877069,29.22412825638429,29.279618359563187,29.345940172396297,29.423456600632846,29.51257936114274,29.613765004876313,29.72750933330184,29.85433956407246,29.994803589902858,30.149455863725336,30.31883989736815,30.50346807634628,30.70380036656161,30.920224301318854,31.153039110485963,31.4024467605916
836,29.10348855849901,29.108394993065133,29.123143449042402,29.14782120403862,29.182573125035162,29.227600776939767,29.283161163709394,29.349565054436425,29.427174778610038,29.51640126795138,29.617699981442115,29.731565199589795,29.858522063736245,29.999115740580976,30.153897293457476,30.323406296217968,30.50815092304913,30.7085870836342,30.925098935239248,31.157983532891876,31.407442265664542
837,29.10680304915161,29.111716046665038,29.126484155173557,29.15119454369028,29.18599189857605,29.231077529893696,29.286708103645765,29.35319394618182,29.430896797714638,29.52022678586917,29.62163825377047,29.73562393568983,29.86270687654519,30.003429511014872,30.15833953018074,30.327972616883187,30.512832810378995,30.713372060803124,30.92997124864644,31.16292533405158,31.412435169116293
838,29.11012197190786,29.11504152420622,29.129829260824124,29.154572242228596,29.1894149737293,29.234558508816406,29.29025917133913,29.35682683684223,29.434622643085504,29.52405589484539,29.625579796239094,29.739685511370453,29.866893970406636,30.007744871771877,30.162782552733688,30.332538851871732,30.517513748151316,30.71815532571668,30.934841283875357,31.16786456476831,31.417425522291467
839,29.1134453213038,29.11837142024706,29.133178760588237,29.157954294196827,29.192842344722237,29.238043707094448,29.293814358497684,29.360463715321373,29.438352299575854,29.527888574669475,29.629524583312104,29.743749896825534,29.871083314003215,30.012061794435112,30.16722634098329,30.33710499445482,30.522193746437893,30.722936905649647,30.93970908232393,31.172801274567917,31.422413375203462
840,29.116773091754226,29.121705729192342,29.136532648812192,29.161340693751413,29.196274005250928,29.241533117508197,29.2973736563265,29.364104570411087,29.442085752643095,29.531724806648924,29.63347259173736,29.74781706465228,29.875274877482013,30.01638025002842,30.171670871745732,30.34167103312302,30.526872810668408,30.72771682554861,30.94457468688097,31.177735518509962,31.42739900677293
841,29.12010527770343,29.125044445477556,29.139890919876905,29.164731435082558,29.199709949030876,29.24502673281495,29.300937055915483,29.367749390632923,29.445822987272436,29.53556457143975,29.637423797590714,29.751886987078137,29.879468631328734,30.020700210923167,30.176116124165333,30.346236959084138,30.53155094832391,30.73249511080479,30.94943814081489,31.18266762717343,31.432398026198143
842,29.123441873670288,29.12838756362339,29.1432535682751,29.16812651252718,29.203150169941637,29.24852454589376,29.304504548323905,29.371398164174423,29.449563987677436,29.539407848483904,29.64137817554183,29.755959635296733,29.88366454612577,30.025021651355587,30.18056208106958,30.35080276810544,30.536228170635866,30.73727178914652,30.954299558098512,31.18759988360972,31.437408279129045
843,29.126782874143316,29.13173507810484,29.146620588410258,29.171525920261672,29.20659466161686,29.252026549304446,29.308076124274407,29.375050878982222,29.453308738080125,29.543254617619766,29.645335701078977,29.760034981586386,29.887862593456475,30.02934454604673,30.18500872493746,30.3553684548595,30.54090448790845,30.742046903718517,30.95915936686299,31.192533997920407,31.44242462497118
844,29.130128273601827,29.135086983381143,29.149991974649026,29.174929652391484,29.21004341757117,29.25553273543403,29.31165177426925,29.378707522759157,29.457057222487094,29.547104858574016,29.649296349771987,29.764112998579208,29.892062745560963,30.033668870619636,30.189456039240156,30.35993401503174,30.54557991505908,30.746820556554155,30.96401815442391,31.197470077338778,31.447445539872376
845,29.133478066510634,29.13844327388972,29.15336772131468,29.17833770294169,29.213496431192084,29.259043096489904,29.31523148858895,29.382368082978644,29.46080942472429,29.550958551019903,29.653260097344287,29.768193659319138,29.896264975340216,30.037994601519017,30.193904008311733,30.364499445846604,30.550254478855436,30.751592913341653,30.968876369920338,31.20240815219495,31.452470073639972
846,29.13683224731699,29.141803944044113,29.15674782268644,29.181750065862104,29.216953695749623,29.262557624519047,29.318815257322285,29.386032546918784,29.464565328470485,29.55481567459765,29.65722691966596,29.772276937217327,29.900469256274675,30.042321715913204,30.19835261739007,30.369064747385607,30.55492822242263,30.756364165522825,30.97373434598302,31.207348095292048,31.457497567880694
847,29.140190810444494,29.145168988225976,29.160132272989813,29.185166735012103,29.220415204377503,29.26607631138421,29.32240307033794,29.389700901637923,29.46832491724257,29.558676208917404,29.66119679278154,29.77636280610966,29.90467556250843,30.04665019182511,30.2028018530483,30.373629924683826,30.55960120770925,30.761134509910846,30.978592312008573,31.21228973852874,31.462527592454876
848,29.14355375028532,29.148538400778534,29.163521066388626,29.188587704152894,29.223880950064768,29.269599148756356,29.325994917282912,29.39337313397789,29.472088174404746,29.562540133574316,29.66516969292951,29.78045124027483,29.908883868872692,30.050980008236138,30.20725170384668,30.37819498984942,30.564273512092484,30.76590412767382,30.983450417634003,31.217232938813652,31.467559833790517
849,29.146921061186674,29.15191217599039,29.1669141969644,29.19201296692006,29.22735092562175,29.273126128077195,29.32959078754334,29.39704923053472,29.475855083159274,29.56640742816967,29.669145596599947,29.784542214535236,29.91309415105013,30.05531114550405,30.211702161780124,30.38275996456065,30.56894522215117,30.77067317002161,30.98830875230061,31.222177584086182,31.472594050259033
850,29.15029273748536,29.155290308138717,29.170311658784613,29.195442516930598,29.230825123835814,29.27665724076178,29.33319067047944,29.40072917788376,29.479625626701136,29.57027807231816,29.67312448032328,29.788635703786326,29.91730638486206,30.059643584347327,30.216153219733258,30.387324870965074,30.573616420801045,30.77544178536658,30.99316741365135,31.227123557078414,31.477629998500902
851,29.153668773465313,29.15867279143805,29.17371344582523,29.19887634766542,29.234303537303447,29.280192477982837,29.336794555180518,29.404412962348715,29.483399788065583,29.574152045653477,29.67710632090683,29.79273168350801,29.921520547073158,30.063977307150708,30.220604874685307,30.39188974047545,30.578287196108988,30.78021009202854,30.99802645029314,31.232070764866023,31.48266750413154
852,29.15704916333044,29.162059620011632,29.17711955193846,29.202314452431608,29.237786158389554,29.283731830631552,29.340402430433755,29.408100569988903,29.48717755014235,29.578029327876436,29.681091095523186,29.796830129922853,29.925736615778476,30.06831229905805,30.225057129459287,30.396454611219326,30.582957629717498,30.78497818077375,31.002885890177595,31.23701912848162,31.487706442763113
853,29.16043390130352,29.165450788005273,29.18052997100949,29.20575682458582,29.241272979528503,29.287275289687045,29.34401428512507,29.411791986955166,29.49095889587943,29.5819098986816,29.68507878124717,29.800931019052655,29.92995456875957,30.072648544595722,30.22950998509515,30.401019517719988,30.587627802884413,30.78974615377234,31.007745774426894,31.24196856304752,31.49274666563707
854,29.16382298147056,29.1688462894096,29.18394469671597,29.209203457198043,29.24476399277694,29.290822845672324,29.347630107656755,29.41548719897969,29.494743808003705,29.585793737889674,29.689069355769107,29.805034328180625,29.934174386123516,30.076986032996047,30.233963451536454,30.40558450330326,30.59229778680526,30.794514072294646,31.012606109087756,31.246919010327133,31.497788095837848
855,29.16721639789938,29.172246118199098,29.187363722725024,29.212654343337363,29.24825919020475,29.294374489143422,29.351249886482947,29.419186191862025,29.49853226931168,29.5896808253803,29.693062796833942,29.8091400347202,29.93839604833738,30.081324753775675,30.238417536770385,30.410149605069137,30.596967649809073,30.79928201068151,31.017466917447507,31.251870406343244,31.502830626373395
856,29.17061414459721,29.175650268278332,29.190787042607155,29.21610947593581,29.251758563697024,29.297930210428262,29.354873609811648,29.422888951182358,29.502324262474588,29.593571141077234,29.697059082465557,29.813248116649902,29.942619536880727,30.08566469865019,30.24287225366288,30.414714866017107,30.60163745589307,30.80405002013299,31.022328201814446,31.256822701385033,31.50787419243676
857,29.174016215488734,29.17905873346399,29.194214649829576,29.219568847800247,29.255262104993392,29.30148999969964,29.35850126570807,29.426595462424814,29.506119770157454,29.597464665039865,29.701058191046457,29.817358552698806,29.946844834655337,30.090005861358577,30.24732761600984,30.41928032618239,30.606307263250244,30.80881814902881,31.02718996726219,31.261775849717765,31.51291872920126
858,29.177422604416222,29.182471507484536,29.1976465377561,29.223032451613165,29.2587698056891,29.305053846976875,29.362132842096855,29.43030571097978,29.50991877502082,29.60136137746423,29.70506010131652,29.821471322344678,29.951071925988515,30.094348237670147,30.25178363849409,30.423846022458918,30.610977124161423,30.813586443328575,31.032052222178947,31.266729809417427,31.517964170844152
859,29.180833305173508,29.18588858401364,29.201082699676874,29.22650027995479,29.262281657243705,29.308621742114724,29.36576832672756,29.43401968208542,29.513721259644456,29.605261258593032,29.709064792241577,29.825586405510364,29.95530079597279,30.0986918249248,30.25624033915375,30.428411995502188,30.61564708738075,30.818354933437718,31.036914961462514,31.271684548355324,31.5230104793186
860,29.18424831142903,29.189309956596844,29.204523128747894,29.229972325267283,29.265797650983984,29.312193674858634,29.36940770728836,29.437737360995982,29.517527206735338,29.609164288968316,29.713072243405122,29.82970378332709,29.959531431523715,30.103036621317187,30.260697732177675,30.43297827738769,30.620317198881878,30.823123661898364,31.041778195931386,31.276640028505255,31.528057593773553
861,29.187667616815986,29.192735618736492,29.20796781805825,29.233448579888602,29.269317778087384,29.315769634762148,29.373050971251757,29.44145873276301,29.521336598863456,29.61307044910899,29.717082434501606,29.83382343720274,29.96376382036476,30.107382627642835,30.265155837242332,30.437544904575873,30.62498749791223,30.8278926515153,31.046641921686955,31.281596225652436,31.53310548343501
862,29.191091214835353,29.196165563801742,29.211416760562486,29.236929036025344,29.27284202961505,29.319349611294854,29.376698106061838,29.44518378249353,29.52514941877888,29.616979719922426,29.72109534598104,29.837945349778977,29.967997951382188,30.11172984384359,30.26961466947091,30.442111908397862,30.629658025222568,30.832661934980536,31.05150614287595,31.286553109454132,31.538154105358444
863,29.19451909892996,29.19959978509661,29.214869949130104,29.240413685769113,29.276370396479365,29.322933593751316,29.380349098981867,29.44891249514251,29.52896564915295,29.62089208235477,29.725110958503592,29.842069504234644,29.97223381476863,30.116078272456264,30.274074246939847,30.4466793198564,30.63432881487489,30.837431535019164,31.056370859907076,31.291510657652566,31.54320342881823
864,29.197951262436447,29.203038275816027,29.21832737651431,29.24390252108799,29.279902869467605,29.326521571312696,29.384003937195928,29.452644855653716,29.532785272763817,29.624807517654233,29.729129253318035,29.8461958846097,29.976471401484105,30.1204279159943,30.27853458667181,30.45124716858362,30.638999900011754,30.84220147407882,31.061236073034763,31.29646884884272,31.548253424930465
865,29.201387698589087,29.206481029049428,29.221789035354846,29.247395533827046,29.2834394392396,29.330113533041526,29.387662607800735,29.456380848947845,29.536608272479782,29.628726007346984,29.733150212229702,29.850324475789478,29.980710703329123,30.124778777176175,30.282995704890823,30.45581548280171,30.64367131239021,30.846971773755342,31.066101782292833,31.30142766291101,31.553304067205886
866,29.20482840053495,29.20992803779461,29.22525491818783,29.250892715712155,29.28698009632285,29.333709467866072,29.3913250977792,29.460120459887662,29.540434631213486,29.632647533153886,29.737173817431426,29.854455263296302,29.984951713105602,30.12913086002942,30.28745761851809,30.460384289256865,30.64834307998433,30.851742451917232,31.070967987666336,31.306387083196228,31.55835533336716
867,29.208273361277634,29.21337929490727,29.228725017412046,29.25439405834419,29.29052483114458,29.337309364658665,29.39499139413124,29.463863673468836,29.544264332190778,29.6365720773544,29.741200051859323,29.85858823317062,29.98919442320556,30.133484167076347,30.291920342917138,30.46495361443283,30.653015232302607,30.856513528644996,31.075834690075624,31.31134709183567,31.563407197984475
868,29.211722573793338,29.216834793204725,29.232199325357044,29.257899553206926,29.29407363395859,29.34091321206364,29.398661483587148,29.467610474395315,29.548097358347206,29.64049962201193,29.74522889859969,29.86272337265393,29.99343882888479,30.13783870445735,30.29638389499894,30.469523481792805,30.657687791237663,30.861285015973806,31.08070188806977,31.31630767794337,31.568459648574446
869,29.215176030939915,29.220294525384702,29.235677834229932,29.261409191661357,29.297626494903454,29.344520998633186,29.402335352833973,29.471360847415497,29.55193369280647,29.644430149583343,29.749260341338072,29.866860669605103,29.99768492565829,30.14219447799286,30.3008482909608,30.47409391396843,30.662360778033133,30.866056925708165,31.085569580558115,31.32126883136067,31.57351267288749
870,29.218633725428333,29.223758484000598,29.239160536101792,29.2649229649507,29.301183404032827,29.348132712889253,29.406012988613895,29.475114777462863,29.555773319060222,29.648363643091443,29.753294364378576,29.871000112143918,30.001932708482855,30.14655149216634,30.30531354556365,30.478664933075777,30.66703421540035,30.870829272635547,31.09043776859056,31.326230539976564,31.578566253855456
871,29.222095649829782,29.227226661467455,29.242647422911546,29.268440864199647,29.304744351309182,29.351748343309964,29.40969437770258,29.47887224962426,29.55961622092599,29.652300086079094,29.75733095262467,29.875141688721556,30.006182171965463,30.15090975040863,30.309779672314562,30.48323656059165,30.67170812697117,30.875602073797495,31.095306455011723,31.331192790326213,31.583620370753636
872,29.225561796714146,29.230699050184285,29.246138486538428,29.27196288040568,29.30830932648371,29.355367878073366,29.413379506493527,29.482633248537468,29.563462381742397,29.656239461732582,29.76137009121561,29.879285389460165,30.010433314316174,30.1552692605041,30.31424668693313,30.48780881500045,30.676382526904433,30.88037533463512,31.100175637901714,31.33615557895621,31.588675021279187
873,29.22903215851011,29.234175642410435,29.24963371872883,29.275489004448104,29.311878319217612,29.358991305316465,29.41706836141816,29.486397759000056,29.567311785182312,29.660181753767574,29.765411765893873,29.88343120479891,30.01468613335311,30.159630029126845,30.31871460384815,30.492381714172268,30.681057430390354,30.88514906299116,31.10504531720545,31.34111890093834,31.59373019923754
874,29.232506727460702,29.237656430229436,29.253133111083343,29.279019227113963,29.31545131916107,29.36261861327904,29.420760929164317,29.490165766262407,29.571164415577925,29.664126946642682,29.769455962836673,29.8875791246698,30.01894062500736,30.16399206009163,30.323183435250314,30.49695527678506,30.68573285778956,30.889923273685156,31.10991549558628,31.34608274564681,31.598785888849875
875,29.235985495718296,29.24114140562949,29.256636655094837,29.28255353906627,29.319028315825506,29.366249790058703,29.424457196295464,29.493937255502715,29.57502025729383,29.66807502503417,29.77350266872628,29.891729139859024,30.02319678628851,30.168355358077974,30.32765319328462,30.501529519962503,30.690408826602493,30.89469797886568,31.114786175330266,31.351047105199257,31.603842078335106
876,29.23946845539058,29.244630560542646,29.260144342166825,29.286091930827695,29.32260929852214,29.369884823492498,29.42815714906692,29.49771221157306,29.578879294424212,29.672025973581583,29.777551870784464,29.895881242664927,30.027454616718614,30.172719930431583,30.332123891110882,30.50610445813146,30.695085347585405,30.899473183343616,31.119657356849018,31.35601197853913,31.608898766478774
877,29.24295559844461,29.24812388676338,29.263656163575092,29.289634392813866,29.326194256490396,29.373523701404224,29.431860773809717,29.501490619529022,29.582741511424842,29.675979777418206,29.781603556701157,29.90003542552489,30.03171411534032,30.17708578340654,30.336595540691633,30.510680105405754,30.699762432853277,30.904248894327452,31.1245290418031,31.36097736291879,31.613955948928776
878,29.246446916666685,29.251621375921047,29.267172110478725,29.29318091540614,29.329783179055823,29.377166411863698,29.435568057298383,29.505272465072437,29.58660689350262,29.679936422234846,29.785657714025888,29.904191679561166,30.035975278676517,30.18145292037559,30.341068152751518,30.5152564785231,30.704440100737145,30.909025124893617,31.129401232188343,31.365943249952466,31.61901361398742
879,29.249942401783983,29.25512301957201,29.270692173923237,29.296731488810337,29.333376055292433,29.38081294261133,29.43927898591636,29.50905773350854,29.590475425604268,29.683895893872887,29.78971433122996,29.90834999779895,30.040238105847834,30.18582134695947,30.345541738095505,30.51983359056527,30.709118363046855,30.91380188265606,31.134273930104996,31.370909637058617,31.624071757424076
880,29.253442045418353,29.25862880916469,29.274216344839488,29.300286103110466,29.336972874151115,29.384463281276965,29.442993545973195,29.512846410142743,29.594347092800945,29.687858178478905,29.793773397302743,29.91251037394295,30.044502596626785,30.19019106907649,30.350016307107694,30.524411453345976,30.713797229914974,30.918579174074807,31.13914713784567,31.375876523109014,31.629130376841943
881,29.256945839066987,29.262138736024838,29.277744614043115,29.30384474829134,29.34057362451324,29.38811741547113,29.44671172383738,29.516638480446034,29.59822188044882,29.691823262569585,29.79783490158252,29.91667280186556,30.04876875062439,30.194562092127455,30.354491869541732,30.52899007840898,30.71847671182013,30.923357006256367,31.144020857931764,31.380843906610266,31.634189469325122
882,29.260453774094685,29.26565279136605,29.281276972299338,29.307407414390696,29.3441782954593,29.391775333186843,29.450433506450906,29.520433930581987,29.60209977449233,29.6957911327558,29.801898832600273,29.920837273607503,30.05303656507425,30.198934419870625,30.35896843590683,30.5335694809055,30.72315682371891,30.928135388413523,31.148895091429495,31.385811782840904,31.639249028479753
883,29.263965841773484,29.26917096628671,29.284813410191305,29.310974091160574,29.347786875654037,29.3954370218662,29.454158880113823,29.524232746125108,29.605980760645252,29.699761776224648,29.80596518064965,29.925003784095395,30.057306040367962,30.203308057733466,30.363446014901342,30.538149670438543,30.72783757409229,30.932914326641708,31.153769841340136,31.390780151960257,31.644309053405266
884,29.267482033255703,29.27269325177201,29.28835391821093,29.31454476830089,29.35139935377026,29.399102469044124,29.457887831322466,29.528034912944747,29.609864824955423,29.703735180406966,29.810033936014577,29.929172327888068,30.061577176237563,30.20768301052874,30.367924615182744,30.542730657377376,30.732518972499975,30.937693827521628,31.158645110262,31.395749013416037,31.649369542507316
885,29.27100233958862,29.276219638706777,29.29189848676384,29.31811943545148,29.35501571846271,29.402771662296175,29.461620346685436,29.531840417092326,29.61375195369459,29.707711332943404,29.81410508910352,29.933342899528782,30.065849972265937,30.21205928288464,30.372404245302732,30.5473124520708,30.737201028477557,30.942473897556397,31.163520900763103,31.40071836669415,31.654430494225608
886,29.274526751770907,29.279750117953313,29.29544710631069,29.32169808243441,29.358635958734794,29.4064445897244,29.46535641346196,29.535649245227262,29.61764213340774,29.71169022107466,29.818178629055126,29.93751549160396,30.07012442618293,30.216436878957495,30.376884915507844,30.551895068007695,30.741883754368132,30.947254544305622,31.168397214691595,31.40568820883459,31.65949190368707
887,29.27805526058728,29.283284680120403,29.29899976694395,29.32528069852532,29.362260062831126,29.410121238486795,29.469096017927313,29.539461383314233,29.621535350743102,29.715671833465763,29.822254547953946,29.94169010064485,30.074400539087605,30.220815803381868,30.381366632318418,30.556478512164915,30.746567156594324,30.952035772865543,31.173274055323475,31.410658542046008,31.6645537729068
888,29.28158785674981,29.2868233157605,29.302556458749223,29.32886727307573,29.365888019183558,29.413801596053588,29.472839146769388,29.543276817736285,29.625431592597067,29.71965615864775,29.826332837229018,29.94586672208618,30.07867831098696,30.225196060458813,30.385849403159284,30.561062793252802,30.751251243114154,30.956817588875992,31.178151425527858,31.415629367200665,31.669616102073803
889,29.28512453085824,29.29036601531476,29.306117171704614,29.332457795339053,29.369519816146976,29.417485649856246,29.476585786698195,29.54709553498361,29.629330846074083,29.72364318545317,29.830413488660383,29.950045351674987,30.082957742042765,30.22957765438298,30.390333235065896,30.565647919410424,30.755936021337277,30.961599997679684,31.183029328279588,31.420600685652687,31.674678891986275
890,29.288665273400113,29.29391276911298,29.309681895680228,29.336052254470758,29.373155441998904,29.421173387287297,29.480335924445853,29.550917521653446,29.63323309848613,29.727632903016058,29.834496494379323,29.954225985470714,30.087238832571586,30.233960589242315,30.394818134684044,30.570233898205856,30.760621498124976,30.96638300432261,31.187907766659464,31.42557249923766,31.67974214405183
891,29.29221007492714,29.297463567590455,29.313250620773943,29.339650640044567,29.376794885665618,29.424864796594193,29.48408954767018,29.55474276505447,29.637138337235854,29.731625299547773,29.83858184443926,29.95840861670007,30.09152158044219,30.238344868577656,30.399304110823437,30.5748207414577,30.76530768496849,30.97116661688142,31.192786743368117,31.430544805136435,31.684805853225555
892,29.29575892572717,29.3010184008848,29.31682333668749,29.343252941092373,29.380438135372287,29.428559865217267,29.487846643274565,29.55857125208314,29.641046550034446,29.73562036461351,29.84266953133232,29.96259324160559,30.095805985915035,30.242730496202,30.403791169709336,30.57940845626888,30.769994588359623,30.975950840275516,31.197666261629763,31.43551760542664,31.68987002114187
893,29.299311815951285,29.304577258991912,29.320400032968564,29.34685914647639,29.38408517916656,29.432258580434052,29.4916071980594,29.562402969659388,29.644957724817175,29.739618088249813,29.84675954823905,29.96677985717872,30.100092049766943,30.24711747588293,30.408279316822927,30.583997048502113,30.77468221352285,30.980735678665553,31.20254632484182,31.440490903380862,31.694934651024994
894,29.302868735687298,29.30814013185642,29.32398069914956,29.350469245103625,29.38773600521938,29.4359609297303,29.49537119909695,29.5662379049773,29.64887184969473,29.74361846045622,29.850851888019008,29.97096845985328,30.104379772209427,30.25150581115963,30.41276855796218,30.588586524782556,30.77937056656674,30.985521136835587,31.20742693637328,31.445464701332526,31.699999744755075
895,29.306429674915307,29.31170700931733,29.327565324664477,29.354083225796956,29.39139060164422,29.439666900577095,29.499138633506107,29.57007604535454,29.652788912982373,29.74762147150068,29.85494654381756,29.975159046290912,30.10866915353887,30.255895505452827,30.417258898604246,30.593176891294036,30.784059653190695,30.990307219362535,31.212308099685742,31.450439001958443,31.705065304631546
896,29.30999462354066,29.315277881146244,29.331153898902585,29.35770107737335,29.395048956601215,29.44337648055233,29.502909488567013,29.573917378298404,29.656708903165963,29.75162711174238,29.859043508742104,29.979351612983862,30.112960193820697,30.260286562008275,30.4217503442091,30.597768154397727,30.788749479404544,30.99509393109821,31.21718981824023,31.455413807576633,31.710131332459582
897,29.313563571489965,29.318852737160682,29.334746411370077,29.361322788876578,29.398711058607205,29.447089657702634,29.5066837520626,29.577761891703176,29.660631808800645,29.755635371103835,29.863142774899757,29.983546155073725,30.117252891950727,30.264678983728345,30.426242901122862,30.60236032247161,30.79344005366744,30.999881278604732,31.222072095218664,31.46038911805698,31.715197826833162
898,29.317136508527994,29.322431567006788,29.338342851376183,29.364948349118947,29.402376895918735,29.45080641981616,29.51046141158355,29.58160957343631,29.664557618692697,29.759646240115217,29.867244335333112,29.98774266875313,30.121547247583408,30.269072773536664,30.430736574759067,30.606953402188196,30.79813138254991,31.00466926721191,31.226954934048024,31.46536493507648,31.720264788700206
899,29.320713424351595,29.32601436026414,29.341943208168004,29.368577746857454,29.406046456747333,29.454526754650544,29.514242454715486,29.58546041140687,29.668486321766864,29.763659709530145,29.871348183420935,29.99194115061107,30.125843260672468,30.27346793435595,30.43523137015552,30.61154739959153,30.802823471955378,31.009457901734663,31.231838338113846,31.470341260984014,31.725332219985148
900,29.324294308589856,29.32960110645581,29.345547470969393,29.37221097088161,29.409719729410483,29.458250650148955,29.51802686929142,29.58931439377983,29.672417907125066,29.7676757700998,29.875454312291254,29.996141596772077,30.130140930680568,30.27786446886381,30.43972729253835,30.61614232133911,30.807516328610973,31.014247187647754,31.236722310789332,31.475318097672698,31.730400869143125
901,29.32787915075727,29.333191794981417,29.34915562885527,29.3758480097938,29.413396701997613,29.4619780940061,29.52181464292852,29.59317150863376,29.676352364036177,29.771694413105365,29.87956271598125,30.00034400446117,30.134440257933875,30.282262379880137,30.444224346290696,30.620738172370466,30.81220995717848,31.01903712893869,31.241606860179957,31.48029652722488,31.735534164038825
902,29.331467940306368,29.336786415188556,29.352767670878677,29.3794888522242,29.417077362693192,29.465709074083463,29.5256057634694,29.59703174428489,29.680289681942384,29.77571562984616,29.88367338832387,30.004548370494945,30.13874124231603,30.286661670001536,30.448722535954005,30.62533495814347,30.816904363045637,31.023827733955898,31.24649229588647,31.48528583724908,31.74072150798736
903,29.335060666623747,29.34038495636429,29.356383586047457,29.383133486784118,29.420761699697437,29.46944357830023,29.529400218856267,29.600895089182472,29.684229850433383,29.779739411756623,29.88778632324255,30.008754691716945,30.143043883667985,30.29106234172042,30.453221865935802,30.6299326840267,30.821599553038823,31.028619078366717,31.25138022175821,31.490292084900375,31.745943618374326
904,29.33865731902887,29.34398740773281,29.360003363321198,29.38678190206008,29.42444970121943,29.473181594625316,29.53319799712318,29.604761531904956,29.688172859250926,29.78376575041932,29.891901514775554,30.01296296502295,30.14734818180625,30.295464397432113,30.45772234051276,30.63453135576833,30.826295549168606,31.033411476190906,31.256272793945698,31.49531623369228,31.751193551912195
905,29.34225788677844,29.347593758460164,29.363626991615035,29.390434086617063,29.42814135547775,29.4769231110742,29.53699908639146,29.608631061153176,29.692118698279444,29.787794637558363,29.89601895707193,30.017173187363994,30.151654136529487,30.299867839448382,30.46222396396513,30.63913098217921,30.830992419403174,31.03820549533316,31.261171724042526,31.500357856145627,31.75646734585621
906,29.345862359068462,29.351203997656683,29.367254459801416,29.39409002900078,29.431836650703303,29.480668115713172,29.540803474871893,29.61250366575092,29.69606735754587,29.791826065036503,29.900138644388505,30.0213853557413,30.15596174761845,30.30427267002858,30.466726741155696,30.643731581822692,30.83569030558334,31.043001827553383,31.26607818104287,31.505416247447897,31.761762342872316
907,29.349470725033143,29.354818114375405,29.370885756711402,29.39774971773977,29.43553557514366,29.48441659666406,29.544611150871958,29.616379334653004,29.70001882722704,29.7958600248607,29.904260571092266,30.025599467209076,30.160271014844454,30.308678891550755,30.471230679388327,30.6483331939167,30.84038942784821,31.047801160314577,31.270992899499504,31.510490662536938,31.767076642759832
908,29.353082973758546,29.358436097625543,29.374520871144114,29.4014131413511,29.439238117061677,29.48816854209599,29.54842210277792,29.620258056919397,29.703973097618245,29.799896509151324,29.908384731636602,30.029815518863302,30.16458193800611,30.313086506840932,30.47573579027602,30.652935880417488,30.845090051842817,31.05260412203262,31.275916379591706,31.515580391050776,31.77240871076293
909,29.35669909427918,29.36205793636941,29.378159791865414,29.40508028834114,29.442944264739708,29.49192394023288,29.552236319066253,29.624139821728534,29.707930159147224,29.803935510154076,29.912511120570116,30.034033507853337,30.16889451700729,30.317495519790214,30.48024209263457,30.657539730292513,30.849792474804474,31.05741125954961,31.280848929131253,31.520684779455564,31.77775731830667
910,29.360319075581117,29.365683619525498,29.38180250761104,29.40875114720842,29.44665400648165,29.495682779353388,29.55605378830154,29.628024618373615,29.7118900023695,29.80797702023466,29.91663973253287,30.038253431396754,30.17320875200221,30.321905936146436,30.484749614576742,30.662144857260614,30.854497006486838,31.062223038600678,31.28579072029595,31.525803231563145,31.783121464497526
911,29.363942906598936,29.36931313596574,29.385449007085867,29.412425706445504,29.45036733061852,29.499445047800805,29.559874499149885,29.631912436278128,29.715852617982875,29.812021031892186,29.920770562272423,30.042475286841693,30.177524643768834,30.326317765119427,30.489258396896105,30.666751397837004,30.859203951459847,31.067039838414416,31.290741827020383,31.530935214307988,31.788500326799465
912,29.367570576231913,29.37294647453075,29.389099278974527,29.41610395454279,29.454084225502868,29.503210733966966,29.56369844035089,29.635803264958497,29.719817996786446,29.81606753772047,29.924903604619203,30.0466990716821,30.18184219379657,30.330731019199334,30.49376849001601,30.671359500988046,30.863913603190497,31.071861982103826,31.29570227429275,31.536080236891166,31.79389318046634
913,29.37120207333726,29.37658362402408,29.392753311939202,29.419785879991878,29.45780467951829,29.506979826308395,29.56752560074125,29.639697094052167,29.72378612970971,29.820116530437645,29.929038854537453,30.050924783760593,30.186161405141036,30.335145716507725,30.498279956486954,30.67596932400079,30.868626232107147,31.07668973330982,31.300672051455194,31.54123785570232,31.799299389678254
914,29.374837386733702,29.38022457321523,29.396411094621214,29.4234714712843,29.461528681076004,29.510752313339538,29.57135596924485,29.643593913305324,29.727757007799994,29.824168002877514,29.933176307127553,30.055152421276205,30.190482282254607,30.33956187967749,30.502792868544418,30.680581033327883,30.873342094350903,31.081523300554863,31.30565109954182,31.546407670016322,31.804718420995812
915,29.37847650520905,29.383869310847103,29.40007261564847,29.427160716918706,29.465256218620084,29.514528183635775,29.57518953487255,29.64749371256937,29.731730622216958,29.828221947990528,29.937315957678265,30.059381983076094,30.194804832022896,30.343979537812857,30.50730730708119,30.68519479177195,30.878061416906974,31.086362860238353,31.31063936339831,31.551589308582038,31.810149769542136
916,29.382119417523484,29.387517825639293,29.40373786363716,29.430853605401637,29.46898728062763,29.51830742583263,29.579026286719397,29.651396481798145,29.735706964233145,29.832278358863675,29.94145780176376,30.063613468940048,30.199129064056592,30.34839872529983,30.511823357774006,30.689810758824194,30.882784409197427,31.091208560485086,31.31563677081664,31.55678242633212,31.81559298451384
917,29.385766112407055,29.391170106285585,29.40740682719104,29.43455012524737,29.472721855608597,29.522090028626394,29.582866213967066,29.655302211050923,29.739686025238427,29.83633722872895,29.94560183525175,30.06784687952478,30.203454990421733,30.352819481609686,30.51634111243152,30.694429092889038,30.887511260885333,31.096060515654244,31.320643234466104,31.56198670820561,31.821047667035714
918,29.389416578568614,29.39482614146266,29.411079494908677,29.43825026498365,29.476459932110004,29.525875980775027,29.586709305881413,29.659210890488453,29.743667796742955,29.840398551006217,29.949748054490044,30.07208221689109,30.20778262642733,30.357241850785783,30.520860664308827,30.699049944748992,30.8922421450157,31.100918823273958,31.325658662983017,31.567201858205692,31.826513449456968
919,29.393070804700187,29.398485919834172,29.41475585538751,29.441954013155225,29.480201498718316,29.52966527109993,29.590555551813964,29.66312251037806,29.747652270404444,29.844462319406034,29.95389645656462,30.07631948481361,30.21211199025157,30.36166587964192,30.52538210670997,30.70367345930765,30.896977220601173,31.105783564405158,31.330682962731885,31.57242759874822,31.831989989393435
920,29.396728779459636,29.402149430034456,29.41843589720844,29.44566135831093,29.483946544050582,29.533457888481678,29.594404941201503,29.667037061088877,29.75163943797702,29.848528527700296,29.958047038627114,30.08055868761079,30.21644310269602,30.36609162165962,30.529905540872505,30.708299779355514,30.90171662391242,31.11065478495067,31.33571602363395,31.5776636833794,31.83747700194772
921,29.400390491508688,29.405816660704943,29.422119608969183,29.449372289031544,29.48769505677342,29.537253821868546,29.59825746356671,29.67095453310867,29.755629291440812,29.852597170236606,29.962199799269854,30.084799832331896,30.220775987420552,30.37051912944105,30.53443106019739,30.712929035830086,30.906460484944773,31.11553253900746,31.340757752360332,31.582909866967725,31.842974188455003
922,29.404055929477522,29.40948760046001,29.42580697925331,29.453086793903992,29.491447025585273,29.541053060268553,29.602113108517244,29.67487491702508,29.759621822872077,29.856668241444993,29.966354737259735,30.08904292684997,30.22511067093791,30.374948461577276,30.53895876421666,30.717561356745534,30.91120891304331,31.12041684879,31.345808040883185,31.588165933463472,31.84848130280085
923,29.407725081993078,29.41316223791432,29.429497996655186,29.456804861541627,29.495202439230354,29.54485559275588,29.605971865750462,29.6787982035558,29.763617024585074,29.860741736286002,29.970511852512516,30.093287981028084,30.229447182019726,30.379379677247698,30.543488748798325,30.722196861569444,30.915962008467886,31.12530773426471,31.350866787306984,31.593431674775275,31.853998105404116
924,29.411397937681897,29.416840561685717,29.433192649782484,29.46052648058634,29.49896128649965,29.548661408471673,29.60983372505342,29.682724383550408,29.767614889143886,29.864817650293332,29.974671146200023,30.097535006872874,30.233785551682047,30.38381283564121,30.54802110499969,30.72683566049534,30.920719863588147,31.130205216498837,31.35593389849197,31.598706888436425,31.85952435768553
925,29.41507448514585,29.42052256037141,29.436890927234344,29.464251639690872,29.50272355621962,29.55247049661898,29.613698676300658,29.6866534479675,29.77161540924277,29.868895979179854,29.97883261987812,30.10178401749505,30.23812581370936,30.388248000662827,30.55255592767736,30.73147785964835,30.925482552843675,31.135109291051037,31.361009271531373,31.60399139657352,31.865059862631256
926,29.418754713012333,29.424208222596747,29.440592817645495,29.467980327554358,29.50648923727607,29.556282846477757,29.617566709480457,29.690585387985493,29.775618578080184,29.87297671976245,29.982996277023915,30.106035028132908,30.242468002052817,30.392685231504174,30.557093301747898,30.73612355651045,30.930250154541,31.140019970981484,31.366092816202183,31.60928501355744,31.870604405297513
927,29.422438609876224,29.427897536959108,29.444298309635826,29.471712532881895,29.510258318586352,29.56009844738486,29.621437814653063,29.694520194841573,29.77962438886118,29.87705986883833,29.9871621214005,30.110288055549006,30.24681215460845,30.39712459338324,30.56163331597361,30.74077284198131,30.93502272513348,31.14493724346363,31.37118443718748,31.61458757974418,31.87615780902047
928,29.426126164364746,29.431590492090663,29.44800739186627,29.475448244429003,29.51403078913245,29.56391728876787,29.625311982034304,29.69845786009688,29.783632835482308,29.881145424474198,29.99133015847002,30.11454311758348,30.251158307808623,30.40156614614324,30.566176051644845,30.74542580366966,30.939800327228397,31.149861106366586,31.376284043297176,31.61989893082273,31.881719889740225
929,29.42981736508466,29.435287076607096,29.451720052993437,29.479187450965753,29.517806637932722,29.56773936011092,29.629189201906684,29.70239837537366,29.78764391190623,29.885233384945423,29.99550039447206,30.118800234102366,30.25550650161773,30.406009953201647,30.57072158966838,30.750082520359285,30.94458300732066,31.154791544615875,31.381391544991857,31.625218919117913,31.887290484997436
930,29.43351220066944,29.438987279153196,29.455436281710263,29.48293014131042,29.52158585407375,29.57156465100485,29.633069464744437,29.706341732664384,29.79165761277119,29.889323749556922,29.99967283676318,30.12305942542804,30.259856774800255,30.41045607476201,30.57527000712605,30.75474306895802,30.949370812787663,31.159728545003134,31.386506854463676,31.63054739851026,31.892869433610088
931,29.437210659754385,29.44269108837898,29.45915606672429,29.48667630431106,29.52536842669099,29.575393151113985,29.636952761132534,29.71028792414569,29.795673933058254,29.89341651825964,30.003847493794808,30.127320713372058,30.26420916744894,30.414904570979502,30.57982137825337,30.75940752042203,30.954163783955778,31.164672089993076,31.391629885759187,31.635884231358034,31.89845658533119
932,29.44091273095978,29.446398492923322,29.46287939674363,29.490425928832906,29.529154344956055,29.57922485015331,29.64083908171108,29.71423694205191,29.799692867866213,29.897511691397256,30.008024375110324,30.1315841219444,30.268563722684746,30.41935550405327,30.584375775031845,30.764075936986558,30.958961948854096,31.169622153692956,31.396760554874277,31.641229293063702,31.904051807250084
933,29.444618402946958,29.450109481468303,29.466606260525623,29.49417900380348,29.53294359812861,29.583059737983604,29.64472841739098,29.718188779121306,29.80371441312451,29.901609270384768,30.012203491081948,30.135849674834446,30.27292048130863,30.42380893216142,30.588933265977403,30.7687483807199,30.963765338939766,31.17457871483566,31.401898780521208,31.646582457330567,31.909654962249533
934,29.448327664402427,29.453824042723795,29.470336646863473,29.497935518199768,29.536736175542103,29.58689780458525,29.64862075929409,29.722143428470986,29.807738565391446,29.905709257514047,30.016384852979115,30.140117396117375,30.27727948331477,30.428264911187398,30.593493916493856,30.773424911096185,30.968573984636578,31.179541753126216,31.40704448393967,31.65194360031751,31.91526591505766
935,29.45204050397922,29.457542165370455,29.474070544533447,29.501695460998576,29.54053206654163,29.590739039943116,29.65251609850361,29.726100883112508,29.811765321140342,29.909811655372323,30.02056847344221,30.14438731298361,30.281640773224296,30.43272350040496,30.59805778969411,30.7781055767,30.973387900086834,31.184511235591117,31.412197587110427,31.65731261596744,31.92088455531905
936,29.455756910380103,29.46126383814112,29.477807942371044,29.505458821251466,29.544331260582226,29.59458343422739,29.656414426438175,29.730061136638426,29.815794677709505,29.91391646751697,30.024754365630713,30.148659451832316,30.286004392850145,30.437184755083138,30.602624945655293,30.782790426573,30.97820710387066,31.189487135194213,31.41735801489415,31.662689394959386,31.926510766386855
937,29.459476872362814,29.464989049825306,29.48154882927639,29.50922558809276,29.548133747241366,29.598430977817372,29.6603157348884,29.73402418326083,29.81982663330905,29.91802369839985,30.0289425430376,30.152933838022307,30.29037038113711,30.441648726576148,30.60719544169592,30.787479510538333,30.98303161949093,31.194469431325956,31.422525694851856,31.6680738240417,31.93214442470554
938,29.463200378638078,29.468717789170114,29.48529319411773,29.512995750635582,29.551939516073162,29.602281661032748,29.66422001550677,29.737990016978927,29.82386118603955,29.922133352962362,30.033133021022763,30.15721050071511,30.294738782035893,30.446115469451968,30.61176933211857,30.792172866582973,30.987861452724644,31.199458089259167,31.42770055574158,31.67346580967296,31.937785433514023
939,29.466927417969316,29.472450044977734,29.489041025827646,29.51676929807809,29.55574855676042,29.606135474410337,29.668127260317192,29.741958632381,29.82789833478938,29.9262454369117,30.0373258151875,30.161489468138768,30.299109637074764,30.450585035024858,30.61634666885226,30.796870533064464,30.992696612985583,31.204453079103246,31.43288252843979,31.678865255816902,31.943433691554844
940,29.470657979196005,29.47618580612982,29.49279231343047,29.520546219740993,29.55956085917603,29.60999240880483,29.672037461861464,29.745930024796678,29.8319380792758,29.930359956462667,30.04152094066194,30.16577076649662,30.303482984375876,30.455057471215866,30.62092750264759,30.8015725511691,30.99753711614005,31.209454377125837,31.438071544683112,31.68427206127359,31.949089090335292
941,29.474392051109533,29.479925061462666,29.49654704591046,29.524326504903854,29.563376413129504,29.613852454953587,29.67595061249699,29.749904189388303,29.835980419354087,29.934476918806183,30.045718414963744,30.17005442581774,30.30785886599847,30.45953282714146,30.625511879647206,30.80627895072604,31.002382963421837,31.21446195000732,31.443267539632302,31.689686140945582,31.95475154152342
942,29.478129622553922,29.48366779986827,29.500305212319688,29.528110142940136,29.56719520857638,29.61771560383312,29.67986670496356,29.75388112187028,29.84002535553998,29.93859633168006,30.04991825565395,30.17434047526649,30.312237322148633,30.464011149611565,30.63009984429567,30.810989761577957,31.007234158058054,31.219475767047584,31.44847044967048,31.695107409090724,31.9604209554617
943,29.48187068246682,29.487414010338682,29.50406680183187,29.53189712339457,29.571017235738054,29.621581846836136,29.683785732598153,29.75786081866545,29.84407288891174,29.9427182027772,30.054120479145524,30.178628941642387,30.316618390149756,30.468492483504747,30.63469144163048,30.81570501719858,31.012090708234155,31.224495800544616,31.453680210457662,31.700535776519928,31.966097238332736
944,29.485615219738918,29.491163681818932,29.507831803571037,29.53568743574766,29.574842484736507,29.625451175207047,29.687707688579337,29.761843276193076,29.84812302104143,29.94684254122859,30.058325104472488,30.182919855046237,30.321002109692756,30.472976872825654,30.63928671088098,30.820424740997566,31.016952612001774,31.22952201852928,31.458896762223674,31.7059711654083,31.971780309547285
945,29.489363223314513,29.494916803312037,29.51160020673416,29.539481069584212,29.57867094585538,29.62932358044469,29.691632566465046,29.76582849137361,29.85217575403965,29.95096935654192,30.06253215060292,30.18721324484784,30.325388519106696,30.47746435996521,30.643885690035518,30.82514895606829,31.021819868006617,31.234554389922494,31.4641200460008,31.71141349875944,31.977470089373014
946,29.493114682306327,29.498673364002457,29.51537200074472,29.54327801480582,29.582502609839196,29.633199054684155,29.695560360566446,29.769816461764037,29.856231090087988,29.955098657179633,30.066741634043126,30.191509136971717,30.329777653680992,30.481954986670985,30.648488420336662,30.82987769197962,31.026692481268924,31.2395928864982,31.469350000999952,31.716862693798248,31.983166490932945
947,29.496869585691115,29.502433352930723,29.51914717485181,29.547078261076877,29.586337467100805,29.63707758964881,29.69949106484603,29.77380718499512,29.86028903243755,29.959230454229385,30.070953575496787,30.195807561964614,30.334169551306616,30.486448792316367,30.653094934036915,30.834610964770263,31.031570444870283,31.244637475864067,31.4745865723404,31.722318681989464,31.988869444244415
948,29.500627922537547,29.506196759236673,29.52292571843026,29.55088179823923,29.5901755083147,29.640959177434524,29.70342467374212,29.77780065919245,29.864349584661795,29.963364758657633,30.07516799488235,30.200108548959065,30.33856424825501,30.490945815195914,30.65770526356056,30.83934879191804,31.036453753656644,31.249688126713522,31.479829705265956,31.727781394058752,31.99457887823155
949,29.50438968194777,29.509963572097433,29.526707620903778,29.554688616205908,29.594016724264918,29.64484381030894,29.707361181957936,29.781796882868775,29.868412750847767,29.96750158201229,30.079384912607793,30.204412127217722,30.342961780258065,30.495446092193674,30.662319439159432,30.844091188509765,31.041342400731935,31.254744807481984,31.485079346624843,31.733250763825424,32.000294725328104
950,29.50815485326899,29.51373378095434,29.53049287202225,29.558498705329214,29.59786110633189,29.648731481288166,29.71130058496965,29.785795855013646,29.87247853475418,29.971640934185757,30.083604345951585,30.20871832206535,30.34736217994447,30.499949660114623,30.666937495480738,30.848838177593734,31.04623638734273,31.25980749098028,31.49033544116685,31.7387267166543,32.006016907265746
951,29.51192342570289,29.51750737509377,29.534281461349792,29.562312055721065,29.60170864559376,29.65262218307197,29.71524287808819,29.78979757492766,29.876546941365802,29.975782827545743,30.08782631574553,30.213027162400863,30.35176548157375,30.504456553226476,30.671559459439322,30.853589771063298,31.05113570462612,31.264876145838798,31.49559793838091,31.7442091907796,32.011745361315946
952,29.515695388498955,29.521284343854518,29.538073378517936,29.5661286575899,29.60555933327123,29.656515908570782,29.719188056923485,29.793802042304776,29.88061797612454,29.979927274890542,30.092050843067284,30.217338676979182,30.356171718693133,30.5089668044763,30.676185356220287,30.85834597911878,31.056040342643655,31.26995074074233,31.500866789110603,31.749698126750843,32.017480027301644
953,29.519470730979094,29.525064676654154,29.541868613258032,29.569948501282454,29.609413160783618,29.66041265097249,29.72313611744363,29.797809257242307,29.884691644831378,29.984074289190517,30.096277948821466,30.2216528939407,30.36058092384104,30.51348044564446,30.68081521003859,30.863106811464263,31.06095029152442,31.27503124496576,31.506141945126217,31.755193466097126,32.02322084595363
954,29.523249442723397,29.528848363187535,29.54566715563567,29.573771577573552,29.613270120089965,29.664312404080988,29.727087056174696,29.801819220073583,29.888767952841306,29.98822388198232,30.100507651497878,30.225969838604556,30.364993127524997,30.51799750869725,30.6854490482998,30.86787228337039,31.065865547240264,31.28011763101881,31.511423356627745,31.76069514427917,32.02896775046037
955,29.527031513285806,29.532635393122916,29.54946899569012,29.57759787721659,29.617130203149998,29.668215161764067,29.731040869844378,29.80583193157355,29.89284690628125,29.992376065897645,30.104739970791968,30.23028953712327,30.369408360036687,30.52251802375622,30.690086894908063,30.872642405782415,31.07078610217866,31.2852098703097,31.516710976217723,31.76620310210137,32.03472068021654
956,29.530816932145058,29.53642575604971,29.553274123371978,29.581427390865883,29.620993401830788,29.672120917857455,29.73499755531992,29.809847392994527,29.89692851226124,29.996530855101355,30.108974928231135,30.234612017115467,30.37382665176648,30.52704201874684,30.6947287691076,30.877417183608486,31.075711943510896,31.290307932394683,31.52200475958921,31.771717287686954,32.04047958320223
957,29.534605688913928,29.540219441701822,29.55708252880845,29.5852601094075,29.624859708303745,29.67602966657182,29.738957109870967,29.813865605914373,29.9010127779772,30.000688263429083,30.113212544509224,30.238937304974684,30.378248031866292,30.531569520893584,30.69937469041082,30.882196623003153,31.080643060134264,31.295411788171123,31.527304662599875,31.777237648074617,32.0462444058594
958,29.538397773310805,29.544016439926963,29.5608942022659,29.589096023908326,29.628729114976977,29.679941402413135,29.742919531099858,29.817886572225007,29.90509971082605,30.004848304691052,30.117452839976977,30.243265426423818,30.382672528606292,30.53610055655281,30.704024677727716,30.886980729970162,31.085579441273012,31.3005214091545,31.53261064175541,31.78276413085922,32.05201509511903
959,29.54219317530078,29.547816740836026,29.56470913432247,29.59293512582144,29.632601614721523,29.68385612038253,29.74688481701611,29.821910293932547,29.90918931778276,30.009010991572154,30.121695833233787,30.247596405269917,30.38710016899688,30.54063515232508,30.708678752081028,30.891769514044256,31.09052107978647,31.305636768761758,31.537922652499446,31.788296680030157,32.057791593537615
960,29.54599188486759,29.551620334560425,29.568527315581377,29.596777406633635,29.636477200461854,29.687773815578282,29.750852965818183,29.82593677339611,29.913281606407054,30.01317633757634,30.125941543782687,30.251930265944566,30.391530979852575,30.545173333310345,30.71333693164911,30.896562981218153,31.095467965532634,31.310757839438565,31.543240652282066,31.793835243539945,32.06357249670867
961,29.549793892025832,29.555427211263975,29.572348736684205,29.600622857882,29.64035586519617,29.691694483220942,29.75482397591793,29.82996601333525,29.91737658480963,30.017344356924752,30.130189991852546,30.25626703328669,30.39596498762984,30.549715123140402,30.717999232090847,30.90136113449296,31.100420085928818,31.31588459297251,31.54856459471432,31.799377971779336,32.0692543247755
962,29.553599186913175,29.55923736124248,29.576173388429993,29.60447147130367,29.644237602178407,29.69561811884182,29.758797846066443,29.833998016769726,29.92147426125223,30.0215150637124,30.134441197181445,30.2606067313028,30.400402217804867,30.55426054465164,30.722665668762318,30.906163977172696,31.10537742914022,31.321016996685273,31.55389393365175,31.804909682022867,32.07485295874477
963,29.55740775978188,29.56305077491305,29.58000126176057,29.608323238812375,29.648122404881235,29.699544718232744,29.762774575298806,29.83803278698673,29.925574644183257,30.025688472061233,30.13869517930135,30.264949383525163,30.40484269514519,30.558809619850877,30.727336256241927,30.91097151200472,31.11033998087788,31.326154905564408,31.55922599693855,31.810420213373106,32.08040109633265
964,29.561219600996253,29.56686744281143,29.583832347755788,29.612178152491595,29.652010266986963,29.70347427743485,29.76675416292568,29.84207032754,29.929677742251386,30.029864596152038,30.142951957584387,30.26929501305824,30.40928644373315,30.563362369892616,30.732011008239283,30.915783740308825,31.115307702123232,31.331297786125617,31.564557217572712,31.815908030618004,32.08590992312469
965,29.565034701036552,29.57068735559608,29.587666637637938,29.616036204597833,29.655901182388845,29.70740679273689,29.770736608526306,29.84611064223833,29.93378356428991,30.03404345020789,30.147211551233056,30.273643642580282,30.41373348698187,30.567918815102416,30.736689937435756,30.920600657588295,31.120280476619996,31.33644468224861,31.569884743568082,31.821373780959277,32.091385834477535
966,29.56885305050156,29.574510504050693,29.5915041227733,29.61989738756091,29.659795145189378,29.71134226067022,29.774721911939025,29.85015373513221,29.93789211930101,30.03822504848,30.151473979270406,30.277995294347136,30.418183847653438,30.572478974966543,30.74137305462557,30.925422242736317,31.125258067381367,31.3415944393754,31.575206625043563,31.826818571734123,32.09683319490023
967,29.572674640117498,29.578336879092433,29.595344794680614,29.623761693993117,29.663692149707913,29.715280678014608,29.778710073265415,29.854199610510648,29.942003416447335,30.0424094052334,30.155739260524967,30.28234999017593,30.422637547837212,30.5770428679121,30.74606036616092,30.93024844252875,31.130240113990737,31.346745902964358,31.580521587709256,31.832243604898622,32.1022551425674
968,29.576499460739683,29.58216647177403,29.599188645032427,29.62762911668807,29.667592190478615,29.71922204179225,29.78270109285785,29.858248272888147,29.946117465035854,30.046596534733794,30.16000741362444,30.2867077514515,30.427094608929337,30.581610510830558,30.75075187024987,30.935079161577846,31.135226164983578,31.351898019149417,31.58582882208259,31.83765001846598,32.10765408241616
969,29.580327503359115,29.585999273290724,29.603035665662276,29.631499648627823,29.671495262254382,29.723166349270173,29.786694971319264,29.862299726997662,29.950234274507068,30.050786451233705,30.164278456982004,30.291068599106893,30.43155505150787,30.58618191802674,30.75544755181801,30.939914256882446,31.140215719026003,31.35704988099019,31.59112782431083,31.84303884042845,32.113031955176154
970,29.58415875910481,29.589835274980885,29.60688584856331,29.6353732829798,29.67540136000264,29.727113597950847,29.790691709489522,29.86635397777377,29.954353854418173,30.054979168959505,30.168552408791186,30.295432553605508,30.43601889509415,30.59075709966561,30.760147378219415,30.94475354339039,31.145208265051963,31.362200721886097,31.59641827659908,31.848411001329055,32.118390385249086
971,29.587993219247494,29.593674468330505,29.610739185893408,29.63925001310014,29.679310478904767,29.73106378556963,29.794691308439212,29.870411030344087,29.958476214431073,30.0591747020992,30.172829287010586,30.299799634871533,30.44048615769094,30.595336059915894,30.764851297169628,30.94959680436449,31.150203302736145,31.36734989308502,31.601699998513823,31.853767350632097,32.1237307369733
972,29.591830875204607,29.5975168449786,29.614595669978883,29.643129832536033,29.683222614357533,29.735016910092213,29.798693769462318,29.87447089001688,29.962601364297768,30.063373064786617,30.177109109328967,30.304169862107187,30.444956854933366,30.59991879483897,30.769559237213116,30.95444380395594,31.155200354584224,31.372496843513886,31.606972905314137,31.85910866304573,32.12905418342285
973,29.595671718540757,29.60136239671641,29.618455293314298,29.647012735025726,29.68713776197194,29.73897296971353,29.80269909407616,29.87853356228146,29.96672931386081,30.067574271098636,30.181391893151613,30.308543253746734,30.449431000079926,30.604505292906083,30.774271108582866,30.95929428487682,31.16019896372319,31.377641124144645,31.612237008831073,31.86443563811855,32.13436170289981
974,29.599515740975505,29.605211115494853,29.622318048567706,29.65089871450175,29.691055917573692,29.74293196285305,29.80670728401003,29.882599052791136,29.97086007303244,30.071778335029194,30.18567765553138,30.312919827132703,30.453908602765864,30.60909553257369,30.7789868050707,30.964147984050044,31.165198707337083,31.382782363138176,31.617492362958046,31.869748908887914,32.13965416845417
975,29.603362934386723,29.609062993428836,29.62618392858508,29.654787765092124,29.694977077200747,29.74689388814852,29.8107183411945,29.886667367348082,29.974993651774298,30.075985270449507,30.189966413026298,30.317299598020327,30.45838966800119,30.61368948227755,30.78370620817543,30.969004639856735,31.170199199934814,31.387920247092268,31.622739037644237,31.875049059111745,32.14493237696655
976,29.60721329080866,29.612918022794304,29.630052926387066,29.658679881119383,29.698901237103712,29.75085874445881,29.814732267766885,29.890738511911934,29.979130060106627,30.08019509111591,30.194258181725615,30.321682580766662,30.462874196902135,30.61828710149223,30.78842918565323,30.973863985262597,31.175200085867402,31.393054533087366,31.627977150065476,31.880336614753162,32.15019700713958
977,29.61106680244336,29.6167761960387,29.63392503517747,29.662575057103993,29.702828393742834,29.75482653085129,29.81874906604935,29.894812492567723,29.983269308064735,30.084407810584764,30.198552976970518,30.32606878740461,30.4673621847013,30.622888339772373,30.7931555987023,30.978725766284015,31.180201048155595,31.398185009222914,31.633206805863438,31.885612069852073,32.15544870528845
978,29.61492346165909,29.62063750578062,29.637800248342046,29.666473287762756,29.70675854378635,29.75879724660058,29.82276873854653,29.8988893155219,29.98741140568137,30.08862344214026,30.202850813156033,30.330458227439863,30.471853621430228,30.62749313929129,30.797885303556654,30.983589735910925,31.185201795489434,31.40331150096887,31.63842813182987,31.89087588180496,32.16068804609961
979,29.618783260991847,29.624501944810106,29.64167855944919,29.670374568009095,29.71069168410969,29.762770891186847,29.826791287943422,29.902968987096642,29.991556362973142,30.092841998767994,30.207151703718182,30.334850907935277,30.47634849203729,30.632101434517608,30.802618150897104,30.98845565481514,31.190202065819562,31.40843387129064,31.643641264190023,31.89612847140785,32.16591554862555
980,29.622646193151866,29.6283695060946,29.6455599622538,29.674278892953794,29.7146278117919,29.766747464286595,29.830816717089135,29.90705151370412,29.995704189888954,30.09706349301655,30.21145566076075,30.339246832816855,30.48084677603157,30.63671315417264,30.807353991322202,30.99332329585036,31.1952016196131,31.413552004643975,31.64884634366905,31.90137023311331,32.17113169122632
981,29.626512251017004,29.632240182773558,29.64944445069341,29.678186257904088,29.71856692411876,29.770726965780682,29.834845029010125,29.911136901865802,29.99985489634554,30.101287937108054,30.21576269541464,30.343646003629658,30.485348447979618,30.641328219371076,30.81209266974264,30.99819243937918,31.200200247080147,31.41866582237543,31.654043519363313,31.906601525893223,32.17633689697959
982,29.630381427651173,29.63611396817447,29.653332018898425,29.6820966583644,29.722509018569838,29.77470939572413,29.838876226858076,29.915225158120734,30.004008492026117,30.105515342423814,30.220072816690106,30.348048417956875,30.489853477711847,30.64594654988184,30.816834038524064,31.003062881027233,31.205197750714945,31.423775247911294,31.65923293120602,31.91182269603081,32.18153158163358
983,29.634253716284263,29.639990855794963,29.65722266118098,29.686010090035097,29.726454092832398,29.778694754378876,29.84291031396606,29.91931628912323,30.008164986598956,30.109745720078024,30.22438603276572,30.352454071164004,30.494361830019898,30.65056805719621,30.82157794320659,31.007934423505105,31.210193963779147,31.42888024389316,31.664414731882914,31.91703405264542,32.1867160973116
984,29.638129110341822,29.64387083932911,29.66111637205057,29.689926548811172,29.73040214477504,29.782683042155327,29.846947293743256,29.92341030144223,30.01232438926678,30.113979079878504,30.228702349062644,30.356862954472035,30.498873466477733,30.65519265548727,30.826324241408884,31.01280688505466,31.215188724457732,31.433980760018244,31.669589055020765,31.92223590484491,32.191890811312874
985,29.642007603416232,29.647753912641804,29.665013146198817,29.69384603078447,29.734353172474698,29.78667425967103,29.850987169781718,29.92750720176889,30.016486709237597,30.118215431394447,30.233021770138066,30.361275056666045,30.503388343296763,30.659820250750954,30.83107278506543,31.017680092174203,31.2201819001873,31.439076783371092,31.67475604669687,31.92742852480154,32.19705603038102
986,29.645889189298885,29.651640069796883,29.668912978514072,29.69776853223601,29.738307174177294,29.790668407666658,29.855029945695662,29.931606996589437,30.020651955013363,30.122454782548857,30.237344297665686,30.365690363136366,30.507906415461775,30.664450753772087,30.83582343762305,31.02255388297459,31.22517335927347,31.44416828666658,31.679915838477314,31.93261218779611,32.2022120733526
987,29.649773861952326,29.655529305033156,29.672815864070117,29.701694049644743,29.742264148335607,29.794665487086547,29.85907562527848,29.935709692510784,30.024820135091147,30.12669714093886,30.241669932142884,30.370108856264437,30.512427632328865,30.66908406850507,30.840576060441037,31.027428106576394,31.23016299609543,31.44925527081267,31.685068566310292,31.937787138277145,32.20735921468287
988,29.653661615537033,29.659421612786673,29.676721798133713,29.705622579671626,29.746224093556975,29.79866549896917,29.86312421228257,29.939815295803896,30.0289912570571,30.130942512371064,30.24599867148396,30.374530516188372,30.516951943689094,30.673720104042957,30.845330523488997,31.03230261893367,31.235150704100704,31.454337728756798,31.69021436054345,31.94295362044636,32.21249773004297
989,29.65755244439032,29.663316987673454,29.680630776160285,29.70955411917572,29.750187008652574,29.802668444549226,29.86717571062735,29.943923812837227,30.03316532842115,30.135190902120485,30.250330512014273,30.378955319621866,30.52147929404515,30.678358764754023,30.850086698086727,31.037177288558723,31.240136398675418,31.45941567148776,31.69535334949228,31.948111855317222,32.2176278647197
990,29.66144634304868,29.667215424505514,29.68454279379148,29.713488665180023,29.75415289254954,29.806674325075733,29.871230124032365,29.948035249365603,30.03734235542339,30.139442313488075,30.25466544798229,30.383383242660557,30.526009630643443,30.682999961371706,30.854844462470737,31.04205198602233,31.245119989841044,31.46448910301598,31.700485658713433,31.95326206518007,32.22274986737733
991,29.66534330622312,29.671116918274834,29.68845784686249,29.71742621492143,29.758121744412676,29.810683142064704,29.875287456524063,29.952149611485936,30.041522344552618,30.143696749446747,30.259003471704148,30.38781425667139,30.530542893380925,30.68764359837394,30.859603696899512,31.046926598200344,31.250101414304993,31.46955804687417,31.705611410786787,31.958404446073416,32.22786395119533
992,29.66924332881632,29.675021464163933,29.692375931394565,29.721366765808796,29.762093563545307,29.814694897094114,29.879347712029926,29.956266904889105,30.045705301397675,30.147954211469084,30.26334457362151,30.392248331575104,30.535079022401703,30.692289583140678,30.864364286840328,31.051801017375624,31.25508061191465,31.474622526819417,31.710730725214432,31.963539188212962,32.23297032311757
993,29.67314640592855,29.67892905754826,29.696297043585673,29.725310315393244,29.766068349320904,29.81870959166639,29.883410894118867,29.960387134426526,30.049891230071864,30.152214699090734,30.267688742652524,30.39668543779993,30.539617961834495,30.69693782997797,30.86912612393212,31.05667513582432,31.260057514869573,31.479682556994305,31.715843716892266,31.96866648670988,32.238069200069276
994,29.67705253283566,29.68283969398533,29.70022117983501,29.72925686145709,29.770046101388118,29.822727227623716,29.8874770067942,29.964510305471265,30.054080135100946,30.15647821149946,30.272035965374414,30.401125540193448,30.54415964746056,30.701588246330687,30.87388910216822,31.061548863624182,31.265032084160907,31.48473817402771,31.720950499589605,31.973786506909846,32.24316075737778
995,29.680961705006325,29.686753369221208,29.704148336715093,29.733206401922644,29.774026819465007,29.826747806737217,29.891546053725733,29.968636422637417,30.058272019713513,30.160744746206774,30.276386227007777,30.40556860381531,30.548704017979617,30.706240745013076,30.87865312080862,31.066422112179566,31.270004276672978,31.48978940794393,31.72605118297298,31.978899416101115,32.24824517549985
996,29.68487391809981,29.69067007918744,29.70807851096606,29.737158934839726,29.778010503315784,29.830771330665414,29.89561803818708,29.972765489708024,30.062466885805293,30.165014299123925,30.280739511666127,30.41001459432232,30.553251015340663,30.710895244229448,30.883418083931076,31.071294793545633,31.274974044580006,31.494836281526148,31.731145872707316,31.984005384487432,32.2533226410298
997,29.688789167959555,29.694589820005888,29.712011699536674,29.741114458497407,29.781997152988595,29.834797801412776,29.89969296386505,29.976897510877905,30.066664735400877,30.169286865358117,30.28509580076502,30.41446347215367,30.557800574800865,30.715551657890558,30.888183899610624,31.07616683559405,31.27994136318739,31.499878835272966,31.736234672465116,31.9891045570738,32.25839330666042
998,29.692707450611522,29.698512587973255,29.715947899523883,29.74507297127542,29.78598676851044,29.838827220759015,29.90377083389029,29.98103248934183,30.070865569124123,30.173562438627414,30.28945507524884,30.418915199328694,30.56235263574939,30.720209905368563,30.892950479546812,31.081038164804795,31.28490620112956,31.50491710163061,31.741317682962688,31.99419708370101,32.26345733308591
999,29.696628762265334,29.702438379565933,29.719887108190164,29.749034471686002,29.789979349972498,29.842859590417447,29.90785165110475,29.985170427680316,30.075069386610267,30.17784101140512,30.2938173149617,30.423369737578298,30.566907138769864,30.724869908888763,30.897717739228653,31.08590871097192,31.289868528433033,31.509951111916735,31.746395002160398,31.999283110922477,32.26851487771302
1000,29.700553099324395,29.706367191458185,29.723829323007692,29.75299895846979,29.793974897716737,29.846894912368157,29.91193541858894,29.98931132854841,30.07927618710744,30.18212257485493,30.29818249710155,30.427827044821186,30.571464020879716,30.729531590142642,30.90248559954773,31.090778415567854,31.294828329037784,31.514980906043206,31.751466724284967,32.00436276945538,32.27356607817046
1001,29.70448045835076,29.710299020471382,29.72777454155562,29.756966430391174,29.79797341195689,29.85093318821606,29.91602213870874,29.993455193541593,30.083485968678644,30.1864071193865,30.302550599350923,30.432287081306413,30.57602322296742,30.734194874575735,30.907253982677332,31.09564721750519,31.29978558143091,31.52000651904831,31.756532942758156,32.00943619335766,32.27861107683526
1002,29.708410836094004,29.71423386361306,29.7317227615938,29.76093688637934,29.80197489303299,29.85497441960905,29.9201118137118,29.997602023858917,30.08769872857971,30.190694634124384,30.30692159777732,30.436749805866043,30.580584685629788,30.738859689474964,30.912022815155638,31.100515061674116,31.304740269391004,31.525027987798637,31.761593747877498,32.014503509502106,32.28365000770549
1003,29.71234422949766,29.718171718085387,29.73567398107781,29.764910325556002,29.80597934146016,29.859018608317,29.92420444583621,30.0017518204171,30.09191446331073,30.194985106784657,30.311295466430465,30.441215175245475,30.585148348482505,30.74352596372819,30.916792028519296,31.10538190044622,31.309692383753543,31.530045351967942,31.766649226324603,32.01956483586588,32.288682994320595
1004,29.716280635595865,29.72211258115783,29.73962819795446,29.768886746888086,29.809986757364754,29.863065755405614,29.92830003629939,30.005904582989444,30.096133168600375,30.19927852543225,30.31567218148433,30.44568315002357,30.58971415536041,30.74819362849172,30.921561552600167,31.11024768038226,31.314641908231977,31.535058647118603,31.771699465769757,32.024620295791635,32.29371016710593
1005,29.720220051675483,29.72605645036498,29.7435854104732,29.772866149707,29.81399714131146,29.867115862419155,29.932398586695797,30.01006031130879,30.100354839226043,30.203574875785534,30.32005171533939,30.45015368656277,30.59428204765527,30.752862616947084,30.926331325143792,31.115112360304863,31.319588838046855,31.54006791331875,31.776744548492843,32.029669998989675,32.29873164026401
1006,29.724162475194078,29.730003323406663,29.74754561702929,29.77684853344857,29.818010493891222,29.871168930795363,29.936500098312706,30.014219004540905,30.104579469132375,30.20787414257586,30.324434039535163,30.454626740928745,30.598851967496955,30.75753286431717,30.931101287048023,31.119975902498368,31.324533170954908,31.54507319106773,31.78178455450785,32.034714050728155,32.30374752295381
1007,29.7281079037557,29.733953198119423,29.751508816122566,29.780833897589048,29.822026815626316,29.875224961740628,29.940604571998392,30.018380661203707,30.108807051498445,30.212176309865242,30.32881912535271,30.459102269647076,30.603423858327346,30.76220430781683,30.93587138139685,31.124838270970713,31.329474905458312,31.55007452039274,31.78681956213245,32.03975255377037,32.30875792168678
1008,29.732056334956212,29.73790607229529,29.755475006093093,29.784822241238317,29.826046106375486,29.87928395545839,29.94471200736257,30.02254527870707,30.113037579201716,30.21648136304117,30.333206947512224,30.46358023428337,30.60799766832247,30.7668768862859,30.940641547546477,31.129699420877273,31.334414029889103,31.555071935224703,31.791849651395182,32.044785620316475,32.313762955141556
1009,29.73600776678444,29.74186194415296,29.759444185810082,29.78881356420419,29.83006836689907,29.883345913191874,29.948822404912335,30.026712854616335,30.11727104364809,30.22078928357371,30.33759747435613,30.468060589205493,30.612573341185453,30.771550541087265,30.94541173685093,31.1345593267161,31.339350551482312,31.56006547823955,31.796874894880034,32.0498133403546,32.31876271495594
1010,29.73996219731748,29.74582081197974,29.763416354148717,29.792807866184262,29.834093597670403,29.887410835672824,29.952935764430265,30.03088338569262,30.12150743566025,30.225100052996936,30.341990675303748,30.472543290876843,30.617150823138388,30.776225215424745,30.95018190072051,31.139417960916603,31.344284474297922,31.565055189587895,31.8018953646789,32.05483580569461,32.32375729550114
1011,29.743919624681723,29.749782674090397,29.767391509943593,29.796805146716736,29.838121798835232,29.891478723112982,29.957052085027158,30.0350568680243,30.125746745665708,30.22941365307298,30.346386520876422,30.477028297663992,30.621730062561255,30.7809008539885,30.954951990497136,31.144275294086754,31.349215799613262,31.57004110713393,31.806911132467235,32.059853109787696,32.32874679354927
1012,29.7478800470372,29.753747528809697,29.771369651965074,29.800805405146377,29.842152970166126,29.895549575150596,29.961171365094117,30.039233297012345,30.129988963751146,30.233730065948123,30.35078498295246,30.48151557012517,30.626311010180586,30.785577402885053,30.959721957034958,31.149131294322217,31.354144525228776,31.57502326610603,31.81192226974889,32.06486534851484,32.333731309235645
1013,29.75184346294168,29.75771537488538,29.775350779479936,29.80480864142072,29.84618711213409,29.899623392110072,29.965293603427767,30.043412667722976,30.134234078371833,30.23804927047678,30.355186028763512,30.486005064221445,30.630893614635227,30.790254811284342,30.96449176058036,31.153985943458736,31.359070661798228,31.580001707312874,31.816928842093432,32.069872601641634,32.338710923423434
1014,29.75580987100409,29.76168621109474,29.779334891717156,29.808814855331946,29.85022422488788,29.903700173802406,29.96941879815853,30.04759497455177,30.13848207758093,30.242371245722552,30.359589626612262,30.49049673778245,30.6354778266994,30.794933029851222,30.969261361362157,31.15883922159344,31.36399421727583,31.584976469318747,31.821930914624545,32.07487495048042,32.34368571926166
1015,29.759779269688977,29.765660036034603,29.783321987617967,29.81282404621703,29.854264307929043,29.907779919249833,29.973546946661315,30.051780211490268,30.14273294978375,30.246695972173995,30.363995747264653,30.49499055152876,30.64006359929607,30.79961200933525,30.97403071694231,31.16369110402809,31.368915194590613,31.589947587945403,31.82692855369379,32.079872481036716,32.34865578567258
1016,29.76375165771725,29.769636848559742,29.78731206638338,29.816836213659258,29.8583073609488,29.91186262752325,29.977678046089522,30.055968371890117,30.146986682233376,30.251023428735948,30.36840435984834,30.499486465188966,30.64465088585621,30.804291703102763,30.97879978945599,31.168541571398066,31.373833600803607,31.594915099959508,31.83192182248166,32.08486527291865,32.353621204297724
1017,29.767727034061807,29.77361664777885,29.791305127468434,29.820851357481104,29.862353383819766,29.91594829773402,29.981812093369854,30.0601594484653,30.151243261045693,30.255353592759775,30.372815431893798,30.50398443753818,30.649239640335338,30.808972067111654,30.983568545539583,31.17339060957204,31.37874944701707,31.59987904303597,31.83691078104175,32.08985339944712,32.35858204962727
1018,29.771705397741925,29.777599432828595,29.795301170300718,29.8248694773834,29.866402376165013,29.920036928602826,29.985949084927256,30.064353433413828,30.15550267197375,30.25968644159127,30.377228931444677,30.508484428396514,30.653829818057602,30.813653058608338,30.988336952604584,31.178238204438628,31.383662743661546,31.60483945386028,31.84189548856415,32.09483693336381,32.36353839571865
1019,29.775686747673603,29.781585202714894,29.799300194096475,29.828890572733144,29.870454337138654,29.924128518288683,29.99008901665593,30.068550318640007,30.15976490095568,30.264021953406996,30.381644827969808,30.512986399242664,30.658421375616,30.818334635090196,30.993104977042265,31.183084339921265,31.388573499107622,31.60979636797748,31.846876004503486,32.09981594879832,32.36849031836175
1020,29.779671082778293,29.785573956432017,29.80330219800925,29.832914642753735,29.874509265651284,29.92822306461096,29.99423188405342,30.072750095674564,30.16402993369138,30.26836010639647,30.386063091281358,30.517490312229654,30.66301427051934,30.82301675505761,30.997872586154188,31.18792900057099,31.393481721924616,31.614749820599457,31.851852387388533,32.1047905186922,32.37343925112117
1021,29.783658402186745,29.789565693183874,29.80730718140279,29.8369416868681,29.878567160766863,29.93232056542331,29.998377682416105,30.076952755474224,30.16829775484092,30.272700877311706,30.39048368970134,30.52199612862063,30.667608460786596,30.827699379483533,31.002639751489937,31.192772175832943,31.398387424416057,31.619699847677794,31.856824699986078,32.109763368515246,32.378540248478316
1022,29.78764870506012,29.793560412189095,29.811315143605157,29.840971704376898,29.8826280213122,29.936421018216777,30.002526406578625,30.081158288517656,30.1725683487158,30.277044242867987,30.394906591981623,30.526503810608176,30.67220390570992,30.832382470612288,31.007406445470394,31.197613855362363,31.403290618453582,31.624646492189868,31.86179374824445,32.11475695842444,32.383768010322115
1023,29.79164199058414,29.797558112675347,29.815326083907962,29.84500469447255,29.88669184591049,29.94052442017511,30.006678050984988,30.08536668486778,30.17684169928981,30.281390179652192,30.399331767080923,30.531013321000387,30.676800565576116,30.837065991904126,31.01217264169594,31.202454029701244,31.408191319557943,31.62958996151218,31.866763473304957,32.1197864058812,32.389074585948265
1024,29.795638257971177,29.801558793883487,29.819340001574233,29.849040656248974,29.89075863299439,29.944630768190848,30.01083260970023,30.08957793417261,30.181117790174994,30.28573866407004,30.40375918409262,30.53552462315446,30.681398401640763,30.84174990808458,31.016938315095388,31.207292691479097,31.413089578998722,31.634531041397338,31.87173917775266,32.12485386972861,32.39444357940829
1025,29.799637506451575,29.805562455057725,29.82335689582959,29.85307958869629,29.894828380806985,29.94874005887226,30.014990076427978,30.093792025688572,30.185396604652908,30.29008967237627,30.408188812262665,30.540037680969192,30.68599737608963,30.84643418508324,31.021703442095827,31.212129841555395,31.41798556130351,31.639471140991134,31.87672507028344,32.129958468327175,32.399865371325404
1026,29.803639735263914,29.809569095437155,29.827376765852705,29.85712149069002,29.898901087388708,29.95285228853305,30.019150444502884,30.098008948284246,30.189678125686555,30.294443180694714,30.412620621014753,30.54455245890898,30.690597452057546,30.851118790102134,31.026468001978458,31.216965505974656,31.422879615087652,31.64441197215814,31.881724016547082,32.135098502618234,32.405333611555534
1027,29.80764494364638,29.813578714246603,29.83139961076637,29.86116636098376,29.902976750575192,29.956967453195034,30.023313706902456,30.102228690457082,30.193962335943525,30.298799165044045,30.417054579968124,30.54906892200637,30.6951985936181,30.855803691842368,31.031231980256564,31.221799757680174,31.42777227385818,31.649355245809318,31.886737870873162,32.14027219099938,32.41084368791411
1028,29.8116531308267,29.817591310685884,29.83542542962857,29.86521419820241,29.90705536799311,29.961085548589722,30.027479856255013,30.106451240352385,30.19824921782208,30.303157601362784,30.42149065895603,30.553587035865178,30.699800765827092,30.86048886127253,31.035995375110815,31.226632735808096,31.4326642027234,31.6543024934752,31.891767840318266,32.14547788567643,32.416391959817304
1029,29.815664296011903,29.82160688392173,29.839454221423694,29.869265000835753,29.911136937057563,29.96520657016265,30.031648884852757,30.11067658578196,30.202538753474414,30.3075184655342,30.425928828041663,30.558106766677497,30.704403934913444,30.86517427338225,31.040758205156635,31.2314646474415,31.437556127066443,31.659255047692795,31.89681471017792,32.150714055326205,32.42197549970729
1030,29.819678438380606,29.82562543307847,29.843485985056077,29.873318767232377,29.915221454969526,29.969330513073828,30.035820784656153,30.11490471423639,30.20683092482352,30.311881733402345,30.4303690575353,30.562628081271328,30.709008068657,30.86985990931356,31.04552051441192,31.236295759138102,31.442448794341658,31.66421405310274,31.901878943273516,32.15597929540445,32.42759193248577
1031,29.823695557074586,29.829646957230636,29.847520719341503,29.87737549559381,29.919308918712204,29.97345737219871,30.039995547303363,30.11913561289873,30.211125713581737,30.31624738079364,30.434811318017807,30.567150947210166,30.71361313702903,30.874545758869772,31.050282375075824,31.24112638537531,31.447342946018352,31.669180472318317,31.906960776956964,32.16127234075395,32.43323926830459
1032,29.82771565118867,29.833671455392903,29.85155842299912,29.881435183968165,29.92339932504882,29.97758714213279,30.044173164119,30.12336926866135,30.21542310127205,30.32061538353946,30.439255580382905,30.571675332994744,30.718219113154646,30.879231823097484,31.05504388812443,31.245956874948888,31.45223929257253,31.674155106531714,31.912060306814624,32.166592049285214,32.438915793949604
1033,29.831738719763905,29.837698926513895,29.855599094645356,29.885497830246265,29.927492670521076,29.98171981719281,30.048353626121752,30.127605668137846,30.219723069243173,30.324985717495395,30.443701815885845,30.576201208285,30.722825974110776,30.883918115623032,31.05980518196418,31.250787601717434,31.457138503724423,31.67913861378463,31.917177521639815,32.17193738907969,32.44462002736168
1034,29.83576476177592,29.841729369464815,29.859642732784607,29.889563432154432,29.931588951447225,29.985855391421694,30.052536924036872,30.131844797683073,30.224025598695846,30.329358358577906,30.448149996244183,30.580728544331464,30.727433702337976,30.88860466477098,31.0645664096175,31.255618948776885,31.46204119308618,31.684131539846362,31.922312363059916,32.17730741584637,32.450350640174065
1035,29.839793776127635,29.84576278303149,29.86368933580303,29.893631987250956,29.935688163922237,29.989993858593607,30.056723048305855,30.136086643407623,30.2283306707032,30.333733282808737,30.452600093800925,30.585257314530736,30.7320422866959,30.893291513215274,31.069327743011968,31.260451300567922,31.46694792558344,31.689134341141937,31.927464718040653,32.18270125955672,32.45610646247326
1036,29.843825761641085,29.849799165908507,29.867738901962298,29.897703492922517,29.939790303816324,29.994135212216747,30.060911989094677,30.140331191191024,30.232638266231618,30.338110466366516,30.45705208169835,30.58978749488881,30.736651723045213,30.897978717359535,31.074089369597743,31.2652850381848,31.471859219418604,31.69414739454828,31.932634431466965,32.1881181219307,32.461886453381055
1037,29.84786071705605,29.8538385166965,29.87179142939874,29.90177794638305,29.943895366775962,29.99827944553573,30.065103736297658,30.14457842668827,30.23694836615647,30.342489885630584,30.46150593398528,30.59431906415358,30.74126201413668,30.902666346799094,31.078851491776902,31.27012053937807,31.476775545132455,31.699170997907345,31.93782131558595,32.19355727373653,32.4676896901438
1038,29.85189864101841,29.857880833891784,29.8758469161138,29.905855344667998,29.948003348222983,30.002426551536928,30.069298279550424,30.148828335350856,30.2412609512931,30.34687151725251,30.46596162585388,30.598852004503954,30.7458731707369,30.907354483922006,31.08361432114441,31.27495816899085,31.481697328402788,31.70420539304473,31.943025165025745,32.19901804275338,32.47351533682013
1039,29.855939532062052,29.861926115868528,29.87990535996039,29.909935684627044,29.952114243355936,30.006576522961552,30.073495608256053,30.153080902472823,30.24557600249608,30.351255338422447,30.470419134300414,30.603386302612876,30.7504852118779,30.91204322065829,31.088378070616727,31.279798272948312,31.486624956063622,31.70925078815401,31.94824578048781,32.20449979562875,32.47936260485346
1040,29.859983388628734,29.865974360898463,29.883966758658403,29.914018962932914,29.95622804714975,30.01072935229297,30.07769571155933,30.15733611314738,30.24989350057632,30.35564132664649,30.474878437500536,30.607921948384217,30.75509816385278,30.916732661002186,31.093142963827006,31.284641188919522,31.491558771065968,31.714307327677773,31.953482936999137,32.21000195895846,32.48523080730058
1041,29.864030209027362,29.87002556711235,29.888031109764484,29.9181051760645,29.960344754357777,30.01488503178524,30.081898578405514,30.161593952372982,30.25421342652419,30.36002946031914,30.479339516172047,30.612458937154543,30.75971206099541,30.921422914575885,31.097909217755443,31.289487230688508,31.496499086920494,31.71937514640075,31.95873642788007,32.215523981281535,32.49111927588888
1042,29.868079991456057,29.874079732520386,29.892098410688106,29.922194320316805,29.964464359513443,30.019043553450558,30.086104197515454,30.165854405015068,30.25853576143868,30.364419718502973,30.48380235288596,30.616997268261343,30.764326944535583,30.926114099428162,31.102677052980482,31.294336699287044,31.501446181809797,31.724454336646602,31.964006034251554,32.22106535624118,32.49702741323256
1043,29.872132733982255,29.878136854993784,29.89616865867748,29.926286391793212,29.968586856931495,30.02320490907448,30.090312557416723,30.170117455864045,30.262860486654233,30.368812081243277,30.488266932750207,30.621536945988396,30.768942862578,30.930806338529976,31.10744668585403,31.299189877344077,31.506400306520845,31.729544971908922,31.969291541532357,32.226625605417894,32.50295465973312
1044,29.87618843452441,29.882196932248917,29.900241850808584,29.930381386403553,29.972712240717897,30.027369090244463,30.094523646507298,30.1743830897816,30.26718758405849,30.37320653011659,30.492733243928058,30.626077979142735,30.77355986757277,30.935499755512467,31.112218326081916,31.304047032883375,31.51136169461779,31.73464711320713,31.974592736990644,32.23220427269672,32.508900484655385
1045,29.880247090899275,29.886259961889323,29.904317984015393,29.934479299873658,29.976840504751294,30.03153608828876,30.09873745292174,30.178651291403753,30.27151703543899,30.377603047006914,30.497201276143585,30.630620381025892,30.778178020910275,30.940194485219365,31.116992187061214,31.308908416164343,31.516330537422334,31.739760780323365,31.979909404693956,32.23780094691739,32.514864423137396
1046,29.88430870074626,29.89032594133755,29.90839705504129,29.93858012773029,29.980971642716383,30.035705894382602,30.10295396476647,30.18292204565273,30.275848823563706,30.38200161602606,30.501671022886796,30.635164169250004,30.782797385670165,30.944890657446933,31.121768469656843,31.313774263860523,31.521307021992186,31.744885999302767,31.985241338673006,32.2434152236292,32.52084601225465
1047,29.888373261578636,29.894394867881772,29.912479060471924,29.94268386531087,29.985105648079582,30.03987849947299,30.107173169951352,30.187195337372884,30.280182931426964,30.38640222221369,30.50614247999357,30.639709366011402,30.787418031615346,30.94958840776019,31.126547372823097,31.318644796147794,31.526291306049814,31.750022770549663,31.99058833284471,32.24904673115509,32.52684483527537
1048,29.892440770755854,29.898466738650257,29.916563996718537,29.946790507761534,29.989242514109264,30.044053894334922,30.11139505631502,30.19147115158853,30.28451934272499,30.390804852222345,30.510615646162478,30.644255997439302,30.792040032123566,30.954287872091925,31.131329089225005,31.323520219360944,31.53128353037249,31.755171084272945,31.99595018608835,32.254695116987705,32.532860499596836
1049,29.896511225460642,29.902541550591252,29.92065186000343,29.950900050033397,29.993382233888894,30.048232069610663,30.115619611711168,30.1957494736871,30.28885804221767,30.395209494895823,30.515090523508263,30.64880409330368,30.796663461824096,30.95898918204864,31.136113800935618,31.32840072764361,31.53628382960551,31.76033093418033,32.0013267067967,32.260360036259726,32.53889261732979
1050,29.900584622750216,29.906619300519026,29.924742646392133,29.955012486889643,29.99752480028576,30.052413015717832,30.119846823803073,30.200030288983328,30.29319901488475,30.39961613997326,30.51956711642839,30.653353687897436,30.801288402049465,30.963692475184644,31.140901688434496,31.333286498810196,31.54129230887156,31.765502287517677,32.00671770238995,32.266041177566024,32.54494084809505
1051,29.90466095947545,29.910699985041674,29.928836351748203,29.95912781290764,30.001670206030212,30.056596723058476,30.124076680514577,30.204313583605824,30.297542247436127,30.404024780005557,30.524045432563696,30.657904817125825,30.805914931113307,30.96839787995242,31.145692920477188,31.338177704607745,31.546309079043965,31.770685126132435,32.012122990342675,32.27173822517642,32.55100484053173
1052,29.908740232365346,29.914783600636383,29.93293297177712,29.963246022468866,30.005818443614828,30.06078318176185,30.128309169482577,30.208599343451567,30.301887726627058,30.40843540842792,30.528525482282078,30.66245752244572,30.810543135146645,30.973105530782618,31.1504876623095,31.343074497759005,31.551334220693377,31.775879407188143,32.01754239008369,32.2774508967687,32.557084288076965
1053,29.912822437938814,29.918870143572803,29.937032501989393,29.96736710979286,30.009969505451636,30.064972382058897,30.132544278816056,30.21288755553195,30.306235441188903,30.412848021314517,30.533007278151445,30.667011845011757,30.815173095591035,30.977815553584264,31.15528607124247,31.347977029415972,31.55636782122326,31.781085098116534,32.02297572574571,32.283178906862304,32.56317887805926
1054,29.916907572578225,29.922959609975408,29.94113493772585,29.97149106889458,30.01412338370909,30.069164313905958,30.1367819963516,30.21717820670284,30.310585380126838,30.417262616079995,30.537490836008203,30.67156783155434,30.81980490028269,30.98252807709264,31.160088297985737,31.352885432411824,31.56140994413954,31.78630215092778,32.02842282707138,32.28892199567713,32.56928833016673
1055,29.920995632466884,29.927051995773922,29.94524027414957,29.975617893654942,30.01828007052376,30.07335896743831,30.141022310490087,30.221471284967606,30.314937534240755,30.42167919222868,30.54197617307227,30.67612552803979,30.82443863322146,30.98724322401273,31.16489448791549,31.35779983803627,31.56646065594981,31.791530522137748,32.033883526727834,32.29467990445244,32.57541236413988
1056,29.925086613628764,29.931147296733116,29.949348506244007,29.979747577758303,30.022439557828136,30.077556332614336,30.14526520956457,30.22576677854329,30.319291895131244,30.426097751057625,30.546463309608214,30.680684984313928,30.82907438143502,30.99196111632,31.169704779279698,31.362720364268966,31.571520008555865,31.7967701605931,32.03935766256092,32.30045239152901,32.58155072081314
1057,29.929180511927598,29.935245508452226,29.953459628813107,29.983880114693818,30.0266018373552,30.081756399223877,30.149510681854508,30.230064675881408,30.323648455221246,30.430518295661216,30.550952268885624,30.68524625399766,30.833712234831353,30.996681875152888,31.17451930324603,31.367647116037233,31.576588039627723,31.802021007721066,32.04484507754211,32.306239232008295,32.587703161668344
1058,29.933277323022082,29.939346626336942,29.957573636508016,29.988015497889023,30.030766900957303,30.085959157503396,30.153758716597395,30.23436496701828,30.328007208960116,30.43494083083573,30.555443074165908,30.689809387600974,30.838352277021556,31.0014056145655,31.179338187433814,31.37258020177626,31.58166479637316,31.807283014172867,32.05034561724807,32.3120401949742,32.59386943847642
1059,29.93737704241238,29.943450645627024,29.961690523793436,29.99215372055545,30.03493474024384,30.090164597445323,30.1580093028669,30.238667642102428,30.332368151552657,30.439365363274817,30.55993575209044,30.694374440058823,30.842994595213497,31.006132448149117,31.18416155196553,31.377519715445146,31.5867503097856,31.812556121602086,32.05585913238258,32.31785506844852,32.600049326690794
1060,29.94147966543329,29.94755756139233,29.965810284952966,29.996294775714205,30.039105346640156,30.094372708909077,30.162262429752445,30.24297269162855,30.336731279157277,30.44379190153154,30.564430332134236,30.698941469532826,30.84763927865066,31.010862487996576,31.18898951010135,31.382465739375846,31.591844598718694,31.817840265562893,32.06138547839407,32.32368365541953,32.60624262012328
1061,29.945585187227266,29.95166736853031,29.969932914165383,30.00043865642141,30.04327871186223,30.098583482457684,30.166518087608324,30.247280107906022,30.34109658988251,30.448220455226704,30.568926842495955,30.703510529484333,30.852286409098554,31.01559583918379,31.193822173409274,31.387418362752612,31.596947695163806,31.823135393350753,32.06692451258493,32.32952574848599,32.61244909741754
1062,29.94969360277031,29.955780061762198,29.9740584054058,30.00458535548887,30.04745482733864,30.102796908352786,30.17077626657607,30.25158988336011,30.345464082702506,30.45265103611348,30.573425315036957,30.708081677951952,30.856936071769212,31.020332605885017,31.19865964546358,31.3923776600775,31.602059615096493,31.828441443464783,32.072476097588435,32.335381159299914,32.618668560853166
1063,29.953804906865855,29.959895635635235,29.978186752473277,30.008734865559916,30.051633684366152,30.107012976824024,30.17503695697684,30.25590201097748,30.349833757731517,30.457083657776593,30.57792578395828,30.71265497510103,30.86158835246539,31.025072889806268,31.2035020235449,31.397343696845326,31.607180366115642,31.8337583509836,32.07804010043708,32.34124971082338,32.6249008261579
1064,29.95791909416988,29.96401408457558,29.982317949133858,30.012887179418726,30.055815274673307,30.111231678950844,30.179300150459824,30.260216485395915,30.354205616514832,30.461518334043888,30.582428281439945,30.717230476394604,30.866243330747352,31.029816787810773,31.20834940503397,31.40231654510893,31.61230996631201,31.839086059484657,32.0836163886832,32.34713121784404,32.63114569776343
1065,29.96203615914908,29.96813540280897,29.986451988921317,30.017042289570725,30.05999958966737,30.11545300549966,30.183565838516017,30.26453330154186,30.358579661766555,30.46595508119964,30.58693284339472,30.721808241357508,30.870901088440405,31.034564394502524,31.21320187882003,31.40729626356074,31.61744842061711,31.844424506461394,32.089204835676924,32.353025511491865,32.637402999711526
1066,29.96615609609745,29.972259584391054,29.990588865210498,30.02120018839497,30.064186620705186,30.119676947338974,30.187834013002373,30.268852455100898,30.36295589743736,30.47039391716953,30.591439507414293,30.72638833050047,30.875561706706264,31.039315801421026,31.218059528400715,31.41228290451113,31.62259572898074,31.849773628285334,32.094805318648014,32.35893243074133,32.643672564992414
1067,29.970278899226912,29.9763866233277,29.994728571430528,30.025360868517225,30.068376359684237,30.12390349624468,30.192104667013155,30.27317394306118,30.367334328284073,30.47483485942837,30.595948308798654,30.73097080036416,30.880225262368526,31.044071097589665,31.222922438445323,31.417276525176305,31.62775189774527,31.855133365585516,32.10041771451267,32.364851810199866,32.64995422090459
1068,29.974404562526786,29.980516513389432,29.998871100740928,30.029524322248562,30.07256879816032,30.128132643708113,30.196377793608235,30.277497762952862,30.37171496057323,30.479277928156876,30.600459286429782,30.735555710732115,30.884891833111226,31.04883036845314,31.227790685017965,31.422277171243024,31.632916923349285,31.860503655793707,32.106041906134976,32.3707834976687,32.65624780999934
1069,29.978533079827173,29.984649248195296,30.003016446175593,30.033690541832755,30.076763927733907,30.13236438145435,30.200653386359477,30.281823913162384,30.376097801750063,30.48372314484584,30.604972480218237,30.740143121540314,30.889561495308897,31.05359369643486,31.232664339853045,31.42728488391333,31.638090799210545,31.86588443619388,32.11167777958258,32.376727346700534,32.662553181247006
1070,29.982664445022692,29.988784821477225,30.007164601030524,30.03785952002744,30.08096174084909,30.136598702372567,30.204931440131872,30.2861523930477,30.380482859231904,30.488170529304284,30.609487926574957,30.744733088210864,30.89423432165688,31.058361163300333,31.237543478213183,31.432299711175347,31.643273525717063,31.871275647605103,32.11732521932595,32.38268320497218,32.66887017638936
1071,29.986798651641777,29.992923226569758,30.011315558116735,30.042031248984813,30.085162229254877,30.140835598724095,30.209211949579412,30.29048320271704,30.384870142733348,30.49262010542361,30.6140056671332,30.749325670637518,30.89891038573245,31.063132845601558,31.242428163754198,31.437321686097334,31.64846509098868,31.87667722729219,32.12298411748577,32.38865093667596,32.6751986562212
1072,29.990935693105826,29.997064456717,30.015469310208005,30.046205720920284,30.08936538492145,30.145075063205184,30.213494910029908,30.294816343144305,30.389259662865584,30.49707189774182,30.618525743578004,30.753920927888146,30.903589759343788,31.067908817427167,31.24731845750705,31.442350839651738,31.65366548220254,31.882089113106645,32.12865436835284,32.39463040930184,32.681538485082115
1073,29.995075562744887,30.00120850508881,30.019625850058617,30.050382928131057,30.093571200055578,30.14931708895199,30.217780317471636,30.29915181613245,30.393651431081935,30.50152593138813,30.62304819761289,30.75851891821037,30.908272512572807,31.07268915046467,31.252214417949858,31.447387200795276,31.658874685679905,31.88751124356088,32.13433586836294,32.40062149347477,32.68788953064387
1074,29.99921825414509,30.00535536517566,30.02378517093473,30.05456286372504,30.09777966801903,30.153561670504246,30.222068169215902,30.303489624123927,30.39804545802849,30.50598222865716,30.62757306620307,30.763119694474256,30.91295871181194,31.077473916883946,31.25711610938032,31.452430808247414,31.664092697412116,31.892943562012533,32.14002851113423,32.40662405018105,32.69425164874809
1075,30.00336376026587,30.009505029784123,30.027947265259,30.05874551975444,30.10199078096747,30.15780880131547,30.226358462166047,30.307829770650073,30.402441757753763,30.510440817817653,30.63210039385649,30.767723315981527,30.917648424897266,31.082263181940277,31.262023580313837,31.45748168007799,31.66931949589815,31.898386005911163,32.14573220029047,32.41263796366502,32.700624722431655
1076,30.00751207411156,30.01365749180087,30.032112125641504,30.062930888635435,30.106204531646767,30.16205847564703,30.23065119413434,30.312172259989552,30.40684034450601,30.514901726411267,30.636630223280974,30.772329839481472,30.922341717203494,31.08705700960155,31.266936879917125,31.46253983684352,31.67455506280845,31.903838514978872,32.151446839705386,32.418663116402854,32.707008632238
1077,30.01166318862073,30.017812744065736,30.03627974470379,30.06711896289943,30.110420913069845,30.166310688217493,30.234946363582935,30.31651709719955,30.41124123328416,30.51936498245476,30.64116259709749,30.776939320851625,30.927038652413785,31.09185546156641,31.271856055021146,31.467605297339446,31.67979937918119,31.90930102970134,32.15717233527323,32.424699393667765,32.71340326163943
1078,30.0158170969068,30.021970779638764,30.04045011542229,30.07130973564216,30.114639919053843,30.17056543472853,30.239243969930442,30.320864287896086,30.4156444387811,30.523830612426195,30.645697555178685,30.781551812668454,30.931739291619124,31.096658599063744,31.276781154905393,31.472678085170855,31.68505243125003,31.91477349362225,32.16290859205486,32.430746676307024,32.71980848849313
1079,30.019973791918687,30.02613159141805,30.04462323062228,30.07550319984,30.118861543374692,30.174822710999138,30.243544012987,30.325213838486548,30.42004997694471,30.52829864440912,30.650235138945447,30.786167368271833,30.936443695023,31.101466480202475,31.281712223703266,31.47775821807761,31.690314200830073,31.920255849415923,32.16865551878044,32.43680485248075,32.72622419899079
1080,30.024133266599847,30.03029517231755,30.04879908320902,30.07969934865622,30.12308578013841,30.179082513336198,30.24784649318201,30.329565756038903,30.424457864266742,30.53276910670553,30.654775389506483,30.790786040039677,30.941151921265146,31.106279161181988,31.28664930372338,31.48284571254078,31.695584669429252,31.925748040530948,32.174413025869626,32.44287380969416,32.73264812550207
1081,30.02829551379932,30.0344615151634,30.052977666024276,30.0838981752392,30.127312623520993,30.183344838257653,30.252151411367493,30.33392004832274,30.42886811823081,30.537242028781463,30.6593183489843,30.795407880677715,30.94586402801542,31.11109669555566,31.29159243315621,31.487940580479346,31.700863815197522,31.931250009850714,32.18018101914362,32.44895121851067,32.738958600436206
1082,30.03246052636024,30.03863061279742,30.057158971987803,30.0880996729216,30.131542068028637,30.187609682776497,30.256458769031838,30.338276723793513,30.433280756884415,30.54171744031322,30.66386405913221,30.800032941828192,30.950580071280854,31.115919134934586,31.296541648453854,31.493042832753645,31.706151616130228,31.936761694039888,32.185958798622494,32.45501916692456,32.74517366941694
1083,30.03662829714318,30.042802458099175,30.06134299412099,30.09230383524192,30.13577410851059,30.191877044396733,30.260768568271146,30.34263579153628,30.43769579876613,30.54619537112444,30.668412561317894,30.804661274123248,30.955300105514084,31.120746529113433,31.301496984417156,31.498152479129885,31.711448047093995,31.942282895816447,32.19174317740976,32.461065468312086,32.75133212972668
1084,30.04079881902271,30.04697704398103,30.065529725533793,30.096510655920497,30.14000874012146,30.196146921064667,30.26508081174029,30.346997261242507,30.442113262937426,30.55067585129649,30.672963896706676,30.809292927390516,30.960024183750875,31.125578926035928,31.306458473918838,31.50326952706422,31.71675305498553,31.947812966167305,32.197529854209336,32.46708826838642,32.75744726647355
1085,30.04497208490062,30.05115436340168,30.06971915944007,30.1007201288744,30.144245958335034,30.200419311178564,30.26939550265479,30.351361143197835,30.446533168955284,30.55515891113015,30.677518106221044,30.813927950624645,30.96475235760596,31.130416371818455,31.311426147743134,31.50839397659115,31.722066494255387,31.953350741615623,32.2033154210427,32.47308827606889,32.76352665767257
1086,30.04914808771855,30.055334409378702,30.07391128916902,30.104932248228522,30.148485758951267,30.204694213588482,30.27371264478097,30.35572744826078,30.450955536840922,30.559644581108557,30.682075230510748,30.818566391978152,30.96948467729436,31.135258910757727,31.316400033674427,31.513525807689916,31.727388071678547,31.95889481012358,32.209097561116266,32.47906682274191,32.76957530738724
1087,30.053326820471796,30.059517175002384,30.078106108178247,30.10914700832592,30.152728138102816,30.20897162759502,30.278032242422,30.360096187835666,30.4553803870416,30.56413289185815,30.686635309923986,30.823208298756356,30.974221191651395,31.14010658517259,31.321380153595214,31.518664960537308,31.732717343360775,31.964443791175825,32.21487473793081,32.48502524033705,32.775596975379756
1088,30.057508276221824,30.063702653447592,30.082303610065594,30.113364403736625,30.156973092257488,30.213251552943632,30.282354300401437,30.36446737384432,30.459807740395036,30.568623874111722,30.691198384482902,30.827853717415678,30.97896194810295,31.14495943470149,31.326366518033183,31.523811322424763,31.738053768346447,31.969996433085498,32.22064592118346,32.49096481862546,32.78159455248573
1089,30.06169244810752,30.067890837984805,30.08650378857874,30.11758442926606,30.16122061822398,30.217533989823607,30.286678824055798,30.368841018710327,30.464237618104107,30.573117558681872,30.695764493862214,30.832502693545848,30.983706992537975,31.14981749518705,31.331359121289665,31.528964726488255,31.74339674951125,31.975551632308964,32.22641045782069,32.496886765877264,32.787570296236424
1090,30.065879329357756,30.072081721993868,30.09070663762668,30.12180707996464,30.165470713157106,30.221818938867045,30.291005819221482,30.373217135335437,30.46867004170906,30.57761397643094,30.70033367736505,30.83715527183182,30.98845636902024,31.154680796915954,31.336357936778597,31.53412495716094,31.748745669035372,31.981108441664674,32.23216795940351,32.50279216565366,32.793526054744234
1091,30.070068913304794,30.07627529897428,30.094912151291965,30.126032351135848,30.16972337455985,30.22610640114351,30.29533529222175,30.37759573707632,30.473105033054424,30.582113158238826,30.704905973893403,30.84181149597606,30.993210119283617,31.159549362469818,31.341362914005572,31.539291759355024,31.75409991826149,31.98666606661817,32.23791819951174,32.50868198398558,32.799463400718366
1092,30.0742611933959,30.080471562559808,30.099120323841134,30.130260238344704,30.173978600288535,30.230396378155774,30.29966724985229,30.381976837721083,30.477542614260415,30.586615134972476,30.709481421911335,30.846471408554464,30.99796828201312,31.164423204722425,31.346373978333645,31.544464849658766,31.759458915340133,31.992223844446073,32.24366105793928,32.514557093851806,32.80538368627566
1093,30.078456163206283,30.084670506527686,30.10333114973389,30.134490737424642,30.17823638855225,30.234688871835203,30.304001699367802,30.386360451468136,30.481982807697364,30.591119937457336,30.714060059390192,30.85113505078766,31.00273089198282,31.16930232536481,31.35139103278732,31.549643926882027,31.764822113892194,31.99778122017557,32.24939649365933,32.520418290562475,32.81128807809142
1094,30.082653816455206,30.088872124816646,30.107544623637978,30.138723844486037,30.18249673791655,30.238983884532104,30.3083386484613,30.390746592893606,30.48642563594302,30.595627596421537,30.718641923671896,30.855802462039605,31.00749797875085,31.17418671393318,31.3564139625542,31.554828684705683,31.770189006641772,32.00333771912369,32.255124519589174,32.526266303006764,32.81717760544706
1095,30.086854146997723,30.093076411517472,30.111760740421232,30.142959555912,30.186759647301074,30.24328141902089,30.31267810527453,30.395135276968006,30.49087112180416,30.600138142518745,30.72322705151737,30.860473680044038,31.01226956742778,31.17907634871449,31.36144263269506,31.560018803709227,31.775559122473,32.00889296537821,32.26084521455061,32.53210178574841,32.82305313732837
1096,30.091057148860898,30.097283360908136,30.11597949518176,30.147197868377816,30.191025115983564,30.247581478480697,30.317020078353266,30.399526518987102,30.495319288226653,30.60465160619657,30.727815478764512,30.865148739777055,31.01704567614439,31.183971195534582,31.366476897800624,31.56521397524574,31.780932031775762,32.0144466302018,32.26655867065341,32.53792534228285,32.82891547900232
1097,30.09526281623556,30.101492967446006,30.120200883240386,30.151438778844977,30.19529314359704,30.251884066497496,30.321364576655412,30.40392033458471,30.49977015830609,30.60916801768667,30.73240724029546,30.86982767361735,31.02182631708837,31.188871209422757,31.371516600046505,31.57041389172747,31.78630734154308,32.01999845095878,32.27226500975826,32.54373752209153,32.83476533438778
1098,30.099471143492792,30.105705225783026,30.124424900153826,30.155682284569878,30.199563730131217,30.25618918705561,30.325711609530913,30.408316739701718,30.504223755246358,30.61368740694064,30.73700236987338,30.874510510849404,31.026611495467307,31.19377633426319,31.37656157342576,31.575618256466157,31.79168469713835,32.0255482096664,32.277964361580075,32.54953882979413,32.84060334771965
1099,30.10368212520615,30.109920130786918,30.128651541730903,30.159928383112685,30.203836875929483,30.26049684452056,30.330061186687658,30.41271575053287,30.508680102267988,30.61820980341804,30.7416008996301,30.879197276827483,31.031401209377805,31.198686505662977,31.381611650084608,31.580826787091382,31.79706377507148,32.03109571680409,32.2836568542408,32.55532974023987,32.84643011826785
1100,30.107895756134667,30.11413767752498,30.132880804019862,30.164177072329267,30.20811258168908,30.264807043649228,30.334413318214445,30.417117383560026,30.51313922265507,30.62273523618603,30.74620286036611,30.883887993687665,31.03619545053948,31.20360164980258,31.386666655106183,31.58603920933774,31.802444285371337,32.03664082801765,32.28934263188552,32.561110684575226,32.85224617540308
1101,30.11211203125589,30.118357861295067,30.137112683332873,30.168428350384318,30.21239084845763,30.269119789565025,30.338768014531183,30.421521655473953,30.517601139621604,30.627263733628524,30.750808280881586,30.88858267923979,31.040994203870127,31.208521686687618,31.391726415303935,31.591255264674942,31.807825963827327,32.04218341728176,32.29502183562988,32.56688206988429,32.85805201378736
1102,30.11633094578366,30.12258067764168,30.141347176256488,30.172682215753582,30.216671677623708,30.27343508773407,30.34312528634365,30.425928583085806,30.522065876122895,30.631795323080723,30.75541718753965,30.893281347112293,31.04579744922114,31.213446533309252,31.396790760738952,31.59647470685644,31.813208564536183,32.04772337476982,32.30069460898915,32.572644279954716,32.86384809643283
1103,30.12055249510871,30.126806122301446,30.14558427961174,30.176938667208162,30.22095507093536,30.277752944027043,30.347485144762175,30.430338183541437,30.52653345528381,30.636330031697582,30.76002960561999,30.897984007559558,31.050605158855547,31.218376095257668,31.401859514101204,31.601697301237834,31.818591880088377,32.05326063455061,32.306361103058975,32.57839765674487,32.869634821202226
1104,30.12477667489901,30.13103419129493,30.149823990521725,30.181197703840837,30.225241030467316,30.282073364610596,30.351847601091833,30.4347504739402,30.531003899653285,30.640867885014302,30.764645557184906,30.90269066628497,31.055417301526006,31.223310280086935,31.406932508251487,31.606922827317078,31.8239757102171,32.05879512660323,32.31202146015232,32.58414253454686,32.87541258323671
1105,30.12900348103466,30.135264880867226,30.15406630636795,30.185459325049237,30.229529558643208,30.286396356019907,30.356212666972908,30.43916547159199,30.535477231704533,30.645408907890214,30.769265062426484,30.90740132509245,31.060233839731893,31.228248988774,31.412009575189074,31.612151077188855,31.82935988154668,32.06432680745286,32.31767582577862,32.589879217668965,32.881181733450944
1106,30.133232909645642,30.139498187522292,30.1583112248141,30.189723530542153,30.233820658216644,30.29072192510472,30.360580354275612,30.443583193820132,30.53995347347228,30.649953123926593,30.773888139049575,30.91211598199044,31.065054731833698,31.23319212042952,31.417090551012166,31.61738185493101,31.834744237190648,32.06985564501588,32.32332434199901,32.59560799288943,32.886942600022735
1107,30.137464957139343,30.143734108048136,30.16255874382466,30.19399032034596,30.238114332260693,30.29505007899769,30.364950675037733,30.44800365784704,30.544432646332893,30.65450055506625,30.77851480173365,30.916834630996505,31.069879933282095,31.23813957581774,31.422175280281863,31.622614977029514,31.840128628723164,32.075381606268024,32.328967142271836,32.60132913867824,32.89269550557168
1108,30.14169962013966,30.147972639460818,30.16680886162419,30.19825969479092,30.242410584191475,30.299380825186233,30.36932364160606,30.452426881058784,30.548914771517673,30.659051222508367,30.78314506329457,30.921557262423164,31.07470939371194,31.243091249632585,31.427263606799613,31.627850271871125,31.845512933334987,32.080904683822155,32.33460436386417,32.60704290438247,32.898440729319134
1109,30.145936895589728,30.152213779097167,30.171061576759996,30.202531654522147,30.246709417705063,30.30371417134603,30.373699266309416,30.456852880400902,30.553399869048746,30.663605145134,30.78777893327731,30.926283863769413,31.079543063264566,31.24804704296122,31.432355385275628,31.633087576042215,31.850897026104462,32.086424858201894,32.34023613357044,32.61274954208761,32.904178559679394
1110,30.15017678064288,30.156457524517464,30.175316888038537,30.206806200493588,30.25101083685496,30.30805012553816,30.378077561846396,30.461281673093538,30.55788795896308,30.668162341194204,30.79241641918793,30.931014418115808,31.084380885191763,31.253006850329086,31.437450470848944,31.638326740509626,31.856280808836573,32.091942134342446,32.345862579344214,32.618449274511704,32.909909244283654
1111,30.154419272783116,30.160703873610885,30.17957479458738,30.211083333956026,30.255314845929888,30.312388695920788,30.38245854072818,30.465713275642656,30.562379059768432,30.672722826525217,30.797057525881485,30.935748907396373,31.08922280532431,31.2579705731755,31.442548726715472,31.643567619627618,31.86166417887523,32.09745650818837,32.35148382440923,32.624142326602055,32.91563303553477
1112,30.158664369719077,30.16495282450404,30.18383529580575,30.215363056479134,30.259621449583847,30.316729891045952,30.386842215846798,30.470147704827752,30.566873189909927,30.677286616059405,30.80170225565047,30.940487308651996,31.09406876301989,31.262938108512174,31.44765001967471,31.648810083124147,31.86704705620133,32.102967992158085,32.357099988503535,32.62982889999921,32.92135015579544
1113,30.162912069496656,30.169204375654715,30.188098391403287,30.219645369893442,30.26393065262829,30.32107371941663,30.39122859966625,30.474584976399,30.57137036606906,30.681853722506276,30.806350609134483,30.945229599523145,31.09891870172339,31.2679093599387,31.45275422180066,31.65405400058995,31.872429354663836,32.10847659181536,32.36271118928494,32.63550919882806,32.92706083191274
1114,30.167162370390656,30.173458525763408,30.192364081370954,30.223930276367412,30.268242460275246,30.325420189991462,30.395617705124835,30.479025106479128,30.57587060487532,30.68642415744057,30.811002583861068,30.949975752125738,31.103772558315256,31.272884227609893,31.457861210380884,31.659299257770442,31.877811009787024,32.11398232677101,32.36831754008426,32.641183405187576,32.932765262303064
1115,30.171415270954526,30.1777152738141,30.196632365993366,30.228217778368844,30.272556878018975,30.329769311941448,30.400009545202238,30.483468110897263,30.580373922106332,30.69099793082387,30.815658174996145,30.95472573598795,31.10863026809102,31.27786261278999,31.462970867740353,31.664545748867624,31.883191965922776,32.11948522124254,32.373919151060136,32.64685169042036,32.9384636320998
1116,30.175670770102954,30.181974619136497,30.200903245850725,30.23250787855858,30.27687391135595,30.334121094103978,30.404404132009574,30.487914003906894,30.58488033135552,30.695575050555476,30.820317377315973,30.959479523737514,31.11349177341077,31.282844425109033,31.46808308028318,31.669793362891085,31.88857215381387,32.124985286453466,32.379516129508715,32.65251423644975,32.94415614285765
1117,30.179928866960665,30.18623656129131,30.205176721813643,30.236800579982173,30.281193566291734,30.338475545971676,30.408801478441546,30.49236280052088,30.58938984647523,30.700155523326885,30.824980181655064,30.96423708074377,31.118357007871452,31.28782956922919,31.47319774019087,31.67504200861123,31.89395153164196,32.13048255273998,32.38510857915372,32.658171196882506,32.94984295848178
1118,30.18418956094939,30.190501100135748,30.209452795045763,30.241095885958487,30.285515849047727,30.34283267712101,30.41320159722312,30.49681451516676,30.593902480173597,30.704739354138724,30.82964657696249,30.9689983710839,31.123225905404638,31.292817952494886,31.478314744432055,31.680291600210182,31.899330061430135,32.135977051069574,32.390696600517856,32.66382271940557,32.955524236381905
1119,30.18845285184608,30.19476823585876,30.213731466963736,30.245393799904775,30.28984076567275,30.347192496520734,30.417604499858896,30.50126916038488,30.598418242945797,30.70932654648294,30.834316553067424,30.973763363614353,31.128098408301526,31.29780949062905,31.4834339923068,31.68554204348601,31.904707688312612,32.14146879690446,32.396280291780556,32.66946896646016,32.961200155460176
1120,30.192718739650047,30.199037968897244,30.218012739309415,30.249694325690086,30.294168322841017,30.351555013967925,30.422010198839985,30.505726749612165,30.60293714544997,30.713917102156586,30.83899009500749,30.97853201908049,31.13297444980776,31.30280409501762,31.488555390229862,31.690793265383036,31.91008438552518,32.14695782525689,32.40185974709948,32.675110070717324,32.96687085558278
1121,30.19698722466734,30.203310299988686,30.222296614101083,30.253997467403906,30.29849852733247,30.35592023915484,30.426418706214577,30.510187295386004,30.607459196987122,30.718511021410052,30.843667186722655,30.98330429845049,31.137853965326656,31.30780168084334,31.493678848570767,31.69604519492509,31.915460125450977,32.152444168165346,32.40743505774168,32.68074616375429,32.97253647652485
1122,30.201258307505782,30.207585230144332,30.226583093540967,30.258303229145497,30.3028313856463,30.360288181065926,30.43083003280111,30.514650808582076,30.61198440523276,30.723108303857202,30.84834781369574,30.988080167073576,31.142736896558233,31.312802168519795,31.498804277907766,31.7012977542808,31.920834869072735,32.157927848225086,32.413006314534755,32.6863773866732,32.97819717113299
1123,30.20553198904929,30.211862760677548,30.230872180209644,30.262611615516676,30.307166904944495,30.364658849501666,30.435244190264655,30.519117300597827,30.616512777375647,30.727708946701227,30.853031956443658,30.992859583379868,31.14762317903859,31.317805477600416,31.503931597394,31.706550883527086,31.92620859789497,32.163408900155275,32.418573602783226,32.692003858161115,32.98385306431618
1124,30.20980827047208,30.216142893180972,30.23516387692905,30.266922631279783,30.311505092401205,30.36903225403273,30.43966118969928,30.523586781873405,30.62104431936814,30.73231294598463,30.85771959498942,30.997642506580405,31.152512750567723,31.322811530815784,31.509060728962766,31.711804523789738,31.931581292336432,32.16888735629834,32.42413700580579,32.697625696116006,32.98950428076478
1125,30.21408715318529,30.2204256294541,30.23945818663151,30.271236281127187,30.315845954838892,30.37340840350447,30.44408104109084,30.52805926154548,30.625579036148565,30.736920297761515,30.862410711061216,31.00242889931036,31.157405552982425,31.32782025345034,31.51419159366543,31.7170586116967,31.936952926830088,32.174363245095094,32.42969660744302,32.703243022660445,32.99515095056222
1126,30.218368638934066,30.224710971653963,30.243755112675217,30.275552570282457,30.320189499727235,30.37778730746919,30.448503754997716,30.53253474878545,30.630116931548685,30.741530995261712,30.867105281812655,31.007218719031698,31.162301524917098,31.332831572728765,31.51932412138376,31.722313097736162,31.942323489070304,32.1798366005836,32.43525248560161,32.70885594466591,33.00079318580072
1127,30.222652729717993,30.22899892217589,30.248054658603564,30.279871504049936,30.32453573444377,30.3821689751378,30.452929341337097,30.537013251858184,30.63465800841459,30.746145031008666,30.871803284409395,31.012011924234173,31.167200606945926,31.337845418127586,31.52445824371773,31.727567932994475,31.947692966206716,32.185307455655675,32.440804716948605,32.71446456778153,33.006431097414804
1128,30.22693942766415,30.2332894835003,30.252356827913218,30.284193087458846,30.328884665773387,30.38655341477795,30.457357808839163,30.541494777933508,30.63920226916889,30.75076239842764,30.876504698575275,31.01680847714823,31.17210274308661,31.342861720281007,31.529593889869034,31.73282306315889,31.953061339527494,32.19077584012058,32.44635337932448,32.720069002394496,33.012064802231635
1129,30.231228735366415,30.237582658614997,30.25666162472652,30.288517326339957,30.33323630148078,30.39094063569206,30.461789166984772,30.54597933404085,30.643749714432772,30.75538308693433,30.881209498141516,31.021608334021494,31.17700787447751,31.347880413363498,31.534731000138322,31.738078449768977,31.958428604421556,32.19624178891365,32.45189854354419,32.725669342044625,33.01769439730714
1130,30.235520655628534,30.24187845069565,30.260969053282224,30.292844226510567,30.33759064911999,30.395330646719856,30.46622342453827,30.550466926346587,30.648300344069526,30.760007085653456,30.88591765744519,31.026411452480602,31.181915944164757,31.352901433285524,31.539869515705902,31.74333405412625,31.963794755264246,32.2017053358814,32.457440279604896,32.731265679767716,33.02331997935738
1131,30.239815191445473,30.246176863087726,30.265279117922432,30.297173793771435,30.341947716052573,30.399723456289507,30.470660589635372,30.554957560256526,30.652854157244235,30.7646343833556,30.890629151088092,31.031217791157076,31.186826896777177,31.357924717670528,31.54500937903373,31.74858983797145,31.969159786003956,32.207166513885625,32.46297865636569,32.73685810761697,33.02894164426158
1132,30.244112345855,30.250477899132022,30.269591822840198,30.301506033536327,30.346307508946666,30.40411907183733,30.4751006692793,30.559451240271926,30.657411152996985,30.769264970012273,30.89534395638026,31.036027312328315,31.19174068010051,31.362950205005404,31.550150529992322,31.753845757463807,31.97452368441901,32.212625352202,32.46851374376746,32.74244672314609,33.0345594948958
1133,30.248412122494187,30.25478156282003,30.273907173025464,30.30584095222264,30.350670035658254,30.408517501987603,30.47954367123168,30.563947970529966,30.661971328092136,30.773898830957364,30.90006204416551,31.04083997200081,31.19665723916677,31.367977837829017,31.555292920402394,31.7591017857859,31.979886453679057,32.218081886287166,32.47404560449917,32.74803160506934,33.0401736117214
1134,30.25271452513215,30.25908785824373,30.27822517347107,30.310178556084054,30.35503530365196,30.412918754722398,30.483989602425027,30.568447754350018,30.666534678823552,30.778535951788797,30.904783386523945,31.045655728235943,31.201576521216566,31.373007560055555,31.560436501826473,31.76435789416587,31.985248094243445,32.223536149579104,32.479574300994216,32.7536128336958,33.04578407747698
1135,30.257019557567503,30.26339678948665,30.2825458290489,30.31451885107259,30.359403319866658,30.417322837290783,30.48843846897074,30.5729505943915,30.671101201338047,30.78317631880219,30.90950795718385,31.05047454136701,31.206498475582862,31.378039316488866,31.565581224797995,31.76961405103941,31.990608603205374,32.22898817327746,32.48509989588928,32.75919049191572,33.05139097830056
1136,30.261327223689477,30.26770836069278,30.286869144600246,30.318861842959564,30.363774090865434,30.42172975636521,30.492890276271112,30.57745649264416,30.67567089141852,30.787819918521564,30.91423573085666,31.055296373341832,31.21142305336525,31.38307305314578,31.570727039907297,31.774870223640903,31.99596797577084,32.234437986993214,32.49062245139726,32.764764663464916,33.05699440165051
1137,30.26563752801127,30.27202257666653,30.29119512572379,30.32320753839076,30.368147624139795,30.4261395194016,30.49734502999695,30.58196545034332,30.68024374259528,30.79246673360973,30.91896667744072,31.060121181991178,31.216350204588196,31.388108720070875,31.575873907263997,31.780126391869885,32.0013262181497,32.23988562440519,32.49614202384521,32.77033541779741,33.06259441819094
1138,30.26995047511349,30.276339442246353,30.29552377795318,30.327555943785114,30.37252392674833,30.430552133219408,30.50180273506726,30.586477468058376,30.684819748117548,30.79711674713718,30.923700768071797,31.064948927011415,31.221279881167106,31.393146268398084,31.581021786619658,31.785382533816403,32.00668333409931,32.24533111735519,32.501658669375956,32.775902825875846,33.06819110070052
1139,30.27426606965105,30.28065896231783,30.299855106787447,30.33190706539517,30.3769030054155,30.434967604136546,30.506263395792473,30.59099254578257,30.68939890089689,30.801769942291003,30.928437974580845,31.069779569301147,31.22621203641677,31.398185650389905,31.586170638160183,31.790638627175383,32.012039326394415,32.250774496638144,32.50717244351745,32.781466958577596,33.073784522092694
1140,30.2785843162186,30.284981141666776,30.304189117510646,30.33626090908291,30.381284866277383,30.43938593773214,30.510727015746795,30.595510683037276,30.693981193954926,30.80642630319153,30.933178270534256,31.07461307187333,31.23114662535511,31.403226818728513,31.591320420724173,31.795894646864724,32.01739419475388,32.25621579122458,32.51268340224135,32.7870278918291,33.07937584722288
1141,30.282905219668066,30.289305985334863,30.308525815655287,30.340617480933986,30.385669515630525,30.44380713961374,30.51519359829365,30.600031878770096,30.69856661929009,30.81108581253511,30.937921627975243,31.07944939671819,31.236083603253178,31.408269728234245,31.59647109716417,31.801150572707343,32.02274794289855,32.2616550312963,32.51819160351272,32.792586391232476,33.08500132063324
1142,30.28722878509734,30.293633498604322,30.312865206975005,30.344976787210157,30.390056959857986,30.448231215317094,30.519663146481037,30.60455613128994,30.703155167920897,30.815748451815693,30.942668017837946,31.084288505316124,31.24102292602322,31.413314335848895,31.601622633736383,31.806406388322216,32.02810057740311,32.267092250002975,32.52369728258873,32.79814797817744,33.0906564333647
1143,30.29155501766769,30.29796368679507,30.317207297183643,30.349338834007995,30.39444720501899,30.452658169894505,30.52413566276914,30.609083438343305,30.707746830524854,30.82041420261902,30.947417411712195,31.089130360311742,31.245964550959172,31.418360599659195,31.60677499717451,31.81166207699829,32.0334521047821,32.27252751968109,32.52920144920631,32.80371638685119,33.09632919724362
1144,30.29588392264901,30.30229655531673,30.321552092028924,30.353703627365803,30.39884025698842,30.45708800806875,30.528611149152766,30.613613797128266,30.712341597253555,30.82508304618085,30.95216978118691,31.093974924835948,31.25090843636741,31.423408479172224,31.611928155762428,31.81691762362715,32.03880254163505,32.27796105709825,32.53470543713752,32.80929228358076,33.10201544844887
1145,30.300215505399706,30.306632109649968,30.325899597275964,30.358071173249925,30.40323612145187,30.461520734241503,30.53308960718664,30.618147204339323,30.71693945779407,30.829754963455287,30.95692509790439,31.09882216251981,31.25585454151394,31.42845793518893,31.61708207923016,31.82217301614014,32.044151932520776,32.28339322709496,32.540210316580556,32.81487548031282,33.10771284452176
1146,30.304549771359916,30.310970355338725,30.330249818697553,30.362441477544508,30.407634803893245,30.46595635248127,30.537571037977273,30.622683656163872,30.72154040137451,30.83442993512648,30.96168333357724,31.10367203751366,31.260802826642248,31.43350892983915,31.622236739120808,31.827428249538514,32.04950036645437,32.288824468518044,32.54571684357819,32.82046558595198,33.113419858394934
1147,30.308886726043397,30.315311297979918,30.334602762059887,30.366814546029275,30.412036309566247,30.470394866488675,30.54205544214733,30.627223148255894,30.72614441675165,30.83910794162165,30.966444460028413,31.108524514549458,31.265753253057767,31.438561426771685,31.627392110034066,31.8326833325836,32.054847979921874,32.29425521935224,32.55122550039084,32.82606221181106,33.11913541373593
1148,30.313226375010743,30.319654943202067,30.33895843311393,30.37119038439448,30.416440643539204,30.474836279678073,30.546542819949877,30.631765675868394,30.730751492338015,30.84378896319248,30.971208449185553,31.113379558820043,31.270705782898744,31.443615390983837,31.632548170172186,31.837938287911925,32.06019493656419,32.299685884135044,32.55673662814462,32.83166498549457,33.12485864451435
1149,30.31756872386711,30.324001296659787,30.343316837583302,30.37556899821749,30.420847810659552,30.479280595129637,30.55103317121484,30.63631123380287,30.7353616161663,30.84847297990865,30.975975273117058,31.118237136063385,31.275660379302565,31.44867078932674,31.637704903240603,31.84319315523942,32.065541419783415,32.305116816979876,32.562250454485024,32.83727356479221,33.130588860539376
1150,30.321913778251712,30.32835036402355,30.34767798115263,30.379950392949752,30.42525781553951,30.48372781557606,30.555526495338768,30.64085981640568,30.73997477589529,30.853159971674188,30.980744904055825,31.123097212599646,31.280617006522164,31.453727591042025,31.642862299979186,31.848447990832653,32.07088762161652,32.31054832013416,32.567767121343934,32.842887642666994,33.13632551450286
1151,30.326261543825353,30.33270215096593,30.352041869452478,30.3843345739013,30.429670662542094,30.48817794339226,30.5600227912812,30.645411417574792,30.744590958826507,30.85784991825244,30.985517314430354,31.12795975538421,31.285575630122025,31.458785768528344,31.64802035951425,31.853702864914567,32.076233731501986,32.3159806465477,32.57328671363024,32.84850694651868,33.142068159777466
1152,30.330612026247366,30.337056663143187,30.356408508053732,30.388721546254317,30.43408635582057,30.492630980664273,30.564522057660213,30.64996603086871,30.749210152005105,30.862542799328764,30.99029247686468,31.13282473196398,31.290536217034685,31.463845297565456,31.653179087980618,31.858957854037158,32.08157992878171,32.32141401761794,32.57880929468337,32.854131226883624,33.14781639558248
1153,30.33496523119146,30.341413906207208,30.36077790246867,30.393111315047634,30.438504899280645,30.497086929127022,30.569024292668928,30.65452364941325,30.753832342136207,30.867238594462208,30.99507036419027,31.137692110549438,31.295498735615013,31.46890615727432,31.658338499456136,31.86421304660462,32.086926389333996,32.32684860972921,32.58433487617441,32.859760265946136,33.15356991393895
1154,30.339321164293892,30.34577388575559,30.36515005810577,30.397503885142896,30.442926296565304,30.501545790175726,30.573529494120862,30.65908426597923,30.75845751568562,30.871937283191926,30.999850949561107,31.142561860275634,31.30046315654846,31.47396833207472,31.663498615258106,31.869468529048163,32.09227326755456,32.33228457867426,32.58986347897718,32.86539386346698,33.15932841190312
1155,30.343679831188922,30.350136607366892,30.369524980305982,30.401899261258166,30.447350551082422,30.506007564882168,30.578037659446466,30.66364787295663,30.763085658831017,30.876638844973115,31.00463420637459,31.14743395102124,31.305429452147393,31.4790318097767,31.66865946310486,31.874724395441092,32.097620712642424,32.33772204497677,32.59539508610749,32.87103184471334,33.16509165794838
1156,30.348041237449024,30.354502076542985,30.373902674290036,30.406297447926477,30.45177766598323,30.51047225400248,30.582548785737117,30.668214462435458,30.767716757570838,30.88134325929974,31.00942010843221,31.152308353800947,31.31039759748967,31.48409658339716,31.67382107494774,31.87998073274173,32.10296885442796,32.34316112078352,32.60092969663299,32.8766740446585,33.170859414404674
1157,30.35240538860586,30.358870298729187,30.378283145177363,30.41069844951329,30.456207644173958,30.51493985797765,30.587062869733757,30.672784026179556,30.772350797688375,30.88605050567577,31.014208629940185,31.157185040738568,31.315367569922557,31.489162649459388,31.678983486317236,31.88523762884512,32.10831781495568,32.34860189731506,32.60646729158617,32.88232031503787,33.176631484064444
1158,30.356772290135552,30.363241279299984,30.38266639797348,30.41510227020592,30.460640488310105,30.51941037693655,30.591579907838423,30.677356555647975,30.776987764780188,30.890760563643028,31.018999745533733,31.16206398513083,31.320339349364247,31.494230008720592,31.68414673609641,31.890495168025268,32.11366770339748,32.35404445270876,32.61200785125533,32.88797051978963,33.182407686072054
1159,30.36114194742771,30.367615023529822,30.387052437545663,30.419508913997277,30.46507620079302,30.52388381070881,30.59609989614438,30.68193204204198,30.78162764432227,30.89547341289392,31.023793430514843,31.16694516185646,31.325312918390523,31.499298664478033,31.68931086309965,31.895753430908087,32.11901862231099,32.359488856633334,32.617551350991675,32.89362453182753,33.188187857060996
1160,30.365514365802255,30.37199153660913,30.391441268636243,30.423918384695583,30.469514783772638,30.52836015881769,30.600622830419752,30.686510476281285,30.78627042164385,30.90018903323653,31.028589660750015,31.17182854706806,31.330288261842213,31.5043686232558,31.6944759087894,31.901012495831196,32.12437066366033,32.36493516531556,32.62309776307984,32.899282236195916,33.19397185161188
1161,30.369889550466155,30.37637082360351,30.39583289582845,30.42833068590153,30.47395623914241,30.53283942049802,30.605148706151056,30.69109184907262,30.79091608202583,30.904907404754113,31.033388412968407,31.176714118642906,31.335265366897488,31.509439893102638,31.699641913540518,31.90627243705751,32.129723913529176,32.37038342997795,32.62864705982349,32.904943524430905,33.199759532844894
1162,30.374267506607794,30.380752889542464,30.400227323620925,30.432745821057097,30.478400568549716,30.537321594658067,30.609677518449303,30.695676150757777,30.79556461046934,30.909628507413572,31.03818966407522,31.181601855373515,31.340244223504044,31.514512487502373,31.704808922990765,31.91153332686565,32.135078444177225,32.375833682181565,32.63419920455334,32.91060830468092,33.205550794849216
1163,30.37864823921535,30.38513773924842,30.404624556286024,30.437163793356603,30.482847773383412,30.54180667996343,30.614209262244287,30.700263371629603,30.800215992183382,30.914352321871263,31.04299339243056,31.18649173815936,31.345224822966713,31.519586418155313,31.709976977443944,31.916795231927892,32.140434327309094,32.381285961133585,32.639754170712365,32.916276482420415,33.21134551844301
1164,30.383031753206296,30.389525377458597,30.409024597970244,30.4415846058086,30.487297854780763,30.546294674773947,30.61874393214208,30.70485350170003,30.804870212226092,30.919078828887052,31.047799576954105,31.19138374925467,31.350207159081833,31.524661700006163,31.715146119057863,31.922058215931713,32.14579162510131,32.386740294192236,32.645311927774856,32.92194797431165,33.217143603017064
1165,30.38741805345518,30.393915808851432,30.413427452715894,30.446008261249233,30.491750813628016,30.55078557713,30.623281522393597,30.709446530649245,30.80952725542602,30.923808009195227,31.05260819693251,31.196277872115502,31.355191228397587,31.529738352320805,31.720316393361315,31.927322340155,32.151150388315045,32.392196692634,32.65087243812866,32.927622711224615,33.222944973487984
1166,30.39180714449867,30.398309037769366,30.417833124239337,30.45043476221565,30.49620665056989,30.555279384930827,30.627822027269303,30.714042448433986,30.814187107321004,30.928539844932004,31.057419233814812,31.201174092169367,31.360177026576025,31.53481638785439,31.725487835136448,31.932587659286526,32.1565106770621,32.39765519342291,32.656435682334745,32.9333006075434,33.22874951852185
1167,30.396199030949447,30.402705068607474,30.422241616239887,30.454864111119093,30.500665365989335,30.559776095673385,30.632365440518242,30.718641244409355,30.818849752803942,30.93327431760781,31.062232668772708,31.206072396022137,31.365164553804618,31.539895827875625,31.730660487590626,31.937854226647914,32.1618725313636,32.403115801566344,32.662001626276265,32.93898160385186,33.234557173295286
1168,30.40059371721071,30.407103905545796,30.4266529321888,30.4592963101299,30.50512696002886,30.564275706643286,30.63691175575775,30.72324290796081,30.823515177090826,30.9380114095174,31.06704848428967,31.210972771741808,31.370153810794648,31.544976691914883,31.73583438978011,31.943122091494445,32.167235991701034,32.408578528312205,32.6675702414239,32.944665638314746,33.2403678659511
1169,30.404991207421915,30.411505552500273,30.431067075294038,30.46373136116557,30.509591432609454,30.568778214973577,30.641460966581974,30.727847428678274,30.828183365973985,30.942751104022534,31.07186666425082,31.21587520836158,31.375144797475798,31.550058996042992,31.74100957563968,31.94839130058233,32.17260110336048,32.41404339464464,32.673141503629154,32.95035264331233,33.246181514911996
1170,30.409391505731605,30.415910013374912,30.435484048690967,30.46816926597802,30.514058783375503,30.573283617410254,30.646013066109333,30.73245479562644,30.832854304736657,30.947493384169434,31.076687192911493,31.220779696877685,31.380137518080062,31.555142762155583,31.74618608274227,31.95366189595734,32.17796789576079,32.41951040341377,32.67871538539259,32.95604256804171,33.25199806284655
1171,30.413794616033954,30.420317291819003,30.43990385526257,30.472610026078996,30.51852901176477,30.577791910565338,30.65056804746081,30.73706499810737,30.837527979252172,30.95223823398743,31.08151005565003,31.225686228835173,31.38513197587207,31.560228009282753,31.7513639451617,31.958933918707203,32.18333640205901,32.424979563012926,32.68429186088366,32.961735358523526,33.257817447775665
1172,30.418200542037994,30.424727391290844,30.444326497686404,30.477053642758847,30.523002116989176,30.58230309084871,30.655125903631472,30.741678025456395,30.84220437569178,30.956985638149547,31.086335238786035,31.23059479672878,31.390128174558015,31.56531475585541,31.756543195262566,31.964207407870106,32.18870665401954,32.430450881364834,32.689870904780435,32.96743096273872,33.26363961041392
1173,30.422609287371074,30.429140315152324,30.448751978500525,30.48150011710584,30.52747809798882,30.586817154339826,30.659686627258395,30.746293866680105,30.84688348003789,30.96173558150275,31.09116272954674,31.235505395044925,31.395126120742816,31.5704030228203,31.76172386507659,31.96948239721638,32.19407867470318,32.4359243601196,32.695452492938955,32.973129336499596,33.2694645012964
1174,30.427020855328863,30.43355606644468,30.45318029995866,30.485949449991608,30.531956953599206,30.591334097188565,30.664250211310502,30.750912511462786,30.85156527927967,30.96648804992344,31.095992515489684,31.24041801699599,31.400125817808487,31.575492827237497,31.7669059852891,31.974758924145476,32.199452493775766,32.441400005450305,32.70103660106611,32.978830431028655,33.27529206449634
1175,30.43143524917008,30.437974648150373,30.457611464192155,30.490401642068832,30.5364386823195,30.595853915086934,30.668816648196128,30.755533948899085,30.856249759991158,30.97124302948015,31.10082458558645,31.245332658829398,31.405127273245228,31.58058418914146,31.772089585018307,31.98003701850871,32.20482813090075,32.446877817298,32.706623206106656,32.98453420652373,33.28112225624983
1176,30.4358524719824,30.44239606307383,30.462045473137152,30.49485669377475,30.54092328242291,30.600376603517475,30.673385930180814,30.760158168082683,30.860936908981614,30.976000506792218,31.105658929673837,31.250249317799614,31.410130495292037,31.585677128504926,31.77727469210828,31.98531670780102,32.21020560311831,32.45235779400923,32.71221228563451,32.99024062611744,33.2869550365383
1177,30.440272526649608,30.44682031381359,30.46648232851919,30.499314605336053,30.545410751989948,30.604902157823005,30.677958049499296,30.764785158254995,30.86562671344285,30.980760469085,31.110495538279224,31.255167991658027,31.415135492159038,31.59077166458792,31.782461333228525,31.990598018305434,32.215584926543784,32.45783993362659,32.71780381789648,32.99594965430515,33.29279036679338
1178,30.44469541565303,30.451247402589786,30.470922031760438,30.503775376809585,30.54990108913455,30.609430573669385,30.68253299908315,30.76941490974309,30.870319161833095,30.985522904434447,31.115334401412497,31.260088675423958,31.420142267307767,31.59586781215455,31.787649534582556,31.99588098185717,32.22096612663853,32.4633242424091,32.72339778266536,33.001661246854496,33.29862819486118
1179,30.44912114158342,30.45567733168832,30.475364584220415,30.508239007984287,30.55439429143439,30.61396184587369,30.687110770709808,30.774047411559252,30.875014241587905,30.99028780108216,31.120175511598177,31.26501136964697,31.425150831641474,31.600965591342742,31.79283932013874,32.00116561826587,32.22634921166167,32.46881071323145,32.72899415938292,33.0073753765426,33.30446849318565
1180,30.453549706755553,30.460110103126567,30.479809987015017,30.512705498455034,30.55889035635971,30.618495969286187,30.69169135639561,30.77868265320774,30.879711940842924,30.995055147951234,31.125018861593333,31.269936074188536,31.430161194330026,31.606065020235633,31.798030712961577,32.006451948545305,32.23173419265123,32.4742993418418,32.734592928557674,33.01309201378501,33.310311230070056
1181,30.45798111322597,30.464545718671786,30.48425824103674,30.51717484764606,30.563389281299976,30.62303293881473,30.69627474840189,30.78332062464142,30.88441224831695,30.99982493447652,31.129864444266445,31.274862788307814,31.43517336321736,31.611166115405126,31.80322373534125,32.01173999441522,32.2371210828108,32.47979012644407,32.74019407145005,33.0188111271226,33.31615637083422
1182,30.46241536275909,30.46898417981282,30.48870934694378,30.521647054828804,30.56789106362129,30.62757274953009,30.700860939386757,30.787961316437702,30.889115153446937,31.004597150588324,31.134712252301483,31.27979151003092,31.440187344008677,31.616268891343964,31.808418408990917,32.01702977951055,32.242509899393895,32.48528306926636,32.745797570089394,33.0245326813486,33.3220038752188
1183,30.46685245712598,30.473425488008502,30.493163305255848,30.526122118964565,30.572395700160826,30.632115395739447,30.705449921064826,30.79260471824921,30.893820645194523,31.00937178685598,31.139562280808377,31.284722241715258,31.445203147436757,31.621373365472323,31.81361475330516,32.02232131871693,32.24790064708128,32.49077816273052,32.75140340712369,33.03025665402697,33.327853720273424
1184,30.471292397830837,30.477869644459986,30.497620116266432,30.53060003884866,30.57690318768988,30.63666087183458,30.710041685434533,30.79725082022236,30.898528713138944,31.014148834356433,31.1444145249327,31.28965498495444,31.4502207827004,31.626479553553736,31.818812786954823,32.02761462793546,32.25329333320121,32.49627540211566,32.75701156595727,33.03598302036772,33.3337058793997
1185,30.475735186102042,30.482316650115195,30.5020797800845,30.535080813212687,30.58141352309201,30.641209172541778,30.714636225053027,30.80189961319087,30.903239347433725,31.018928284251217,31.149268979037174,31.294589739605158,31.455240256827096,31.631587469838223,31.824012528933395,32.03290972584341,32.25868796949533,32.501774786068665,32.76262202966325,33.0417117517232,33.339560321070906
1186,30.4801808229966,30.486766505741173,30.506542296613134,30.539564440549213,30.585926702985205,30.645760292324155,30.719233532278054,30.8065510879527,30.90795253848694,31.023710128353002,31.154125638526978,31.29952650672635,31.460261577698816,31.636697128450407,31.82921399672233,32.038206628389844,32.264084564745644,32.507276311651935,32.76823478227743,33.047442822605035,33.3454170175645
1187,30.484629309423042,30.49121921194046,30.51100766554464,30.54405091907273,30.59044272363809,30.650314225249417,30.723833599100544,30.811205235110435,30.9126682768906,31.028494359250942,31.15898450025361,31.304465289230166,31.465284754721267,31.64180854369704,31.83441720588462,32.04350534757748,32.269483123143175,32.51277997324735,32.77384980908488,33.053176212237304,33.35127594689487
1188,30.48908064606411,30.49567476909681,30.51547588637652,30.54854024685011,30.59496158125046,30.654870965432963,30.72843641770629,30.815862045606934,30.917386553657423,31.033280969890427,31.163845561161907,31.30940608970218,31.47030979658109,31.64692172903773,31.83962217142539,32.048805895543296,32.274883649753406,32.51828576622785,32.77946709566055,33.05891189935414,33.35713708633915
1189,30.4935348333957,30.50013317742315,30.519946958543414,30.553032422063325,30.59948327236998,30.65943050757926,30.73304198102386,30.820521511052732,30.92210736002579,31.03806995260453,31.168708816571836,31.314348908444288,31.4753367099745,31.652036697443464,31.844828910228273,32.05410828838808,32.280286153737904,32.52379368767134,32.785086626126315,33.06464985920695,33.363000409217875
1190,30.49799187170322,30.504594436905904,30.524420881150377,30.557527442410503,30.60400779289199,30.663992845629025,30.73765028127798,30.825183622725092,30.926830687676613,31.042861301280197,31.17357426443556,31.319293748760458,31.480365503605526,31.657153461403936,31.850037435399884,32.05941253596035,32.285690638371705,32.52930373246767,32.79070838718718,33.07039007292377,33.36886589556241
1191,30.5024517610712,30.509058547339635,30.528897653139495,30.56202530548046,30.60853513868517,30.668557973605175,30.74226131089449,30.829848372193908,30.931556528597525,31.04765501000344,31.178441902674706,31.324240613650545,31.48539618568526,31.662272032923113,31.85524775980724,32.064718648246526,32.291097107287385,32.53481589575364,32.796332365606816,33.07613252165481,33.37473352544271
1192,30.506914501411984,30.51352550835867,30.533377273328313,30.566526008798633,30.613065305639964,30.67312588565204,30.7468750625103,30.83451575128487,30.93628487499251,31.052451072935412,31.183311729073125,31.329189505775503,31.490428764000683,31.66739242368783,31.860459896279224,32.07002663546217,32.296505564396625,32.54033017282313,32.80195854819908,33.08187718652573,33.38060327886507
1193,30.51138009256215,30.51799531956169,30.537859740617023,30.57102955015438,30.617598290118053,30.677696576547874,30.751491529411737,30.839185752227593,30.94101571890411,31.05724948327571,31.188183739716465,31.33414042586503,31.495463245043652,31.672514645657486,31.86567385988633,32.07533651121645,32.301916016393875,32.54584655989402,32.80758692067502,33.08762404586611,33.386475132445014
1194,30.515848533963776,30.522467980091164,30.54234505327497,30.575535926460248,30.62213408737159,30.68227003988187,30.75611070395138,30.84385836707554,30.945749053488896,31.062050236898926,31.193057934552428,31.339093378473137,31.50049963725479,31.677638709103007,31.870889659866236,32.08064828110105,32.30732846356307,32.55136505121874,32.81321747182784,33.093373085238,33.39234907139928
1195,30.52031982494168,30.52694348899928,30.546833209561612,30.580045134744296,30.626672692918362,30.686846269640284,30.760732578925342,30.8485335882105,30.950484871907918,31.066853329191247,31.19793431255357,31.344048366971094,31.505537948201606,31.682764624312824,31.876107306648066,32.08596195261663,32.312742907775146,32.556885641597944,32.81885018989226,33.09912428871229,33.398225079113786
1196,30.524793964625587,30.531421845145417,30.551324207552057,30.58455717187178,30.63121410215564,30.691425259761274,30.765357147186933,30.853211408201446,30.95522316763794,31.071658755937676,31.20281287307455,31.349005394952144,31.51057818536998,31.687892401114198,31.88132680988184,32.09127753238869,32.318159350244514,32.56240832567539,32.82448506356593,33.104877641315625,33.40410314006999
1197,30.529270951953833,30.53590304720069,30.555818045144576,30.589072034556068,30.635758310375365,30.69600700415134,30.769984401659883,30.85789181980806,30.959963934458756,31.076466513289233,31.20769361580284,31.353964466181253,31.515620356135855,31.693022048890043,31.886548178507667,32.09659502626607,32.323577791615435,32.56793309797558,32.830122081977436,33.11063312893242,33.409983239723715
1198,30.533750785801203,30.540387093808533,30.56031472031333,30.593589719742624,30.640305313275917,30.700591497255232,30.774614335809645,30.862574816119263,30.964707166011635,31.081276596611758,31.212576539048825,31.35892558284138,31.52066446677253,31.6981535771626,31.891771423176976,32.10191444278769,32.32899823497905,32.57345995421451,32.83576123357,33.11639073487095,33.415865360261535
1199,30.538233464839948,30.54487398340825,30.56481423082704,30.598110224177844,30.644855106383204,30.70517873340731,30.77924694310235,30.867260390386264,30.969452856290957,31.08608900178922,31.217461641693376,31.363888747539477,31.525710523595762,31.703286994938992,31.896996553488236,32.107235789222045,32.334420682447956,32.57898888982743,32.84140250736988,33.12215044375807,33.42174948541958
1200,30.542718987589183,30.54936371428903,30.569316574311983,30.602633544481932,30.649407685125027,30.709768706890884,30.78388221702511,30.871948535982597,30.974200999536095,31.090903725065004,31.222348923017307,31.368853963181095,31.530758532951097,31.708422310831622,31.902223578190785,32.11255907183903,32.33984513551195,32.58451990020728,32.847045892851554,33.12791223987847,33.42763427682553
1201,30.547207352374983,30.553856284542064,30.5738217481873,30.607159677060395,30.653963044725515,30.71436141183335,30.78852015101603,30.87663924640958,30.978951590346526,31.095720763266684,31.22723838299885,31.373821233254603,31.535808501349265,31.713559532930788,31.90745250480944,32.1178842953791,32.3452715944228,32.590052980269036,32.85269137486745,33.13367485319088,33.43344900702067
1202,30.55169855737381,30.558351692120823,30.57832974976793,30.611688618271558,30.658521180437276,30.718956842475677,30.793160738699555,30.881332515386987,30.983704623502263,31.100540113285092,31.23213002150601,31.378790560973982,31.540860434943795,31.718698669040805,31.912683340809338,32.12321146473067,32.350700059587496,32.595588121258686,32.858338593066776,33.139427759634145,33.43920379149199
1203,30.556192600615304,30.56284993483979,30.582840576253773,30.61622036439951,30.663082087495354,30.723554993109815,30.79780397382217,30.886028336813013,30.98846009398318,31.105361772179208,31.237023838486664,31.38376194949859,31.545914339685567,31.72383972665193,31.917916093306246,32.12854058446436,32.356130529527036,32.60112523545729,32.863985711493854,33.14516398669031,33.444921490416164
1204,30.56068947998648,30.567351010377138,30.587354224730348,30.62075491165109,30.667645761111032,30.72815585806927,30.802449850241032,30.890726704755195,30.993217996967815,31.110185737188488,31.24191983399288,31.388735401962208,31.55097022134629,31.72898271294366,31.923150769031338,32.133871658299825,32.36156298618499,32.606663969111594,32.86963026920779,33.15088240713226,33.45061000859289
1205,30.565189193229344,30.57185491627456,30.591870692169266,30.625292256158502,30.67221219647496,30.73275943173394,30.80709836192881,30.895427613454444,30.997978327834574,31.11501200573025,31.246818008174046,31.393710921466095,31.556028085512082,31.73412763477461,31.928387374166107,32.13920468563873,32.366997354901,32.612203668209816,32.875270321730625,33.1565835343273,33.456273753983055
1206,30.569691737958465,30.57636164995222,30.596389975442207,30.629832393989716,30.676781388763686,30.73736570852833,30.81174950296446,30.90013105730634,31.002741082137504,31.119840575374496,31.251718361260487,31.3986885110765,31.561087937600007,31.73927449868222,31.933625913745686,32.14453965455266,32.37243348085599,32.61774354883329,32.88090451775258,33.16226815001437,33.46191577291114
1207,30.574197111655963,30.58087120870607,30.600912071319044,30.634375321148752,30.681353333141885,30.74197468292749,30.81640326753933,30.904837030868748,31.007506255611588,31.12467144384692,31.256620893559727,31.403668173816925,31.566149782837897,31.744423310719753,31.93886638992052,32.14987653119948,32.377871123407544,32.62328282382765,32.88653198809544,33.16793709605696,33.46753829035248
1208,30.578705311678164,30.585383589713672,30.605436976474095,30.638921033581767,30.685928024767065,30.74658634945837,30.821059649956,30.909545528855233,31.012273844163133,31.129504609015726,31.261525605446877,31.408649912661133,31.571213626230303,31.749574076059616,31.94410879914284,32.15521525242235,32.38330998000828,32.628820775850215,32.89215217910066,33.17359118016515,33.473143007057104
1209,30.583216335262932,30.589898790041445,30.60996468749221,30.643469527182106,30.6905054587927,30.75120070270094,30.825718644625,30.914256546128115,31.017043843859028,31.134340068881727,31.26643249735497,31.413633730522122,31.576279472480564,31.754726798355875,31.94935312932438,32.160555724057815,32.388749713090135,32.63435678129707,32.89776474918193,33.1792311432352,33.478731287897006
1210,30.587730179528478,30.59441680664378,30.61449520086984,30.648020797792412,30.69508563037249,30.75581773729232,30.83038024606941,30.91897007770268,31.021816250928794,31.13917782157597,31.271341569768936,31.41861963022518,31.581347325801232,31.759881478665022,31.95459935657209,32.165897821550914,32.39418997189972,32.63989031670235,32.903369511001756,33.18485765309214,33.48430424822709
1211,30.592246841483586,30.598937636372852,30.61902851302324,30.652574841211674,30.699668534663317,30.760437447926734,30.835044448919405,30.923686118735645,31.026591061749798,31.14401786534461,31.27625282320878,31.423607614454227,31.58641718959609,31.76503811414392,31.9598474434506,32.17124139730822,32.39963041398414,32.64542094615547,32.90896636459985,33.19047131289494,33.48986284333347
1212,30.596766318031655,30.60346127598342,30.623564620293337,30.657131653198462,30.704254166828548,30.765059829356403,30.839711247911282,30.928404664522077,31.031368272841803,31.148860198541513,31.281166258214057,31.42859768567888,31.591489066114548,31.77019669712149,31.965097338910198,32.17658628640237,32.405070712082534,32.650948310282104,32.91455527689425,33.19607266891586,33.495407893915
1213,30.601288605978368,30.607987722139683,30.628103518951946,30.6616912294773,30.708842522041834,30.769684876392432,30.844380637884512,30.93312571048841,31.036147880856674,31.15370481961446,31.286081875312675,31.433589846013035,31.59656295587274,31.775357213776715,31.970348978679738,32.18193231532098,32.410510563697414,32.65647210896179,32.920136250828875,33.20166222233564,33.50094012564472
1214,30.6058137020363,30.61251697141978,30.632645205206302,30.666253565742124,30.713433595490244,30.77431258390618,30.849052613780316,30.937849252188926,31.04092988257105,31.15855172708774,31.290999674952047,31.43858409694053,31.601638856925717,31.780519643687796,31.975602288531206,32.1872793080434,32.415949686803174,32.66199208911701,32.925709326489425,33.207240435121605,33.50646017396838
1215,30.610341602826907,30.617049020318063,30.637189675201455,30.67081865765823,30.71802738237443,30.778942946829602,30.85372717064149,30.94257528530369,31.045714274883153,31.16340091955209,31.295919657464026,31.443580439209768,31.606716764726627,31.785683960075403,31.980857185011928,32.192627085859556,32.42138782050449,32.66750804544091,32.931274574039605,33.212807728806354,33.51196859662616
1216,30.614872304883477,30.621583865247885,30.641736925021917,30.675386500864136,30.722623877910905,30.78357596015519,30.858404303610826,30.947303805635386,31.05050105480518,31.168252395645254,31.300841823005555,31.448578872713313,31.61179667206835,31.79085013007756,31.986113575906074,32.19797546841255,32.426824726500115,32.67301981671994,32.936832086860136,33.21836448806948,33.517465881508144
1217,30.619405804660914,30.626121502551257,30.64628695070155,30.679957090979656,30.727223077337158,30.78821161893802,30.863084007928308,30.952034809100326,31.055290219447386,31.173106154012316,31.305766171421283,31.453579396017176,31.616878568049515,31.796018114396873,31.991371364463703,32.2033242816716,32.43226018916823,32.67852726998689,32.94238196215781,33.2239110685872,33.52295248186857
1218,30.623942098536702,30.630661928499592,30.650839748223973,30.68453042360568,30.73182497591108,30.792849918294166,30.867766278928798,30.95676829172521,31.06008176600477,31.177962193262317,31.310692702144706,31.45858200633097,31.621962438629964,31.801187868495447,31.996630448878648,32.208673354963594,32.43769401353018,32.684030302298254,32.9479243095015,33.22944779869806,33.52842880000463
1219,30.62848118281704,30.635205139299956,30.655395313528174,30.689106494329394,30.736429568914332,30.797490853402508,30.872451112040608,30.961504249641848,31.064875691749762,31.182820511952855,31.315621414131897,31.463586699215398,31.627048265889755,31.80635934220271,32.00189072490491,32.21402252621982,32.44312602645215,32.68952883104174,32.95345923495324,33.23497498390424,33.533895214756
1220,30.633023053746285,30.639751131104106,30.659953642516427,30.693685298729974,30.741036851655736,30.80213441950309,30.877138502778564,30.9662426790685,31.069671993979398,31.187681108441723,31.320552305542265,31.468593468275856,31.632136028606567,31.811532481906738,32.00715208800477,32.21937164097221,32.44855607032957,32.69502278862217,32.95898684862897,33.24049291212566,33.539352073252246
1221,30.63756770749876,30.64429990000025,30.66451473104729,30.698266832373292,30.745646819467936,30.806780611898148,30.881828446749523,30.97098357632558,31.07447067005762,31.192543981004917,31.325485373997026,31.47360230544274,31.637225701914133,31.816707228907944,32.01241443128691,32.22472055236591,32.453984007856775,32.70051212799683,32.964507261101915,33.24600184900038,33.544799693271614
1222,30.64211514020451,30.648851442038335,30.669078574957666,30.702851090828858,30.750259467716432,30.81142942594937,30.886520939632646,30.975726937779655,31.079271717265954,31.1974091274609,31.33042061585678,31.47861320029267,31.642317258214348,31.821883523671602,32.01767765172747,32.23006912221723,32.459409710196496,32.70599680676685,32.97002058344776,33.2515020497018,33.55023837480428
1223,30.64666534792366,30.653405753205163,30.673645170041027,30.70743806965288,30.75487479179077,30.816080857080237,30.891215977198613,30.980472759897225,31.084075132948442,31.202276545538325,31.335358026935637,31.483626140738806,31.647410666338885,31.827061301691742,32.02294164389633,32.235417219662054,32.46483306850615,32.711476803246,32.97552692823382,33.25699374722478,33.555668386842854
1224,30.6512183266982,30.657962829474116,30.678214512090847,30.712027764421123,30.759492787119882,30.820734900765274,30.895913555253912,30.985221039091755,31.088880914129334,31.207146232054583,31.340297601252416,31.488641112408516,31.652505894126364,31.832240501333104,32.02820630961082,32.24076472040139,32.470253974082596,32.71695209244325,32.98102640509626,33.262477171024045,33.56108999578271
1225,30.655774072480597,30.66252266673672,30.682786596840685,30.716620170684166,30.76411344915175,30.82539155254716,30.90061366972401,30.989971771952128,31.09368905807662,31.212018184085082,31.34523933268912,31.49365809920289,31.65760290447787,31.837421053125183,32.03347154577716,32.24611150931861,32.47567234476213,32.72242267566685,32.98651912695948,33.2679525234102,33.5665034265449
1226,30.660332581204273,30.66708526087018,30.687361420023308,30.721215284010555,30.768736773371586,30.830050808015642,30.90531631655972,30.994724954992364,31.09849956171115,31.216892397812387,31.350183213500657,31.498677083060613,31.6627016594353,31.84260288985348,32.03873725517133,32.25145747747638,32.481088100840566,32.727888552751324,32.99200520229209,33.27342000221779,33.57190890163179
1227,30.664893848782015,30.671650607735614,30.691938977368693,30.725813099985658,30.77336275530081,30.834712662806112,30.910021491736188,30.999480584650257,31.10331242161135,31.221768868557945,31.35512923439984,31.503698044058865,31.667802120122758,31.847785946142437,32.04400334579816,32.25680252212362,32.48650116633098,32.73334972310647,32.997484734721866,33.27887980010189,33.577306640432084
1228,30.669457871040095,30.676218703115467,30.696519264550147,30.730413614172562,30.777991390482782,30.839377112626437,30.914729191355946,31.00423865755448,31.108127634607683,31.22664759183732,31.36007738572664,31.50872096020936,31.672904242770812,31.852970149818645,32.04926972251121,32.262146549719546,32.491911488382755,32.7388062101237,33.00295783297548,33.28433208395086,33.582696821461184
1229,30.674024643845485,30.680789542834475,30.70110227728776,30.73501682218358,30.78262267450191,30.844044153184655,30.919439411403232,31.008999169928302,31.112945196565192,31.231528561429457,31.365027655689403,31.5137458086287,31.678007986659395,31.85815543719258,32.05453630034964,32.26748946944099,32.49731900289413,32.744258016850665,33.00842459381511,33.28977703321351,33.588079648889675
1230,30.678594162982392,30.6853631226424,30.70568801124847,30.739622719612782,30.78725660296942,30.848713780269975,30.9241521480065,31.013762118209627,31.11776510360005,31.236411771193104,31.369980031810258,31.51877256399888,31.683113306277733,31.86334173896836,32.05980299308868,32.272831199818086,32.502723666234374,32.74970516750949,33.013885117473535,33.29521480348012,33.59345529136266
1231,30.68316642422002,30.68993943827809,30.710276462100182,30.74423130207117,30.791893171526112,30.853385989696733,30.92886739727146,31.018527498677315,31.122587351393406,31.241297214133567,31.374934500348104,31.523801199720936,31.688220155717488,31.868528987417108,32.06506971841941,32.278171664573506,32.50812543870882,32.75514768654892,33.01933950082167,33.300645545324585,33.59882391228393
1232,30.687741423350246,30.694518485505455,30.714867625540933,30.748842565202892,30.796532375836307,30.858060777257606,30.933585155156834,31.023295307197884,31.127411934784448,31.24618488196569,31.37989104625325,31.52883168895181,31.693328491253794,31.873717119709568,32.070336399487815,32.283510789517436,32.51352427619389,32.760585589470566,33.024787835919824,33.30606941322793,33.60418568240533
1233,30.692319156086228,30.699100260017133,30.719461497220266,30.75345650464044,30.801174211602643,30.862738138847533,30.938305417803463,31.028065539898535,31.132238848858094,31.251074766298302,31.384849653328956,31.533864001877873,31.698438264437755,31.878906068875608,32.07560296056937,32.28884851076805,32.51892015270914,32.76601890781063,33.03023021424622,33.31148654140259,33.609540745421384
1234,30.696899618172665,30.703684757538383,30.724058072821435,30.758073116044784,30.80581867453037,30.867418070288863,30.94302818111163,31.032838192367194,31.137068087773514,31.25596685757523,31.3898103045737,31.538898109264778,31.70354942960074,31.884095772388036,32.08086932969525,32.29418476449507,32.524313037413435,32.77144766680328,33.03566672523965,33.316897066955505,33.61488924944422
1235,30.701482805327146,30.708271973772355,30.728657348019283,30.762692395088152,30.810465760355214,30.8721005674426,30.947753440994802,31.03761326010732,31.141899645379567,31.260861145532772,31.3947729817678,31.54393398031567,31.708661939880017,31.889286168159117,32.08613543816841,32.2995194929527,32.52970290614127,32.77687189508481,33.041097455719125,33.322301118984115,33.62023133285311
1236,30.7060687132427,30.712861904401905,30.733259318480634,30.76731433745107,30.815115464835515,30.876785626191747,30.95248119335423,31.042390738511926,31.14673351520895,31.26575761924522,31.399737665588248,31.548971582825573,31.7137757473202,31.8944771944918,32.09140122032443,32.30485264413363,32.535089741228376,32.78229162478527,33.046522489974166,33.32769881873935,33.62556712457484
1237,30.71065733766585,30.717454545160706,30.737863979911253,30.77193893882105,30.81976778366095,30.881473242200116,30.95721143361976,31.047170622181113,31.151569689786868,31.27065626701375,31.40470433698397,31.554010886685944,31.71889080778027,31.899668793586386,32.09666661173958,32.31018416258456,32.540473518607655,32.78770688356548,33.05194191214275,33.33309029115276,33.630896758834126
1238,30.715248674252848,30.722049891703705,30.742471327974386,30.776566194907844,30.824422712646196,30.886163411399878,30.961944157648304,31.05195290620196,31.156408161827642,31.2755570763361,31.4096729742991,31.55905185721781,31.724007072148027,31.904860905845624,32.10193155340863,32.315514006595095,32.545854230463874,32.79311770764099,33.05735580175548,33.338475644565676,33.636220348866914
1239,30.71984271867217,30.726647939699262,30.747081358347828,30.78119610143085,30.829080247589104,30.890856129638053,30.966679361076217,31.056737585234202,31.16124892339468,31.280460033963948,31.41464355537272,31.564094459948535,31.729124492553467,31.91005347381025,32.10719598863767,32.320842135924295,32.551231869282844,32.798524132765806,33.06276423691787,33.343854985007056,33.641538005490986
1240,30.724439466644696,30.73124868486275,30.751694066737286,30.78582865409038,30.833740384173495,30.895551392478694,30.97141703901167,31.061524653155573,31.166091965693283,31.285365126177226,31.419616058641793,31.569138662586226,31.734243024601483,31.915246443305648,32.11245986150891,32.32616850713032,32.5566064218105,32.803926189846436,33.06816729474309,33.34922842267076,33.64684984599086
1241,30.729038913870056,30.735852122893277,30.756309448845286,30.79046384860294,30.838403118117014,30.900249195522008,30.976157186558623,31.066314103713125,31.1709372795367,31.29027233846267,31.424590461324954,31.574184431483104,31.739362623144473,31.92043976106214,32.11772311946032,32.33149308220982,32.561977880248776,32.80932391235109,33.07356504997773,33.354596060703386,33.652155979022666
1242,30.733641055997907,30.74045824944858,30.7609275003598,30.795101680715277,30.843068445229676,30.904949534529976,30.980899799023007,31.07110593077857,31.175784855530196,31.29518165538815,31.429566738708843,31.57923173024517,31.74448324062149,31.925633373779704,32.12298571429943,32.33681583199251,32.567346246654665,32.81471733922075,33.078957574462265,33.35995799079893,33.6574564986833
1243,30.738245888702295,30.745067060208783,30.7655482169817,30.799742146161464,30.847736361251236,30.909652405086376,30.98564487136605,31.075900127686566,31.180634683622372,31.30009306098782,31.434544866071974,31.584280523387292,31.74960483135402,31.930827230462228,32.12824759944789,32.342136727260254,32.572711521477174,32.82010650725937,33.084344938598804,33.3653143047643,33.66275150000325
1244,30.74285340774304,30.749678550923193,30.77017159442437,30.804385240573197,30.852406861621773,30.914357802186544,30.99039239763505,31.080696686669853,31.18548675293067,31.305006539549026,31.439524820920553,31.58933077989269,31.754727355178773,31.936021283734306,32.1335087265702,32.34745573044165,32.578073693193005,32.82549144406977,33.089727213151775,33.37066510564199,33.66804109324613
1245,30.74746360877208,30.75429271725733,30.77479762839397,30.80903095971354,30.857079942119015,30.919065721413574,30.995142372652367,31.085495600624597,31.1903410524705,31.309922073555697,31.444506576522485,31.594382462474243,31.759850766063096,31.94121548513101,32.138769055214254,32.35277282093273,32.5834327701906,32.830872189632885,33.09510446410184,33.37601047404627,33.67332536016079
1246,30.7520764874767,30.75890955490587,30.779426314604166,30.813679299304113,30.86175559838739,30.92377615806896,30.999894790767087,31.09029686180554,31.195197570616074,31.314839645208565,31.449490106686767,31.599435535511475,31.764975020519728,31.94640978857916,32.14402854568573,32.35808797638191,32.588788757203986,32.836248780358005,33.10047675644944,33.38135049304475,33.67860438631624
1247,30.756692039568634,30.763529059575376,30.784057648738496,30.818330254955356,30.86643382583088,30.92848910704464,31.00464964575832,31.095100461854145,31.200056295357456,31.31975923694921,31.454475386433842,31.604489965556695,31.770100077550353,31.95160414957212,32.14928715774818,32.36340117152059,32.59414165472134,32.84162124941264,33.105844155233115,33.38668524898492,33.683878261620464
1248,30.7613102607595,30.768151226973657,30.788691626483967,30.82298382227839,30.87111461983534,30.933204563164793,31.009406931239653,31.09990639209377,31.204917214179886,31.324680830566024,31.459462390150634,31.60954571887106,31.775225896619474,31.956798525123872,32.15454485367087,32.36871238394957,32.59949146540049,32.84698963034316,33.11120672358203,33.3920148245208,33.689147071807554
1249,30.765931146743014,30.772776052801873,30.79332824355413,30.82763999696266,30.875797975924,30.937922521424355,31.014166640941767,31.10471464373586,31.209780313979877,31.329604406568706,31.46445109029952,31.614602759701597,31.780352436236853,31.961992873737586,32.15980160036014,32.37402159818578,32.60483819855551,32.85235395960626,33.11656452135401,33.39733929373648,33.694410892483006
1250,30.77055469322272,30.77740353276363,30.797967495640307,30.832298774625997,30.88048388946578,30.94264297654911,31.01892876820267,31.109525207525962,31.214645581257912,31.334529945373333,31.46944145979535,31.619661053393997,31.785479656449297,31.967187155344163,32.16505736540125,32.37932879831834,32.61018186213187,32.85771427214678,33.12191760767399,33.40265873090061,33.69966979977386
1251,30.775180895877952,30.782033662513015,30.802609378305135,30.8369601506231,30.88517235538899,30.947365922655365,31.023693305698487,31.114338073769204,31.21951300270308,31.33945742859811,31.474433473833756,31.624720568095597,31.790607519398804,31.97238132987718,32.170312113633315,32.38463396360436,32.61552245926623,32.86307060075745,33.127266043238876,33.40797321460553,33.704923874901
1252,30.779809750418337,30.786666437761482,30.807253887249033,30.841624120568213,30.889863369010072,30.952091354300364,31.02846024638734,31.11915323252225,31.22438256378274,31.344386835407192,31.479427104238937,31.629781268861905,31.795735986361763,31.97757536042519,32.17556581739177,32.38993708321652,32.62086000140738,32.8684229805699,33.132609883513,33.41328281261167,33.71017318675166
1253,30.78444125254424,30.79130185420007,30.811901018115634,30.846290679953597,30.89455692542873,30.956819265715865,31.033229582820468,31.1239706734533,31.229254249771827,31.34931814517887,31.484422323588433,31.63484312195766,31.800865019909395,31.982769210931167,32.18081844903338,32.39523814548039,32.62619449874069,32.87377144577721,33.13794918369399,33.41858759290761,33.715417804597564
1254,30.789075397874626,30.79593990741631,30.81655076638077,30.850959824003496,30.899253019363755,30.961549650677284,31.03800130713472,31.128790386060984,31.2341280462623,31.35425133825578,31.489419105987622,31.639906095299693,31.80599458368198,31.987962845170955,32.18606997928845,32.400537136149126,32.63152595915301,32.87911602962299,33.14328399964006,33.42388762543169,33.72065780007989
1255,30.793712182044942,30.80058059301666,30.821203127542958,30.855631547962048,30.903951645529048,30.966282502887907,31.042775411266348,31.133612359454105,31.239003938248004,31.359186394254948,31.49441742491757,31.644970156648697,31.811124642016523,31.99315622865862,32.19132038145335,32.405834043666005,32.63685439231733,32.88445676538896,33.14861438528493,33.429182976725315,33.725893241054735
1256,30.798351600759247,30.80522390669131,30.825858097225307,30.86030584724722,30.908652798834225,30.97101781618335,31.04755188706514,31.138436582234874,31.243881909637366,31.364123291167346,31.499417252088904,31.650035272645994,31.81625515974872,31.998349329660755,32.196569633623085,32.41112886196737,32.64217981186761,32.88979368692071,33.153940391261074,33.434473707086454,33.73112418831664
1257,30.80299364967857,30.809869844074967,30.83051567095771,30.864982717121734,30.91335647395539,30.975755584093406,31.05233072605006,31.143263042749595,31.248761944297314,31.369062007286118,31.50441855989709,31.65510141087657,31.82138610263729,32.0035421170233,32.20181771390861,32.416421584478314,32.647502230739406,32.895126827501144,33.159262067849,33.43975987666829,33.736350702618495
1258,30.807638324459788,30.81451840079535,30.835175844252774,30.869662152807734,30.918062665484626,30.980495799995026,31.05711191949473,31.148091729001237,31.253644025689255,31.374002520534532,31.50942132056599,31.660168539149936,31.826517437216182,32.00873456092938,32.20706460210454,32.42171220620702,32.652821662794565,32.900456220243484,33.164579463948655,33.445041543352374,33.741572842223604
1259,30.812285620651437,30.81916957234796,30.839838612421943,30.87434414922342,30.922771367602877,30.98523845679847,31.061895458283686,31.15292262889477,31.25852813770433,31.37894480992975,31.514425507957753,31.66523662698671,31.831649131077484,32.01392663127973,32.21231027611822,32.427000719220814,32.65813811917724,32.905781896967824,33.16989262921419,33.450318767618,33.7467906686058
1260,30.816935533756123,30.823823354173214,30.844503970694063,30.879028701159257,30.927482574306055,30.98998354717304,31.066681333031113,31.1577557300933,31.263414264107723,31.383888854575503,31.51943109630065,31.670305644550467,31.836781152636377,32.01911829879293,32.21755471445101,32.43228711580758,32.66345161084121,32.911103888952084,33.175201612571755,33.45559160924961,33.75200468124814
1261,30.821588059283272,30.828479741725914,30.849171914331237,30.883715803462678,30.93219627965476,30.994731063812708,31.07146953424501,31.162591019904767,31.26830238796697,31.38883463256292,31.524438058754754,31.67537556140053,31.841913470790814,32.024309536158285,32.22279789893878,32.43757139202921,32.66876215137842,32.91642222777898,33.18050646626938,33.460862338803565,33.75734815861898
1262,30.826243192715026,30.833138730427322,30.853842438544575,30.888405450895675,30.93691247757414,30.99948099921255,31.07626005217304,31.167428485343862,31.27319249209006,31.39378212186176,31.529446368609513,31.680446347558245,31.84704605523268,32.029500317095085,32.22803981248518,32.44285354477387,32.67406975478542,32.92173695135523,33.18580786791381,33.466150026278854,33.76279785691037
1263,30.83090092948214,30.837800315639015,30.858515538459756,30.893097638094332,30.94163116181113,31.004233345638966,31.08105287680695,31.17226811319466,31.27808455916079,31.398731300513248,31.534455999490035,31.6855179736458,31.8521788764362,32.0346906161281,32.23328043861949,32.44813357125872,32.67937443793414,32.927048237466295,33.19110915459021,33.471467460284146,33.768313688245826
1264,30.83556126496802,30.842464492669308,30.863191209129297,30.897792359589175,30.94635232596403,31.00898809516201,31.085847997904466,31.177109890002896,31.28297857167871,31.403682146510903,31.539466925195995,31.690590410741777,31.857311905611084,32.03988040870394,32.23851976181322,32.45341147031803,32.684676247756954,32.932356750218275,33.196414821386554,33.476816463809826,33.77388177235758
1265,30.84022419450571,30.847131256769046,30.86786944553029,30.90248960980273,30.951075963481173,31.01374523965825,31.090645404998327,31.181953802090277,31.287874511978544,31.408634637819546,31.544479119712946,31.69566363037694,31.862445114676177,32.045069671149236,32.24375776764168,32.45868724759839,32.689975326443346,32.93766368414384,33.20172843553371,33.48219628502841,33.77949396458905
1266,30.8448897133714,30.851800603126037,30.87255024255552,30.907189383042294,30.955802067654417,31.01850477080484,31.09544508739316,31.186799835557167,31.292772362239816,31.41358875239149,31.549492557232895,31.700737604553353,31.86757847627564,32.050258380731634,32.24899444392753,32.463960929819734,32.695271972384546,32.94297049350013,33.20705241834668,33.48760547484301,33.78514490676531
1267,30.849557816781157,30.856472526861467,30.877233595012456,30.911891673497394,30.960530631618383,31.02326668008328,31.100247034173776,31.19164797629594,31.297672104502794,31.418544468181494,31.554507212162207,31.705812305741006,31.872711963768438,32.05544651585092,32.2542297835916,32.46923258319123,32.70056664079385,32.948278629378365,33.21238833724823,33.49304252570596,33.790830691367034
1268,30.854228499885835,30.861147023024444,30.881919497617503,30.91659647523676,30.965261648349838,31.028030958780846,31.105051234212,31.196498210002517,31.302573720685302,31.423501763164495,31.55952305913428,31.710887706880158,31.877845551266773,32.06063405669812,32.25946379011674,32.47450232995914,32.70585989850082,32.953589388517514,33.21773721483402,33.49850604561874,33.796548227445044
1269,30.858901757767057,30.865824086588873,30.886607944992875,30.921303782205314,30.969995110666446,31.032797597994545,31.109857676174272,31.201350522189273,31.307477192597048,31.428460615349195,31.56454007301801,31.715963781394407,31.88297921380331,32.065820986744995,32.264696484134845,32.47977034983302,32.711152362885116,32.95890390000551,33.22309971692704,33.503994736782374,33.802295034505505
1270,30.863577585433745,30.87050371244942,30.891298931663016,30.926013588222304,30.97473101122631,31.03756658863125,31.114666348526498,31.206204898193448,31.312382501952072,31.433421002790283,31.569558228929452,31.721040503227982,31.888112927646603,32.0710072945414,32.2699279076636,32.485036872832154,32.716444669572184,32.96422313461915,33.22847623605128,33.509507407804676,33.808069102061836
1271,30.86825597781649,30.87518589541645,30.895992452050223,30.9307258869772,30.979469342526443,31.042337921411217,31.119477239540004,31.211061323186925,31.317289630380856,31.438382903602474,31.57457750225069,31.726117846938337,31.893246670885958,32.076192975975744,32.27515812653547,32.49030216872643,32.721737447908595,32.96954790986945,33.233866977528066,33.515042986359845,33.81386873838335
1272,30.872936929765103,30.87987063021319,30.90068850047254,30.935440672028562,30.984210096902814,31.047111586869505,31.12429033729751,31.215919782185495,31.322198559442086,31.44334629597239,31.579597868657004,31.73119578784025,31.898380424102072,32.081378035944624,32.280387230430506,32.49556653803114,32.727031305471655,32.97487890486468,33.23927201193669,33.52060050435483,33.819692508544904
1273,30.877620436043628,30.884557911471347,30.90538707113882,30.940157936800915,30.988953266530018,31.051887575359046,31.129105629700234,31.220780260060224,31.32710927063647,31.448311158176693,31.584619304161038,31.7362743022166,31.903514171217296,32.0865624902479,32.28561533269658,32.50083030081066,32.73232681086222,32.98021667808587,33.24469133397349,33.52617908937765,33.8255391483944
1274,30.88230649132481,30.88924773372571,30.910088158145527,30.9448776745827,30.99369884342144,31.056665877055025,31.133923104475286,31.225642741549223,31.332021745422196,31.453277468606075,31.589641785191702,31.741353367673867,31.908647900623066,32.09174636697986,32.290842567201196,32.50609378508602,32.73762448614275,32.985561693024124,33.25012489577563,33.53177794133103,33.831407531154525
1275,30.886995090187952,30.89394009141222,30.914791755474482,30.949599878524964,30.99844681942966,31.061446481957887,31.138742749183166,31.23050721126674,31.336935965227838,31.4582452057943,31.59466528871559,31.746432963568623,31.913781606005045,32.09692970628254,32.29606908402843,32.511357320670754,32.74292481214076,32.99091433607873,33.25557260130125,33.53739632386055,33.8372966677519
1276,30.89168622711287,30.898634978861764,30.919497856988073,30.954324541639608,31.003197186248258,31.06622937989829,31.143564551226973,31.23537365371908,31.34185191147793,31.463214348489316,31.599689792477932,31.75151307166709,31.91891528724142,32.10211255964106,32.301295044508834,32.51662123159008,32.74822823080814,32.996274933280006,33.26103432433803,33.54303355780195,33.843205667540246
1277,30.896379896484632,30.903332390305366,30.92420645643324,30.959051656800682,31.007949935410522,31.071014560533456,31.148388497844508,31.24024205329198,31.346769565576494,31.468184875611087,31.604715274833666,31.756593675561476,31.924048949339465,32.10729499013149,32.30652062625143,32.52188584441211,32.753535141648115,33.00164373047488,33.266509900280255,33.548689029394154,33.849133762346185
1278,30.90107609257774,30.90803231985899,30.928917547429762,30.96378121673905,31.012705058292966,31.07580201336242,31.15321457613726,31.24511239429637,31.351688908984613,31.473156766459113,31.609741715429834,31.76167476246968,31.92918260491001,32.11247707051609,32.31174600873777,32.52715146680782,32.75884590965285,33.00702094603895,33.2719991661898,33.55436216235506,33.85508022380566
1279,30.905774809564036,30.912734761531,30.933631123476516,30.9685132140458,31.017462546114587,31.08059172771948,31.158042773058696,31.249984660951725,31.356609923203166,31.478130000670603,31.614769094966448,31.7667563222966,31.934316272370097,32.11765888331746,32.316971380865255,32.532418401190625,32.76416086233377,33.01240674143031,33.27750193772033,33.560052430711494,33.861044413384036
1280,30.91047604150242,30.9174397092126,30.93834717794391,30.97324764116871,31.022222389938975,31.085383692784376,31.162873075433765,31.25485883741686,31.361532589828528,31.483104558370997,31.619797395670673,31.771838348795256,31.939449977351728,32.12284051928157,32.32219693188944,32.53768693204245,32.7694802946686,33.017801252776735,33.283018036800854,33.565759341325474,33.867025727581165
1281,30.915179782335315,30.922147156674782,30.943065704071557,30.97798449041227,31.026984580678914,31.09017789759139,31.167705469973896,31.259734907826726,31.366456890652557,31.48808042042424,31.62482660170383,31.77692083965627,31.944583751401524,32.128022074480555,32.32742284990957,32.542957330068475,32.774804475077076,33.02320459247596,33.28854728447766,33.57148242932749,33.8730236073838
1282,30.919886025895266,30.926857097574327,30.94778669497316,30.98272375393907,31.03174910909172,31.094974331018136,31.172539943258187,31.26461285625254,31.37138280756278,31.49305756816875,31.629856698626668,31.78200379596649,31.949717632559782,32.13320365340934,32.33264932653742,32.54822985311631,32.78013363872077,33.02861683645352,33.29408949611087,33.57722126905759,33.87903754992942
1283,30.924594765888287,30.93156952543876,30.952510143626228,30.987465423768754,31.036515965790784,31.09977298181451,31.177376481789793,31.26949266682169,31.376310322834513,31.498035984104945,31.634887674624792,31.78708722324444,31.95485166371799,32.138385361713574,32.33787654613724,32.553504743419865,32.785468004409665,33.03403805460482,33.299644492463756,33.582975450983156,33.88506707439029
1284,30.929305995903974,30.936284433675382,30.957236042878378,30.992209491779136,31.041285141240678,31.10457383858966,31.18221507197228,31.274374323670543,31.381239419000167,31.503015651518695,31.63991951969882,31.79217113052738,31.959985893226985,32.14356731063293,32.34310469319496,32.558782230301915,32.79080776420756,33.03946829022311,33.30521209263799,33.588744596789184,33.89111174311307
1285,30.934019709404083,30.941001815561208,30.96196438544115,30.996955949706262,31.046056625766425,31.10937688983489,31.187055700155838,31.279257811045966,31.386170079089595,31.507996554997987,31.644952226463204,31.797255530812322,31.96512037332235,32.14874961191816,32.348333945891454,32.56406252978445,32.79615309545312,33.0449075780528,33.310792118619304,33.59452834568003,33.89717114152046
1286,30.938735899738504,30.945721664257235,30.966695163898294,31.001704789143446,31.05083040953764,31.114182123885314,31.191898352557416,31.284143113124856,31.39110228621604,31.51297867962603,31.649985789104505,31.802340440905652,31.970255163068202,32.15393238506266,32.353564483648256,32.56934584302371,32.80150414352579,33.05035592305774,33.31638439150328,33.60032637089432,33.903244903795155
1287,30.943454560108137,30.950443972776156,30.9714283706885,31.006456001549054,31.055606482616724,31.118989529034025,31.196743015506,31.28903021455585,31.39603602471294,31.517962012920236,31.655020205402593,31.8074258807236,31.975390320513952,32.15911574111749,32.35879647211141,32.574632361989586,32.80686105982056,33.05581334618955,33.32198874362814,33.60613834195101,33.909332650145075
1288,30.948175683610827,30.955168734021925,30.97616399812597,31.011209578234798,31.060384834895046,31.12379909338182,31.201589675117646,31.29391909974612,31.40097127867051,31.522946542423995,31.660055474384194,31.812511874507607,31.980525912670373,32.16429980241543,32.36403008092532,32.579922261982745,32.81222395574804,33.06127982858561,33.32760500170531,33.611963971516275,33.915434066076386
1289,30.952899263196002,30.95989594075104,30.980902038382226,31.015965510383637,31.065165456170178,31.128610805017104,31.206438317683535,31.298809753684054,31.405908033519438,31.527932258093983,31.665091598276263,31.817598448812305,31.985662004888695,32.16948468332282,32.36926546775567,32.58521571074357,32.81759294754232,33.06675536570913,33.33323300360638,33.6178029683806,33.92154882454321
1290,30.957625291687464,30.964625585591875,30.985642483494587,31.02072378903887,31.069948336102016,31.133424651914197,31.211288929451598,31.303702161485376,31.410846275189158,31.53291915110202,31.670128581654865,31.822685633795913,31.990798666452577,32.17467049981644,32.374502785751986,32.59051286326434,32.82296813397227,33.07223994053783,33.33887259008333,33.623655061278214,33.927676624604146
1291,30.96235376178248,30.969357661044512,30.990385325367527,31.025484405108273,31.07473346422438,31.138240621958744,31.216141496675448,31.308596308474364,31.4157859902042,31.5379072138702,31.67516643128323,31.82777346276106,31.99593596995055,32.17985736914176,32.379742184017005,32.595813862999194,32.828349597478564,33.07773352397567,33.344523604020424,33.62951999793921,33.93381719086875
1292,30.96708466603218,30.97409215946459,30.99513055576955,31.03024734938441,31.07952083000481,31.143058703081806,31.22099600589496,31.313492180724324,31.420727166568838,31.542896441104915,31.680205156427746,31.832861970102613,32.001073985443895,32.185045401482,32.38498380275115,32.601118848639885,32.83373742417223,33.08323609710817,33.35018589570825,33.635397523927054,33.939970241416006
1293,30.971817996869333,30.978829073085308,30.999878166333644,31.03501261250699,31.08431042273901,31.1478788830251,31.22585244345339,31.31838976415702,31.42566979237614,31.547886828345327,31.685244768803784,31.837951195067546,32.006212789624215,32.19023471178912,32.390227778641076,32.60642794239385,32.839131674722296,33.08874762072901,33.35585931752786,33.64128741286987,33.94613553163214
1294,30.976553746581146,30.983568393998837,31.00462814857002,31.03978018503443,31.08910223173109,31.152701149726568,31.230710796249696,31.323289045833405,31.430613857562605,31.55287837335061,31.690285281576394,31.84304117574345,32.01135245409904,32.19542540719624,32.39547424232671,32.61174126715048,32.844532418046754,33.09426806577835,33.36154372521315,33.64718943342882,33.952312808959846
1295,30.981291907329137,30.988310114167632,31.00938049384672,31.044550057364006,31.093896246100826,31.15752549091559,31.2355710509687,31.328190012689447,31.435559352316375,31.557871075103435,31.695326710891663,31.848131955252427,32.01649305612955,32.20061759712985,32.400723318301516,32.617058929533755,32.84993970230573,33.09979739016859,33.36723897974326,33.65310337646457,33.958501848565675
1296,30.986032471140618,30.993054225425,31.014135193421225,31.04932221982733,31.09869245499823,31.162351894540222,31.24043319484167,31.33309265267934,31.440506268329614,31.562864934242896,31.700369073875663,31.85322357591332,32.0216346697714,32.20581138621253,32.40597512692,32.622381034976115,32.855353577900644,33.10533555516747,33.3729449443677,33.65902903391395,33.96470242605841
1297,30.990775429909775,30.9978007194714,31.0188922384213,31.05409666263762,31.1034908474885,31.16718034854449,31.245297215264372,31.337996954231812,31.445454598258493,31.567859952993047,31.705412389754542,31.85831608207161,32.02677736985038,32.211006877116006,32.41122978300797,32.62770768065917,32.860774087312336,33.11088251859894,33.3786614861595,33.66496620810608,33.970914329531126
1298,30.99552077539761,31.00254958787059,31.023651619828172,31.05887337584818,31.108291412464553,31.172010840702114,31.250163099520023,31.34290290587154,31.45040433537747,31.57285613518627,31.710456680728385,31.863409522105144,32.0319212346065,32.216204172264554,32.41648739465239,32.633038950645584,32.86620125843535,33.11643823064401,33.38438847717612,33.67091471786421,33.977137367454304
1299,31.000268499240008,31.007300822069567,31.02841332853575,31.063652349490496,31.113094138927067,31.1768433591277,31.25503083559329,31.347810497268142,31.45535547443842,31.577853485985827,31.71550196930906,31.868503942775078,32.03706633854961,32.221403369456254,32.42174806676536,32.63837492935744,32.87163512294012,33.12200264584493,33.39012579171202,33.676874381086634,33.9833713458558
1300,31.005018592946726,31.01205441339488,31.03317735533875,31.068433573545917,31.11789901592698,31.18167789216949,31.25990041199651,31.35271971900687,31.460308011474012,31.58285201192797,31.72054827888121,31.873599390452966,32.04221275403813,32.22660456285081,32.42701190032318,32.64371569862698,32.877075712247915,33.12757572051402,33.39587330694201,33.682845018509965,33.989616073226216
1301,31.00977104788467,31.016810353022038,31.0379436908554,31.073217037774043,31.122706032227086,31.18651442781305,31.26477181685823,31.357630561479937,31.46526194299844,31.58785172144792,31.725595636780668,31.87869591719533,32.04736055863401,32.2318078472278,32.432278988369944,32.64906132345658,32.882523038225315,33.13315739961837,33.401630905303705,33.688826472704136,33.99587138571195
1302,31.01452585530882,31.0215686320264,31.042712325643322,31.07800273195852,31.127515176771738,31.191352954486888,31.269645039117165,31.362543016281393,31.470217266919008,31.592852624010902,31.730644070155563,31.883793572912055,32.05250982588143,32.23701331291733,32.43754942148689,32.654411870300635,32.88797711762254,33.138747633357866,33.40739847130453,33.69481858376412,34.002137115035
1303,31.019283006374735,31.026329241398173,31.04748325022473,31.082790645950695,31.13232643875773,31.19619346116201,31.27452006863433,31.367457076282562,31.47517398249005,31.59785472985459,31.735693605472648,31.88889240475197,32.0576606248427,32.242221045819804,32.442823288535806,32.65976740842211,32.89343797354252,33.14434637813724,33.413175891150956,33.7008211875829,34.00841308637416
1304,31.02404249206967,31.03109217194583,31.052256454897304,31.087580769300757,31.13713980697156,31.201035936286928,31.27939689473243,31.37237273411091,31.48013208963596,31.602858051636474,31.740744273927874,31.89399246627903,32.06281303004107,32.24743113195831,32.44810066920576,32.66512798872924,32.89890560829622,33.14995357823358,33.41896305688954,33.70683414373485,34.01469915463093
1305,31.028804303286506,31.03585741439707,31.057031929924563,31.09237309162046,31.141955270429037,31.205880368796556,31.284275507550262,31.37728998351463,31.48509158947229,31.607862602760974,31.7457961063252,31.89909380901372,32.06796711250888,32.252643653657515,32.453381641202384,32.67049366326586,32.904380028026594,33.15556918217021,33.424759862344956,33.712857310098116,34.02099517158905
1306,31.033568430873117,31.040624959458285,31.06180966562755,31.09716760273028,31.146772818596673,31.210726748403545,31.28915589833923,31.382208819509913,31.49005248406661,31.612868396533884,31.750849131612597,31.904196480752262,32.07312293871996,32.25785869003511,32.45866628273848,32.67586448902375,32.90986124627568,33.16119314422167,33.43056620149724,33.71889053889521,34.02730098135271
1307,31.03833486546648,31.045394797607628,31.066589652044172,31.101964292076275,31.1515924404556,31.21557506426319,31.29403805789991,31.387129237172473,31.495014776691676,31.617875449254313,31.755903383624116,31.909300534918657,32.078280578765884,32.26307631819975,32.463954662015055,32.68124050654018,32.915349259968536,33.166825410542515,33.43638197494653,33.72493370212919,34.0336164519029
1308,31.043103597628146,31.05016691926278,31.071371879202843,31.10676314919482,31.156414125241724,31.22042530602016,31.29892197779526,31.392051232553797,31.49997847158062,31.62288377774911,31.760958895795,31.91440602331005,32.08344010009722,32.26829661247001,32.46924684551061,32.686621756517695,32.920844067922076,33.17246592973697,33.442207084808615,33.730986671942105,34.03994145078178
1309,31.047874617956154,31.05494131491065,31.076156337303303,31.1115641639754,31.16123786280224,31.22527746421872,31.303807650681676,31.39697480269035,31.504943573313938,31.627893397951198,31.76601569910804,31.919512994128354,32.08860156677059,32.27351964582863,32.47454290168599,32.69200828453103,32.926345674503466,33.17811465358312,33.44804143232176,33.737049316298,34.046275840334374
1310,31.0526479167836,31.05971797475297,31.080943016201502,31.11636732587715,31.16606364247673,31.23013152891525,31.308695068999555,31.40189994511354,31.509910088215065,31.632904329111568,31.77107382906263,31.92462149978479,32.09376504422386,32.27874548731069,32.47984288905104,32.69740012273894,32.93185407254322,33.18377153010317,33.453884925426564,33.74312151801581,34.052619500056835
1311,31.05742348438929,31.06449688895384,31.085731905769876,31.121172624477026,31.170891453879733,31.234987490648734,31.313584225889088,31.406826658192585,31.514878023374195,31.637916590853308,31.776133320800852,31.92973159144151,32.098930595936565,32.283974203830496,32.485146864510284,32.702797302674185,32.93736925528509,33.189436508409756,33.45973747346511,33.74920316145881,34.058972310966965
1312,31.062201311288277,31.06927804796294,31.090522996314007,31.125980050020075,31.175721287572628,31.239845341115654,31.318475115599142,31.41175494086707,31.5198473852833,31.64293020055169,31.781194205679128,31.934843315997284,32.10409828255695,32.2892058628442,32.49045488958495,32.70819986321942,32.942891222828564,33.195109540563635,33.465598983458335,33.755294124418015,34.06533414621333
1313,31.066981387513977,31.0740614417104,31.095316277513348,31.130789591983387,31.180553133253227,31.244705071257897,31.32336773216315,31.416684793035984,31.524818183203422,31.647945180340173,31.78625652095161,31.939956725195884,32.10926816543059,32.2944405258209,32.49576701309212,32.71360782734433,32.948419962518585,33.20079057520957,33.47146937062456,33.761394301934274,34.071704898754035
1314,31.07176370313414,31.078847060185183,31.100111739182296,31.13560124010837,31.185386981057036,31.249566672637002,31.328262070350377,31.421616215277993,31.529790426744626,31.652961552075226,31.791320302811187,31.945071869080152,32.114440304064374,32.299678252934825,32.50108328359261,32.71902121882363,32.95395546303848,33.20647956215015,33.47734855082024,33.76750358917843,34.07808446146521
1315,31.0765482481292,31.08363489329912,31.104909371091253,31.140414984157303,31.19022282125053,31.254430137110432,31.333158125442253,31.426549208917606,31.534764126435846,31.65797933852224,31.796385588028272,31.950188797533656,32.11961475672382,32.304919101960195,32.506403746459625,32.724440058300274,32.95949771109133,33.212176451268476,33.48323644232022,33.773621885482896,34.08447273182526
1316,31.08133501302109,31.088424931574195,31.10970916381808,31.14523081498845,31.1950606454796,31.259295458013753,31.33805589385264,31.431483775368974,31.539739291092076,31.662998558522304,31.801452407726003,31.955307554795468,32.124791578715815,32.31016313290354,32.51172845524576,32.72986437840865,32.96504670435229,33.217881197194686,33.489132959059305,33.77974907802064,34.090869592727586
1317,31.086123987543488,31.093217164688383,31.11451110694594,31.150048722280815,31.199900444125774,31.264162627654855,31.34295537180958,31.436419917519572,31.544715933386556,31.668019237229032,31.80652080057098,31.96042819108925,32.129970826036185,32.315410398194444,32.5170574475988,32.73529419172962,32.97060242402682,33.22359374942636,33.49503802495383,33.78588507637511,34.097274953118415
1318,31.090915161596797,31.098011582519973,31.11931519035761,31.154868696167853,31.20474220820472,31.269031639113734,31.347856556301736,31.441357638736804,31.54969406584894,31.673041398756993,31.81159080330042,31.965550754271874,32.135152552750014,32.32066094973004,32.52239076255756,32.740729513803444,32.97616485455768,33.22931405942336,33.50095156361681,33.79202978771434,34.10368871881326
1319,31.095708525023667,31.10280817490235,31.124121403931383,31.159690726853967,31.209585928920262,31.27390248581918,31.352759444856417,31.446296943101174,31.55467370180577,31.67806506790879,31.81666245294781,31.970675291795715,32.14033681160737,32.325914837219784,32.52772843648842,32.74617035772292,32.98173397899512,33.23504207894115,33.50687350077419,33.79818312262324,34.11011079935287
1320,31.10050406794892,31.107606931991313,31.128929737984777,31.16451480515576,31.21443159826964,31.278775162090255,31.357664035772586,31.451237834999006,31.559654854028565,31.683090267818386,31.821735783905126,31.975801848207084,32.14552365337045,32.33117211050245,32.533070508541016,32.751616741307544,32.98730978514891,33.240777762274206,33.51280376100658,33.80434498697787,34.11654028225047
1321,31.105301780561717,31.112407844023664,31.133740182965425,31.169340922097263,31.21927920855262,31.283649662645814,31.362570327820265,31.456180319301552,31.56463753569335,31.68811702182137,31.826810830424506,31.980930467449184,32.15071312768197,32.33643281787545,32.538417016181825,32.75706868098172,32.99289226021773,33.24652106416545,33.51874226471,33.810513694290194,34.12288204061667
1322,31.110101652841934,31.117210901023157,31.138552729100525,31.174169068490528,31.22412875191776,31.288525982217834,31.367478320109115,31.46112440172874,31.569621761445262,31.693145355229262,31.831887628760455,31.986061194619538,32.155905283452796,32.3416970043109,32.54376799115772,32.76252618653558,32.998481386248784,33.252271932894985,33.524688485489435,33.81667535874027,34.12915228587292
1323,31.11490367486664,31.122016093132288,31.14336736680241,31.17899923543746,31.22898022093051,31.293404116071827,31.372388012332692,31.466070088499805,31.574607546154255,31.69817529311507,31.836966214366612,31.991194073539077,32.16110016814292,32.34696471358819,32.54912346466915,32.76798926797102,33.00407714402195,33.25803021836401,33.530639974909775,33.82282084927061,34.135379606642914
1324,31.119707836759403,31.126823410557222,31.148184086595847,31.18383141423317,31.23383360845645,31.298284059890705,31.377299404699556,31.47101738638372,31.579594905158615,31.703206860778607,31.84204662251301,31.996329147312736,32.166297827958715,32.352235987855295,32.55448346622251,32.773457933278564,33.00967949155137,33.26379541331272,33.53659346313958,33.82894872997019,34.14157414140175
1325,31.12451412869865,31.131632843574096,31.15300287912231,31.18866559636558,31.238688907651976,31.30316580975341,31.38221249789848,31.47596630265116,31.584583854210848,31.708240083701924,31.847128888269026,32.001466458359005,32.171498307937895,32.357510867758435,32.55984802361911,32.77893218475924,33.01528831841944,33.26956663822466,33.54254633724179,33.83505951224646,34.14774175903341
1326,31.129322540931355,31.136444382544312,31.157823735157876,31.19350177353533,31.24354611198828,31.30804936215975,31.387127293119363,31.480916845086256,31.589574409476256,31.713274987528905,31.85221304646501,32.0066060483594,32.17670165189526,32.36278939235444,32.56521716208226,32.784412008770005,33.020903401841394,33.27534282211616,33.548496809785036,33.841154188667986,34.1538862870006
1327,31.134133063782713,31.14125801792335,31.16264664561976,31.198339937661046,31.24840521524851,31.312934714018354,31.392043792030506,31.485869021954613,31.59456658749309,31.718311598029572,31.857299131674154,32.01174795827035,32.18190790246399,32.368071599022585,32.57059090224425,32.78989736270921,33.02652440699114,33.281122896106126,33.55444370941035,33.84723380747067,34.160010517842125
1328,31.13894568766841,31.146073740273607,31.167471601579564,31.20318008088958,31.25326621153789,31.317821862652238,31.396961996776895,31.490822841990393,31.59956040515192,31.723349941072968,31.862387178185998,32.016892228304926,32.18711710105828,32.37335752299765,32.57596925638768,32.79538816352982,33.03215091567807,33.28690589475082,33.56038627633046,33.85329934868088,34.166116611406835
1329,31.14376040310418,31.15089154027271,31.172298594269762,31.208022195600847,31.25812909528122,31.322710805788006,31.40188190995866,31.49577831436676,31.604555879659586,31.72839004259589,31.867477219991656,32.02203889793759,32.19232928781099,32.37864719649292,32.581352224012335,32.80088428507605,33.03778246917659,33.292690984244075,33.56632400728557,33.85935170218755,34.17220631617283
1330,31.148577200717966,31.155711408726063,31.177127615095685,31.212866274415603,31.262993861226903,31.327601541553065,31.40680353461977,31.50073544867405,31.609553028511925,31.733431928573907,31.872569290758236,32.02718800586331,32.1975445012788,32.383940647016175,32.58673978776886,32.806385564917036,33.0434186024396,33.29847744654671,33.57225657435049,33.86539168383314,34.178281072167124
1331,31.153396071256793,31.160533336573394,31.18195865564013,31.217712310200795,31.267860504449686,31.332494068474205,31.41172687424256,31.505694254909997,31.614551869479726,31.738475625006345,31.877663423815704,32.032339589952414,32.20276277817243,32.38923789635379,32.592131912630975,32.811891810093584,33.04905885261644,33.30426467084607,33.57818379948759,33.871420034942446,34.184342055402226
1332,31.1582170056015,31.16535731490268,31.186791707677287,31.22256029607854,31.272729020354006,31.337388385473446,31.416651932731497,31.510654743452733,31.619552420573996,31.743521157880934,31.882759652112497,32.037493687097026,32.207984152616916,32.394538958476346,32.59752854539363,32.81740280840313,33.05470277666649,33.31005214255936,33.58410558682283,33.8774374203328,34.190390286726256
1333,31.16303999476827,31.170183334952128,31.19162676317353,31.227410225426866,31.27759940467365,31.34228449186503,31.421578714410032,31.51561692505686,31.62455470004187,31.748568553167445,31.887858008194257,32.04265033312436,32.213208655953224,32.399843839683456,32.60292961605052,32.82291832891622,33.06034994981485,33.31583943787507,33.59002192809987,33.88344443871489,34.19642661269722
1334,31.16786502992761,31.17501138812827,31.19646381430323,31.23226209189096,31.28247165347517,31.347182387348994,31.42650722399992,31.520580810819467,31.629558726323864,31.753617836770104,31.892958524129995,32.047809562534724,32.218436315738586,32.40515253641803,32.60833503833214,32.828438135621525,33.06599998374429,33.32162620390517,33.59593283539158,33.8894416294894,34.20245180874821
1335,31.17269210241335,31.17984146601401,31.20130285345533,31.23711588938687,31.287345763157305,31.35208207200384,31.431437466607917,31.525546412160338,31.63456451802955,31.75866903449196,31.89806123141085,32.0529714081477,32.2236671550188,32.410465035497964,32.61374471374364,32.83396199203162,33.07165252298091,33.327412142100115,33.601838344587975,33.89542948973303,34.208466564771584
1336,31.177521203727053,31.18467356037337,31.206143873237636,31.24197161210367,31.29222173045042,31.356983546283175,31.43636944771913,31.530513740813205,31.63957209392413,31.76372217200384,31.903166160851754,32.0581359008757,32.228901192194655,32.415781314898425,32.61915853335256,32.839489661966866,33.077307240144364,33.33319700503307,33.607738521654085,33.9014084729115,34.214471484843386
1337,31.182352325550937,31.189507663163397,31.21098686648571,31.246829254508896,31.297099552416114,31.36188681100748,31.441303173179506,31.535482808799145,31.644581472891105,31.768777274778813,31.90827334243494,32.06330306936354,32.23413844051214,32.42110134391663,32.624576380550025,32.84502091502816,33.08296383727139,33.338980584011495,33.61363344530116,33.907378997173566,34.22046711362782
1338,31.18718545975571,31.194343766541976,31.215831826269266,31.25168881135164,31.30197922644595,31.366791867357733,31.4462386491835,31.540453628408386,31.649592673904067,31.77383436803194,31.91338280514941,32.068472939665924,32.23937890787914,32.42642508415025,32.62999813365235,32.85055552821689,33.0886220413646,33.344762703242395,33.61952320827061,33.913341448070696,34.226453940224644
1339,31.192020598394322,31.199181862861167,31.22067874588697,31.256550277659642,31.306860750261762,31.371698716879052,31.451175882282598,31.545426212210828,31.654605716036485,31.778893476732435,31.918494577067975,32.07364553556687,32.24462259741813,32.43175248920869,32.63542366325572,32.85609328245357,33.09428160773706,33.35054322845525,33.62540791680158,33.919296174616875,34.23243239393685
1340,31.196857733738,31.204021944701424,31.225527618893693,31.26141364875383,31.31174412191143,31.376607361453296,31.456114879331494,31.550400572975377,31.659620618338238,31.78395462535491,31.9236086847327,32.07882087735868,32.24986950652817,32.43708350753013,32.640852841989215,32.86163397273731,33.099942310466815,33.356322037495204,33.631287673272595,33.92524350634352,34.23840288483825
1341,31.20169685824891,31.208864004845736,31.23037843907923,31.266278920236118,31.316629339770657,31.381517803318218,31.461055647525427,31.555376723723157,31.66463739990803,31.789017838028485,31.928725153605,32.083998982914125,32.25511962796787,32.44241808047866,32.646285536491746,32.867177398973126,33.105603949710655,33.36209904376045,33.63716259229051,33.93118374078949,34.244365766686315
1342,31.206537964628524,31.213708036325045,31.23523120050396,31.271146088007868,31.32151640253545,31.386430045028135,31.46599819432464,31.560354677609894,31.66965607970019,31.79408313813741,31.933844007180426,32.08917986624448,32.26037294932718,32.447756146654626,32.65172161904542,32.87272337631981,33.11126634045564,33.36787416246733,33.64303277533071,33.937117164705114,34.250321391219416
1343,31.211381045781593,31.21855403238419,31.24008589747166,31.27601514825443,31.32640530922538,31.391344089478764,31.47094252750378,31.565334447998282,31.67467667663641,31.799150548574517,31.938965267653657,32.094363538748325,32.26562945378441,32.453097638940335,32.657160958409634,32.87827172626879,33.11692931977467,33.373647337186355,33.64889833414355,33.943044037091795,34.25627006236999
1344,31.21622609486269,31.223401986524948,31.24494252456259,31.280886097461064,31.33129605917327,31.3962599398655,31.47588865507197,31.57031604832798,31.679699209375485,31.804220091272782,31.944088955028576,32.099550008133974,32.27088912044377,32.45844248918678,32.66260342946504,32.88382228313185,33.122592736555475,33.37941851167545,33.654759370071076,33.94896460897644,34.26221207958065
1345,31.22107310524592,31.228251892478227,31.249801076611277,31.285758932400995,31.336188652029136,31.401177599706216,31.480836585315274,31.57529949218008,31.68472369643132,31.80929178749267,31.949215087765708,32.104739279324406,32.276151924347175,32.46379062510539,32.66804890637576,32.88937488917685,33.12825645772671,33.3851876499013,33.66061598928519,33.95487910901289,34.268147708312085
1346,31.22592207055999,31.23310374423596,31.254661548730326,31.290633650144457,31.34108308774779,31.406097072802822,31.48578632672468,31.580284793153226,31.689750155940885,31.814365657378403,31.95434368210067,32.109931353994796,32.281417837550805,32.469141974341824,32.673497268531264,32.89492939647158,33.133920359634885,33.39095471851522,33.666468293664536,33.96078775682918,34.274077202802346
1347,31.23077298468104,31.237957536043893,31.25952393630257,31.29551024805096,31.345979366581503,31.41101836322906,31.49073788797267,31.585271964819185,31.694778605622446,31.819441720034717,31.95947475243554,32.11512623127379,32.28668682948745,32.474496463300795,32.67894839770429,32.9004856647706,33.139584330119305,33.39671969420641,33.67231638437261,33.96669075807256,34.28000079922282
1348,31.23562584173277,31.242813262402194,31.26438823498313,31.300388723773494,31.350877489087054,31.415941475344766,31.495691277940125,31.590261020772402,31.699809062837744,31.82451999353225,31.964608311151437,32.120323907308205,32.29195886656794,32.4798540174296,32.68440217923745,32.90604356272155,33.145248268199566,33.40248256095771,33.678160360733216,33.97258830604079,34.28591871718248
1349,31.24048063605528,31.247670918037784,31.269254440682346,31.305269075258593,31.355777456150065,31.420866413854412,31.500646505827433,31.595251974831,31.704841544937608,31.829600495390252,31.969744368959482,32.12552437477632,32.29723391001227,32.48521455756446,32.68985849941356,32.911602970142326,33.15091209260527,33.40824331865599,33.68400032104768,33.97848057412182,34.29183114870989
1350,31.245337362327746,31.252530498011765,31.27412254962769,31.31015130073189,31.360679268859656,31.425793183520568,31.50560358061648,31.600244840091193,31.709876067770267,31.83468324079496,31.97488293415563,32.13072762583789,32.3025119249084,32.49057801316832,32.69531725343188,32.91716376769904,33.156575710563686,33.41400195216676,33.689836357180525,33.98436774460487,34.297738303301
1351,31.250196015415327,31.25739199758567,31.278992558287598,31.315035398719658,31.36558292867312,31.43072178953679,31.510562511768853,31.60523963014566,31.71491264756935,31.83976824478151,31.98002401339096,32.13593364823231,32.30779286884848,32.49594430610642,32.700778335888174,32.92272584987575,33.16223905605483,33.419758469811995,33.69566856245132,33.99024997250217,34.3036403505929
1352,31.255056590456377,31.26225541229735,31.28386446341358,31.319921368032908,31.370488437313725,31.43565223730002,31.51552330880355,31.610236358357895,31.71995129985919,31.84485552102319,31.98516761135062,32.14114242767329,32.31307669849389,32.50131335975692,32.70624164587815,32.92828911737104,33.16790206823015,33.42551288151026,33.70149702699047,33.99612740632597,34.30953745314514
1353,31.259919082930708,31.267120738018775,31.28873826206609,31.32480920773895,31.375395796661223,31.44058453217764,31.520485980876458,31.61523503718371,31.72499203853988,31.849945081020167,31.990313730940954,32.146353950337584,32.31836337502148,32.50668510564202,32.711707089756544,32.93385347028095,33.17356467521938,33.43126518212722,33.707321834392985,34.002000204711464,34.31542979136805
1354,31.26478348849821,31.27198797081877,31.29361395155098,31.329698917223993,31.380305009003962,31.445518680045097,31.52545053775202,31.620235679748532,31.73003487803811,31.8550369360579,31.99546237296471,32.15156819713661,32.323652851307486,32.51205946758881,32.717174574270985,32.939418824011,33.17922683266835,33.437015391031025,33.7131430697209,34.0078684971449,34.32131750428812
1355,31.269649803131983,31.276857107074704,31.29849152946457,31.334590496123383,31.38521607679462,31.450454686779324,31.53041698890695,31.625238298436898,31.735079831477094,31.86013109570962,32.00061353678342,32.156785149040445,32.32894508293862,32.517436374575766,32.7226440111927,32.94498509501733,33.184888491614686,33.44276352000969,33.71896081399126,34.01373241658615,34.32720073775232
1356,31.27451802310145,31.281728143457315,31.303370993684666,31.339483944322808,31.39012900266698,31.45539255829823,31.53538534360615,31.630242905029775,31.7401269108899,31.865227568078012,32.00576722039318,32.16200478663683,32.334240026974726,32.522815758991044,32.72811531629884,32.95055220217523,33.190549602472856,33.44850957763839,33.72477514535285,34.019592095349196,34.333079637938056
1357,31.279388144903805,31.28660107687699,31.308252342362493,31.34437926203094,31.395043789632666,31.460332300945083,31.54035561155075,31.635249511641746,31.745176128264575,31.870326360325976,32.01092341930553,32.167227086222454,32.339537635439456,32.52819755048165,32.733588409044216,32.956120076342074,33.19621013220876,33.45425358455657,33.73058613964497,34.02544764801269,34.33895432805235
1358,31.284260165343767,31.29147590454096,31.31313557390962,31.349276449641025,31.39996044074826,31.465273920868924,31.545327801882593,31.640258129373535,31.75022749421163,31.87542747833362,32.016082128723724,32.17245202571104,32.34483786408117,32.53358168310285,32.73906321119705,32.96168864644278,33.201870042069686,33.4599955556792,33.73639387153918,34.031299192945085,34.344824936772454
1359,31.289134081493444,31.29635262392759,31.318020687018475,31.354175507834213,31.40487895934774,31.470217424443945,31.550301923836628,31.64526876915147,31.755281018708786,31.880530926701,32.02124334190239,32.17767958080822,32.35014066721487,32.53896809171442,32.74453964861067,32.96725784822161,33.2075293002423,33.465735509182934,33.74219841285168,34.03714684042308,34.350691583067714
1360,31.294009890691086,31.301231232785767,31.3229076806615,31.35907643757838,31.409799349041407,31.47516281826944,31.555277986742453,31.65028144173317,31.76033671111179,31.885636708760842,32.02640705015091,32.18290972499244,32.355445997677805,32.54435671193022,32.7500176512097,32.97282762429205,33.213187881956,33.47147346659625,33.74799983253604,34.04299069254239,34.356554376089946
1361,31.298887590549896,31.306111729114434,31.32779655398042,31.363979239856803,31.414721613202005,31.48011010834017,31.560255998889204,31.6552961565028,31.76539457951236,31.890744827535343,32.03157324639386,32.18814243563912,32.36075381335212,32.54974748280449,32.75549714785876,32.97839791090058,33.21884575372786,33.47720944411293,33.753798200589245,34.04883085793108,34.362413433512245
1362,31.303767178960186,31.31099411121602,31.33268730650002,31.36888391616685,31.419645755889974,31.48505930151606,31.565235969496143,31.660312923489073,31.770454631671896,31.89585528382156,32.03674191882584,32.193377683561664,32.36606406648127,32.55514034301257,32.76097807564963,32.983968660341816,33.22450289925325,33.48294346626329,33.75959358130007,34.054667427442496,34.36826885118916
1363,31.308648654084664,31.31587837765636,31.337579937977296,31.37379046817199,31.42457178121134,31.490010404505995,31.570217907357176,31.665331751989584,31.775516874409846,31.900968077551852,32.04191305530435,32.198615440176525,32.37137671090943,32.5605352333331,32.76646037344756,32.989539825636086,33.23015930184641,33.48867555675173,33.76538603788839,34.060500490663856,34.374120723770375
1364,31.31353201434098,31.320764527242034,31.342474448363134,31.3786988976384,31.42949969322177,31.494963423745787,31.5752018207192,31.67035265050805,31.780581313678283,31.906083208067344,32.047086643812634,32.20385567803356,32.37669170246312,32.56593209665192,32.77194398133122,32.99511135940264,33.23581494310889,33.494405737396164,33.771175632574966,34.06633013757306,34.37996914694901
1365,31.318417258396607,31.325652559012156,31.34737083778373,31.383609206397296,31.43442949586364,31.499918365305064,31.58018771716877,31.67537562665393,31.785647954542014,31.911200674269423,32.05226267284462,32.20909837138885,32.38200899949146,32.57133087811542,32.77742884005659,33.00068321263757,33.241469801518974,33.500134027300874,33.776962426884154,34.072156459966266,34.38581421928819
1366,31.323304385231438,31.330542472345883,31.35226910678807,31.38852139683621,31.43936119379987,31.50487523611139,31.585175605128256,31.680400688463124,31.79071680143204,31.916320472621635,32.05744112632948,32.214343488660745,32.38732855575,32.57673152310798,32.78291489812125,33.00625535081963,33.24712387102153,33.505860453755986,33.78274647765704,34.07797953265134,34.391656018150854
1367,31.328193394079847,31.335434266862535,31.357169256118482,31.39343547144358,31.44429479164063,31.50983404281567,31.590165492468884,31.685427843173784,31.795787857910568,31.92144259900192,32.06262198833673,32.21959099942302,32.39265032699723,32.58213397912681,32.78840210521594,33.01182773898017,33.25277714379513,33.51158504213396,33.78852784074695,34.0837994308813,34.39749462201246
1368,31.33308428432707,31.340327942290287,31.36207128649494,31.39835143245699,31.449230293421863,31.51479479112089,31.59515738581996,31.69045709680404,31.80086112695409,31.926567050125414,32.067805245761235,32.224840877788495,32.39797427367216,32.58753819587423,32.79389040835326,33.01740033436761,33.25842960222354,33.517307811181695,33.79430657313969,34.08961623905128,34.40333012128559
1369,31.337977055704698,31.345223498725943,31.366975199070907,31.403269282643635,31.45416770380666,31.519757487390905,31.600151292323858,31.69548845539498,31.80593661059777,31.931693820383884,32.07299088181145,32.23009309372219,32.40330035353969,32.59294412425925,32.799379761149396,33.022973105175595,33.264081239796894,33.52302878527581,33.800082727820836,34.09543002861528,34.40916259055689
1370,31.34287170821858,31.350120936539554,31.37188099526594,31.40818902501337,31.45910702764371,31.524722138059587,31.60514721899102,31.700521924553982,31.811014310066014,31.936822903007,32.078178878402525,32.23534761623324,32.40862852439318,32.5983517167644,32.804870120413625,33.02854602366159,33.26973205343148,33.528747989919395,33.805856355661945,34.10124086620084,34.41499209878867
1371,31.347768242079496,31.355020256287332,31.3767886766272,31.413110662598,31.464048269644536,31.529688749220156,31.61014517228267,31.705557509205676,31.81609422595784,31.94195429094725,32.083369217813186,32.24060441545288,32.413958745675586,32.6037609274469,32.81036144371478,33.034119061616934,33.27538203860354,33.5344654490404,33.811627506800846,34.10704881882617,34.42081871578722
1372,31.352666657533177,31.359921458514407,31.38169824455173,31.418034198051203,31.468991433852807,31.534657326021147,31.61514515759734,31.710595213456884,31.821176358840717,31.947087978448565,32.088561885112824,32.24586346522443,32.419290980002074,32.60917171107877,32.815853685575746,33.039692184541764,33.281031183766174,33.540181182456934,33.81739623291509,34.11285396016683,34.426642519641234
1373,31.357566955352524,31.364824544335193,31.38660970112562,31.422959634886183,31.4739365253277,31.53962787464212,31.6201471810445,31.71563504125578,31.82626070760989,31.952223956166108,32.09375686021292,32.251124734192956,32.4246251873696,32.61458402514961,32.82134680970887,33.045265371486835,33.28667949009184,33.54589521552123,33.82316258001373,34.11865634873425,34.432463570439495
1374,31.36246913645971,31.369729514987796,31.39152304847954,31.427886976525542,31.478883548851684,31.5446004007768,31.625151248083114,31.720676995885867,31.831347270747983,31.957362214912678,32.098954123968554,32.25638819264515,32.429961329601724,32.61999782832925,32.82684077962364,33.05083859982204,33.29232695631703,33.55160757171643,33.82892659397049,34.12445604462681,34.438281930446124
1375,31.367373201818737,31.37463637172175,31.396438288665877,31.43281622617178,31.483832508816704,31.549574909579462,31.63015736358585,31.725721080192557,31.8364360467005,31.962502746071834,32.10415365842596,32.26165381238059,32.435299369772224,32.62541307964335,32.83233555800274,33.056411845194646,33.29797357936047,33.557318273557655,33.834688320935754,34.130253109166404,34.444097663430966
1376,31.372279152606495,31.37954511598764,31.40135542389993,31.4377473871196,31.488783409596408,31.554551406035216,31.63516553207711,31.730767296501938,31.8415270332909,31.967645540448075,32.10935544530656,32.26692156535279,32.44063927173488,32.63082973949406,32.83783110923906,33.06198508483055,33.30361935705474,33.56302734342398,33.84044780580456,34.1360476016111,34.449910830904685
1377,31.377186990426026,31.384455749673293,31.406274456860615,31.442680463145052,31.493736256010607,31.559529895421292,31.64017575802984,31.735815646518915,31.846620226992115,31.97279058683546,32.11455946411962,32.272191421977766,32.44598099953913,32.63624777093128,32.84332740259504,33.067558301644624,33.30926429154795,33.56873480459507,33.84620509030981,34.14183957506174,34.45572148743082
1378,31.382096717012303,31.38936827477795,31.411195390275452,31.44761545796848,31.498691052684592,31.56451038267022,31.64518804545594,31.740866131467556,31.85171562393208,31.97793787399337,32.119765694767636,32.277463353468875,32.451324518237016,32.64166713789808,32.84882440784179,33.07313147856712,33.314908384608316,33.5744406798205,33.85196021565446,34.1476290821123,34.461529687096686
1379,31.387008334062898,31.39428269323247,31.416118226715355,31.452552375022037,31.503647803813976,31.569492872191063,31.650202397873215,31.745918752300497,31.856813220398692,31.98308739139327,32.124974118332034,32.28273733233698,32.456669793767844,32.647087804361206,32.854322093810595,33.07870459698319,33.32055163659447,33.580144991227485,33.85771322334682,34.15341617636017,34.46733548520581
1380,31.391921843549767,31.399199007235154,31.421042968994243,31.457491217927213,31.508606513683844,31.57447736831972,31.65521881849719,31.75097350939666,31.861913011862498,31.988239127591783,32.13018471516574,32.28801333092474,32.46201679279653,32.65250973600274,32.859820431745334,33.08427764070649,33.32619404943085,33.58584776096228,33.863464153220946,34.15920090812807,34.473138885177605
1381,31.396837247540645,31.404117219063664,31.425969619955538,31.46243199025639,31.51356718643092,31.579463875140505,31.66023731020931,31.756030402769966,31.8670149934793,31.993393070978527,32.13539746569478,32.293291321948914,32.46736548266324,32.65793289940234,32.86531939383201,33.089850594302504,33.331835625375504,33.591549010895505,33.86921304260875,34.16498316984638,34.4789313873041
1382,31.40175454830114,31.409037331186198,31.43089818260887,31.467374695700187,31.518529826229724,31.58445239665099,31.66525787563097,31.76108943196658,31.87211915974285,31.998549209195517,32.14061234974139,32.29857127799039,32.4727158313496,32.66335726265959,32.87081895438098,33.09542344445509,33.337476367979775,33.59724876212084,33.874959889813795,34.17076184039081,34.48471413428592
1383,31.4066737482475,31.413959346204535,31.43582866004749,31.472319337947738,31.52349443713399,31.589442936587716,31.670280516989976,31.766150596058765,31.877225504703006,32.003707529621295,32.14582934719721,32.303853172119545,32.47806780770833,32.66878279494989,32.87631908873607,33.100996178560365,33.34311628076239,33.6029470266314,33.88070452412575,34.17653596033915,34.49049021645499
1384,31.411594849896233,31.418883266805494,31.44076105540171,31.47726592064663,31.528461023055,31.594435498434848,31.67530523616881,31.771213893735535,31.88233402207652,32.00886801946427,32.15104843805011,32.309136977827166,32.48342138131517,32.67420946635747,32.88181977313843,33.10656878460537,33.34875536557172,33.608643785434765,33.88644667010499,34.182305632546274,34.4962604027765
1385,31.416517855881466,31.42380909577821,31.44569537186061,31.482214447432114,31.53342958779325,31.599430085453662,31.680332034720664,31.776279323286587,31.88744470518901,32.01403066566223,32.15626960226683,32.31442266893765,32.48877652246097,32.67963724797875,32.887320984911696,33.11214125105545,33.35439361851354,33.61433898194491,33.892186141730974,34.18807086386778,34.50202531174688
1386,31.421442768959935,31.428736836017038,31.4506316126637,31.487164921899534,31.538400134992685,31.604426700617694,31.685360913795023,31.781346882535843,31.89255754693562,32.01919545489102,32.16149281986003,32.31971021972595,32.49413320230059,32.685066112056745,32.892822702413696,33.11771356542084,33.360031023955685,33.62003254363253,33.89792282988486,34.193831798678104,34.50778533846193
1387,31.426369591944592,31.43366649046277,31.4555697810697,31.492117347618603,31.543372668213408,31.609425346753255,31.69039187433907,31.786416569077915,31.897672540004237,32.02436237370671,32.16671807087613,32.32499960470062,32.49949139242068,32.69049603138183,32.898324904341564,33.12328571395898,33.365667560734096,33.62572439966624,33.903656651690824,34.199588589064376,34.51354081094553
1388,31.431298327741843,31.438598062133394,31.460509880366317,31.49707172811179,31.548347190867048,31.614426026429783,31.695424916949946,31.79148838011355,31.902789676730265,32.02953140846529,32.171945335426926,32.33029079877821,32.504851065151,32.69592697966135,32.90382756982734,33.12885768036142,33.37130319913928,33.631414485444225,33.90938756762279,34.2053413774359,34.51929197172905
1389,31.436228979350062,31.44353155412125,31.465451913861784,31.502028066834782,31.55332370618953,31.619428741924708,31.700460041836948,31.796562312415745,31.907908949075818,32.03470254532476,32.17717459372119,32.33558377734113,32.51021219363071,32.70135893149063,32.90933067794231,33.13442944476964,33.37693790423555,33.63710274795068,33.91511557633248,34.21109028820689,34.525039013353194
1390,31.441161549807816,31.44846696954812,31.470395884864047,31.506986367196305,31.558302217310597,31.624433495347773,31.705497248994504,31.80163836252882,31.913030348812583,32.03987577035508,32.18240582604176,32.34087851603954,32.51557475141908,32.70679186179905,32.914834207287754,33.14000098544477,33.38257164139634,33.642789142568006,33.92084068376994,34.216835440799116,34.53078211430159
1391,31.446096042241038,31.453404311600536,31.47534179667889,31.5119466324972,31.56328272712051,31.629440288433955,31.71053653793774,31.806716526487207,31.918153867288424,32.045051069431,32.18763901283711,32.34617499111346,32.52093871297774,32.71222574619611,32.92033813560266,33.145572277312226,33.388204375769476,33.6484736401801,33.926562917343574,34.222576940845215,34.53652141329104
1392,31.45103245980971,31.45834358348668,31.480289652597037,31.51690886596691,31.568265238368326,31.63444912270876,31.715577907923205,31.811796800059653,31.923279495641054,32.050228428346145,32.19287413466782,32.351473179126515,32.52630405320116,32.717660560445836,32.92584243980872,33.15114329409272,33.39383607532852,33.65415622024079,33.93228230538426,34.228314888065654,34.542257040871334
1393,31.455970805635218,31.46328478838427,31.485239455903013,31.52187307086689,31.57324975388417,31.639459999829796,31.720621358380527,31.816879179203056,31.928407225169337,32.05540783297482,32.19811117204097,32.356773056417865,32.53167074660155,32.72309627997629,32.931347097289006,33.15671401142686,33.39946670807143,33.659836854530056,33.937998869855335,34.234049387442155,34.54798913980352
1394,31.460911082980942,31.46822792956027,31.49019120981717,31.526839250155035,31.578236275902555,31.644472920569115,31.725666887645843,31.821963658749723,31.933537046281174,32.06058926884424,32.20335010592595,32.36207460066072,32.53703876944786,32.72853288091062,32.93685208276764,33.162284400812496,33.40509625031325,33.66551554605172,33.943712652793295,34.239780517553356,34.55371779885246
1395,31.465853294999135,31.473173010209337,31.49514491760044,31.531807407006568,31.583224807091483,31.649487886347742,31.73071449486048,31.827050234363696,31.938668950047543,32.065772721745304,32.20859091695547,32.36737778853245,32.54240809667152,32.73397033882537,32.94235737307571,33.1678544371681,33.41072467220533,33.67119227396563,33.9494236814009,34.24550837671501,34.55944314711826
1396,31.470797444979155,31.478120033585242,31.500100582346533,31.53677754408085,31.58821534918428,31.65450489724816,31.735764177556348,31.832138900097107,31.94380292631223,32.07095817706147,32.213833586507974,32.3726825985745,32.54777870532541,32.73940862961848,32.94786294192704,33.173424094037216,33.41635195944758,33.676867053324656,33.95513200262775,34.2512330286375,34.56516524845733
1397,31.47574353611185,31.483069002902994,31.505058207283525,31.541749664437702,31.593207904634028,31.65952395437938,31.740815934495743,31.837229651230587,31.948938965849436,32.07614562047752,32.21907809538425,32.37798900791046,32.55315057088632,32.74484772902679,32.95336876536214,33.178993345518734,33.421978085477235,33.68253987282759,33.960837649174664,34.256954563092336,34.57088421530767
1398,31.48069157162871,31.48801992133582,31.51001779536125,31.54672377049991,31.598202474834864,31.6645450574012,31.745869762756683,31.84232248141575,31.95407705825886,32.08133503737736,32.22432442521625,32.383296995418334,32.55852367046401,32.75028761268209,32.958874817945855,33.184562169291326,33.42760304145446,33.688210748252004,33.96654066436781,34.26267303891859,34.57660010777175
1399,31.485641554755432,31.492972792080252,31.514979349635553,31.551699864921545,31.603199061558826,31.669568206485735,31.750925660007965,31.847417384870823,31.95921719354328,32.08652641324028,32.22957255734087,32.38860653937769,32.563897980642764,32.75572825628228,32.96438107460688,33.1901305413881,33.433226812240264,33.693879686688376,33.972241088605585,34.26838852537617,34.58231300303123
1400,31.49059348857412,31.497927618175822,31.519942872969068,31.55667795011442,31.60819766629203,31.67459340150026,31.755983623640248,31.852514355619633,31.964359361643403,32.09171973362106,32.234822473215786,32.39391761803978,32.56927347779174,32.761169635907095,32.96988751282089,33.19569844221212,33.438849384386,33.69954669089947,33.97793895523216,34.27410109208648,34.588022984359384
1401,31.495547376296372,31.502884402768814,31.524908368263766,31.561658028423096,31.6131982903172,31.679620641965812,31.761043650582224,31.857613387180947,31.969503552075707,32.09691498389685,32.240074154545084,32.399230210388964,32.57465013908603,32.76661172723186,32.975394107458044,33.20126585038423,33.44447075046031,33.705211777631575,33.983634307082184,34.27981079602034,34.59373010960087
1402,31.50050322108575,31.507843148947984,31.52987583833766,31.56664010206981,31.618200934754384,31.684649927211296,31.76610573756591,31.862714472909886,31.974649754266125,32.10211214945406,32.24532758312478,32.404544295503115,32.58002794171847,32.77205450605055,32.9809008341918,33.20683274629533,33.450090904693866,33.71087496365885,33.98932718509707,34.28551769247258,34.599434435723424
1403,31.505461025853663,31.512803859547716,31.534845285751658,31.571624173026066,31.623205600501592,31.6896812564043,31.77116988125772,31.867817606210735,31.97979795778258,32.107311215814605,32.25058274069198,32.409859852074476,32.58540686260312,32.77749794947778,32.98640767275407,33.21239911423794,33.455709838777125,33.71653625582803,33.99501762125146,34.291221842656626,34.605136034640395
1404,31.510420793657374,31.517766537529496,31.539816713137327,31.576610243243067,31.628212288318366,31.694714628446718,31.776236077950387,31.8729227800672,31.98494815183568,32.1125121683628,32.255839609227166,32.41517685942165,32.59078687913836,32.78294203378863,32.99191460038935,33.21796493765811,33.461327550295096,33.7221956723119,34.00070565416735,34.29692329737611,34.61083495860265
1405,31.515382527511292,31.52273118580098,31.544790123041423,31.581598314542134,31.63322099878576,31.699750042023652,31.78130432370841,31.87802998726471,31.990100325515016,32.117714992474475,32.26109817081078,32.42049529701046,32.596167968847226,32.78838673544516,32.997421594956336,33.223530201400024,33.4669440387305,33.72785323255363,34.00639132173245,34.302622104749275,34.616531256563576
1406,31.520346230158225,31.527697807000948,31.549765517754054,31.586588388516304,31.638231732309805,31.704787495727373,31.78637461460761,31.8831392207004,31.9952544680678,32.12291967360704,32.266358407388395,32.425815144023375,32.60155010947375,32.793832032720275,33.002928637558455,33.2290948918635,33.47255929970146,33.73350894780407,34.01207465700412,34.308318318372585,34.62222498825395
1407,31.525311904392595,31.532666403803432,31.554742899551854,31.591580466670507,31.643244489118104,31.709826987884014,31.79144694639831,31.888250472945856,32.00041056850455,32.12812619717016,32.271620301100995,32.431136379973,32.60693327886321,32.7992779034135,33.008435708790046,33.23465899670214,33.47817333308029,33.73916283458419,34.017755694149685,34.31401198574173,34.62791620410519
1408,31.530279553000867,31.53763697886137,31.559722270653594,31.596574550396383,31.648259269261416,31.714868516586932,31.796521314568906,31.89336373632898,32.00556861567219,32.1333345485487,32.27688383422276,32.43645898459084,32.61231745499316,32.804724325281256,33.01394278941393,33.240222504837334,33.48378614147242,33.7448149122323,34.023434467423556,34.31970315037978,34.63360494887951
1409,31.5352491785265,31.542609534588905,31.564703633052943,31.601570640889065,31.653276072643223,31.719912079851838,31.80159771461132,31.898479003248212,32.0107285985012,32.1385447131409,32.282148988947085,32.44178293764952,32.617702616518955,32.810171277681036,33.01944986183747,33.24578540499107,33.489397724457206,33.750465195945594,34.02911100987541,34.32539185868529,34.63929127176857
1410,31.540220783462587,31.54758407333918,31.569686988653245,31.60656873921147,31.65829489899005,31.724957675483836,31.80667614179964,31.90359626591635,32.015890505811626,32.143756676338626,32.28741574755492,32.447108219050165,32.623088742231005,32.81561874023225,33.02495690916828,33.2513476872316,33.495008083264395,33.7561137018879,34.034785353798554,34.33107815465371,34.64497521904269
1411,31.545194370308707,31.55256059745699,31.5746723393072,31.611568846312196,31.663315747840954,31.730005301036158,31.811756591122958,31.9087155162847,32.021054326258366,32.14897042352521,32.292684092463276,32.45243480882982,32.62847581086254,32.82106669242114,33.03046391501863,33.256909343542134,33.50061722214946,33.761760448517805,34.04045753066811,34.33676207841569,34.650656832161815
1412,31.550169941353943,31.55753910907964,31.579659686669856,31.61657096296301,31.66833861859334,31.735054953969325,31.816839057532377,31.91383674630805,32.026220048508094,32.154185940079685,32.29795400613358,32.457762687336526,32.63386380194203,32.82651511480884,33.03597086358275,33.262470365312026,33.50622514378534,33.76740545291807,34.046127571872034,34.34244367091179,34.65633615355097
1413,31.555147498772158,31.562519610224,31.584649032262632,31.621575089785324,31.67336351048158,31.740106631580943,31.821923535834173,31.918959947832207,32.03138766116632,32.159403211375604,32.30322547109796,32.46309183512142,32.6392526954013,32.83196398854733,33.04147773970499,33.2680307444877,33.511831851184866,33.773048732192365,34.051795508315706,34.34812297198067,34.66201322428668
1414,31.560127044737442,31.567502102892263,31.5896403775493,31.626581227279814,31.678390422549228,31.745160330919532,31.827010020563364,31.9240851124689,32.036557152706166,32.16462222278142,32.308498469941696,32.46842223269846,32.64464247103092,32.83741329494683,33.04698452932115,33.273590475166145,33.51743734971603,33.77869030442997,34.05746136967093,34.353800018498305,34.66768808202528
1415,31.565108581164736,31.572486588836,31.59463372376979,31.631589375768158,31.683419353721433,31.750216048981883,31.83209850625957,31.92921223186329,32.04172851164026,32.169842959749076,32.31377298551433,32.473753861175624,32.650033109454284,32.842863015933915,33.05249121825648,33.27914955045054,33.52304164326324,33.784330186584384,34.06312518537305,34.35947484845303,34.67336076618358
1416,31.570092109838413,31.57747306967309,31.599629072021685,31.63659953542043,31.688450302766853,31.755273782613926,31.837188987331785,31.934341297563606,32.04690172643285,32.17506540775037,32.31904900078763,32.47908670192152,32.65542459169677,32.8483131339342,33.05799779286821,33.28470796392082,33.528644735988735,33.789968395518315,34.06878698427306,34.365147498941894,34.67903131524986
1417,31.575077632652494,31.58246154710423,31.604626423409627,31.641611706300694,31.69348326822211,31.760333528325702,31.84228145781043,31.939472300787372,32.05207678532997,32.180289552111105,32.324326498497726,32.48442073589558,32.6608168985224,32.853763631936204,33.06350424135667,33.290265712125745,33.53424663522611,33.79560494992057,34.07444679437077,34.37081800250405,34.68469976149481
1418,31.580065151301255,31.587452022633954,31.609625778852717,31.64662588830805,31.698518248489165,31.765395282529994,31.847375911666916,31.944605232723063,32.057253676578284,32.185515378225205,32.329605461606775,32.48975594451133,32.666210011288854,32.85921449340867,33.06901055207538,33.295822791370085,33.53984734775014,33.80123986783502,34.080104643158506,34.37648639184772,34.69036613779002
1419,31.585054667378415,31.59244449765987,31.614627139146535,31.65164208119546,31.703555241804395,31.77045904146604,31.852472342710996,31.94974008443336,32.06243238835498,32.19074287148641,32.3348858731548,32.495092309360075,32.671603911673515,32.86466570232699,33.07451671407256,33.301379198744314,33.545446880972236,33.806873167452466,34.085760557511094,34.38215269833455,34.696030475422276
1420,31.590046182152378,31.59743897327172,31.619630504829843,31.656660284539896,31.708594246326925,31.775524801394113,31.857570744846612,31.95487684711111,32.06761290899237,32.195972017531005,32.34016771663312,32.50042981272526,32.67699858207419,32.87011724302215,33.08002271599804,33.306934929889906,33.5510452399771,33.81250486475261,34.09141456389034,34.387816955926155,34.70169280968554
1421,31.595039696657068,31.602435450332678,31.6246358762387,31.66168049775439,31.713635260103047,31.780592558516616,31.862671111968268,31.96001551197577,32.072795226887195,32.20120280214002,32.34545097583299,32.505768437374286,32.68239400544678,32.87556910024165,33.085528546545504,33.31248997990406,33.556642428722625,33.818134974458644,34.0970666882622,34.39347919958681,34.70735317761779
1422,31.600035212272644,31.607433929998763,31.629643253849338,31.666702720165574,31.718678280836684,31.785662308475537,31.86777343730114,31.965156069612476,32.07797932992008,32.20643521061021,32.35073563388232,32.5111081652293,32.68779016427061,32.881021259540375,33.09103419727603,33.31804434910998,33.56223845769125,33.82376351612612,34.10271695556867,34.39913945509369,34.713011603561085
1423,31.605032730057133,31.61243441312098,31.634652637883562,31.671726950924267,31.72372330615366,31.790734046931107,31.87287771416061,31.97029851073279,32.083165206123624,32.211669228477945,32.356021674354736,32.51644897889719,32.69318704173946,32.88647370683083,33.09653965936792,33.32359803641435,33.567833335082014,33.82939050713401,34.108365390335734,34.40479775076659,34.718668115783544
1424,31.610032250953964,31.617436900431017,31.639664028430843,31.67675318903349,31.728770333519265,31.795807769381952,31.877983935716713,31.975442825938558,32.08835284347515,32.21690484129414,32.36130908092514,32.52179086119463,32.698584621392,32.89192642852271,33.10204492462583,33.32915104136998,33.57342706954529,33.8350159648607,34.114012016484594,34.41045411382578,34.72432274131825
1425,31.615033775580798,31.622441392355825,31.644677425336795,31.681781433344554,31.733819360356676,31.800883471389454,31.883092095282734,31.98058900602763,32.09354223019943,32.22214203495378,32.36659783776571,32.52713379556809,32.70398288734822,32.89737941120035,33.10754998416007,33.33470336169876,33.57901966718458,33.840639904725606,34.11965685816892,34.41610857426946,34.729975510934594
1426,31.620037304235666,31.62744788902279,31.64969282820607,31.686811682557277,31.738870384043253,31.80596114857127,31.88820218630741,31.985737041985658,32.0987333547605,32.227380795686486,32.371887929534864,32.532477766082195,32.70938182430319,32.90283264163156,33.11305482842346,33.3402549933615,33.584611131641054,33.846262340244664,34.125299939751244,34.42176116476401,34.73562645899818
1427,31.62504283762513,31.632456390899392,31.654710236788958,31.691843935232725,31.743923401503878,31.811040795828035,31.89331420137745,31.990886923929963,32.10392620481565,32.23262110892068,32.37717934001063,32.53782275596967,32.71478141670946,32.90828610788162,33.11855945176973,33.34580593910482,33.590201474439596,33.85188328978785,34.13094128291402,34.42741190726571,34.741275606316606
1428,31.63005037609298,31.63746689811586,31.65972965057199,31.69687818977951,31.748978409641722,31.8161224081623,31.898428133273967,31.996038642227973,32.109120768322896,32.23786296048655,32.382472053538095,32.543168749166966,32.72018164964271,32.913739798133406,33.12406384762619,33.351356199409565,33.59579070403163,33.85750276942247,34.13658090971916,34.433060827189195,34.74692297830671
1429,31.63505991985346,31.64247941066992,31.664751068901694,31.701914444458282,31.75403540520813,31.821205980431102,31.903543974652905,32.00119218715872,32.11431703320642,32.24310633625231,32.38776605459151,32.548515729849896,32.72558250854007,32.91919370104449,33.129568009953005,33.35690577522723,33.601378829108,33.86312079507678,34.142218841682904,34.43870794912419,34.75256859950201
1430,31.6400714688761,31.64749392833056,31.669774490941904,31.706952697414863,31.75909438491908,31.826291507534222,31.9086617182827,32.00634754918042,32.119514987644834,32.24835122242939,32.39306132806797,32.55386368263464,32.73098397914907,32.92464780519458,33.1350719319791,33.362454666145425,33.6069658568785,33.86873738192901,34.147855100833794,34.44435329914552,34.75821249616996
1431,31.645085022834508,31.652510450595514,31.674799915654376,31.711992946695716,31.764155345507106,31.831378984497803,31.913781357150526,32.011504719049185,32.1247146201996,32.25359760570859,32.398357859418184,32.55921259266705,32.73638604750471,32.93010209884068,33.140575605639356,33.36800286957077,33.61255179230653,33.87435254413538,34.153489710182896,34.449996905842056,34.7638546974768
1432,31.650100581629204,31.657528977127527,31.679827341993814,31.71703519009469,31.769218283191833,31.83646840561937,31.91890288338209,32.016663686605796,32.129915918504935,32.25884547187343,32.403655633313235,32.56456244471042,32.74178870016175,32.93555657242291,33.14607902731643,33.373550389062586,33.61813664592137,33.87996629760539,34.159122688921116,34.455638789822615,34.769495223601155
1433,31.65511814486854,31.662549507321046,31.6848567687141,31.722079425305196,31.77428319420585,31.841559765317015,31.92402628931427,32.02182444198064,32.13511887056916,32.26409480717723,32.408954634968666,32.56991322405162,32.74719192396424,32.94101121607537,33.15158219213794,33.37909722605576,33.62372042605875,33.885578657245105,34.164754057189384,34.46127897413879,34.775134097539876
1434,31.66013771202165,31.66757204043023,31.68988819442592,31.727125649875177,31.77935007463924,31.846653057878655,31.929151567178224,32.02698697523789,32.14032346438978,32.269345597936024,32.414254849753206,32.57526491623321,32.75259570611331,32.946466020361754,33.1570850956619,33.38464338230733,33.62930314115425,33.8911896377723,34.170383834668996,34.466917481204405,34.78077134161879
1435,31.665159282388174,31.672596575549164,31.694921617607918,31.73217386126214,31.784418920541725,31.851748277606077,31.93427870927883,32.03215127658325,32.145529688181114,32.27459783075011,32.41955626335181,32.580617507070315,32.75800003391572,32.95192097565064,33.162587732922646,33.390188858899364,33.63488479914747,33.896799253828874,34.17601204132478,34.47255433387153,34.78640697861272
1436,31.670182855064922,31.6776231115914,31.699957036619026,31.737224056891932,31.78948972803073,31.856845418968362,31.939407708184888,32.03731733658469,32.150737530614435,32.27985149273809,32.42485886193816,32.58597098266824,32.76340489451712,32.95737607145469,33.168090097421384,33.39573365518464,33.64046540685234,33.90240752010078,34.18163869819119,34.47818955656891,34.79204103293023
1437,31.675208429130578,31.682651647406658,31.704994449629908,31.74227623382967,31.79456249268344,31.861944475741097,31.94453855565945,32.04248514493236,32.15594697946517,32.285106570219,32.430162631203814,32.59132532932267,32.768810276401666,32.962831300150015,33.1735921868069,33.40127777472122,33.64604497350285,33.90801445064545,34.1872638229475,34.4838231688953,34.79767352394549
1438,31.680236003471407,31.687682181670482,31.710033854687538,31.747330389090223,31.79963721011046,31.867045441818618,31.9496712436694,32.047654691608784,32.161158022889765,32.29036304995617,32.43546755727431,32.596680533614006,32.77421616797693,32.96828665346595,33.179093997514315,33.4068212196716,33.6516235074065,33.913620059526295,34.19288743409379,34.48945519166597,34.80330447229153
1439,31.685265576832023,31.692714712916256,31.715075249696554,31.752386519548224,31.804713875789673,31.87214831097856,31.95480576409284,32.05282596654973,32.16637064905541,32.2956209187966,32.440773626443956,32.60203658237987,32.77962255798383,32.973742123502404,33.184595526319015,33.41236399242598,33.657201016914314,33.91922436062896,34.19850954974072,34.49508564516009,34.80893389803617
1440,31.690297147812373,31.69774923953412,31.720118632422555,31.757444621947457,31.809792485082255,31.877253076904367,31.959942108746816,32.05799895967647,32.171584846174994,32.300880163703766,32.44608082519761,32.607393462712594,32.785029435450895,32.97919770262894,33.19009677019517,33.417906095467,33.66277751035034,33.92482736768551,34.20413018770705,34.500714546332574,34.814560270887284
1441,31.695330714855174,31.702785759777953,31.72516400055372,31.76250469303926,31.8148730334554,31.882359733488045,31.96508026976221,32.06317366132839,32.17680060296482,32.30614077217274,32.451389140463164,32.612751161854305,32.79043678899524,32.984653382098884,33.1955977245222,33.423447529795965,33.6683529953076,33.930429094627016,34.20974936078795,34.50634070161044,34.820118989273965
1442,31.700366276322768,31.70782427179978,31.7302113516173,31.767566729335158,31.81995551605712,31.887468274241485,31.970220238851937,32.06835006141097,32.1820179077223,32.31140273135543,32.456698559008544,32.61810966724505,32.795844608036646,32.99010915475594,33.20109838687756,33.42898829852771,33.67392748041311,33.93602955064188,34.215366753999376,34.51195453169481,34.82561817884164
1443,31.705403830410035,31.712864773590127,31.735260682997875,31.77263072723167,31.825039927956652,31.892578692637755,31.97536200773527,32.073528149890365,32.187236748871555,32.3166660286023,32.46200906786038,32.62346896661239,32.80125288224781,32.995565013544706,33.20659875467538,33.434528404345485,33.679500972225526,33.941628672707054,34.220980708704076,34.517549376013505,34.83107983717872
1444,31.71044337517111,31.717907263001052,31.740311991947237,31.77769668300442,31.830126264119883,31.897690982073016,31.980505568090848,32.07870791673923,32.192457114900435,32.32193065138904,32.46732065423021,32.6288290479157,32.80666160154891,33.0010209516314,33.21209882546998,33.44006784940683,33.68507346085556,33.94722614678477,34.22658895531595,34.52312436355436,34.83651109567677
1445,31.715484908527856,31.722951737753704,31.74536527559104,31.782764592811645,31.835214519410954,31.902805135865208,31.985650911552284,32.08388935192937,32.19767899434879,32.327196587302524,32.47263330549981,32.634189899332966,32.81207075610678,33.00647696241583,33.21759859685153,33.44560663256294,33.69064488799199,33.95282139163743,34.23218969095194,34.52867993163386,34.84191618449512
1446,31.72052842826878,31.727998195437408,31.750420530928295,31.78783445269488,31.84030468859305,31.90792114725531,31.99079802971022,32.089072445433146,32.20290237581031,32.33246382404258,32.477947009221566,32.639551509261366,32.81748033633011,33.011933039493215,33.2230980658573,33.451144742643976,33.69621511896315,33.95841369046917,34.237781692521025,34.53421684844426,34.847297958661215
1447,31.725573932043403,31.733046633503704,31.75547775482545,31.79290625857385,31.84539676632511,31.91303900940642,31.995946914113347,32.0942571872277,32.208127247939274,32.33773234943004,32.48326175312786,32.644913866325226,32.822890332868496,33.01738917651784,33.228597227343414,33.45668214821251,33.70178393680288,33.96400232449088,34.24336418703325,34.53973594060773,34.85265846303696
1448,31.73062141736841,31.73809704927379,31.760536944024693,31.79798000625391,31.850490747169033,31.918158715409163,32.0010975562725,32.09944356729653,32.213353599448794,32.34300215140104,32.48857752512134,32.650276959359246,32.828300736565154,33.022845366853744,33.23409607158004,33.46221879110152,33.707351065735565,33.96958664232267,34.24893669625527,34.545237985038796,34.85799928758723
1449,31.735670881627073,31.743149439937156,31.76559809514208,31.803055691426323,31.855586625589638,31.923280258283967,32.006249947663434,32.10463157563322,32.218581419113946,32.348273218010775,32.49389431327734,32.65564077740413,32.833711538376576,33.02830160290034,33.239594580944754,33.467754582654266,33.712916198198684,33.97516608968829,34.25449893195503,34.550723683390515,34.863321734665874
1450,31.74072232207328,31.74820380255528,31.770661204671853,31.808133309671348,31.86068439595931,31.928403630983723,32.011404079730085,32.109821202243154,32.22381069577375,32.353545537432694,32.499212105837444,32.66100530967918,32.83912272919247,33.033757875066044,33.245092727044096,33.47328940708951,33.71847902106856,33.98074020258849,34.260050723648305,34.55619367625877,34.86862689923686
1451,31.745775735831614,31.753260134063055,31.775726268988137,31.81321285646078,31.865784052560116,31.933528826397833,32.01655994388716,32.11501243714599,32.22904141833163,32.35881909795671,32.504530891201455,32.66637054552416,32.8445342994882,33.03921417043074,33.25059046926185,33.47882312920166,33.72403922950366,33.986308589594955,34.26559198814044,34.56164855464033,34.87391570468321
1452,31.750831119899146,31.7583184312694,31.780793284345805,31.81829432715915,31.870885589585328,31.93865583735368,32.02171753152288,32.120205270379074,32.23427357575798,32.364093887989895,32.50985065791281,32.671736474295756,32.84994623884131,33.044670471557936,33.25608775513558,33.484355601420475,33.7295965321029,33.991870922257476,34.271122707969596,34.56708885939548,34.879188945048384
1453,31.75588847114534,31.763378690858076,31.785862246881095,31.823377717024528,31.87598900114068,31.943784656617368,32.02687683399921,32.125399691996506,32.23950715708963,32.36936989605243,32.51517139464289,32.677103085316276,32.855358535867936,33.05012675678444,33.261584521090924,33.48988666242292,33.735150650404364,33.99742693789511,34.27664292766411,34.572515082651876,34.88444728657174
1454,31.760947786314034,31.768440909389255,31.79093315261332,31.828463021210894,31.881094281247158,31.948915276897196,32.032037842656166,32.130595692073484,32.24474215143226,32.37464711077638,32.52049309016172,32.68247036769833,32.860771177484025,33.05558299855568,33.26708069310672,33.49541614730941,33.74070132746709,34.00297642448447,34.282152719791384,34.57792767004406,34.88969132819528
1455,31.76600906202674,31.773505083303462,31.796005997449925,31.833550234773213,31.886201423846273,31.95404769084962,32.03720054881666,32.13579326070999,32.24997854795913,32.37992552088161,32.52581573322175,32.68783830991816,32.86618414799375,33.06103916324878,33.27257619022339,33.50094389379922,33.74624833159265,34.00851920460218,34.28765216012164,34.58332703728098,34.89492162734314
1456,31.771072294779913,31.77857120891798,31.801080777182108,31.838639352662653,31.891310422794845,31.959181891073513,32.04236494378142,32.14099238802618,32.25521633590972,32.385205115187944,32.531139312633115,32.69320690015974,32.87159743007663,33.06649521221533,33.278070921978156,33.506469733459426,33.751791448674055,34.01405515224474,34.29314136419151,34.58871355755093,34.90013865060422
1457,31.776137480952684,31.783639282435445,31.806157487494204,31.843730369737216,31.896421271877784,31.964317870122954,32.04753101884097,32.14619306417177,32.26045550458514,32.390485882552014,32.53646381696609,32.698576125301884,32.877011002649965,33.071951100798515,33.28356479596363,33.51199351052003,33.75733049117673,34.0195841516105,34.29862042654497,34.594087589929416,34.90534286076536
1458,31.78120461680288,31.788709299939626,31.81123612395919,31.84882328075696,31.90153396480116,31.96945562050098,32.05269876526938,32.151395279318876,32.265696043342246,32.39576781187117,32.54178923463894,32.70394597141507,32.882424842341266,33.07740677979365,33.28905771407324,33.51751506925564,33.76286528855485,34.02510612279633,34.30408946553297,34.5994494607375,34.91053465699969
1459,31.786273698471746,31.79378125740078,31.816316682043862,31.853918080389803,31.906648495199704,31.974595134666572,32.05786817433068,32.156599023666445,32.270937941586624,32.40105089203121,32.54711555370591,32.709316423141274,32.88783892242617,33.08286219550786,33.29454957718673,33.523034263138754,33.76839568918962,34.03062099944782,34.30954859780894,34.60479947937421,34.915714411939746
1460,31.7913447219903,31.79885515068048,31.82139915711565,31.859014763218113,31.911764856643003,31.97973640504074,32.063039237282226,32.16180428742956,32.27618118871163,32.406335111704664,32.55244276141184,32.71468746325013,32.89325321352072,33.08831729266217,33.3000402886052,33.52855095323014,33.77392155082998,34.036128725880815,34.3149979434408,34.610137938857235,34.92088247697052
1461,31.79641768326428,31.803930975518426,31.826483544426424,31.864113323721938,31.916883042618224,31.984879423989582,32.06821194536286,32.16701106085327,32.28142577420783,32.4116204597446,32.55777084516677,32.72005907400995,32.89866768330302,33.09377200894164,33.30552974358642,33.53406500365861,33.77944275798552,34.04162928145007,34.32043763208412,34.615465101426025,34.926039149796964
1462,31.801492578097623,31.809008727554897,31.83156983913807,31.86921375630635,31.922003046558757,31.990024183851688,32.07338628980847,32.1722193341796,32.28667168746432,32.41690692453574,32.56309979106544,32.725431235272254,32.90408229711613,33.09922628304241,33.31101784478011,33.53957628914651,33.7849591989351,34.0471226408892,34.325867784736886,34.62078122431791,34.93118473177384
1463,31.806569402178127,31.81408840231677,31.836658036306915,31.874316055284453,31.927124861826485,31.995170676921134,32.07856226184339,32.17742909767168,32.291918917900375,32.422194494406824,32.56842958478694,32.73080392555863,32.90949701746467,33.104680049801345,33.316504493196305,33.54508469075796,33.7904707788349,34.05260879795185,34.33128852659354,34.626086543867814,34.936319491625284
1464,31.811648151083546,31.819169995223547,31.84174813088987,31.87942021488442,31.93224848171843,32.00031889545278,32.08373985267838,32.18264034158784,32.29716745487974,32.42748315743353,32.57376021130074,32.73617712192595,32.91491180460554,33.11013324197717,33.32198959048054,33.550590096215956,33.79597741602453,34.058087758179624,34.33669998268283,34.631381281459596,34.941443676043434
1465,31.81672882029511,31.824253501601333,31.846840117759655,31.884526229265248,31.937373899483475,32.00546883167607,32.08891905351328,32.18785305614489,32.30241728755868,32.432772901028784,32.57909165410052,32.74155079925356,32.92032661738574,33.11558579455226,33.32747304588486,33.55609240243308,33.801479031627764,34.06355951959563,34.34210226634451,34.6366656575679,34.94655753986393
1466,31.82181140517281,31.829338916657264,31.85193399167764,31.889634092488052,31.94250110829256,32.01062047777077,32.094099855535205,32.19306723159542,32.30766840518578,32.43806371271444,32.58442389655386,32.74692493131454,32.92574141142552,33.12103763704732,33.33295476463189,33.561591511933955,33.80697556701148,34.069024106352515,34.34749549993484,34.64193986615783,34.95166129427963
1467,31.826895900995396,31.834426235520482,31.857029747337094,31.89474379856108,31.947630101281902,32.015773825894826,32.09928224988954,32.19828285803254,32.31292079651496,32.443355578876094,32.58975692018646,32.752299490218775,32.93115614312643,33.12648870465381,33.338434661444865,33.56708733372801,33.81246695890678,34.07448152585812,34.35287979355866,34.6472041092818,34.95675516750049
1468,31.83198230291788,31.83951545319883,31.862127379317656,31.89985534139265,31.952760871509724,32.02092886816098,32.10446622772815,32.2034999256349,32.31817445048222,32.448648486079435,32.59509070625006,32.757674446384215,32.936570764864996,33.13193892711149,33.34391264895879,33.572579784959885,33.81795316422108,34.079931808093875,34.3582552608251,34.652458564170445,34.96183935274405
1469,31.837070606016198,31.844606564624485,31.867226882131718,31.90496871483799,31.957893411995315,32.02608559664429,32.10965178012094,32.208718424342806,32.32342935543892,32.453942419800626,32.600425234603904,32.76304976948887,32.94198523051324,33.137388238786855,33.34938864579817,33.57806878593749,33.823434136441335,34.085374975047955,34.36362201148984,34.657703410239776,34.966914046941156
1470,31.8421608052559,31.849699564621687,31.872328250192652,31.91008391266746,31.963027715694466,32.03124400338493,32.11483889813519,32.21393834411509,32.32868549971198,32.45923736525975,32.605760484260884,32.76842542741099,32.94739949139495,33.14283657232869,33.354862572629486,33.58355426493557,33.82890984117074,34.09081105749476,34.3689801528368,34.662938813510095,34.97197942999884
1471,31.847252895518977,31.85479444793407,31.877431477841185,31.915200928590195,31.96816377551073,32.03640408036358,32.12002757272688,32.21915967466367,32.33394287114152,32.4645333069156,32.61109643338477,32.7738013876035,32.95281349952478,33.14828386255698,33.36033435336117,33.58903615323783,33.83438024552595,34.09624008647597,34.374329790405056,34.668164935797165,34.97703567720566
1472,31.852346871594477,31.859891209214936,31.88253655933613,31.920319756246727,31.973301584294063,32.04156581951594,32.125217794790046,32.224382405559254,32.33920145723914,32.46983022859172,32.61643305918,32.77917761650622,32.95822720653098,33.153730045442444,33.36580391516492,33.59451438701859,33.83984532125817,34.10166209515478,34.379671027595066,34.67338193225976,34.98208295562887
1473,31.857442728154126,31.8649898430034,31.88764348883103,31.92544038918885,31.97844113483336,32.04672921276028,32.1304095552627,32.22960652647504,32.34446124558724,32.47512811386429,32.621770337781186,32.78455407824009,32.96364056089186,33.15917505506633,33.371271187876914,33.5999889118072,33.8453050533862,34.1070771250906,34.385003964895986,34.67858994417037,34.98712141406156
1474,31.86254045979973,31.87009034377121,31.892752260418774,31.930562820914986,31.983582419862273,32.051894251927365,32.13560284489779,32.234832026702236,32.349722223108074,32.48042694544881,32.627108244666715,32.789930737217105,32.96905351299972,33.16461882886557,33.37673610464611,33.60545967412696,33.85075942481984,34.11248521483168,34.39032870058679,34.68378911243127,34.99215120235374
1475,31.86764006107137,31.87519270593043,31.89786286813853,31.935687044874385,31.988725432055332,32.05706092873959,32.14079765421343,32.24005889506367,32.35498437596493,32.48572670516671,32.63244675481866,32.79530755860014,32.97446601585881,33.170061308232164,33.382198601867685,33.61092662030023,33.856208414396576,34.11788639807372,34.39564533030887,34.68897957981886,34.9971724748562
1476,31.872741526366042,31.880296923753747,31.902975305901805,31.940813054413695,31.9938701640354,32.062229234962615,32.145993973923396,32.24528712075289,32.36024769071321,32.49102737473049,32.637785841690004,32.80068450379912,32.97987801706006,33.17550243065597,33.38765861872889,33.61638970985308,33.86165202067457,34.12328072272436,34.400953947879714,34.69416146816434,35.00218535692545
1477,31.877844850016402,31.885402991451656,31.908089567562968,31.94594084282585,31.999016608360535,32.067399162249444,32.15119179451136,32.25051669252531,32.36551215321987,32.49632893505435,32.64312547828251,32.80606153483626,32.985289466399934,33.18094213705075,33.39311609742191,33.62184890269032,33.86709023942478,34.12866823277352,34.40625464459066,34.699334900157965,35.00718997670714
1478,31.882950026328558,31.890510903208508,31.913205646948427,31.951070403359722,32.00416475749063,32.072570702023086,32.1563911059863,32.255747598328696,32.370777748302885,32.50163136625321,32.64846563802058,32.81143861644841,32.99070031881479,33.186380373951124,33.398570982200056,33.62730415368719,33.87252305533707,34.13404896116424,34.4115475092658,34.70450000841083,35.01218647730883
1479,31.888057049448037,31.895620653053186,31.918323537747483,31.956201729168413,32.009314603872156,32.077743845839734,32.161591898700294,32.26097982663862,32.376044461208835,32.506934648059826,32.65380629209557,32.81681570863185,32.996110523056984,33.191817084059096,33.4040232214179,33.63275543282765,33.877950474612305,34.139422957075226,34.416832628548775,34.70965690152258,35.017174969718155
1480,31.893165913457892,31.90073223495392,31.923443233592025,31.961334813346923,32.014466139875935,32.08291858512263,32.16679416274951,32.26621336548072,32.38131227653207,32.5122387595207,32.659147411411766,32.82219277210095,33.00152002998345,33.19725221316031,33.40947276603276,33.63820271046086,33.883372501106976,34.14479026595524,34.4221100866979,34.71480568891798,35.022155567260484
1481,31.898276612429243,31.905845642863255,31.92856472808313,31.966469648914767,32.019619357694296,32.08809491092518,32.171997887585746,32.2714482019843,32.386581178007134,32.517543679531514,32.66448896835038,32.82756977124245,33.0069287956095,33.20268571113519,33.414919566522315,33.64364595020214,33.8887891277563,34.150150924061165,34.427379967910724,34.71994648990125,35.02712839641549
1482,31.903389140277227,31.910960870586223,31.93368801470217,31.971606228831774,32.02477424956862,32.093272814513625,32.17720306304915,32.27668432370649,32.391851149421655,32.52284938595079,32.66983093244835,32.83294666583379,33.01233677129079,33.20811752672614,33.42036357953174,33.64908512960676,33.894200364422545,34.1555049784605,34.432642351945276,34.72507940442216,35.032093559619284
1483,31.90850349085912,31.916077911869934,31.938813086871107,31.976744545987287,32.029930807634855,32.09845228697111,32.182409678666716,32.28192171773276,32.39712217399642,32.52815585620192,32.67517327333377,32.8383234166684,33.01774391039254,33.213547611092224,33.425804763358485,33.65452022612658,33.89960621897848,34.160852473444095,34.43789731709438,34.7302045329339,35.037051160532144
1484,31.91361965799109,31.92119676041574,31.94393993794688,31.981884593159464,32.03508902382811,32.10363331904085,32.1876177234671,32.28716037057228,32.40239423454881,32.53346306789598,32.68051596182278,32.84369998676908,33.02315016887218,33.21897591699843,33.43124307569394,33.65995121424396,33.905006695249995,34.16619345071348,34.44314494201774,34.735321978451,35.042001306021575
1485,31.9187376353874,31.926317409828584,31.94906856120815,31.987026363080872,32.040248890082864,32.108815901506716,32.19282718651402,32.29240026864056,32.40766731346781,32.53877099766993,32.685858967198385,32.84907633752192,33.02855550199433,33.224402398766244,33.43667847867573,33.66537807487674,33.91040180294789,34.17152795398789,34.44838530189122,34.740431836277764,35.04694409405681
1486,31.923857416680164,31.931439853633606,31.954198949859915,31.992169848416893,32.045410398266824,32.11400002506741,32.1980380567299,32.29764139809947,32.4129413927223,32.54407962157114,32.69120225811099,32.854452429956154,33.03395986541847,33.229827012289775,33.44211093721526,33.670800792264174,33.91579155437921,34.17685602747895,34.45361846968149,34.74553419740937,35.05187961771685
1487,31.92897899544988,31.93656408529438,31.959331097011784,31.99731504167022,32.050573539977734,32.119185680018745,32.203250322535894,32.302883744662154,32.41821645417832,32.54938891625579,32.6965458047502,32.85982822734138,33.039363216903496,33.235249714239785,33.44754041486772,33.676219347357176,33.92117595822765,34.182177713544945,34.45884451895739,34.75062915541423,35.0568079733477
1488,31.93410236519486,31.941690098196432,31.964464995706408,32.00246193529159,32.0557383067723,32.12437285660411,32.208463972237155,32.30812729377993,32.42349247920822,32.55469885763506,32.701889576462236,32.86520369240799,33.044765514569065,33.2406704630572,33.4529668783772,33.681633724942174,33.9265550261332,34.18749305507356,34.464063520842956,34.75571679907097,35.0617292518279
1489,31.9392275193228,31.946817885642645,31.969600638929137,32.00761052171606,32.06090469023894,32.12956154512284,32.213678994138775,32.31337203069177,32.42876944855749,32.56000942044642,32.70723354101585,32.87057878651177,33.05016671639936,33.2460892192957,33.458390299082225,33.68704391579797,33.931928774646394,34.1928020961584,34.46927554309008,34.760797210156056,35.06664353594164
1490,31.94435445117341,31.95194744086467,31.974738019581594,32.01276079326715,32.06607268180505,32.13475173564177,32.2188953762377,32.31861794029311,32.4340473426991,32.56532057939404,32.712577666554466,32.87595347185538,33.05556678156245,33.251505944710914,33.46381064917915,33.69244991096093,33.93729722003229,34.19810488029998,34.474480652544855,34.76587046932633,35.07155090736347
1491,31.94948315401291,31.957078757011004,31.979877130450518,32.01791274209597,32.0712422726437,32.13994341788663,32.22411310614706,32.32386500717632,32.439326142089214,32.57063230967623,32.71792192233613,32.8813277122087,33.0609656707328,33.25692060180114,33.46922790028901,33.69785169960198,33.942660376263234,34.20340144941139,34.47967891594561,34.77093665870342,35.0764514498278
1492,31.954613621034582,31.962211827145097,31.985017964199756,32.02306636016277,32.07641345364192,32.14513658120035,32.22933217106004,32.32911321563006,32.44460582724196,32.575944587168806,32.72326627901572,32.88670147320545,33.066363346247044,33.26233315365289,33.474642022914,33.70324926820871,33.94801825426032,34.20869184349681,34.48487040025191,34.775995862793366,35.081345250240304
1493,31.9597458453498,31.967346644274244,31.99016051351481,32.028221639573985,32.08158621597562,32.15033121529399,32.23455255840696,32.33436254965841,32.44988637737191,32.581257385107904,32.72861070354702,32.89207471697705,33.07175976929176,33.267743566727006,33.48005299625572,33.7086426153777,33.95337087559733,34.21397610646329,34.49005516669297,34.78104815186151,35.0862323785787
1494,31.964879819996725,31.97248320132161,31.995304770961354,32.03337857225233,32.08676055054684,32.155527309512024,32.239774255212296,32.33961299296209,32.45516777172264,32.586570677335885,32.73395516417088,32.89744740740343,33.077154902655025,33.27315180813281,33.485460798608585,33.71403173734058,33.9587182590916,34.21925428043403,34.49523327659142,34.78609359819973,35.09111290755976
1495,31.970015537929385,31.977621491120942,32.0004507289994,32.03853714998519,32.09193644807914,32.160724852970816,32.244997248236075,32.34486452898875,32.460449989384756,32.591884437759234,32.739299629514335,32.90281950910571,33.08254871012815,33.27855784601695,33.49086540904051,33.71941663060761,33.964060423278625,34.22452640680564,34.50040479035886,34.79113227321244,35.09598690908109
1496,31.97515299196766,31.982761506340466,32.00559837982985,32.04369736415492,32.097113898730754,32.165923834135185,32.25022152372145,32.35011714119315,32.46573301045612,32.597198642618764,32.74464407168881,32.90819099036503,33.0879411576272,33.283961647274566,33.49626680111669,33.724797283152725,33.969397378388464,34.22979252289207,34.50556977138632,34.79616425765556,35.10085446639738
1497,31.980292174932742,31.98790323969007,32.010747715812045,32.04885920647229,32.10229289314634,32.17112424196972,32.255447068081594,32.355370812329966,32.47101681288649,32.60251326431535,32.74998845786479,32.91356181518415,33.093332210142194,33.28936318377424,33.501664959969105,33.730173698386864,33.974729148165466,34.235052671052074,34.51072827546392,34.801189613790996,35.10571564100627
1498,31.985433079538666,31.99304668375538,32.01589872912933,32.05402266838922,32.107473421614884,32.17632606501701,32.26067386734945,32.36062552501977,32.47630137500397,32.60782827635376,32.755332757017584,32.91893194964371,33.09872183418014,33.294762427373996,33.5070598686292,33.73554587596317,33.98005575239807,34.240306891380726,34.51588035925232,34.80620840768188,35.11057049916212
1499,31.990575698421196,31.99819183104188,32.02105141187775,32.05918774125456,32.11265547429292,32.18152929164182,32.26590190732395,32.36588126159933,32.48158667484529,32.613143652031965,32.7606769381394,32.924301360217214,33.10410999711712,33.3001593512422,33.51245151165085,33.74091381686486,33.98537721154929,34.24555522364716,34.52102607803721,34.81122070328263,35.11541910484789
1500,31.995720024087632,32.003338673909354,32.02620575595688,32.06435441614383,32.11783904098388,32.18673390981945,32.27113117349518,32.3711380043714,32.48687269091573,32.618459365767364,32.76602097190789,32.92967001519463,33.109496667527765,33.30555392832565,33.51783987157813,33.74627751876045,33.99069354270205,34.25079770579606,34.5261654879867,34.81622656805939,35.12026264863914
1501,32.00086604892164,32.00848720458788,32.0313617531217,32.069522683967875,32.12302411131003,32.191939907346296,32.276361651205434,32.3763957355614,32.49215940174565,32.623775392121615,32.77136482926386,32.93503788324557,33.11488181448698,33.31094613220324,33.523224931719255,33.75163698007617,33.99600476341385,34.256034375721185,34.53129865004877,34.82122802100986,35.12521418645292
1502,32.00601376524946,32.01363741526012,32.03651939510496,32.0746925356479,32.128210674921945,32.19714727201023,32.28159332565491,32.38165443698449,32.49744678508222,32.62909170452781,32.77670847995017,32.9404049323345,33.120265407581144,33.316335938751934,33.52860667938734,33.756992203928746,34.00131089499234,34.261265277984364,34.536426165475234,34.82624149392046,35.13025544767498
1503,32.0111631652897,32.018789297992384,32.041678673498836,32.07986396192484,32.13339872124283,32.20235599133838,32.286826181791355,32.38691409030076,32.50273481873461,32.63440827680961,32.78205189446436,32.94577113143447,33.12564741738703,33.321723324451455,33.53398510181711,33.76234319270935,34.00661196012015,34.26649057775029,34.54155093461259,34.8312780060628,35.13535143317148
1504,32.01631424115777,32.023942844744,32.046839579776304,32.08503695340022,32.138588239530975,32.20756605266661,32.29206020436084,32.39217467698904,32.50802348040469,32.639725082830125,32.78739504356258,32.95113645004358,33.13102781525885,33.32710826671297,33.53936018716536,33.76768995030267,34.01190800810724,34.27171086137935,34.54667682939623,34.8363392122655,35.1404900582844
1505,32.02146698486405,32.02909804736521,32.05200210528835,32.09021150053451,32.14377921887899,32.21277744314398,32.29729537791371,32.39743617835785,32.513312747704106,32.64504209651079,32.79273789827528,32.956500858187724,33.136406573312,33.33249074384781,33.54473192467259,33.773032486859336,34.01719917214325,34.27692717236073,34.551806941298935,34.841424430465224,35.145664401085924
1506,32.02662138831232,32.0342548975957,32.05716624126467,32.09538759364733,32.1489716482165,32.217990149735726,32.30253168681372,32.402698575558304,32.518602598169025,32.650359291843984,32.79808042991158,32.961864326410875,33.14178366439711,33.33787073507108,33.55010030556173,33.77837083025321,34.022485715260245,34.28214076878362,34.5569433927613,34.84653246845886,35.15086974484183
1507,32.03177744329321,32.039413387057664,32.06233197880454,32.100565222909665,32.154165516301134,32.22320415921854,32.30776911523549,32.4079618495885,32.52389300927064,32.65567664291075,32.80342261008161,32.967226825800026,33.1471590621328,33.34324822074933,33.55546532583935,33.78370504334049,34.0277680354219,34.2873529082687,34.56208756838146,34.85166203509311,35.15610270831621
1508,32.03693514148358,32.04457350725556,32.067499308877984,32.10574437834504,32.159360811724525,32.22841945818789,32.31300764717599,32.41322598130614,32.52918395842954,32.660994123891214,32.80876441069728,32.97258832797149,33.15253274092146,33.34862318292352,33.56082699040337,33.789035234821256,34.033046627826195,34.29256473741049,34.567240354932096,34.85681191070165,35.16136069111684
1509,32.04209447444185,32.049735249571825,32.07266822232208,32.11092504982656,32.164557522907785,32.23363603305717,32.31824726645743,32.41849095143726,32.5344754230282,32.66631170907874,32.81410580398608,32.977948805090534,33.15790467607911,33.35399560642355,33.566185318408486,33.79436156440232,34.038322041607046,34.29777724671857,34.572402306580386,34.86198099011057,35.16664160299052
1510,32.0472554336082,32.05489860526609,32.07783870983951,32.116107227077975,32.16975563810706,32.23885387006487,32.32348795673806,32.42375674058951,32.53976738042479,32.671629372891346,32.81944676249441,32.98330822988805,33.16327484409442,33.35936548055241,33.571540348017834,33.799684237416955,34.043594836446516,34.30299127365396,34.57757377680747,34.86716827506382,35.171943693521484
1511,32.05241801030036,32.060063565473115,32.08301076199808,32.12129089967226,32.17495514541258,32.244072955278625,32.32872970151976,32.429023329263714,32.545059807966084,32.67694708988296,32.824787259103914,32.988666575747345,33.168643223183324,33.364732801260516,33.57689213865382,33.8050034924608,34.04886555931938,34.308207530242385,34.582754972435396,34.87237285352211,35.17726549126485
1512,32.05758219571254,32.06523012119936,32.08818436922729,32.1264760570304,32.18015603274972,32.24929327459688,32.333972484152355,32.43429069785992,32.55035268299741,32.6822648347553,32.83012726705704,32.994023816839785,33.1740097939371,33.370097572768145,33.58224077057338,33.81031959182803,34.054134736073365,34.31342661755218,34.58794598419837,34.87759389681935,35.18260574990876
1513,32.062747980911865,32.07039826332124,32.09335952181726,32.1316626884211,32.18535828788009,32.25451481375268,32.33921628784026,32.43955882668763,32.555645982872136,32.687582582372215,32.83546676000134,32.999379928331166,33.17937453999258,33.37545980841537,33.58758634319935,33.81563281548546,34.05940286518154,34.31864903395382,34.59314681932466,34.88283065563104,35.18796339840782
1514,32.0679153568376,32.075567982584005,32.09853620991743,32.136850782960096,32.19056189840194,32.259737558315294,32.34446109564561,32.444827695969934,32.56093968495895,32.69290030776966,32.840805712021734,33.00473488651244,33.18473744844948,33.380819531349744,33.59292897440031,33.82094345577531,34.06467041346406,34.323875185309646,34.59835741723958,34.888082454692665,35.193337517320515
1515,32.0730843142959,32.08073926959719,32.10371442353369,32.14204032960913,32.19576685175275,32.26496149369967,32.349706890504535,32.45009728586564,32.56623376666823,32.698217986198415,32.84614409778635,33.01008866938986,33.19009851150827,33.38617677621363,33.59826879600229,33.826251801499325,34.06993780369561,34.32910541517475,34.6035777102706,34.89334867348424,35.198727251883554
1516,32.078254843960394,32.08591211483434,32.108894152528364,32.14723131717716,32.20097313521126,32.27018660516666,32.35495365522689,32.4553675764696,32.57152820545667,32.703535593151855,32.8514818926497,33.01544125688389,33.195457726281404,33.391531587379404,33.60360595184841,33.83155814169157,34.07520542503971,34.3343400044692,34.60880759401056,34.89862874373398,35.20413185570669
1517,32.083426936370074,32.09108650863163,32.114075386619106,32.152423734319484,32.206180735898045,32.27541287782725,32.36020137250301,32.460638547821645,32.57682297883986,32.708853104390585,32.856819072724136,33.020792631047584,33.20081509532986,33.396884019561696,33.6089405962926,33.8368627595587,34.08047362835805,34.33957918199599,34.614046951266744,34.903922144342516,35.20955065304622
1518,32.088600581925505,32.09626244118516,32.119258115377534,32.157617569539184,32.21138964078011,32.280640296650574,32.36545002491749,32.46591017992694,32.582118064428414,32.71417049604548,32.862155615211805,33.026142776843756,33.206170627390804,33.402234136103004,33.61427288796989,33.842165926469875,34.08574273349757,34.344823144372526,34.61929565490368,34.90922838798332,35.214983028635686
1519,32.09377577088736,32.10143990254858,32.12444232822787,32.16281281118751,32.21659983667462,32.28586884647217,32.37069959496074,32.47118245277744,32.587413439984005,32.7194877447742,32.86749149873509,33.03149168243249,33.21152433675235,33.407582006823475,33.619602987586745,33.84746790364886,34.09101303506753,34.35007205626954,34.62455356801195,34.91454702182398,35.22042841866977
1520,32.098952493381375,32.10661888263826,32.12962801444996,32.16800944746274,32.221811310241094,32.29109851197717,32.375950065003565,32.476455346309024,32.5927090833228,32.72480482749171,32.87282670267632,33.036839338194454,33.21687624334902,33.41292771179923,33.62493106559327,33.85276894578658,34.09628479069124,34.3553260330595,34.62982053770094,34.91987763775916,35.22588633550316
1521,32.104130739386164,32.111799371222276,32.13481516317415,32.17320746641519,32.22702404800128,32.296329277740256,32.38120141736141,32.48172884051411,32.59800497256958,32.73012172203528,32.87816120867484,33.042185738794785,33.22222637249058,33.41827133321726,33.6302572850654,33.858069290775575,34.10155824290939,34.3605851861696,34.63509642145226,34.925219842643685,35.231356300264565
1522,32.10931049874392,32.11698135792989,32.140003763385266,32.1784068559424,32.232238036321235,32.301561128190144,32.38645363423683,32.487002915339474,32.6033010859249,32.73543840656362,32.88349499931053,33.047530881442356,33.227574755231444,33.423612962503455,33.635581816366425,33.86336916846142,34.10683360094254,34.36584958361482,34.64038106197836,34.93057328471434,35.236837903745936
1523,32.11449176114769,32.12216483224091,32.145193803919256,32.183607603797384,32.23745326143745,32.30679404765948,32.391706697805034,32.492277550850815,32.60859740204421,32.7407548604412,32.88882805974242,33.052874767517324,33.23292142680896,33.42895269098568,33.64090482101193,33.868668793098266,34.11211106199403,34.371119295740016,34.64567431634589,34.93593762059692,35.24233073744915
1524,32.11967451615027,32.12734978349323,32.15038527346513,32.18880969758197,32.24266970943694,32.31202802034733,32.396960590148296,32.49755272710411,32.6138938997405,32.746071063564955,32.894160376532625,33.05821740155318,33.23826642806995,33.434290616729186,33.64622646267901,33.873968367850864,34.11739079630178,34.376394363239456,34.650976035789995,34.941312539074715,35.24783444103241
1525,32.12485875315622,32.132536200876245,32.15557816056514,32.19401312475787,32.247887366283805,32.31726303036868,32.402215293348206,32.502828424336826,32.61919055840775,32.751386997191446,32.89949193876913,33.06355879159452,33.24360980277879,33.43962683703546,33.6515468980993,33.87926808397299,34.12267296336813,34.38167482533953,34.656286078647156,34.94669773875819,35.25334866496246
1526,32.130044461426166,32.13772407343458,32.16077245361413,32.19921787263871,32.253106217801246,32.32249906172132,32.40747078942269,32.508104622835106,32.624487357731084,32.75670264340022,32.904822737419295,33.06889894919101,33.24895159960181,33.44496145308631,33.656866281860914,33.88456812015329,34.12795770192537,34.38696070431183,34.66160430502424,34.952092940820705,35.258873089434985
1527,32.135231630074315,32.14291339006644,32.16596814086273,32.20442392840147,32.25832624969627,32.32773609833265,32.412727060420025,32.513381303132405,32.629784278076784,32.76201798568519,32.9101527657802,33.074237888771734,33.2542918693037,33.45029456531648,33.66218476336667,33.88986864576782,34.133245140717804,34.39225201649231,34.666930576957895,34.95749787901326,35.264407411863544
1528,32.14042024806895,32.148104139523866,32.17116521041527,32.20963127907987,32.263547447545136,32.332974124032205,32.4179840883624,32.51865844589037,32.635081300267245,32.767333008644584,32.91548201931761,33.07957562815449,33.259630666394685,33.45562627570081,33.66750248778612,33.89516981844946,34.13853539292273,34.39754876823082,34.67226475996506,34.96291230374345,35.26995135106222
1529,32.145610304232775,32.153296310414646,32.17636365023736,32.21483991158402,32.26876979683345,32.338213122629895,32.42324185540372,32.523936032200936,32.64037840606545,32.77264769849472,32.92081049565928,33.08491218712976,33.264968045842124,33.46095668389961,33.672819594958696,33.900471789053654,34.14382856608188,34.40285096290023,34.677606722147516,34.96833597431237,35.27550463633804
1530,32.1508017872427,32.158489891200134,32.18156344814702,32.220049812677644,32.27399328291011,32.34345307782604,32.428500343648636,32.529214043242064,32.64567557762763,32.77796204249461,32.9261381946061,33.09024758904553,33.27030406675175,33.46628589162799,33.67813622079018,33.90577469624429,34.14912475086874,34.408158592449126,34.682956334483606,34.973768668080936,35.28106702093163
1531,32.15599468563033,32.163684870195596,32.18676459181529,32.22526096897968,32.279217890990765,32.34869397321751,32.43375953516494,32.534492460299475,32.65097279753138,32.78327602895945,32.931465118091126,33.095581860680056,33.27563879219025,33.471614002561864,33.68345249737234,33.91107866684297,34.15442402142031,34.413471637380155,34.68831347072501,34.97921018030803,35.28663828167885
1532,32.16118898778484,32.168881235580386,32.19196706879842,32.230473367038485,32.28444360630675,32.35393579258982,32.43901941254967,32.53977126578468,32.65627005029228,32.788589648731545,32.93679126993953,33.100915027734686,33.28097227907995,33.476941110161704,33.6887685484931,33.91638382984189,34.159726466484415,34.418790094809424,34.693678010618044,34.98466029495904,35.29221817540201
1533,32.166384681946965,32.17407897538067,32.19717086648575,32.23568699321277,32.28967041386579,32.359178519448506,32.44427995802437,32.545050441621925,32.661567319993935,32.79390289294247,32.942116656376186,33.106247122002515,33.286304593944465,33.48226731642296,33.69408449635182,33.92169029454993,34.16503214129017,34.42411393468876,34.699049834246296,34.99011883040447,35.29780650756493
1534,32.17158175621552,32.1792780774839,32.20237597213992,32.24090183376171,32.294898298632745,32.36442213737098,32.449541154105646,32.55032997042076,32.666864591965634,32.799215754521924,32.947441285499394,33.11157817611155,33.291635801734344,33.48759271884364,33.699400457211084,33.926998166228486,34.170341101330735,34.429443130679545,34.70442882606102,34.99558560697062,35.30340308371137
1535,32.17678019855509,32.18447852965011,32.20758237291966,32.24611787488999,32.30012724561567,32.36966663016835,32.4548029838881,32.555609835903454,32.672161853267994,32.804528228420736,32.952765166653535,33.11690822146744,33.29696596245816,33.49291740726875,33.704716541306425,33.93230755122789,34.17565341157621,34.43477766874952,34.70981487565439,35.00106043725782,35.30900769592478
1536,32.1819799967754,32.18968031947992,32.21279005580965,32.25133510260338,32.30535723958468,32.37491198135098,32.460065430082466,32.56089002137139,32.67745909077769,32.80984031036098,32.95808831208046,33.12223729543848,33.30229514423604,33.498241477403496,33.71003285522579,33.937618537788296,34.18096910916108,34.44011751268107,34.71520787402852,35.006543163821675,35.31462017712107
1537,32.187181138557094,32.194883434451526,32.217999007695596,32.256553502859276,32.31058826536088,32.38015817466703,32.465328475956255,32.56617051114421,32.68275629287649,32.81515199773895,32.963410735009234,33.127565434452606,33.307623411491306,33.50356501929099,33.71534950089131,33.94293121400119,34.18628823656803,34.44546263388253,34.72060771584438,35.01203362574694,35.32024035368181
1538,32.19238361145034,32.20008786191846,32.22320921535777,32.26177306155182,32.31582030778674,32.38540519404438,32.470592105224284,32.571451290373375,32.688053449197355,32.82046328942158,32.96873244978849,33.13289267484123,33.31295082662348,33.50888811917713,33.72066657607985,33.94824566546174,34.19161083673782,34.45081300670341,34.726014298729126,35.01753166360197,35.32586805274423
1539,32.19758740284743,32.20529358907322,32.22842066540676,32.26699376439137,32.32105335150186,32.39065302318983,32.47585630139605,32.57673234415063,32.693350549776426,32.82577418567996,32.974053473727224,33.138219057407014,33.318277456515034,33.51421086453263,33.725984172838025,33.95356196424757,34.19693693586072,34.456168594637745,34.73142752416868,35.02303713660848,35.33150312499737
1540,32.20279250003762,32.210500603016385,32.233633344399436,32.272215597114496,32.3262873813207,32.395901646235814,32.4811210487689,32.582013658755386,32.69864758604888,32.83108468783041,32.97937382392621,33.14354462070759,33.323603363907466,33.51953333846865,33.731302381286184,33.958880184700774,34.20226656580934,34.461529366580976,34.73684729478123,35.028549900578014,35.33714541614887
1541,32.2079988901678,32.215708890708186,32.23884723876017,32.27743854534441,32.33152238198653,32.40115104733064,32.486386331823496,32.58729522094421,32.703944550373706,32.83639479865684,32.984693519368875,33.14886940503817,33.32892861208205,33.52485562222205,33.73662128668673,33.96420039426397,34.20759975215424,34.46689528903971,34.74227351658311,35.03406981953384,35.34279478155571
1542,32.2132065602367,32.22091843896163,32.24406233476918,32.28266259457041,32.33675833813561,32.40640121057942,32.491652135139645,32.59257701785657,32.70924143598074,32.84170452249106,32.9900125812303,33.154193452976926,33.33425326545472,33.530177795408065,33.74194096896997,33.9695226522457,34.212936512662,34.47226632526082,34.747706099368145,35.03959676714868,35.34845108798561
1543,32.218415497217904,32.2261292345878,32.24927861878234,32.28788773050894,32.34199523488178,32.4116521209159,32.49691844450075,32.59785903801986,32.7145382371267,32.847013863446705,32.99533102837967,33.159516802665394,33.33957738335084,33.5354999347158,33.747261509892155,33.97484702487583,34.21827687382,34.47764244363276,34.75314495173791,35.045130610391936,35.3541141935782
1544,32.223625687848596,32.23134126414698,32.25449607685914,32.2931139384994,32.34723305685145,32.41690376269122,32.50218524515685,32.60314126986043,32.719834949065046,32.85232282848443,33.000648884635666,33.16483949820753,33.34490102916783,33.54082211515606,33.75258298139346,33.98017356207157,34.22362084610495,34.48302360567493,34.75858998891897,35.05067123426153,35.35978397815114
1545,32.22883711876568,32.23655451410906,32.259714695001946,32.29834120389137,32.352471788799676,32.42215612057083,32.50745252292012,32.60842370262759,32.72513156802921,32.85763142543061,33.005966174159596,33.17016158313851,33.350224264700216,33.54614440940804,33.757905453005776,33.985502312018866,34.22896843937332,34.488409773413366,34.76404112783189,35.056218526348005,35.36546032428555
1546,32.23404977653814,32.24176897089012,32.26493445920539,32.30356951211644,32.35771141570979,32.427409179653694,32.512720264274265,32.61370632643087,32.73042809111388,32.862939662634744,33.01128292089845,33.1754830997952,33.355547149710844,33.55146688790768,33.763228992685924,33.9908333226565,34.23431966446623,34.49380091039768,34.769498286732585,35.061772374934606,35.37114311488273
1547,32.23926364772052,32.246984620914304,32.27015535554523,32.30879884882319,32.36295192299298,32.43266292573912,32.5179884566644,32.61898913243175,32.73572451615837,32.86824754830542,33.01659914727111,33.180804087607555,33.36086974055905,33.55678961882171,33.76855366886923,33.996166645567314,34.23967453735361,34.49919698392557,34.77496138403416,35.067332664561036,35.37683222761899
1548,32.24447871857495,32.2522014502926,32.27537736972016,32.31402919917667,32.36819329544619,32.437917343928916,32.52325708696429,32.624272111811024,32.741020842323906,32.873555093970026,33.02191488107769,33.18612459213517,33.366192097494434,33.5621126682359,33.773879539652455,34.00150231542813,34.24503305726125,34.50459795338503,34.7804303445771,35.0728992993387,35.38252756405717
1549,32.249694975310604,32.25741944509946,32.28060048744612,32.31926054846156,32.37343551814939,32.443172419831,32.528526142796466,32.62955525665825,32.74631706959656,32.87886231149531,33.02723014954938,33.19144465728516,33.371514278375685,33.56743609999296,33.77920666210906,34.006840367707014,34.25039522550742,34.51000378029386,34.78590509422958,35.07847218287236,35.388229024576674
1550,32.254912404245545,32.26263859155364,32.28582469469319,32.32449288240821,32.37867857689304,32.44842814004676,32.533795612944346,32.6348385600553,32.75161319821001,32.884169211589494,33.032544976991915,33.19676432272041,33.3768363370379,33.572759976407326,33.78453509613257,34.01218084488124,34.255761051788454,34.515414431568445,34.79138555767622,35.08405121104863,35.39393649960289
1551,32.260130991476956,32.267858875646425,32.29104997718616,32.329726186481196,32.38392245720337,32.45368449098919,32.53906548623405,32.640122015605755,32.7569092296813,32.88947580715302,33.03785939055217,33.2020836306873,33.38215832813455,33.57808435728754,33.789864895184394,34.017523780438296,34.26113053763436,34.52082987082434,34.796871663757145,35.089636290416024,35.39964989221602
1552,32.26535072293467,32.273080283201466,32.296276320484594,32.334960445994,32.38916714450028,32.4589414590734,32.54433575171481,32.645405617510676,32.76220516664375,32.89478211273769,33.0431734192876,33.207402624913925,33.38748030635605,33.583409300093706,33.79519610778641,34.0228692014573,34.26650367907814,34.52625005978001,34.80236334460642,35.09522733521959,35.40536911450317
1553,32.2705715845367,32.27830280004957,32.30150371021443,32.34019564643154,32.394412624528286,32.464199031226315,32.54960639912031,32.65068936072532,32.76750101233563,32.90008814304599,33.04848709167203,33.21272134773767,33.392802324485274,33.588734860511636,33.800528781571415,34.02821713541101,34.27188047357765,34.53167496179901,34.807860533297344,35.100824259644526,35.411094078070334
1554,32.275793562484466,32.283526412350795,32.30673213246655,32.34543177395852,32.39965888396358,32.469457195493874,32.55487741925418,32.65597324077663,32.77279676948041,32.90539391069865,33.05380043256167,33.21803983724726,33.398124432210466,33.594061094340475,33.80586296858894,34.03356761750666,34.27726092658628,34.5371045444619,34.813363160619474,35.10642696991346,35.416824684797234
1555,32.28101664245378,32.28875110570692,32.31196157268391,32.350668813974664,32.404905908645844,32.47471593919835,32.56014880269032,32.66125725402503,32.77809244328205,32.9106994326591,33.05911347235457,33.22335813640302,33.40344668062079,33.59938805271463,33.81119870958065,34.03892066780219,34.28264503028521,34.54253877045767,34.81887116453083,35.11203538933046,35.42256085652508
1556,32.286240810197114,32.29397686582246,32.31719201649054,32.355906752190776,32.41015368489485,32.47997525031036,32.56542054074089,32.66654139746959,32.78338803919428,32.916004725449,33.06442624016921,33.22867628624476,33.408769118858345,33.60471578566239,33.816536045691066,34.044276308248584,34.28803277942234,34.547977604367304,34.82438448311848,35.11764943962959,35.428302512946914
1557,32.29146605150271,32.29920367845659,32.322423449623045,32.36114557452618,32.41540219936502,32.48523511726785,32.5706926252804,32.6718256686687,32.78868356306924,32.921309805646274,33.06973876470272,33.233994326903485,33.41409179483145,33.610044341954165,33.82187501710422,34.04963456036319,34.293424168895,34.55342101138439,34.82990305539943,35.12326904365534,35.43404957487701
1558,32.29669235226828,32.304431529502835,32.32765585802508,32.36638526722214,32.42065143917034,32.49049552908639,32.57596504879143,32.67711006565372,32.79397902088016,32.92661468941037,33.075051073653185,33.239312297131505,33.419414755126866,33.61537376960291,33.8272156641093,34.05499544655015,34.29881919480681,34.55886895760409,34.835426820667124,35.128894124006365,35.43980196270479
1559,32.30191969824551,32.30966040471378,32.332889227519104,32.371625816444464,32.4259013914409,32.49575647496005,32.581237804186685,32.68239458721274,32.79927441968522,32.9319193941613,33.080363195790085,33.24463023601811,33.42473804538122,33.62070411412833,33.832558023307456,34.060358985345374,34.30421785061736,34.56432140892656,34.8409557208185,35.13452460792945,35.445559601985565
1560,32.30714807528051,32.31489028995486,32.338123544093946,32.376867208606654,32.431152043647444,32.50101794450188,32.58651088482526,32.68767923252352,32.804569766774875,32.93722393730667,33.085675159580944,33.24994818207284,33.43006171043237,33.62603542010237,33.837902130309885,34.06572519442716,34.30962012926784,34.56977833136875,34.84648969871074,35.14016042427443,35.45132213652181
1561,32.31237746915809,32.32012117103966,32.34335879371571,32.382109430154856,32.43640338338486,32.50627992758484,32.591784284508776,32.69296400141428,32.80986507026023,32.9425283370951,33.090986994073035,33.25526617375175,33.43538579409909,33.63136773003566,33.8432480179826,34.0710940888074,34.31502602207394,34.57523969110815,34.85202869463933,35.14579983179982,35.456988189004846
1562,32.31760786568816,32.32535303382315,32.34859496244309,32.38735246771353,32.44165539854259,32.51154241450848,32.5970579975787,32.69824889429333,32.8151603387347,32.9478326119787,33.0962987280613,33.26058424871553,33.44071033894028,33.63670108498883,33.848595717927196,34.07646568276249,34.320435520313254,34.58070544937317,34.857572171844254,35.15142831264586,35.46257573472076
1563,32.322839250723575,32.33058586421947,32.353832036440565,32.39259630809016,32.44690807729347,32.51680539596475,32.60233201885728,32.70353391207658,32.820455581221665,32.95313678062007,33.101610390192945,33.26590244402661,33.44603538647914,33.6420355246924,33.853945260387434,34.08183998949636,34.3258486125942,34.58617546329003,34.86311758900251,35.157036155807475,35.468115036312156
1564,32.32807161016041,32.3358196482007,32.359070001977614,32.39784093827228,32.45216140809049,32.522068863034406,32.607606343647774,32.708819056197854,32.82575080719613,32.958440861927954,33.106922009004506,33.2712207961722,33.45136097718927,33.64737108748625,33.85929667414126,34.08721702033796,34.3312652640268,34.59164921756951,34.86866151306947,35.16262197781532,35.473616496520776
1565,32.33330492994577,32.341054371805626,32.3643088454333,32.403086345429244,32.45741537966006,32.52733280717092,32.61288096770704,32.714104328569306,32.83104602654004,32.96374487501629,33.112233612902685,33.276539341079285,33.45668715055416,33.652707810417496,33.8646499864513,34.092596780830945,34.336685367428686,34.597125799246214,34.874201221408725,35.16818631702267,35.47908631924247
1566,32.33853919609078,32.34629002115162,32.36954855331169,32.40833251692766,32.46266998102021,32.53259722021784,32.618155887257785,32.71938973158666,32.83634124953579,32.9690488391866,33.117545230134624,33.28185811408298,33.46201394503919,33.65804572917813,33.870005222179486,34.09797926004836,34.34210869789621,34.602604096991,34.87973485843821,35.17373023271665,35.48452856231944
1567,32.343774394679485,32.35152658244442,32.37478911224923,32.4135794403378,32.467925201481194,32.53786209440267,32.62343109897478,32.7246752681055,32.84163648683682,32.974352773897124,33.12285688877034,33.28717714992803,33.46734139811008,33.66338487797441,33.875362401590166,34.103364416572106,34.3475349122686,34.608083003644424,34.88526120845461,35.179254852419206,35.489946178054595
1568,32.349010511880124,32.3567640419887,32.38003050902552,32.41882710344271,32.47318103065351,32.54312742233958,32.62870659997992,32.72996094142843,32.846931749446355,32.97965669873986,33.12816861668051,33.29249648275754,33.47266954620136,33.66872528905162,33.88072153650967,34.10875216695683,34.35296357987664,34.613561517778805,34.8907794924703,35.18476122623707,35.49534144989491
1569,32.354247533953924,32.36200238619716,32.38527273057116,32.42407549424297,32.478437458445455,32.54839319702063,32.63398238782463,32.73524675527818,32.85222704868585,32.98496063341071,33.13348044152008,33.297816146109255,33.477998424636155,33.6740669917416,33.88608262551162,34.11414238232828,34.358394228013765,34.61903877762268,34.896289199892976,35.190250306905966,35.50071624058944
1570,32.359485447267616,32.367241601601904,32.39051576397702,32.429324600964264,32.48369447506877,32.55365941181395,32.63925846047988,32.74053271378017,32.85752239617176,32.990264597684074,33.13879239070718,33.30313617287527,33.48332806730912,33.679410010668676,33.89144564966705,34.11953489605884,34.36382637738319,34.62451404188363,34.90179000349053,35.1957229730142,35.50607208281849
1571,32.364724238298436,32.37248167485967,32.395759596500284,32.43457441206158,32.48895207103999,32.55892606046268,32.64453481633154,32.74581882145344,32.86281780380324,32.9955686114011,33.14410449140854,33.3084565952534,33.48865850641107,33.684754364743014,33.896810571791264,34.124929509355354,34.369259550149366,34.62998668290027,34.907281733840705,35.201180024021255,35.51141022870934
1572,32.36996389364754,32.37772259276517,32.40100421557611,32.439824916228076,32.49421023718395,32.56419313708176,32.64981145416715,32.751105083187724,32.86811328373204,33.000872694438385,33.14941677050007,33.31377744459553,33.49398977167897,33.69010006496757,33.90217733569864,34.13032600288341,34.3746932889797,34.63545617457174,34.91276431055587,35.206622176472024,35.5167317657332
1573,32.37520440004499,32.382964342255434,32.4062496088207,32.44507610239759,32.499468964634104,32.56946063615413,32.6550883731702,32.75639150423518,32.873408848353336,33.00617686669426,33.15472925453332,33.319098751274566,33.49932189000782,33.69544711418985,33.90754586778934,34.13572413960907,34.38012715849277,34.64092208344721,34.91823773486914,35.21205007867064,35.52203761243703
1574,32.38044574436219,32.38820691042207,32.41149576404251,32.45032795975203,32.5047282448358,32.57472855252695,32.66036557290704,32.76167809018858,32.878704510277544,33.01148114805676,33.160041969677025,33.324420544467046,33.504654884672846,33.70079550551259,33.91291607761036,34.14112367513286,34.38556075848999,34.64638405291504,34.92370204124069,35.2174643149699,35.5273285952066
1575,32.38568791362343,32.39345028452169,32.41674266925054,32.455580477726755,32.50998806954618,32.57999688140609,32.665643053312124,32.76696484696038,32.88400028230279,33.016785558364745,33.16535494161104,33.32974285176965,33.509988774410374,33.706145221941426,33.91828786169708,34.14652436515382,34.390993724957696,34.65184178350722,34.92915728330519,35.22286542518731,35.53260545721406
1576,32.39093089501176,32.39869445198275,32.42199031266023,32.460833646013896,32.515248430833424,32.58526561834958,32.670920814679846,32.77225178076844,32.889296177396886,33.02209011736551,33.17066819538792,33.335065698844005,33.515323573074625,33.71149623738086,33.92366110669701,34.15192596746988,34.39642572315029,34.657295025135284,34.934603543951596,35.228253906013435,35.53786885370158
1577,32.39617467587732,32.40393940041179,32.427238682698714,32.466087454565354,32.52050932107727,32.5905347592643,32.6761988576539,32.77753889812146,32.89459220867059,33.02739484465849,33.175981755297016,33.34038910917343,33.52065928950259,33.7168485170904,33.92903569090521,34.157328244275675,34.4018564480034,34.662743572289514,34.94004092348973,35.23363021353424,35.54311937281426
1578,32.40141924374126,32.409185117597985,32.432487768008116,32.47134189359531,32.525770732968795,32.595804300403074,32.68147718322217,32.78282620581035,32.89988838936728,33.03269975967703,33.18129564480796,33.345713103888784,33.525995927204804,33.72220201778879,33.93441148584384,34.16273096461708,34.40728562311932,34.668187257400575,34.94546953758464,35.23899476763512,35.548357539133235
1579,32.40666458630716,32.414431591523964,32.43773755745411,32.476596953583794,32.53103265950864,32.60107423835552,32.68675579269933,32.788113710879884,32.90518473280929,33.038004881562074,33.18660988629864,33.35103770142871,33.531333484539005,33.72755668913214,33.9397883587277,34.16813390531712,34.4127129982009,34.6736259458296,34.9508895090143,35.244347955593526,35.553583830159596
1580,32.41191069146521,32.419678810369476,32.442988040128796,32.48185262527909,32.53629509400736,32.60634457004642,32.69203468772224,32.79340142062222,32.91048125239155,33.043310229153235,33.19192450100644,33.35636291733931,33.536671954340875,33.73291247382235,33.945166174143765,34.17353685351867,34.41813834747717,34.67905952961172,34.95630096663524,35.24969013514345,35.558798680649204
1581,32.417157547305806,32.42492676252408,32.448239205360665,32.48710889970204,32.541558030081944,32.61161529272164,32.697313870224264,32.798689342530395,32.915777961485105,33.04861582078104,33.19723950868115,33.36168876405861,33.54201132456495,33.738269309591544,33.95054479635678,34.17893960652265,34.42356146693237,34.684487921155096,34.96170403870502,35.25502164132928,35.56400249302436
1582,32.4224051421175,32.430175436585216,32.453491042713324,32.492365768145646,32.5468214616572,32.61688640395238,32.702593342442015,32.803977484312554,32.921074873471184,33.05392167433837,33.202554927670974,33.36701525084686,33.54735157783375,33.74362712860244,33.95592408947658,34.184341973230175,34.42898217453717,34.68991105260744,34.96709885308536,35.26034278515664,35.569195639100315
1583,32.42765346440683,32.43542482137639,32.45874354199816,32.49762322217947,32.55208538295807,32.622157901611786,32.70787310687041,32.80926585380621,32.92637200156446,33.05922780693675,33.207870774462776,33.37234238372315,33.55269269274578,33.74898586048539,33.96130392015624,34.189743772713655,34.434400304254325,34.6953288680059,34.97248553622785,35.26565386119455,35.5743784660807
1584,32.432902502885156,32.440674905935055,32.46399669326604,32.50288125364739,32.55734978851524,32.62742978389076,32.713153166293466,32.81455445903805,32.93166935893578,33.06453423514222,33.21318706398381,33.377670165467805,33.55803464293081,33.75434543028183,33.96668415594024,34.195144835451345,34.43981571022641,34.70074132809424,34.97786421275487,35.2709551428818,35.57955129387176
1585,32.438152246498134,32.445925679539585,32.46925048682567,32.508139854671356,32.562614673149994,32.632702049257375,32.718433523704505,32.81984330806779,32.93696695840566,33.06984097445104,33.21850380904249,33.3829985958136,33.56337739920565,33.75970576271408,33.972064668608596,34.20054500087883,34.445228257060705,34.70614840042418,34.983235006644634,35.27624689096939,35.58471442385263
1586,32.44340268440061,32.45117713168668,32.474504913228316,32.513399017648226,32.56788003198744,32.637974696491824,32.72371418237498,32.82513240912317,32.94226481270789,33.075148039732994,33.223821020783646,33.38832767124842,33.56872092773074,33.76506677862176,33.97744533145027,34.20594411949867,34.45063782807699,34.711550067447035,34.98859804000449,35.281529346745515,35.58986813142667
1587,32.44865380601448,32.45642925214247,32.47975996330109,32.51865873525338,32.57314586041639,32.64324772458485,32.728995145652334,32.83042177021383,32.9475629338034,33.080455444258234,33.229138707993684,33.39365738605596,33.574065194467096,33.77042840226227,33.982826024155884,34.21134204773318,34.45604430807202,34.716946310219555,34.993953432593116,35.286802746490764,35.595012687038036
1588,32.453905600947564,32.46168203087075,32.48501562810037,32.523919000436535,32.5784121541476,32.648521132884696,32.73427641725294,32.835711399689046,32.952861333860426,33.08576320105573,33.23445687800904,33.398987730742135,33.579410158876215,33.77579055122379,33.9882066261855,34.216738655179995,34.461447607202786,34.7223371309334,34.99930130325015,35.292067301322106,35.6001483257096
1589,32.45915805905338,32.46693545808563,32.49027189894554,32.52917980642309,32.58367890916776,32.65379492098276,32.73955800103482,32.84100130581095,32.95816002452301,33.091071321934805,33.23977553611826,33.40431869328029,33.58475577855893,33.78115314370592,33.993587021497774,34.222133819318685,34.46684764376374,34.72772253622679,35.00464176811596,35.29732321227766,35.60527527015887
1590,32.46441117048346,32.47218952429847,32.49552876744713,32.53444114671112,32.588946121689844,32.65906908859262,32.744839900760894,32.8462914963265,32.96345901622806,33.09637981667788,33.24509468525366,33.409650260510716,33.59010201341846,33.78651610452448,33.99896710215148,34.227527420795354,34.47224432998462,34.733102522489105,35.00997493718711,35.30257068413664,35.610393752971845
1591,32.46966492555305,32.47744422019838,32.5007862254343,32.53970301507809,32.59421378827716,32.664343635851935,32.750122120691515,32.85158197954394,32.96875831993731,33.101688695122846,33.250414326857424,33.41498241467417,33.595448815051554,33.791879349612316,34.00434675887385,34.23291935542795,34.47763760868003,34.73847711352204,35.01530092253728,35.30780989020661,35.6155039604526
1592,32.47491931487798,32.48269953677283,32.5060442650248,32.54496540556414,32.599481905696905,32.669618562977575,32.755404664918615,32.856872763157014,32.97405794533262,33.106997965147684,33.25573446033667,33.42031513740665,33.60079613775014,33.797242801334846,34.009725889640436,34.23830952134699,34.48302741666663,34.74384632280834,35.02061983012305,35.31304100829726,35.620606089015666
1593,32.48017432933801,32.48795546527538,32.51130287860633,32.5502283124772,32.60475047096048,32.674893870359824,32.76068753754697,32.862163854563676,32.97935790129986,33.11230763320208,33.26105508318847,33.42564840864611,33.60614393555426,33.80260638443201,34.015104397448226,34.24369782246487,34.48841369447922,34.74921016353949,35.025931761954155,35.318264211117764,35.62570033019546
1594,32.48542996001191,32.49321199716951,32.51656205880727,32.55549173040998,32.61001948141211,32.680169558761975,32.76597074306994,32.867455261499344,32.984658196825194,33.11761770516631,33.26637619094373,33.430982204296754,33.61149215683088,33.8079700191646,34.02048218719398,34.24908417520032,34.493796403106785,34.75456866598017,35.03123681974381,35.323479649064666,35.6307868446479
1595,32.490686198302626,32.49846912423362,32.52182179853969,32.56075565417382,32.61528893449076,32.68544562881533,32.771254285459804,32.87274699060356,32.989958839173426,33.12292818497701,33.27169777813697,33.436316501972044,33.61684075549897,33.81333363375336,34.02585916919344,34.25446849315313,34.499175491642745,34.759921846146085,35.03653510071888,35.32868748304924,35.63586580945105
1596,32.49594303582694,32.503726838470755,32.52708209096983,32.566020078877614,32.620558827981654,32.690722081538524,32.77653816908435,32.87803904881446,32.99525983555128,33.1282390756636,33.277019836918214,33.44165127516567,33.62218968065844,33.81869715389627,34.031235257627316,34.25985070207173,34.50455092584582,34.765269732072795,35.04182669954889,35.33388785578825,35.64093737816819
1597,32.501200464462386,32.508985132145256,32.53234292952567,32.57128499988204,32.62582915988514,32.69599891807587,32.781822398257304,32.88333144271246,33.000561192377916,33.133550378998905,33.28234235790137,33.446986496096315,33.627538881245414,33.82406050705379,34.03661037054809,34.26523073276911,34.50992267575265,34.77061235310663,35.047111708242596,35.339080904070215,35.64600169744682
1598,32.50645847637662,32.514243997802794,32.5376043078852,32.57655041273074,32.63109992825588,32.70127613939809,32.78710697676513,32.8886241779058,33.0058629147461,33.138862095533966,33.287665331450455,33.45232213861664,33.63288830984396,33.829423624926505,34.04198442822468,34.27060851437011,34.515290706363714,34.77594973373317,35.05239021784183,35.34426676738161,35.6510589178223
1599,32.511717063964625,32.51950342822869,32.5428662200012,32.58181631329677,32.636371131545275,32.706553746938084,32.792391908873014,32.89391726033523,33.011165007563875,33.14417422451845,33.29298874493992,33.45765817203153,33.638237914600154,33.83478643821775,34.047357356684984,34.27598398865399,34.520654997387055,34.78128190662176,35.05766231479544,35.34944556963342,35.65610917085013
1600,32.51697621989365,32.52476341646917,32.54812866004954,32.587082697597396,32.641642768204804,32.71183174189281,32.79767719827947,32.89921069501702,33.0164674746195,33.14948676434631,33.29831258585176,33.46299456728417,33.64358764666463,33.840148880741765,34.05272908335911,34.28135709600747,34.526015525091964,34.786608901520026,35.062928084872,35.35461743600791,35.66115259010036
1601,32.5222359370909,32.530023955828085,32.55339162245258,32.592349561866456,32.64691483683521,32.71711012547934,32.80296284848845,32.90450448647147,33.02177031886697,33.15479971233049,33.303636840629395,33.46833129480132,33.648937457719285,33.84551088819569,34.05809953873552,34.28672778026208,34.53137226835469,34.79193074880607,35.068187611775045,35.359782487316295,35.666189304118234
1602,32.5274962087359,32.53528503987383,32.55865510193337,32.597616902693346,32.65218733645662,32.72238889937756,32.80824886342083,32.90979863936815,33.02707354274668,33.16011306412207,33.30896149265783,33.473668321102934,33.654287296468,33.85087239687584,34.06346865941214,34.29209599612983,34.536725217294475,34.797247484065,35.073440974891525,35.36494083184027,35.671219426223786
1603,32.53275702826949,32.54054666243138,32.56391909345365,32.60288471686414,32.65746026619968,32.72766806522378,32.81353524671516,32.915093157787965,33.03237714781886,33.165426814374484,33.31428652457333,33.47900561267954,33.659637112650046,33.856233345145654,34.068836384607096,34.29746170069973,34.54207436339772,34.8025591428551,35.07868825186648,35.370092574661726,35.67624306617705
1604,32.538018389362605,32.545808817518775,32.56918359204872,32.608153001017286,32.66273362470372,32.73294762370858,32.81882200060733,32.92038804422128,33.037681134565105,33.17074095827013,33.319611922173294,33.48434314183811,33.66498686259297,33.86159367504894,34.07420265062615,34.30282484066669,34.54741968458791,34.80786575169918,35.08392952162063,35.37523783304073,35.681260349970046
1605,32.543280285972855,32.55107149947787,32.57444859319202,32.61342175242072,32.668007411493534,32.73822757666619,32.82410912856659,32.92568330199157,33.04298550299751,33.17605548809752,33.324937665293476,33.48968087281281,33.67033649582538,33.86695332824331,34.079567403901876,34.30818538269398,34.55276118068241,34.8131673490534,35.08916485684438,35.380376700389434,35.68627137366087
1606,32.5485427123059,32.55633470288541,32.579714092546794,32.618690968443275,32.67328162604264,32.74350792565281,32.82939663350203,32.93097893360624,33.04829025224433,33.18137039558019,33.33026373401515,33.495018771215314,33.67568596418613,33.87231224876717,34.08493059212145,34.31354329275388,34.558098849267026,34.81846397103976,35.094394329105285,35.385509270784894,35.69127623478602
1607,32.553805662785635,32.56159842251782,32.58498008591624,32.62396064648124,32.6785562676767,32.74878867184128,32.83468451768624,32.93627494076878,33.05359538070934,33.18668567219896,33.33559010907925,33.50035680438151,33.681035221916545,33.877670382758026,34.09029216357385,34.318898535320784,34.56343268497528,34.82375565102399,35.09961800919109,35.390635639975244,35.6962750335087
1608,32.55906913204814,32.56686265334292,32.59024656922884,32.629230783933394,32.683831335534194,32.75406981596882,32.839972782698624,32.9415713243402,33.058900886087315,33.19200130930136,33.34091677210705,33.50569494166132,33.68638422590129,33.8830276784754,34.09565206682413,34.32425107272883,34.56876267877453,34.8290424191938,35.104835967292445,35.39575590615004,35.70126787358288
1609,32.56433311505924,32.57212739068734,32.59551353885689,32.634501378775894,32.68910682948416,32.75935135960225,32.84526143084827,32.946868085395465,33.06420676515188,33.1973172955727,33.34624370021663,33.511033147090416,33.69173292934204,33.88838408532615,34.10101025859569,34.329600881344675,34.574088836173644,34.83432431331437,35.110048268564015,35.40087015060158,35.70625483800279
1610,32.56959760700482,32.57739263008028,32.60078099131903,32.63977242902524,32.69438274926904,32.764633303956145,32.85055046384497,32.952165224236296,33.069513013953554,33.202633619398455,33.35157087105176,33.516371386235846,33.697081287667004,33.893739554775095,34.106366696407406,34.33494793646008,34.57941116021476,34.83960136868177,35.11525497727081,35.40597845578918,35.711236011749236
1611,32.57486260312345,32.58265836705766,32.606048923001254,32.64504393233324,32.699659093965124,32.769915649282495,32.85583988229803,32.95746274030938,33.074819628523585,33.20795027058722,33.3568982653473,33.52170962881206,33.702429259884696,33.8990940391235,34.11172133434553,34.34029220619607,34.584729645888785,34.84487361583683,35.12045615939803,35.41108091178836,35.71621148930143
1612,32.58012809906046,32.58792459759036,32.6113173308043,32.650315886979,32.70493586337409,32.775198396550195,32.86112968727315,32.96276063284313,33.08012660351545,33.21326723611287,33.362225859839214,33.527047840598755,33.70777680322675,33.90444749324439,34.11707413428962,34.34563366991728,34.590044298577254,34.85014108964464,35.125651875919516,35.41617759577662,35.7211813498958
1613,32.58539409068106,32.59319131785827,32.61658621180169,32.65558829134517,32.7102130572888,32.78048154655846,32.866419879470584,32.96805890051138,33.08543393292189,33.218584502362035,33.36755363100724,33.5323859877069,33.71312387597567,33.90979987366683,34.122425059986654,34.35097230851159,34.59535512431739,34.85540382450205,35.13084218635083,35.42126858286235,35.72614567058616
1614,32.590660573983996,32.5984585241531,32.62185556311283,32.66086114374832,32.715490675284684,32.7857650997243,32.871710459082806,32.97335754147332,33.09074161041144,33.22390205581303,33.37288155598486,33.53772403740754,33.7184704377604,33.91515113795509,34.12777407548276,34.35630810233306,34.6006621280884,34.860661853809916,35.13602714971313,35.42635394816136,35.731104528623916
1615,32.595927545003576,32.603726212769686,32.62712538176453,32.66613444226044,32.72076871650967,32.79104905587997,32.877001425679794,32.978656553457256,33.09604962971139,33.2292198837348,33.37820961343016,33.54306195884499,33.72381644969067,33.920501243965475,34.1331211435749,34.361641029349244,34.60596531241788,34.865915209708476,35.14120682549168,35.431433768573584,35.73605800343557
1616,32.601195000279574,32.60899438053457,32.632395665383626,32.67140818563348,32.726047180817886,32.79633341543155,32.882292778985345,32.98395593354479,33.10135798277582,33.23453797049052,33.38353777856781,33.54839971852368,33.72916187274603,33.925850153223394,34.138466234353075,34.36697107634933,34.611264686722166,34.87116392595601,35.14638126838918,35.43650811146756,35.74100616365098
1617,32.60646293646471,32.61426302436416,32.637666411618284,32.676682372526784,32.73132606782241,32.80161817839098,32.88758451822832,32.98925567835107,33.106666661316694,33.23985630062657,33.388866027332426,33.55373728407943,33.7345066691222,33.93119782810135,34.14380931806238,34.37229822957829,34.6165602595014,34.876408035523355,35.15155053271019,35.441577044136466,35.74594907794324
1618,32.611731350291905,32.619532141233094,32.64293761810882,32.681957001486296,32.736605376892385,32.80690334440351,32.89287664220717,32.994555784116415,33.11197565688667,33.24517485889294,33.3941943362766,33.55907462407271,33.73985080198145,33.936544231670496,34.149150365179366,34.37762247504344,34.62185203876146,34.88164757087014,35.156714672290605,35.446640633454535,35.750886814608464
1619,32.61700023859015,32.6248017281913,32.64820928250941,32.68723207097287,32.741885107186874,32.81218891278024,32.89816914930822,32.999856246693014,33.11728496081969,33.250493630133235,33.399522682433144,33.564411707873035,33.74519423542739,33.94188932781418,34.15448934665676,34.38294379881398,34.62714003224437,34.886882563995925,35.161873740349336,35.45169894558512,35.75581944123593
1620,32.62226959838762,32.63007178248125,32.65348140264433,32.69250757957366,32.747165257916606,32.817474882766135,32.903462037682914,33.00515706148599,33.12259456379286,33.255812598421585,33.40485104218459,33.56974850467378,33.75053693422751,33.94723308209018,34.159826235883315,34.38826218946764,34.63242424932753,34.89211304686472,35.167027788284656,35.45675204440391,35.760748127138015
1621,32.62753942690358,32.63534230152766,32.6587539764929,32.69778352597854,32.752445828308964,32.822761253495344,32.90875530520384,33.010458223433716,33.12790445586023,33.261131747175966,33.41017939145547,33.575084983707825,33.75587886394885,33.95257546166579,34.16516100836975,34.393577637615806,34.63770470056943,34.89733905122938,35.17217687068597,35.46180121923294,35.765742577237404
1622,32.63280972148726,32.64061328286982,32.664027002099544,32.70305990885913,32.75772681745957,32.828048023840324,32.91404894936488,33.01575972704029,33.13321462670166,33.26645105965184,33.41550770635894,33.58042111481507,33.76121999111939,33.95791643482147,34.17049364062683,34.39889013449408,34.64298139664021,34.90256061215115,35.177321379647026,35.466856795252795,35.77079229197426
1623,32.63808047960708,32.64588472415062,32.669300477566765,32.708336726869845,32.76300822434496,32.83333519243945,32.91934296732251,33.021061566415824,33.138525065636486,33.27177051890061,33.420835963091974,33.58575686829835,33.766560283110834,33.96325597094659,34.17582411031111,34.40419967224324,34.64825435022419,34.907777841034886,35.18246314631148,35.47192562205066,35.77587525961951
1624,32.64335169884748,32.65115662311456,32.67457440105568,32.71361397865161,32.7682900478311,32.83862275770849,32.924637355906896,33.02636373528344,33.1438357616197,33.277090107753224,33.426164137906255,33.59109221489052,33.77189970811992,33.96859404054754,34.18115239626712,34.40950624445304,34.65352359070812,34.91299111129956,35.187604608499726,35.47700883111685,35.78098382242473
1625,32.648623376900844,32.65642897759949,32.67984877077674,32.71889166282176,32.773572286663466,32.84391071783489,32.92993211162178,33.031666226986374,33.14914670325885,33.28240980884266,33.43149220713207,33.59642712577329,33.77723823517084,33.97393061523496,34.18647847865623,34.414809849468895,34.658789202060575,34.9182010832705,35.1927477070804,35.482105985888325,35.786113677122955
1626,32.65389551155528,32.661701785525224,32.68512358497918,32.724169777966836,32.778854939465305,32.84919907078125,32.93522723065735,33.03696903451163,33.1544578788434,33.28772960463334,33.436820147196215,33.601761572570695,33.78257583408208,33.979265667699735,34.19180233954768,34.420110497643236,34.664051349270835,34.92340855081562,35.19789378324987,35.48721635227969,35.79126193569448
1627,32.65916810068222,32.6669750448803,32.69039884194075,32.72944832263562,32.78413800473567,32.85448781429358,32.9405227089091,33.042272150516624,33.15976927637672,33.2930494774501,33.44214793463635,33.60709552733874,33.7879124754312,33.98459917177951,34.19712396437245,34.42540822012796,34.669310276028796,34.92861430583241,35.20304374036181,35.49233915512167,35.796426431324676
1628,32.66444114223583,32.672248753721874,32.69567453996217,32.73472729532773,32.78942148083161,32.85977694587672,32.94581854194939,33.04757556730516,33.165080883563405,33.29836940948309,33.44747554612974,33.61242896262007,33.793248130660004,33.98993110292338,34.202443344843914,34.43070307802839,34.674566291863755,34.93381907453289,35.2081981431719,35.49747364509699,35.801605559647896
1629,32.66971463423664,32.6775229101583,32.7009506773548,32.74000669448719,32.79470536597188,32.865066462810546,32.95111472505823,33.052879276869305,33.17039268785345,33.303689382823165,33.45280295850364,33.61776185142452,33.7985827721015,33.99526143885049,34.20776048212389,34.435995163454095,34.67981973643333,34.93902348737225,35.21335736533791,35.50261914111428,35.80679801773874
1630,32.67498857476534,32.68279751234479,32.70622725243453,32.74528651849681,32.79998965823063,32.87035636214523,32.95641125322135,33.0581832708902,33.17570467644936,33.30900937947314,33.458130148751195,33.62309416726151,33.80391637314864,34.000590160390914,34.21307538881234,34.44128459704598,34.68507096492806,34.944228083554094,35.2185216225277,35.50777502577699,35.812002759803875
1631,32.6802629619537,32.68807255847315,32.71150426351221,32.75056676566874,32.80527435553114,32.8756466406989,32.96170812113337,33.063487540750145,33.18101683632358,33.31432938136919,33.46345709405409,33.62842588419085,33.80924890852151,34.00591725265792,34.21838809127928,34.44657152434337,34.69032032747623,34.949433310899906,35.22369103511653,35.51294074904325,35.81721890427275
1632,32.685537793970866,32.693348046758956,32.71678170888305,32.75584743423798,32.81055945564452,32.88093729506471,32.967005323214096,33.06879207755719,33.18632915424746,33.31964937040658,33.46878377180548,33.63375697689435,33.81458035466818,34.01124270638343,34.22369863045731,34.45185610710416,34.69556815335932,34.95463954337032,35.22886567506413,35.51811581525021,35.822445675673805
1633,32.690813069015064,32.69862397543358,32.722059586819455,32.761128522357865,32.815844956188585,32.886228321614,32.97230285361809,33.074096872157384,33.1916416168076,33.32496932845851,33.47411015964053,33.639087420800365,33.8199106902552,34.01656651879193,34.22900706030077,34.45713851592217,34.700814750922234,34.9598470972644,35.2340455694025,35.52329977135747,35.82768240398883
1634,32.696088785305676,32.70390034273623,32.727337895563835,32.766410028092764,32.8211308546239,32.891519716497044,32.977600706239116,33.07940191514706,33.196954210420586,33.33028923739573,33.47943623548679,33.64441719227602,33.82523989670699,34.02188869404637,34.23431344574243,34.46241892574841,34.70606040799794,34.96505623922104,35.23923070734543,35.528492203774704,35.832928508581006
1635,32.70136494106481,32.70917714689682,32.73261663331323,32.771691949408364,32.82641714824956,32.896811475646246,32.98289887472464,33.08470719689609,33.20226692136765,33.33560907914284,33.48476197771288,33.64974626907434,33.83056795905651,34.02720924319652,34.239617858883605,34.467697509984816,34.71130539143684,34.97026719841813,35.24442105944456,35.53369273228725,35.83818346498498
1636,32.70664153454294,32.71445438615996,32.73789579824091,32.77697428418685,32.83170383421026,32.90210359477237,32.98819735245684,33.0900127075152,33.2075797357478,33.34092883560504,33.4900873649334,33.65507462970817,33.83589486461915,34.032528183947534,34.244920384812644,34.4729744500504,34.71654994599652,34.97548014742512,35.24961655533605,35.538901019177445,35.843446846936786
1637,32.711918563954725,32.719732058723594,32.74317538844235,32.78225703018791,32.83699090948039,32.90739606937973,32.9934961326062,33.095318436946684,33.212892639608754,33.3462484888895,33.495412376585875,33.66040225506782,33.84122060584275,34.03784554019916,34.25022110791764,34.4782499134393,34.72179429501148,34.980695249838504,35.25481714334791,35.54411674321909,35.84871822174051
1638,32.717196027542684,32.725010162800004,32.748455401988906,32.787540185087664,32.84227837087957,32.91268889475066,32.99879520807798,33.10062437487386,33.218205618816796,33.35156802108554,33.50073699235452,33.66572912680397,33.84654517749664,34.04316134259551,34.255520125310454,34.48352407521162,34.72703864079432,34.98591261341875,35.26002272832278,35.54933962557266,35.85399725756969
1639,32.72247392348311,32.730288696526145,32.75373583685007,32.792823746424006,32.8475662150542,32.91798206597491,33.004094571598216,33.105930510865676,33.2235186592755,33.35688741467044,33.50606119318189,33.67105522969052,33.85186857974509,34.04847562582967,34.26081752825894,34.488797091070126,34.73228316719343,34.9911323560263,35.26523324938091,35.55456938953415,35.859283590908035
1640,32.72775224996923,32.7355676580425,32.75901669096157,32.798107711644434,32.85285443849318,32.923275577922595,33.00939421563697,33.1112368342483,33.2288317467312,33.36220665214307,33.51138496034906,33.67638054952113,33.85719081559148,34.05378843135418,34.26611341831665,34.494069120487495,34.73752803718952,34.99635454735602,35.2704486130466,35.55980579723638,35.86457693898427
1641,32.73303100511379,32.74084704540081,32.76429796214751,32.80339207805372,32.85814303751533,32.92856942528363,33.01469413250794,33.11654333427322,33.2341448670511,33.367525716584396,33.516708276743486,33.68170507538258,33.86251189239459,34.059099802100945,34.27140788966943,34.49934030629868,34.7427734027296,35.001579269857245,35.27566874771259,35.56504860919716,35.86987700242088
1642,32.7383101870264,32.7461268566376,32.76957964818206,32.808676842854936,32.86343200827804,32.93386360253464,33.01999431428737,33.12184999998152,33.23945800599512,33.37284459118462,33.522031125788146,33.68702879783558,33.86783182098469,34.06440978727903,34.2767010430473,34.5046107895123,34.74801939484183,35.006806571250536,35.280893566997634,35.570297616579865,35.87518353280865
1643,32.7435897937313,32.75140708969633,32.77486174672532,32.81396200310962,32.86872134677395,32.93915810398238,33.02529475291266,33.12715682037583,33.244771149531346,33.3781632598932,33.52735349268778,33.692351710417256,33.87315061511151,34.06971843577412,34.28199297259431,34.509880700432745,34.75326613947743,35.01203650466351,35.286122990595175,35.57555261298535,35.88049628429093
1644,32.74886982322039,32.756687742477595,32.780144255365144,32.81924755576392,32.87401104883372,32.944452923736776,33.03059544012257,33.13246378431836,33.25008428364299,33.383481706985094,33.53267536353701,33.69767380855575,33.87846829191051,34.07502580088203,34.2872837747484,34.5151501636613,34.75851374518351,35.017269103196895,35.29135693554929,35.58081341229564,35.88581503916663
1645,32.75415027339295,32.7619688127827,32.785427171571655,32.82453349762329,32.879301110129745,32.949748055751684,33.03589636754566,33.13777088069406,33.25539739464273,33.38879991766123,33.537996726226595,33.702995090105276,33.88378487022459,34.08033193467975,34.29257354067863,34.52041929722918,34.763762317094404,35.02250439975387,35.29659532079842,35.58607983379454,35.89113958633118
1646,32.75943114214448,32.76725029839639,32.790710492762116,32.82981982538564,32.88459152616474,32.955043493755966,33.04119752655134,33.14307809812709,33.26071046862637,33.39411787708127,33.54331756923858,33.708315555191746,33.889100373980625,34.08563689630472,34.29786236512945,34.52568821019588,34.769011937303674,35.02774240518983,35.30183806281178,35.59135171974157,35.896469749297694
1647,32.7647124272267,32.77253219695666,32.79599421620094,32.835106535593525,32.88988229229727,32.96033923137753,33.046498908516185,33.14838542548904,33.26602349241483,33.39943557188593,33.54863788323809,33.71363520578478,33.894414826411094,34.09094073972773,34.30315033485067,34.53095700756302,34.77426269244796,35.03298313965996,35.30708508495218,35.59662890911068,35.901805340967144
1648,32.769994126348536,32.777814506048685,32.801278339071246,32.84039362466717,32.895173403721,32.96563526204886,33.05180050462201,33.15369285151405,33.27133645285295,33.40475298910775,33.55395766002516,33.71895404619124,33.89972825430192,34.09624352227149,34.308437536295855,34.536225786674265,34.77951465494738,35.03822661042511,35.31233630958002,35.601911256428934,35.90714619701089
1649,32.775276237172875,32.783097223201935,32.806562858473,32.845681088904655,32.90046485546691,32.970931579012756,33.057102305866806,33.15900036481776,33.27664933683735,33.41007011619689,33.55927689253048,33.72427208298308,33.90504068783713,34.10154530443498,34.313724055564194,34.5414946373636,34.78476788340669,35.04347281241161,35.31759165819989,35.607198631244046,35.912492175151044
1650,32.780558757160975,32.78838034574659,32.811847771317105,32.85096892443971,32.90575664245375,32.97622817550467,33.06240430344752,33.16430795460491,33.281962132494755,33.415386942580824,33.56459557584259,33.729589323308005,33.91035215366554,34.10684613817921,34.31900996946263,34.54676364806886,34.79002244835266,35.048721760397086,35.322851062885206,35.61249088983578,35.91784310769981
1651,32.7858416838028,32.79366387102567,32.81713307448035,32.85625712730024,32.91104875940647,32.98152504446978,33.067706488168994,33.16961560958441,33.28727482740749,33.42070345740041,33.56991370588463,33.7349057776899,33.91566268528169,34.11214608379862,34.32429535779113,34.55203289658721,34.7952783950455,35.05397344205767,35.32811445002051,35.61778791680058,35.923198869978364
1652,32.791125014439444,32.798947796232085,32.822418764688905,32.86154569336986,32.91634120093278,32.98682217880685,33.07300885094452,33.17492331886609,33.29258741001797,33.42601965117092,33.575231280134005,33.740221457424354,33.92097231481495,34.11744519748697,34.329580295130825,34.55730245796269,34.80053577153984,35.05922785233298,35.333381750895114,35.62308959400514,35.92855933090294
1653,32.796408746274096,32.80423211841929,32.82770483852681,32.86683461839419,32.92163396152631,32.992119571367994,33.078311382789536,33.180231071938124,33.29789986956092,33.43133551563375,33.58054829741968,33.7455363745039,33.926281073420625,34.122743532389336,34.33486485199472,34.56257240444677,34.80579462671483,35.06448499027738,35.33865289994111,35.6283958030794,35.933924357825276
1654,32.80169287648346,32.80951683460171,32.83299129250361,32.87212389799089,32.92692703548937,32.99741721475095,33.083614074415095,33.18553885798184,33.30321219511205,33.43665104288806,33.58586475806976,33.75085054413927,33.931588996861535,34.12804114531747,34.340149097537505,34.56784279886409,34.81105499359205,35.06974484141341,35.343927832285885,35.63370644268889,35.93929384072379
1655,32.80697740206887,32.81480194162259,32.83827812297221,32.87741352765522,32.93222041707412,33.00271510164407,33.08891691687256,33.190846666894686,33.30852437687582,33.441966226321085,33.591180663141245,33.75616398066563,33.936896117803485,34.13333808867537,34.3454330977969,34.5731137051132,34.81631691103814,35.07500739766505,35.34920648433774,35.63902140744739,35.9446676639198
1656,32.812262319953845,32.820087436239305,32.84356532617801,32.88270350274519,32.937514100367366,33.00801322455976,33.0942199010704,33.19615448855501,33.31383640533028,33.447281060133776,33.5964960152653,33.7614767006595,33.94220247101862,34.13863441522659,34.350716915744385,34.578385180304394,34.82158040986752,35.080272646434196,35.35448879499273,35.64434060057812,35.95004572224849
1657,32.81754762696164,32.82537331510457,32.848852898250584,32.887993818492475,32.94280807933245,33.01331157592125,33.099523017918614,33.201462313020045,33.31914827141844,33.452595539374215,33.601810818295235,33.766788722043316,33.94750809212775,34.14393017717009,34.35600061165212,34.58365727693479,34.82684551599738,35.085540572625746,35.359774705076745,35.649663931146904,35.955427917580835
1658,32.822833319733604,32.83065957469927,32.854140835182136,32.89328447006221,32.948102347995246,33.01861014843013,33.10482625891899,33.206770131285964,33.32445996720071,33.45790965987425,33.60712507572066,33.77210006056009,33.95281301304556,34.14922542319232,34.361284245088996,34.58893005127561,34.83211226157948,35.090811165199966,35.36506415521154,35.65499130425013,35.960814146262805
1659,32.82811939488994,32.83594621146278,32.859429132861976,32.89857545241563,32.953396900038854,33.0239089342798,33.11012961492423,33.21207793373054,33.32977148459662,33.46322341856046,33.61243879414167,33.77741073708097,33.958117271052856,34.15452020393377,34.366567870269876,34.59420354615281,34.83738066312543,35.09608440490865,35.37035709018102,35.660322640347715,35.966204324097475
1660,32.833405848914424,32.84123322169978,32.86471778705351,32.9038667604122,32.95869172910153,33.029207925731384,33.115433077042724,33.21738571124183,33.335082816282636,33.46853681319652,33.61775198071052,33.782720772294,33.963420902268126,34.15981456812983,34.3718515395264,34.59947780343305,34.842650737192855,35.101360272975114,35.375653455767804,35.665657861389775,35.97159836837449
1661,32.83869267813185,32.84652060156617,32.87000679340542,32.90915838886718,32.96398682890157,33.034507115321674,33.12073663691899,33.222693455498586,33.340393955810725,33.47384984210271,33.62306464225327,33.788030185273385,33.96872394013701,34.16510856191877,34.37713530440914,34.60475286707805,34.84792250427216,35.10663875402349,35.38095319856495,35.670996886582714,35.97699619203621
1662,32.84397987874348,32.8518083470949,32.87529614744818,32.91445033249414,32.96928219309967,33.03980649562004,33.12604028638293,33.22800115858075,33.345704897370126,33.47916250439346,33.62837678631951,33.793338995387955,33.974026417608286,34.17040222998975,34.38241921432524,34.61002877886989,34.85319598338191,35.111919832553156,35.3862562666568,35.676339637716296,35.982397710818475
1663,32.84926744689733,32.85709645424731,32.88058584458582,32.919742585792505,32.974577815027715,33.0451060587493,33.131344016761204,33.23330881220306,33.351015635319584,33.48447480044513,33.633688423248316,33.7986472260601,33.979328371417125,34.17569561784342,34.387703313857,34.61530556999372,34.85847118142823,35.11720348599704,35.391562610959,35.681686049652626,35.98780285730976
1664,32.85455537860196,32.86238491885001,32.88587588010597,32.92503514318582,32.97987368802188,33.050405796973905,33.136647819722896,33.238616408656014,33.35632616476204,33.48978673132183,33.6389995636315,33.80395490015121,33.98462983682629,34.18098876901661,34.392987646054166,34.6205832713714,34.86374810626842,35.12248969324395,35.39687218357318,35.68703605744912,35.99321156369069
1665,32.85984366968398,32.867673736582674,32.89116624925839,32.93032799925868,32.9851698058805,33.055705703408705,33.14195168816775,33.24392394160384,33.3616364817222,33.495098297625304,33.64431021531851,33.80926203541361,33.98993084316061,34.18628172356847,34.39827225651243,34.62586192340541,34.869026778690795,35.12777844268658,35.40218493569421,35.69238958378389,35.99862374561559
1666,32.865132315920334,32.87296290303857,32.89645694709719,32.93562114821884,32.9904661617864,33.06100577030884,33.147255614020025,33.249231403997044,33.3669465824691,33.5004095020484,33.64962039067268,33.81456865595277,33.995231425484974,34.19157452261726,34.40355718358677,34.63114155116159,34.87430720169357,35.1330697117308,35.40750082260632,35.697746570715594,36.00403934336242
1667,32.87042131295459,32.87825241368631,32.90174796858088,32.94091458423753,32.995762748988,33.06630599015057,33.15255958962331,33.25453878939197,33.37225646394444,33.50572034776093,33.65493010198452,33.81987478498178,34.000531617222464,34.196867205472415,34.408842464577845,34.636422180056684,34.8795893799043,35.138363479748364,35.412819800524744,35.70310695960745,36.00945829582133
1668,32.87571065631704,32.88354226389322,32.90703930860491,32.94620830149552,33.001059560858494,33.07160635568994,33.157863607769286,33.259846091910106,33.37756612361926,33.51103083817378,33.66023936122639,33.8251804447122,34.00583145031459,34.20215981006078,34.414128136195245,34.6417038360874,34.88487331948568,35.1436597276944,35.41814182621624,35.70847069114677,36.01488054075594
1669,32.88100034143662,32.88883244894788,32.91233096205849,32.95150229429561,33.00635659107758,33.076906860207885,33.163167661957004,33.265153306398815,33.382875559384445,33.51634097638771,33.66554817901505,33.830485655060556,34.01113095424199,34.207452372997864,34.41941423612201,34.646986548621214,34.89015903111982,35.14895843970038,35.42346685602223,35.71383770216306,36.02030601097533
1670,32.88629036360288,32.8941229639683,32.91762292356765,32.956796556533845,33.01165383275486,33.0822074963051,33.168471745083195,33.27046042755393,33.388184769957036,33.5216507677834,33.670856569711475,33.835790440227356,34.01643016128264,34.21274492969866,34.424700795430795,34.652270336191975,34.89544651443396,35.15425959438494,35.428794850491386,35.71920794214236,36.02573465447398
1671,32.89158071799801,32.899413803979655,32.92291518771219,32.96209108214612,33.01695127917037,33.08750825692016,33.173775850548736,33.27576745066074,33.393493754536905,33.52696021783339,33.67616454711293,33.841094823139656,34.02172910206963,34.21803751428388,34.42998784499042,34.657555218499226,34.90073577115709,35.159563172194,35.43412577046632,35.72458135927667,36.03116641741792
1672,32.896871399781105,32.90470496401173,32.928207749160265,32.96738586529375,33.022248924003804,33.092809135555,33.179079972382965,33.28107437148202,33.398802512340296,33.53226933128201,33.68147212349231,33.84639882478348,34.02702780570087,34.22333016065488,34.43527541720346,34.66284121813396,34.90602680595447,35.16486915493306,35.439459575944966,35.72995789930229,36.03660124306771
1673,32.902162403957675,32.90999643893275,32.93350060239794,32.97268089993531,33.02754676073454,33.09811012557594,33.18438410465359,33.28638118613742,33.40411104338426,33.53757811411896,33.686779312564624,33.85170246722754,34.032326301252226,34.22862290101841,34.44056354115975,34.66812835365022,34.911319620317556,35.17017752367008,35.444796229149176,35.73533751236772,36.04203907967718
1674,32.90745372539186,32.9152882234647,32.938793741754125,32.97797617986561,33.032844782697055,33.10341122027819,33.189688241521196,33.29168789111452,33.40941934841425,33.542886573397425,33.69208612921358,33.85700577334404,34.037624617637846,34.23391576602279,34.44585224308412,34.673416640204096,34.91661421312733,35.17548825892891,35.45013569424174,35.740720152399774,36.04747987976475
1675,32.91274535889255,32.92058031228913,32.944087161562095,32.983271698960095,33.03814298340973,33.108712413254295,33.1949923775303,33.29699448329001,33.41472742843456,33.54819471614667,33.697392587919126,33.86230876526412,34.042922782905464,34.23920878562848,34.45114154893969,34.678706093178846,34.921910583777105,35.18080134171282,35.45547793570381,35.74610577351888,36.052923595988545
1676,32.91803729947185,32.92587270033704,32.94938085653649,32.988567451665006,33.043441357146776,33.11401369892627,33.200296507875805,33.30230095963492,33.42003528360431,33.55350254744843,33.7026987004308,33.86761146252684,34.04822082393002,34.24450199107156,34.4564314885543,34.683996733194704,34.927208735918896,35.18611675435403,35.46082291595968,35.75149432514513,36.05837017550283
1677,32.92332954160685,32.931165381951246,32.95467482066033,32.993863431516274,33.04873989716634,33.119315070834205,33.20560062743891,33.30760731793657,33.42534291649292,33.55881007637902,33.70800448321347,33.87291388829675,34.05351876789325,34.24979540903837,34.46172208260225,34.689288569837174,34.93250866488262,35.191434477344615,35.46617060299445,35.756885767936865,36.063819578329
1678,32.928622079837396,32.93645835156502,32.95996904808641,32.99915963233883,33.054038597145166,33.12461652302204,33.21090473156784,33.31291355621403,33.430650329444006,33.56411731119772,33.71330995141801,33.87821606432942,34.05881664108557,34.25508906638248,34.46701335314543,34.69458161483283,34.937810367863165,35.19675449190254,35.471520964185856,35.762280060884734,36.06927176247996
1679,32.933914908605175,32.94175160351887,32.965263532894255,33.004456047923554,33.05933745079227,33.12991804966424,33.2162088158675,33.31821967287556,33.43595752528523,33.56942426064279,33.71861512050509,33.883518012327215,34.064114469228684,34.26038298885442,34.47230532079476,34.699875878501246,34.94311384117708,35.202076779280844,35.476873967965446,35.76767716478713,36.07472668796606
1680,32.939208022292405,32.94704513210456,32.97055826914777,33.00975267210214,33.06463645193679,33.13521964514911,33.22151287624371,33.32352566667856,33.44126450716465,33.574730933638136,33.72392000588172,33.88881975363711,34.06941227740231,34.2656772013828,34.47759800534715,34.70517137055907,34.94841908089967,35.207401320955285,35.48222958345451,35.77307704169897,36.08018466152771
1681,32.944501415503,32.952338931878046,32.97585325129313,33.01504949925487,33.0699355951092,33.14052130460806,33.226816909156184,33.328831536417795,33.44657127743409,33.58003733736268,33.72922462055351,33.89412130732927,34.07471008960448,34.27097172992063,34.48289142993309,34.71046810535955,34.953726087099426,35.212728100009485,35.48758778145418,35.77848059320604,36.085701938130114
1682,32.94979508257728,32.95763299711126,32.9811484734401,33.02034652336391,33.07523487442268,33.14582302285322,33.232120911045115,33.33413728141784,33.45187783971812,33.58534348096822,33.73452897975022,33.899422694061286,34.08000792972865,34.27626659792088,34.48818561292876,34.71576609164077,34.95903485570369,35.2180571014577,35.49294879970495,35.78389590509926,36.09126868600191
1683,32.9550890178337,32.96292732206797,32.98644392972915,33.025643738507824,33.08053428417003,33.15112479496014,33.237424878668605,33.33944290131103,33.457184197837535,33.5906493735892,33.73983309840884,33.904723933952994,34.0853058210169,34.281561828243355,34.49348057233226,34.72106533807761,34.964345384212095,35.22338837245297,35.4983140138001,35.78932823572393,36.09686802559543
1684,32.960383215555794,32.9682219009855,32.99173961430347,33.03094113881525,33.08583381875832,33.15642661619364,33.24272880904397,33.344748396028365,33.46249035589511,33.59595502453942,33.74513699145126,33.91002504684411,34.09060378615169,34.28685744297974,34.49877632533611,34.72636585310789,34.96965768235867,35.22872216112751,35.50368527719678,35.794778444246106,36.1024937742676
1685,32.96567766999533,32.9735167280806,32.99703552131513,33.036238718473385,33.091133472721424,33.16172848202166,33.248032699461646,33.35005376581239,33.46779631828065,33.60126044331042,33.75044067377286,33.91532605227252,34.09590184722782,34.2921534634263,34.504072888432404,34.73166764764153,34.97497180301053,35.23405894917681,35.50906404821063,35.800246070146216,36.10814253862651
1686,32.9709723753823,32.97881179755609,33.00233164493062,33.0415364717295,33.09643324071283,33.16703038809891,33.253336547456854,33.355359011178564,33.473102089630515,33.6065656395362,33.755744160227266,33.92062696949381,34.101200025813,34.29744991021323,34.50937027804537,34.73697074061732,34.980287860336375,35.23939931846695,35.51445132841775,35.80573046747929,36.11381194704262
1687,32.97626732592994,32.98410710360838,33.00762797933709,33.046834392897324,33.10173311751208,33.17233233027116,33.25864035081179,33.3606641329128,33.47840767481813,33.61187062298018,33.76104746561356,33.92592781747169,34.10649834295475,34.30274680342518,34.514668511768605,34.74227516624535,34.98560603145876,35.244743853226566,35.51984776214425,35.81123095841946,36.11950022188307
1688,32.981562515839585,32.98940264043159,33.012924518749855,33.052132476367206,33.107033098038244,33.17763430459115,33.263944107570126,33.36596913208268,33.48371307895911,33.61717540353044,33.76635060465884,33.9312286148525,34.11179681917389,34.308044162867816,34.51996761052743,34.7475809809535,34.99092654484775,35.250093085895,35.52525373206839,35.81674688118238,36.125206030882396
1689,32.98685793930974,32.99469840222656,33.01822125741887,33.05743071660805,33.11233317734576,33.18293630730551,33.26924781601588,33.37127401000885,33.48901830737947,33.62247999117295,33.771653592009045,33.93652937998996,34.11709547459691,34.313342008786094,34.525267601419955,34.7528882646742,34.99624965146717,35.25544747250433,35.530669476668436,35.82227763018932,36.13092827519671
1690,32.99215359053943,32.99999438320418,33.023518189631886,33.062729108171595,33.1176333506279,33.18823833485834,33.274551474674695,33.37657876826336,33.49432336561131,33.627784395985714,33.77695644222382,33.941830130954145,34.12239432906466,34.318640362404324,34.53056851882519,34.75819711862755,35.00157561649979,35.26080739954182,35.53609510392772,35.82782264952607,36.136666073118306
1691,32.99744946373636,33.00529057759326,33.028815309722916,33.06802764570074,33.12293361322395,33.19354038389497,33.279855082313475,33.38188340866333,33.4996282593807,33.63308862812289,33.78225916976476,33.947130885555,34.12769340235678,34.32393924698363,34.535870406861136,34.763507663125836,35.00690469919442,35.266173180058104,35.54153065284879,35.83338144203026,36.14241866267423
1692,33.00274555312433,33.01058697964862,33.0341126120785,33.073326323932065,33.12823396061788,33.198842451254905,33.28515863792592,33.387187933251425,33.50493299458577,33.63839269779777,33.78756178899522,33.95243166141614,34.13299271456481,34.329238688954774,34.54117331993302,34.768820030233485,35.012237141808555,35.27154507029644,35.54697612546187,35.83895355411141,36.14818536724107
1693,33.00804185294919,33.015883583655125,33.039410091141804,33.07862513769879,33.13353438843859,33.20414453396921,33.290462140727186,33.39249234428689,33.51023757728598,33.64369661527377,33.792864314193594,33.957732476078206,34.13829228650286,34.334538718634235,34.54647732151352,34.77413435811246,35.01757317018246,35.276923281638915,35.552431489189985,35.84453856640704,36.15396559652123
1694,33.01333835748454,33.02118038393496,33.04470774141839,33.083924081936175,33.13883489246393,33.20944662926087,33.29576559015021,33.397796644237644,33.51554201369203,33.6490003908599,33.79816675957795,33.96303334715367,34.143592140162696,34.33983937062061,34.55178248255686,34.779450787448866,35.02291299360331,35.28230798697922,35.557896683981085,35.85013609201661,36.15975883055711
1695,33.01863506104155,33.0264773748562,33.05000555748444,33.08922315168718,33.14413546862204,33.21474873454207,33.30106898583682,33.40310083576691,33.52084631015214,33.65430403491263,33.80346913938308,33.96833429261136,34.1488922992462,34.34514068374591,34.55708887923163,34.78476945799133,35.02825680448325,35.28769932847689,35.5633716338848,35.85574577242181,36.16556459946452
1696,33.023931957962134,33.03177455082613,33.055303533980634,33.094522342097605,33.149436112989974,33.22005084741579,33.306372327643714,33.408404921742545,33.52615047316186,33.65960755783465,33.80877146780483,33.973635330565685,34.154192788758166,34.35044270110842,34.56239659471686,34.79009051104907,35.033604778025506,35.293097412157294,35.56885623986557,35.86136727980954,36.171382497612115
1697,33.02922904263869,33.03707190631093,33.060601665629065,33.09982164842876,33.15473682179754,33.22535296566923,33.311675615624154,33.41370890520926,33.53145450933954,33.664910970098276,33.81407375920355,33.97893647989463,34.15949363592182,34.35574546952216,34.56770571457878,34.795414083209835,35.038957072625976,35.29850232339197,35.57435040066423,35.867000308220895,36.177212146557906
1698,33.03452630950926,33.04236943583038,33.06589994722907,33.10512106605398,33.16003759142677,33.23065508727626,33.31697885003314,33.41901278939588,33.53675842543157,33.670214282235065,33.81937602804055,33.98423776007604,34.16479487000851,34.361049039796455,34.573016327806386,34.80074030754429,35.044313830089095,35.3039141233769,35.57985400677404,35.87264457595745,36.18305320480573
1699,33.03982375306799,33.04766713396788,33.071198373665425,33.110420590464116,33.165338418412375,33.235957210391575,33.322282031315865,33.42431657770254,33.54206222831357,33.67551750489281,33.82467828906374,33.98953919148249,34.17009652229922,34.36635346568693,34.578328525103814,34.80606931223389,35.04967517726851,35.30933285602828,35.58536694494916,35.878299819334416,36.188905361301636
1700,33.045121367875424,33.052964995380705,33.07649693991726,33.11572021727386,33.170639299444304,33.24125933334818,33.32758516009892,33.429620273685714,33.54736592497386,33.68082064883521,33.82998055738892,33.99484079570516,34.175398626713445,34.37165880387471,34.58364239625695,34.8114012165459,35.05504122605987,35.31475855677178,35.590889110262765,35.883965788313844,36.194768313367376
1701,33.05041914854934,33.05826301479084,33.08179564104938,33.12101994221473,33.17594023136354,33.24656145465792,33.33288823719812,33.43492388107728,33.55266952254908,33.68612372499098,33.835282848477675,34.000142595159105,34.180701218785146,34.376965113482754,34.58895803289238,34.816736136482234,35.06041207568779,35.320191241820055,35.596420387797366,35.88964225224515,36.20064179599149
1702,33.05571708979147,33.063561187010464,33.08709447223447,33.126319761149944,33.181241211166196,33.25186357300123,33.33819126359322,33.44022740374919,33.557973028304446,33.69142674452485,33.84058517847319,34.00544461386886,34.18600433644775,34.382272454781344,34.59427552283779,34.82207417768291,35.06578781499127,35.32563092840678,35.60196067347272,35.89532898648167,36.20652554524139
1703,33.06101518636444,33.068859506919864,33.092393428733544,33.131619670061355,33.18654223599981,33.25716568723652,33.34349424045155,33.44553084575119,33.56327644966814,33.69672971879635,33.84588756388649,34.0107468766613,34.191308019213636,34.38758089036884,34.599594955308305,34.82741544228844,35.07116852028969,35.33107761543147,35.60750985622707,35.90102578569906,36.2124193284053
1704,33.06631343312648,33.07415796950039,33.097692505923305,33.13691966506616,33.19184330316483,33.26246779638268,33.34879716909478,33.45083421127811,33.56857979425314,33.702032659562235,33.85119002214822,34.016049409950085,34.19661230810112,34.3928904822713,34.60491641479848,34.83276002446888,35.07655426268752,35.336531303543325,35.61306782944837,35.906732449301046,36.2183229186553
1705,33.071611825011985,33.07945656981565,33.10299169928055,33.14221974240621,33.19714441011257,33.26776989962963,33.354100051024716,33.456137504708636,33.57388306988105,33.70733557887928,33.85649257119627,34.02135224101892,34.201917245465836,34.398201293857085,34.610239985452495,34.83810801367849,35.0819451025306,35.34199198186042,35.61863448641583,35.91244879073611,36.224236107329375
1706,33.076910357056875,33.084755303035536,33.10829100440094,33.14751989845888,33.20244555444452,33.273071996324234,33.35940288790033,33.46144073059281,33.579186284632556,33.71263848931659,33.861795229909035,34.02665539838665,34.207222874362685,34.40351338725145,34.61556574737733,34.84345949403888,35.08734109647111,35.347459638377984,35.62420972213101,35.91817462956982,36.23015869357687
1707,33.0822090243434,33.09005416438498,33.11359041695965,33.15282012971761,33.20774673391816,33.27837408600061,33.36470568157068,33.466743893623004,33.5844894466249,33.71794140339648,33.86709801736146,34.03195891182395,34.21252924095728,34.40882682877003,34.62089378182668,34.84881454148126,35.09274228363603,35.352934245901395,35.629793431541316,35.923909803585445,36.23609050324734
1708,33.08750782209995,33.095353149236246,33.11888993278143,33.15812043282523,33.21304794643555,33.283676168330885,33.370008434038084,33.47204699873902,33.58979256448282,33.723244334588514,33.87240095388421,34.0372628117608,34.21783638985448,34.414141679863064,34.62622416378366,34.85417322972262,35.098148707832706,35.358415785024135,35.63538551501142,35.929654147961344,36.24203135365718
1709,33.09280674563911,33.100652253051635,33.1241895477973,33.16342080455365,33.21834919005033,33.288978243154304,33.37531114747577,33.477350051051474,33.59509564703404,33.72854729670348,33.8777040604748,34.04256712976252,34.22314436702095,34.419458002529154,34.63155696618662,34.85953562658898,35.10356040446703,35.36390423003621,35.64098587415771,35.93540750820813,36.24798107597496
1710,33.09810579032927,33.10595147135723,33.12948925802493,33.16872124179429,33.22365046297102,33.29428031048991,33.38061382423382,33.48265305580293,33.60039870316524,33.73385030361891,33.883007358550515,34.04787189878499,34.22845322113602,34.42477586173101,34.63689226174165,34.864901792337776,35.10897739477298,35.36939954250789,35.6465944096708,35.94116974611717,36.25393952568345
1711,33.10340495172602,33.11125079986385,33.1347890596582,33.174021741599574,33.22895176354814,33.29958237049351,33.38591646685512,33.48795601862332,33.60570174253729,33.739153370419615,33.88831087064517,34.05317715139864,34.23376299721633,34.430095315313736,34.64223011643941,34.870271787566935,35.114399710662724,35.37490169991838,35.65221103017933,35.9469407125211,36.25990653778183
1712,33.1087042254365,33.116550234342355,33.140088948975404,33.17932230114087,33.23425309028653,33.30488442349571,33.39121907804093,33.49325894523571,33.61100477482688,33.74445651227256,33.893614619870334,34.0584829218634,34.239073743250344,34.4354164239715,34.647570595479294,34.875645664988326,35.119827369813606,35.38041066652033,35.65783564358742,35.95272027530871,36.265881971584975
1713,33.114003607160555,33.12184977066153,33.145388922366976,33.1846229177213,33.23955444184185,33.310186469991095,33.39652166066395,33.4985618415497,33.61630780995932,33.74975974476081,33.89891863005437,34.0637892454659,34.24438550817797,34.440739248283535,34.65291376157671,34.88102347193478,35.125260383129046,35.385926402116695,35.66346815963038,35.9585083109439,36.27186569733334
1714,33.119303092797,33.12714940488496,33.15068897640481,33.18992358880678,33.24485581702032,33.31548851064963,33.40182421788751,33.50386471402095,33.62161085874709,33.75506308447768,33.9042229253634,34.0690961558567,34.249698336408414,34.44606384256895,34.65825967341249,34.88640525852992,35.13069877279014,35.39144888032524,35.66910849172854,35.96430468505406,36.27785756925766
1715,33.124602678271685,33.13244913311411,33.15598910773042,33.19522431197595,33.250157214777346,33.32079054629145,33.407126752956856,33.50916756904758,33.62691393184895,33.760366548114064,33.90952753104881,34.074403689535245,34.25501227674448,34.45139026456093,34.66360838762955,34.891791064152926,35.136142543250855,35.396978059808816,35.674756554850035,35.970109283404895,36.28385746779594
1716,33.12990235964992,33.13774895159105,33.16128931312795,33.200525084953085,33.255458634221384,33.32609257791137,33.41242926935081,33.5144704133819,33.632217040448154,33.765670152999405,33.914832472833154,34.07971188277253,34.26032737652662,34.456718569326654,34.66895995796153,34.8971809265945,35.141591700013635,35.402513902302644,35.680412266258315,35.97592199208492,36.28986527301049
1717,33.13520213316292,33.14304885672203,33.16658958954139,33.205825905619406,33.26076007462956,33.33139460672368,33.417731770884416,33.51977325428919,33.63752019637627,33.77097391696725,33.92013777623811,34.08502077032881,34.26564368024805,34.46204880886074,34.67431443674923,34.90257488552828,35.14704625324032,35.40805637339355,35.68607554334244,35.981742694785794,36.295880862002264
1718,33.140501995101204,33.14834884498089,33.17188993400515,33.211126771974875,33.26606153541354,33.33669663405925,33.423034261428086,33.52507609902972,33.64282341154217,33.77627785837791,33.925443468248545,34.090330389519636,34.27096123513098,34.46738103576206,34.67967187224252,34.90797297111783,35.152506201573146,35.41360543248993,35.691746307710844,35.98757128764265,36.30190412664297
1719,33.14580194190785,33.15364891299413,33.17719034370657,33.21642768217737,33.27136301616264,33.34199866147708,33.42833674517493,33.53037895530798,33.648126698364536,33.78158199594964,33.930749575671314,34.09564077657211,34.27628008640846,34.47271530041536,34.685032311414545,34.913375214152836,35.15797154580201,35.41916104089131,35.69742448160753,35.99340766657542,36.30793495828101
1720,33.151101970182765,33.158949057544476,33.18249081599015,33.22172863454989,33.27666451665834,33.34730069079001,33.433639226672426,33.53568183128647,33.65343006972273,33.78688634860555,33.93605612488909,34.10095196639742,34.281600277298935,34.47805165127431,34.690395800518615,34.91878164661,35.163442288916656,35.42472316140788,35.70310998777046,35.99925172711602,36.31397324736156
1721,33.156402076577535,33.16424927547479,33.18779134828094,33.2270296275139,33.281966036774236,33.35260272385443,33.43894171043917,33.540984735101574,33.65873353874309,33.792190936254144,33.941363144422155,34.10626399698651,34.28692185361086,34.48339013640634,34.69576238015162,34.92419228971403,35.16891842285645,35.43029175220124,35.70880275342364,36.00510337718458,36.32001889955359
1722,33.161702257887384,33.169549563772534,33.193091938151724,33.23233065964786,33.28726757656386,33.35790476275474,33.44424420130099,33.54628767528857,33.66403711898647,33.79749577910428,33.94667066268056,34.11157690555291,34.29224485970224,34.48873080213684,34.701132089585656,34.92960716441394,35.17439994013711,35.43586677218866,35.71450270677434,36.01096252587871,36.32607182159916
1723,33.167002511075,33.17484991959259,33.19839258334537,33.237631729713485,33.29256913630036,33.36320680986472,33.449546704466854,33.55159066082757,33.66934082437524,33.80280089735959,33.95197870736274,34.11689072773663,34.2975693378113,34.49407369301434,34.706504967836906,34.93502629347063,35.179886836235255,35.44144818275606,35.72020977670064,36.016829080514526,36.3321319173495
1724,33.17230283325853,33.18015034024603,33.20369328176491,33.24293283664554,33.29787071646115,33.36850886782071,33.45484922548815,33.556893701104286,33.674644669198756,33.80810631133784,33.95728730575064,34.122205498052665,34.30289532848656,34.49941885190856,34.71188105311961,34.940449700257034,35.1853791082396,35.44703594698467,35.7259238930597,36.022702948087044,36.33819908966365
1725,33.177603221593586,33.1854508230889,33.20899403137503,33.24823397944937,33.3031723175734,33.37381093925012,33.46015176985259,33.562196805516464,33.67994866816548,33.81341204266579,33.96259648765522,34.12752125437635,34.30822287488576,34.504766320994065,34.71726037738574,34.94587739675649,35.190876741369436,35.45263002191979,35.731644989764675,36.02858404986773,36.34427325938924
1726,33.18290367339614,33.19075136563799,33.21429483030454,33.25353515730734,33.3084739403746,33.37911302705379,33.46545434340641,33.56749998388318,33.68525283634841,33.818718113036425,33.967906282353,34.13283803327869,34.31355201830513,34.510116140727575,34.722642972003484,34.951309396044394,35.196379722995516,35.45823036661136,35.7373730015845,36.034472306222995,36.35035434562252
1727,33.18820418618253,33.196051965611616,33.21959567689072,33.258836369634764,33.31377558588986,33.38441513450442,33.47075695244416,33.57280324644165,33.69055718895453,33.82402454361505,33.973216717610285,34.13815586889922,34.318882797433105,34.51546835019809,34.72802886962177,34.956745715339196,35.20188804596785,35.46383694413089,35.7431078630197,36.04036763255999,36.35644226081968
1728,33.19350475759609,33.201352620857165,33.22489656960721,33.26413761599554,33.31907725531141,33.38971726507128,33.476059603502506,33.578106603734795,33.69586174156416,33.82933135596693,33.978527821495504,34.143474795357236,34.32421525033715,34.52082298707586,34.73341810075658,34.96218636951579,35.20740170142625,35.469449717342854,35.74884951029753,36.046269947549376,36.362536921116714
1729,33.198805385339824,33.20665332928576,33.23019750699905,33.26943889602592,33.324378949889876,33.39501942226093,33.48136230317289,33.58341006650926,33.70116651034829,33.83463857289871,33.983839624022835,34.14879484893919,34.32954941626548,34.526180087565024,34.73881069069557,34.96763136522259,35.21292067227887,35.475068645069655,35.75459788318136,36.052179180582755,36.368638255689405
1730,33.20410606728228,33.21195408897586,33.23549848778549,33.274740209554864,33.329680671106246,33.40032160986857,33.48666505839731,33.58871364587628,33.7064715117254,33.83994621712918,33.98915215455605,34.15411606464369,34.33488533280098,34.53153968647797,34.744206664387605,34.973080710174315,35.218444943502845,35.4806936881493,35.760352922112645,36.05809525999325,36.37474619196905
1731,33.209406801518526,33.217254898237115,33.240799510935574,33.280041556700894,33.334982420791846,33.405623832098286,33.491967876515844,33.5940173531564,33.71177676184419,33.845254310325856,33.99446544052893,34.159438475034335,34.340223035556164,34.53690181841142,34.74960604914031,34.97853441667172,35.22397450523931,35.48632481046525,35.76611456630843,36.06401810912746,36.380860651266744
1732,33.21470758623269,33.222555755469784,33.246100575511036,33.285342937676035,33.340284200874805,33.410926093271996,33.49727076506008,33.59932120002895,33.717082277491215,33.850562875117305,33.99977951050511,34.164762113508914,34.34556255994113,34.542266516011466,34.755008868441166,34.98399249218096,35.229509343516895,35.49196197463351,35.77188275784391,36.06994765751534,36.38698156199115
1733,33.22000841971021,33.22785665917661,33.25140168068003,33.29064435280333,33.34558601340234,33.416228397855434,33.50257373177112,33.604625198519386,33.7223880760111,33.85587193491648,34.00509439390896,34.170087014011585,34.35090394100774,34.54763381012663,34.76041514250164,34.989454940163455,35.23504944106884,35.49760514238278,35.77765744129289,36.07588383988622,36.39310885848431
1734,33.225309300399545,33.233157608026886,33.2567028257879,33.29594580260499,33.35088786065495,33.42153075058894,33.507876784692826,33.60992936093129,33.72769417489752,33.86118151301338,34.010410119646735,34.175413209559906,34.356247212653216,34.553003730589296,34.76582489104089,34.99492176431937,35.240594781512016,35.50325427649699,35.78343856188849,36.08182659113726,36.399242475067524
1735,33.230610227007844,33.238458600957586,33.26200401047629,33.301247287943454,33.35618974529598,33.42683315658883,33.51317993211035,33.615233699460305,33.733000590942254,33.86649163127197,34.01572671465277,34.18074073127059,34.361592407892886,34.55837630818053,34.77123813668527,35.00039297241091,35.24614535197844,35.508909340930416,35.78922606319719,36.08777584251936,36.40538234189455
1736,33.235911198286544,33.2437596369474,33.267305234420576,33.30654880970695,33.361491670023554,33.432135621073144,33.51848318259283,33.62053822693008,33.738307342042845,33.871802313099806,34.0210442074648,34.186069611148696,34.36693955894515,34.56375157057266,34.77665489692322,35.00586856641763,35.25170113543771,35.514570299211584,35.795019892576704,36.09373153203006,36.41152839659725
1737,33.24121221313243,33.24906071512345,33.27260649745375,33.31185036895789,33.36679363773516,33.43743814949113,33.52378654497329,33.62584295644467,33.74361444634911,33.87711358204575,34.02636262653613,34.191399880770746,34.372288697191266,34.569129544245186,34.78207518790339,35.01134854718458,35.257262114322145,35.52023711519672,35.800819998599025,36.099693599506736,36.41768057878727
1738,33.24651327060303,33.254361834777114,33.27790779958519,33.31715196695535,33.372095651551945,33.4427407475427,33.52909002834548,33.6311479013367,33.74892192213514,33.882425461589776,34.03168199998191,34.196731571087184,34.37763985316951,34.57451025477178,34.787499025005104,35.01683291511972,35.26282827107042,35.52590975318299,35.80662633066379,36.10566198588987,36.423838829231045
1739,33.2518143699715,33.259662995422275,33.283209141065356,33.3224536052262,33.37739771488316,33.4480434212021,33.53439364199005,33.63645307492703,33.75422978735088,33.887737974524555,34.03700235495825,34.20206471208655,34.38299305682648,34.5798937278002,34.79292642441311,35.02232167187907,35.26839958919311,35.53158817790887,35.812438837991635,36.11163663148676,36.43000308790846
1740,33.2571155106732,33.26496419673856,33.28851052232176,33.32775528549223,33.382699831355126,33.4533461766801,33.53969739542748,33.6417584907453,33.75953806006771,33.89305114360627,34.04232371835923,34.20739933323421,34.38834833734444,34.5852799880667,34.798357401427154,35.027814818473416,35.27397605198229,35.53727235445507,35.81825747072753,36.11761747714837,36.43617234032098
1741,33.26241669228784,33.270265438551746,33.29381194393278,33.33305700963194,33.388002004758505,33.458649020366295,33.545001298388115,33.64706416258349,33.76484675868073,33.89836499193501,34.04764611731099,34.2127354638821,34.39370572318978,34.59066905889409,34.803791969432325,35.03331235399895,35.27955764159515,35.54296224816869,35.8240821758273,36.12360328874462,36.44227923610441
1742,33.26771791454621,33.2755667208412,33.29911340663733,33.3383587796983,33.39330423908058,33.46395195887652,33.55030536085951,33.65237010450704,33.7701559018289,33.90367954273694,34.05296957882655,34.218073132911,34.39906524195413,34.59606096242044,34.80923014054463,35.038814276552046,35.285144339824626,35.548657821237384,35.82991257742901,36.12958413555094,36.44833431490002
1743,33.27301917735855,33.28086804376943,33.30441491136963,33.34366059795644,33.39860653853873,33.46925499906416,33.555609593046256,33.657676330727895,33.775465508159414,33.908994819043585,34.058294129488104,34.223412368566585,34.404426920501066,34.60145572011146,34.81467192641736,35.044320584066384,35.290736126986644,35.55435896227152,35.83574691448723,36.13555345685671,36.45435847901854
1744,33.27832048080535,33.2861694076725,33.30971645924569,33.3489624668681,33.4039089075614,33.474558148003496,33.56091400536633,33.66298285563164,33.78077559640445,33.91431084382094,34.06361979560489,34.22875319858565,34.40979078497162,34.60685335259103,34.82011733789619,35.049831273405744,35.296332967478804,35.56006530857519,35.84158284420033,36.14151014037674,36.46035915684706
1745,33.28362182513706,33.29147081305939,33.31501805156455,33.35426438908979,33.409211350785995,33.47986141298446,33.56621860844314,33.66828969376604,33.78608618536708,33.919627639958435,34.068946603208815,34.23409565020114,34.4151568608047,34.612253879672664,34.82556638493094,35.05534633755133,35.30193477588671,35.56577622419792,35.84741848531763,36.14745461693286,36.46634051579781
1746,33.28892321079201,33.29677226063035,33.32031968982443,33.35956636749137,33.414513873075975,33.48516480152813,33.571523413115926,33.673596859843826,33.79139729391375,33.924945230246635,34.074274578019526,34.23943975010047,34.42052517269104,34.6176573202772,34.83101907580118,35.06086575715318,35.30754138215059,35.57149093748859,35.85325257864889,36.15338760050702,36.4723052708398
1747,33.294224638364824,33.30207375124451,33.325621375690275,33.36486840511924,33.419816479480346,33.4904683213432,33.57682843039589,33.67890436870482,33.79670894095153,33.93026363738437,34.0796037454931,34.24478552452115,34.425895744706054,34.62306369246551,34.83647541584713,35.066389493707504,35.31315254702298,35.577208687290295,35.859084243374866,36.15930983320288,36.47825552432863
1748,33.29952610863114,33.307375285944374,33.330923111018535,33.370170505221836,33.42511917526019,33.495771980350014,33.58213367148625,33.68421223532704,33.80202114542561,33.935582883957125,34.0849341307794,34.25013299918709,34.43126860020482,34.62847301302412,34.84193540498188,35.07191748174745,35.31876797014678,35.58292876969875,35.86491291764264,36.165222034947476,36.484192854547416
1749,33.30482762256281,33.312676865972605,33.33622489787308,33.375472671265925,33.43042196590238,33.50107578669292,33.58743914778853,33.689520474825144,33.8073339263085,33.940902992416284,34.09026575869126,34.255482199263724,34.436643761679136,34.633885296606366,34.84739903379045,35.07744962375074,35.324387315599154,35.58865057685756,35.87073825907669,36.17112486084062,36.49011848510969
1750,33.31012918129943,33.31797849274068,33.34152673849326,33.380774906902104,33.43572485708273,33.506379748700624,33.59274487086526,33.69482910242107,33.8126473025863,33.94622398509142,34.09559865375229,34.26083314943065,34.44202125075742,34.63930055525947,34.85286628272053,35.082985796930416,35.3300102371702,35.59437358501185,35.87656005031323,36.17701890560602,36.49603343657009
1751,33.31543078617557,33.32328016785851,33.346828635323675,33.38607721599311,33.44102785469488,33.511683874911625,33.598050852458584,33.700138133450764,33.81796129324982,33.951545884162385,34.100932840142264,34.266185873768734,34.44740108781605,34.64471879690552,34.858337118675934,35.08852585428997,35.33563639391849,35.60009735965929,35.882378171255766,36.182904699000005,36.50193856003921
1752,33.32073243871059,33.32858189312225,33.3521305910005,33.39137960260058,33.446330964832214,33.5169881740552,33.60335710446975,33.7054475833462,33.82327591728222,33.956868711656114,34.10626834170165,34.271540395710815,34.45278329160345,34.6501400242426,34.863811495349125,35.09406963421384,35.34126546223462,35.60582153501463,35.88819255571201,36.1887827198766,36.50783459343279
1753,33.32603414061043,33.33388367051697,33.357432608353804,33.396682070985435,33.451634193788834,33.52229265504974,33.608663638956045,33.710757467629776,33.82859119365281,33.962192489439815,34.111605181910875,34.27689673794754,34.45816787891124,34.655564234258804,34.869289354118564,35.099616964056395,35.34689713675829,35.61154580730505,35.8940031857029,36.19465340036396,36.51372217038755
1754,33.33133589376786,33.33918550221637,33.36273469040685,33.401984625605735,33.45693754805461,33.52759732699508,33.613970468119874,33.716067801901204,33.83390714130309,33.967517239205904,34.11694338385445,34.282254922260506,34.46355486397806,34.660991417186665,34.8747706251487,35.10516766819893,35.35253113750048,35.617269918855015,35.899810064612836,36.20051713607194,36.51960185672823
1755,33.33663770026567,33.34448739058553,33.368036840377954,33.40728727111707,33.46224103431348,33.53290219916863,33.61927760430217,33.721378601829485,33.83922377913535,33.97284298244875,34.122282970138144,34.287614969238234,34.468944257909925,34.666421556641296,34.88025523074492,35.11072157150909,35.35816720385952,35.622993650033436,35.90561322297236,36.2063742903112,36.52547414769788
1756,33.34193956237891,33.34978933818303,33.373339061681236,33.41259001237239,33.467544659441614,33.53820728102073,33.624585059975175,33.72668988314166,33.84454112599798,33.97816974042962,34.12762396277475,34.29297689797232,34.474336068320326,34.671854630195526,34.88574308746547,35.116278500951125,35.363805094890324,35.628716815039695,35.911412706719545,36.21222519600849,36.53133948835489
1757,33.34724148256987,33.35509134775634,33.37864135792432,33.41789285442178,33.47284843051045,33.54351258218264,33.6298928477554,33.73200166164162,33.84985920070841,33.983497534224796,34.13296638335191,34.29834072659406,34.47973030027492,34.677290608983185,34.891234101360396,35.12183828006101,35.36944459187964,35.63443927419979,35.91720859034234,36.21807014965907,36.53719824696293
1758,33.35254346349893,33.36039342225132,33.38394373291243,33.423195802508644,33.47815235477134,33.548818112435356,33.63520098035656,33.73731395314593,33.85517802196392,33.988826384530284,34.13831025243064,34.303706470671045,34.4851269539904,34.68272945946484,34.89672818108744,35.12740074599304,35.37508549396625,35.64016089268989,35.923000930626415,36.22390943524704,36.543050798580964
1759,33.3578455080135,33.36569556480265,33.3892461906442,33.428498862073866,33.483456439672125,33.55412388174341,33.64050947064021,33.74262677355233,33.86049760843633,33.99415631186952,34.143655590192225,34.30907414493589,34.49052602728426,34.68817114149499,34.90222522409567,35.13296573129912,35.38072762153473,35.645881584758854,35.928789819567385,36.22974329832863,36.54889743162818
1760,33.36314761916111,33.37099777874414,33.394548735313776,33.43380203874449,33.48876069282562,33.559429900198495,33.645818331533235,33.74794013872645,33.86581797859429,33.99948733618186,34.14900241531177,34.31444376083988,34.495927513132074,34.69361561275912,34.90772513566566,35.13853308703597,35.38637080861503,35.65160125060157,35.93457531744531,36.235571985864226,36.55473846642178
1761,33.368449800177984,33.37630006760014,33.39985137130992,33.43910533834577,33.494065122041604,33.56473617807393,33.651127576107115,33.753254064610076,33.87113915087724,34.00481947723256,34.154350746064495,34.319815328845664,34.50133140167571,34.69906282419271,34.91322781138069,35.14410266181068,35.392014910516195,35.65731983572863,35.940357513054096,36.2413957077614,36.56057414903273
1762,33.373752054498595,33.38160243509168,33.40515410321257,33.44440876688117,33.49936973528304,33.57004272575392,33.656437217475116,33.75856856707105,33.87646114342317,34.01015275397498,34.15970059886325,34.32518885610301,34.50673767951332,34.70451272713376,34.91873315593057,35.1496743198623,35.39765978892598,35.663037269061306,35.94613647441821,36.247214678810565,36.566404745467025
1763,33.37905438574893,33.386904885132594,33.410456935797356,33.44971233055173,33.504674540705764,33.575349553796514,33.661747268883516,33.76388366203912,33.88178397432512,34.01548718515636,34.16505198958572,34.33056434832531,34.5121463296847,34.709965266470476,34.92424106758233,35.15524792801483,35.403305327234364,35.668753513229376,35.95191228220801,36.25302908383122,36.5722304733859
1764,33.38435679774983,33.39220742182977,33.415759874026264,33.45501603572984,33.50997954660966,33.58065667285797,33.66705774359889,33.76919936532164,33.88710766125928,34.02082278850531,34.170404932115275,34.33594180843005,34.51755733334011,34.715420389185056,34.92975145241951,35.16082336242101,35.40895140988647,35.67446852219882,35.95768501105664,36.2588391083367,36.578051552402144
1765,33.38965929451564,33.39751004948414,33.42106292305641,33.4603198889817,33.51528476147894,33.5859640937544,33.67236865499996,33.77451569275803,33.89243222180818,34.02615958143633,34.17575943953648,34.34132123742404,34.52297066783274,34.72087803707893,34.93526421378675,35.1664005059136,35.41459794065088,35.68018227053989,35.96345473748016,36.26464491684163,36.583868173179326
1766,33.39496188025146,33.402812772584525,33.426366088222665,33.46562389703172,33.52059019392192,33.59127182736745,33.677680016426336,33.77983265994487,33.8977576729103,34.031497580049404,34.181115522900484,34.346702634351345,34.52838631053311,34.72633815586835,34.94077926191903,35.17197924557871,35.42024482072162,35.685894727706795,35.969221535392364,36.270446673720585,36.589680527783855
1767,33.40026455935913,33.4081155958184,33.431669375063336,33.47092806681178,33.525895852753365,33.59657988477443,33.68299184139323,33.78515028263536,33.90308403164454,34.03683680045515,34.186473192598214,34.35208599571121,34.533804233231194,34.731800683848405,34.946296503947565,35.17755947884672,35.42589197516838,35.69160588454986,35.97498548022912,36.276244520265436,36.5954887741795
1768,33.405567336429726,33.41341852405964,33.436972789293975,33.47623240541242,33.53120174691264,33.60188827711784,33.68830414337248,33.790468576332955,33.908411314462114,34.04217725756308,34.191832457267594,34.35747131633735,34.53922440752223,34.73726556197147,34.95181585205506,35.183141107378674,35.43153932989998,35.697315730049525,35.980746644092676,36.28203859532806,36.601293069624546
1769,33.410870216241904,33.418721562366386,33.44227633680373,33.48153692007645,33.536507885454114,33.607197015588895,33.693616935762634,33.79578755623743,33.91373953710274,34.04751896499465,34.197193323797194,34.36285858962543,34.54464680531339,34.74273273445459,34.95733722370551,35.18872403659367,35.437186810509445,35.70302424942378,35.986505094428935,36.28782903712698,36.60709357427851
1770,33.41617320377384,33.42402471599871,33.447580023689056,33.486841618260144,33.5418142776478,33.6125061115913,33.69893023217088,33.80110723776227,33.919068715511,34.05286193637147,34.202555798203264,34.36824780602865,34.550071392680024,34.7482021384655,34.96286053420641,35.19430818228659,35.44283436504031,35.708731449639686,35.99226090257008,36.29361596016935,36.61289041149416
1771,33.421476304181624,33.42932799038897,33.45288385620131,33.49214650754112,33.54712093282774,33.617815576492035,33.70424404598293,33.80642763576742,33.92439886455827,34.05820618367909,34.20791988479249,34.37363895556206,34.55549813831442,34.753673717324205,34.96838570547345,35.19989346152744,35.448481934281006,35.714437325556844,35.99801413305636,36.29939948625173,36.61868371936663
1772,33.42677952281173,33.43463139115812,33.45818784077392,33.49745159566561,33.55242786046972,33.623125421749535,33.7095583905849,33.811748764948504,33.92972999866765,34.06355171801732,34.213285586452,34.37903202645208,34.56092700943145,34.75914741441426,34.97391266224349,35.20547979707135,35.45412946565608,35.72014187594846,36.00376484847459,36.305179729668566,36.62447362671355
1773,33.43208286520826,33.43993492412528,33.46349198403959,33.50275689057702,33.55773507023815,33.62843565899226,33.714873279499045,33.81707064007196,33.935062132176824,34.06889855000543,34.21865290474335,34.38442700427487,34.566357969415094,34.7646231698742,34.979441330182794,35.211067119894494,35.45977692089997,35.7258451124726,36.00951311203096,36.31095678885208,36.63026023986356
1774,33.43738633707329,33.44523859525975,33.46879629275537,33.50806240029402,33.5630425717863,33.63374629968416,33.72018872581623,33.82239327505812,33.940395278087976,34.07424668869288,34.22402184030142,34.3898238757705,34.57179098601455,34.77010093041014,34.984971639780326,35.21665535912604,35.46542425125733,35.731547033388665,36.015258982852856,36.316730772313065,36.636043680674334
1775,33.44268994431502,33.45054241073797,33.47410077388872,33.513368133049084,33.56835037498303,33.639057355504974,33.725504742836165,33.82771668398823,33.94572944936607,34.0795961425344,34.22939239205118,34.39522262445058,34.5772260227875,34.77558063991302,34.99050352364128,35.22224445318329,35.47107142240503,35.737247648498226,36.02100251874532,36.32250177315757,36.641824050869445
1776,33.447993693022966,33.455846376914735,33.47940543457463,33.518674097220185,33.5736584898014,33.64436883816364,33.73082134375767,33.833040880629994,33.95106465835681,34.08494691901194,34.23476455769685,34.40062323273327,34.58266304298036,34.78106224343554,34.996036917266,35.22783434446296,35.47671840343827,35.74294696869413,36.026743775587306,36.3282698801213,36.647601447042234
1777,33.45329758943018,33.46115050027987,33.4847102820554,33.5239803012376,33.57896692616748,33.64968075915118,33.73613854129235,33.838365877918875,33.95640091629531,34.090299024598835,34.240138334787105,34.40602568455438,34.588102013135426,34.78654568977464,35.00157175792748,35.233424973077206,35.482365157663025,35.74864499995482,36.03248280912038,36.334035185701794,36.65337597057612
1778,33.45860163998964,33.46645478754533,33.490015323802425,33.52928675377217,33.584275694265386,33.654993130239916,33.74145634844484,33.84369168900895,33.96173823430735,34.095652464848456,34.24551371857956,34.411429960090686,34.59354289575805,34.79203092616524,35.00710798686015,35.23901628952052,35.4880116613665,35.754341755740484,36.03821967143102,36.33979776951844,36.659147707273064
1779,33.46390585129774,33.471759245558815,33.49532056739673,33.534593463552426,33.58958480424491,33.66030596301641,33.74677477781205,33.84901832638366,33.96707662265561,34.101007244533264,34.25089070411866,34.41683604035836,34.59898565529767,34.7975179021858,35.01264554675032,35.244608243763764,35.49365788873655,35.76003724768401,36.04395441410793,36.3455577116959,36.664916743789604
1780,33.469210230090255,33.477063881298704,33.50062602052276,33.53990043935596,33.59489426620962,33.66561926886811,33.75209384157915,33.85434580188081,33.972416090814704,34.106363367762015,34.25626928632647,34.42224390715472,34.604430257860656,34.803006569349236,35.018184381472054,35.25020078546589,35.49930381268416,35.76573148637635,36.04968708815852,36.3513150922073,36.67068316693792
1781,33.474514783351026,33.482368701997075,33.50593169113489,33.545207690260156,33.60020409060786,33.67093305957843,33.757413552333844,33.85967412757782,33.97775664795893,34.11172083724966,34.261649457201315,34.427653538126606,34.60987666582935,34.808496878673395,35.02372444022296,35.25579387530894,35.50494941792965,35.77142448808752,36.05541774083423,36.35706997890475,36.676447048458385
1782,33.479819518214356,33.48767371502919,33.511237587307846,33.55051522541686,33.60551428788136,33.67624734679214,33.76273392233503,33.86500331499667,33.98309830252407,34.11707965497334,34.26703120833395,34.43306491120035,34.61532484269526,34.81398878286308,35.029265673809505,35.26138747481667,35.510594689248194,35.777116268729685,36.06114641848211,36.3628224382702,36.682208458697176
1783,33.48512444189163,33.49297892783244,33.5165437171288,33.55582305389578,33.61082486823511,33.68156214169721,33.7680549631325,33.87033337477675,33.98844106216899,34.12243982274208,34.27241453232028,34.43847800669005,34.620774755109665,34.81948223699584,35.0348080326998,35.266981541759264,35.51623960602046,35.78280684020439,36.066873167275446,36.36857254123839,36.68796747437523
1784,33.490429561780616,33.49828434802794,33.521850088860276,33.561131184923454,33.61613584199438,33.68687745553308,33.77337668620237,33.87566431727117,33.993784933949314,34.127801341377165,34.27779942046163,34.44389280366232,34.62622636919042,34.82497719711682,35.04035147026775,35.272576038234604,35.52188415171952,35.78849621620827,36.072598031558414,36.37432035360325,36.693724165988556
1785,33.49573488552306,33.503589983484915,33.527156711025555,33.56643962800837,33.62144721979263,33.69219329985799,33.77869910328059,33.88099615286046,33.99912992440886,34.13316421028094,34.283185861556376,34.44930927802659,34.63167964858184,34.830473619500935,35.04589594449732,35.278170934913476,35.52752831889586,35.79418441528327,36.07832105297689,36.38006593097782,36.699478591188495
1786,33.50104042089072,33.50889584219374,33.53246359223931,33.57174839269288,33.62675901219944,33.69750968601977,33.78402222570202,33.886328891331345,34.00447603939864,34.138528428290385,34.28857384429352,34.45472740631794,34.63713455829793,34.83597146211457,35.051441414606415,35.283766202630034,35.533172099303556,35.79987145477469,36.084042272200634,36.38580932877795,36.70523080789411
1787,33.506346175592455,33.514201932052515,33.53777074093205,33.57705748816903,33.632071229189194,33.70282662447568,33.78934606367221,33.891662541375695,34.00982328427665,34.14389399513158,34.29396336024405,34.460147169744005,34.642591068236925,34.8414706851766,35.05698783674751,35.28936180358875,35.53881547374198,35.805557344480064,36.089761731214594,36.39155061308736,36.710980887992605
1788,33.5116521576972,33.51950826133515,33.543078165958036,33.582366924133,33.63738388134101,33.70814412636042,33.794670628003985,33.896997111887,34.015171663652325,34.14926090823593,34.29935439692383,34.46556854446851,34.648049144402535,34.84697124924014,35.062535173938954,35.29495771259286,35.544458436676905,35.811242101962534,36.09547946807322,36.39728983467535,36.71672888425786
1789,33.51695837540757,33.52481483844099,33.548385876270174,33.58767671032831,33.642696979196955,33.713462202647634,33.79999592918841,33.902332611267184,34.02052118152335,34.15462916444295,34.30474694150337,34.47099150680742,34.65350875359866,34.85247311621839,35.068083390753884,35.30055390569163,35.55010098307366,35.8169257443617,36.10119551970564,36.40302704289155,36.7224748480416
1790,33.522264837029866,33.53012167186222,33.55369388087911,33.592986856491905,33.64801053319269,33.71878086406912,33.80532197732157,33.90766904739621,34.0258718413416,34.15999876021016,34.31014098116475,34.476416033647126,34.65896986372235,34.85797624932252,35.07363245277378,35.30615035924791,35.555743107423666,35.82260828788634,36.106909922243915,36.40876228672499,36.728218830553374
1791,33.527571550720666,33.535428769907924,33.55900218851093,33.598297371905915,33.653324553088,33.72410012046947,33.810648781538816,33.91300642745068,34.03122364662693,34.16536969336528,34.315536505954924,34.48184210566461,34.66443244585838,34.86348061231109,35.07918232216059,35.31174704272229,35.561384796414984,35.828289744198116,36.112622713741075,36.41449562284231,36.733960892441814
1792,33.53287852514097,33.54073614141686,33.56431080849518,33.60360826656711,33.65863904946667,33.72941998253225,33.815976351571635,33.91834475849515,34.03657659947817,34.1707419585519,34.32093350115366,34.4872696984832,34.66989646822361,34.86898617103691,35.08473296939712,35.31734393842487,35.56702604937203,35.833970130886144,36.118333927069216,36.42022709329677,36.739701076965446
1793,33.538185768963785,33.54604379522084,33.56961975009597,33.608919550306325,33.66395403260714,33.73474046048028,33.82130469657557,33.923684047036545,34.04193070169424,34.17611555065895,34.32633195302071,34.49269878933211,34.6753619007269,34.87449289228215,35.09028436444635,35.322941026642184,35.57266686286437,35.83964946357952,36.12404359526721,36.425956742313474,36.74543943019518
1794,33.54349329087887,33.5513517401526,33.574929022530796,33.61423123282833,33.66926951255823,33.740061564200005,33.82663382529893,33.92902429919411,34.047285954843346,34.18149046464623,34.33173184826546,34.498129356200934,34.680828714114455,34.88000074343978,35.095836477431135,35.32853828733539,35.578307232882025,35.84532775743372,36.12975175115338,36.431684614073106,36.75117599821567
1795,33.54880109951455,33.55665998496215,33.58023863487091,33.619543323591245,33.67458549900107,33.74538330310685,33.83196374599862,33.93436552073587,34.0526423604943,34.18686669600061,34.33713317465583,34.50356137839378,34.686296880169095,34.8855096921111,35.10138927760852,35.3341356987782,35.583947153699114,35.851005026791654,36.13545842796128,36.437410754053474,36.7569108286537
1796,33.554109203944506,33.56196853885842,33.585548596681804,33.62485583258399,33.679902002141034,33.750705687014545,33.83729446698476,33.9397077168411,34.05799991872209,34.192244237791726,34.34253591708841,34.50899483295183,34.691766370424034,34.891019708701776,35.10694273998922,35.339733246349965,35.589586625209506,35.85668128737353,36.141163655235744,36.44313520037031,36.76264396081086
1797,33.559417613234075,33.567277411024406,33.59085891744991,33.630168769630416,33.68521903190964,33.75602872535734,33.842625996133165,33.945050892313134,34.06335862944525,34.19762308330695,34.34794006110525,34.514429697854666,34.69723715731391,34.896530764099,35.112496839414234,35.345330914667045,35.59522564636245,35.8623565543171,36.1468674625051,36.44885799152604,36.768375434493294
1798,33.564726336404306,33.57258661058154,33.59616960654995,33.63548214436503,33.690536597959294,33.76135242721779,33.84795834095502,33.95039505168063,34.06871849252326,34.20300322608483,34.353345592808694,34.51986595180949,34.702709213921196,34.90204282951436,35.118051550596135,35.35092868786211,35.60086421558799,35.86803084244548,36.15256987919798,36.454579166097915,36.77410528965578
1799,33.57003538251354,33.57789614667536,33.601480673341484,33.64079596634264,33.69585470977785,33.76667680142157,33.85329150862947,33.95574019911635,34.07407950751974,34.20838465952971,34.35875249841274,34.52530357391038,34.708182513944564,34.90755587688932,35.12360684892684,35.35652655054241,35.60650233149897,35.873704166404934,36.15827093417187,36.460298761812794,36.7798335653477
1800,33.57534476082981,33.58320602865689,33.60679212737324,33.64611024526931,33.701173376928296,33.77200185673604,33.85862550607271,33.96108633826577,34.07944167320517,34.21376737610035,34.364160763300106,34.53074254292329,34.713657031631556,34.913069879745365,35.12916271217472,35.3621244898049,35.61213999436484,35.87937654095418,36.1639706547229,36.466016813602835,36.785560297498364
